transaction_id,customer_id,customer_name,product_id,price,product_name,category,purchase_location,city,transaction_date,quantity,payment_method,discount,email,phone,payment_status
1,642,Troy Mitchell,108,15000.0,Mixer grinder,Home Appliances,offline,Bangalore,2025-12-06 00:00:00,3,UPI,0.1,Troy60@gmail.com,8385276968,successful
2,881,Sarah Guerrero,102,70000.0,Phone,ELEC,online,Bangalore,2025-07-21 00:00:00,5,Card,0.35,SarahGuerrero@yahoo.com,7147248911,successful
3,505,Samantha Hull,109,65000.0,Refrigerator,Home Appliances,offline,Chennai,2025-07-11 00:00:00,2,UPI,0.05,SamanthaHull@outlook.com,7415321565,successful
4,794,Gerald Cooper,106,80000.0,sofa,FURN,offline,Chennai,2025-10-06 00:00:00,2,UPI,0.05,GeraldCooper@gmail.com,9739354201,successful
5,864,Cameron Black,108,15000.0,Mixer grinder,home appliances,offline,Chennai,2025-12-12 00:00:00,1,Cash,0.05,CameronBlack@yahoo.com,9938169477,successful
6,181,Maria Robinson,101,250000.0,laptop,Electronics,online,Delhi,2025-07-25 00:00:00,5,NetBanking,0.35,MariaRobinson@gmail.com,8794772717,successful
6,181,Maria Robinson,101,250000.0,laptop,Electronics,online,Delhi,2025-07-25 00:00:00,5,NetBanking,0.35,MariaRobinson@gmail.com,8794772717,failed
7,142,Charles Brown,101,250000.0,laptop,ELEC,online,Hyderabad,2026-03-03 00:00:00,2,UPI,0.05,Charles7@gmail.com,9980826322,successful
8,457,Cathy Harris,102,70000.0,phone,Electronics,online,Hyderabad,02-19-2026,1,Card,0.05,Cathy90@gmail.com,8396657576,successful
9,749,Linda Lara,110,,Microwave,home appliances,offline,Mumbai,2025-08-30 00:00:00,3,Card,0.3,LindaLara@outlook.com,7476164201,successful
10,146,Jose Thomas,102,70000.0,PHONE,electronics,offline,Bangalore,2025-12-16 00:00:00,2,UPI,0.4,JoseThomas@outlook.com,8398779963,successful
11,946,Lisa Cochran,104,8000.0,Shoes,CLOTH,offline,Delhi,2025-12-15 00:00:00,4,Card,0.3,LisaCochran@gmail.com,8354440319,successful
12,757,Yvette Clark,106,80000.0,SOFA,FURN,online,Hyderabad,06-30-2025,3,UPI,0.25,YvetteClark@gmail.com,6025126334,successful
13,838,Susan Torres,109,65000.0,REFRIGERATOR,home appliances,offline,Chennai,2025-06-14 00:00:00,5,Cash,0.35,SusanTorres@outlook.com,8776486426,successful
14,117,Brent Clark,109,65000.0,refrigerator,home appliances,offline,Delhi,2026-02-24 00:00:00,5,Card,0.2,BrentClark@gmail.com,9054087598,successful
15,923,George Wilkinson,109,65000.0,refrigerator,home appliances,online,Mumbai,2026-01-31 00:00:00,5,UPI,0.25,GeorgeWilkinson@gmail.com,6517059222,successful
16,765,Eric Gaines,104,8000.0,SHOES,clothing,offline,Bangalore,08-20-2025,5,NetBanking,0.15,EricGaines@yahoo.com,7665911327,successful
17,570,Donald Carter,102,,phone,ELEC,offline,Chennai,2025-05-19 00:00:00,3,NetBanking,0.15,Donald21@gmail.com,7944230219,successful
18,973,Allen Gilbert,108,15000.0,Mixer grinder,home appliances,offline,Mumbai,05-15-2025,2,Card,0.15,AllenGilbert@outlook.com,7543149731,successful
19,786,Jeremiah Simmons,103,,SHIRT,Clothing,offline,Chennai,2025-09-07 00:00:00,4,Cash,0.2,JeremiahSimmons@outlook.com,7139465116,successful
20,576,Angela Weiss,104,8000.0,SHOES,clothing,online,Delhi,2025-07-05 00:00:00,1,Card,0.15,AngelaWeiss@yahoo.com,6433163539,successful
21,256,Nicole Williams,109,65000.0,REFRIGERATOR,Home Appliances,online,Chennai,2025-12-10 00:00:00,3,UPI,0.05,Nicole72@gmail.com,9261161732,successful
22,737,Kimberly Lloyd,109,65000.0,REFRIGERATOR,Home Appliances,online,Delhi,2025-03-11 00:00:00,4,UPI,0.4,KimberlyLloyd@gmail.com,6053522093,successful
23,104,Amanda Castillo,108,,Mixer grinder,home appliances,online,Hyderabad,2026-04-15 00:00:00,2,UPI,0.25,AmandaCastillo@yahoo.com,9259539548,successful
24,799,Stephanie Dunn,108,15000.0,Mixer grinder,home appliances,offline,Delhi,2025-05-16 00:00:00,3,Cash,0.25,StephanieDunn@gmail.com,7485500744,successful
25,249,Alyssa Henderson,102,70000.0,Phone,electronics,online,Bangalore,2025-08-29 00:00:00,1,Card,0.3,Alyssa98@gmail.com,9956125109,successful
26,149,Ashley Mejia,106,80000.0,sofa,FURN,offline,Chennai,01-28-2026,1,Cash,0.05,AshleyMejia@outlook.com,6877766443,successful
27,927,Bradley Sparks,105,45000.0,Tv,Electronics,offline,Chennai,2025-11-13 00:00:00,5,UPI,0.2,BradleySparks@gmail.com,8246590514,successful
28,868,Timothy Henderson,107,50000.0,DINING TABLE,furniture,offline,Hyderabad,2025-11-12 00:00:00,1,Card,0.3,Timothy78@gmail.com,6565238386,successful
29,1,Karen Pollard,109,65000.0,Refrigerator,home appliances,online,Hyderabad,2025-06-28 00:00:00,2,Card,0.3,KarenPollard@yahoo.com,7148256363,successful
30,980,Alexis Andrews,106,80000.0,sofa,Furniture,online,Delhi,2025-07-10 00:00:00,5,Card,0.05,Alexis8@gmail.com,9601673841,successful
31,455,Morgan Wright,107,50000.0,DINING TABLE,furniture,offline,Bangalore,2025-06-03 00:00:00,4,NetBanking,0.3,MorganWright@yahoo.com,9826454087,successful
32,367,Joshua Tate,105,45000.0,Tv,electronics,offline,Delhi,2025-11-14 00:00:00,4,Cash,0.4,JoshuaTate@outlook.com,9891343716,successful
33,50,Stacey Henderson,104,8000.0,SHOES,CLOTH,online,Mumbai,2025-06-14 00:00:00,-1,Card,0.4,Stacey33@gmail.com,6033182385,successful
34,968,Keith Davis,107,50000.0,dining table,FURN,offline,Hyderabad,2025-11-09 00:00:00,4,Cash,0.15,KeithDavis@yahoo.com,6310144512,successful
35,390,Erika Knight,110,45000.0,MICROWAVE,HOME,online,Mumbai,2025-05-25 00:00:00,2,Card,0.1,Erika14@gmail.com,8802577025,successful
36,528,Kerri Rodriguez,102,70000.0,Phone,Electronics,offline,Chennai,2025-07-19 00:00:00,2,NetBanking,0.1,Kerri90@gmail.com,7758070493,successful
37,46,Mallory Boyd,103,1300.0,Shirt,clothing,offline,Delhi,2026-01-07 00:00:00,3,UPI,0.1,Mallory7@gmail.com,6910302449,successful
38,437,Carrie Landry,104,8000.0,SHOES,Clothing,offline,Delhi,01-21-2026,1,Cash,0.25,CarrieLandry@outlook.com,9913542206,successful
39,234,Kristin Taylor,104,8000.0,Shoes,Clothing,offline,Delhi,2025-12-01 00:00:00,1,Cash,0.1,KristinTaylor@outlook.com,6166223410,successful
40,391,Catherine Beard,103,1300.0,SHIRT,CLOTH,offline,Mumbai,2026-08-03 00:00:00,2,NetBanking,0.3,Catherine33@gmail.com,9225547305,successful
41,743,Dorothy Davis,103,1300.0,shirt,CLOTH,online,Delhi,2025-12-22 00:00:00,3,NetBanking,0.1,DorothyDavis@yahoo.com,8478683600,successful
42,17,Duane Hall,105,45000.0,TV,Electronics,online,Bangalore,2025-07-11 00:00:00,2,Cash,0.3,DuaneHall@outlook.com,7467001149,successful
43,861,Tim Brock,105,45000.0,TV,ELEC,offline,Bangalore,05-26-2025,5,Card,0.4,TimBrock@outlook.com,8893431491,successful
44,213,Nancy Lee,104,8000.0,SHOES,CLOTH,offline,Hyderabad,05-14-2025,3,Card,0.25,NancyLee@yahoo.com,8856457242,successful
45,220,Maria Walker,104,8000.0,shoes,clothing,offline,Bangalore,2025-11-23 00:00:00,4,Cash,0.15,MariaWalker@gmail.com,7332505210,successful
46,463,Kevin Cruz,104,8000.0,shoes,Clothing,online,Delhi,04-27-2025,5,UPI,0.1,KevinCruz@gmail.com,8067854173,successful
47,429,Michael Welch,101,250000.0,Laptop,Electronics,offline,Delhi,08-27-2025,4,NetBanking,0.1,MichaelWelch@gmail.com,9639123250,successful
48,222,Emily Hernandez,108,15000.0,Mixer grinder,home appliances,offline,Delhi,2025-07-11 00:00:00,1,Cash,0.25,EmilyHernandez@gmail.com,8919398256,successful
49,971,Larry Ramos,103,1300.0,shirt,CLOTH,offline,Chennai,2025-07-10 00:00:00,5,UPI,0.2,Larry38@gmail.com,8961305114,successful
50,670,Fernando Kelly,106,80000.0,SOFA,Furniture,offline,Chennai,2025-05-31 00:00:00,5,UPI,0.15,FernandoKelly@yahoo.com,8959444911,successful
51,485,James Harris,107,50000.0,DINING TABLE,furniture,online,Delhi,2025-07-12 00:00:00,2,Card,0.1,JamesHarris@yahoo.com,8465057157,successful
52,883,Charles David,104,8000.0,shoes,clothing,online,Delhi,2025-07-17 00:00:00,1,Card,0.4,CharlesDavid@yahoo.com,6063347922,successful
53,202,Amanda Reed,103,1300.0,SHIRT,clothing,offline,Delhi,2025-11-03 00:00:00,1,Card,0.15,AmandaReed@yahoo.com,6574367299,successful
54,817,Nicole Ross,107,50000.0,DINING TABLE,furniture,offline,Chennai,2025-07-25 00:00:00,3,Cash,0.25,Nicole68@gmail.com,8278149866,successful
55,801,Brandi Bryan,104,8000.0,SHOES,clothing,online,Delhi,2025-10-01 00:00:00,5,UPI,0.3,Brandi31@gmail.com,7456816583,successful
56,284,Erin Richmond,104,8000.0,Shoes,Clothing,offline,Chennai,2026-02-20 00:00:00,2,NetBanking,0.4,ErinRichmond@gmail.com,9295628578,successful
57,72,Michael Wood,105,45000.0,tv,ELEC,online,Chennai,12-31-2025,5,Cash,0.2,Michael77@gmail.com,8385570077,successful
57,72,Michael Wood,105,45000.0,tv,ELEC,online,Chennai,12-31-2025,5,Cash,0.2,Michael77@gmail.com,8385570077,failed
58,873,Tracy Bass,101,250000.0,laptop,electronics,offline,Hyderabad,10-28-2025,3,UPI,0.15,TracyBass@outlook.com,6881058034,successful
59,854,Dennis Dorsey,108,15000.0,MIXER GRINDER,HOME,online,Hyderabad,2025-07-13 00:00:00,3,NetBanking,0.15,DennisDorsey@yahoo.com,7070302116,successful
60,874,Samuel Patel,106,,SOFA,FURN,offline,Mumbai,05-20-2025,5,UPI,0.25,Samuel51@gmail.com,6800413067,successful
61,507,Thomas Cameron,104,8000.0,shoes,CLOTH,offline,Delhi,2025-12-23 00:00:00,2,Cash,0.3,ThomasCameron@outlook.com,9216552264,successful
62,736,Lisa Lee,104,8000.0,Shoes,clothing,offline,Delhi,2025-06-07 00:00:00,4,NetBanking,0.05,Lisa63@gmail.com,7056446221,successful
63,182,Kathleen Castro,107,50000.0,dining table,Furniture,offline,Hyderabad,02-25-2026,5,NetBanking,0.35,KathleenCastro@outlook.com,8815269367,successful
64,341,Cory Alvarado,110,45000.0,MICROWAVE,home appliances,online,Mumbai,2025-12-14 00:00:00,3,NetBanking,0.1,CoryAlvarado@outlook.com,7632639155,successful
65,937,Nicole Woods,108,15000.0,Mixer grinder,home appliances,online,Mumbai,04-22-2025,2,NetBanking,0.25,NicoleWoods@yahoo.com,9340979075,successful
66,164,Shawn Stewart,104,8000.0,SHOES,CLOTH,offline,Chennai,2025-04-16 00:00:00,2,Card,0.3,ShawnStewart@gmail.com,7161144854,successful
67,188,Allison Oliver,109,65000.0,Refrigerator,Home Appliances,online,Hyderabad,2026-04-04 00:00:00,3,Cash,0.3,AllisonOliver@gmail.com,9833717624,successful
68,603,Shawn Roberson,104,8000.0,SHOES,Clothing,offline,Chennai,09-30-2025,4,Card,0.15,ShawnRoberson@gmail.com,6400752575,successful
69,656,Adam White,104,8000.0,shoes,clothing,online,Hyderabad,2025-08-29 00:00:00,1,NetBanking,0.1,AdamWhite@yahoo.com,9099608407,successful
70,687,Robert Estrada,110,45000.0,microwave,HOME,offline,Hyderabad,2026-04-05 00:00:00,1,UPI,0.1,RobertEstrada@yahoo.com,8685839773,successful
71,186,Dawn Garrett,105,45000.0,tv,Electronics,offline,Chennai,2026-01-23 00:00:00,2,Card,0.3,Dawn29@gmail.com,9627230201,successful
72,865,Jessica Patterson,102,70000.0,PHONE,ELEC,online,Hyderabad,2026-04-07 00:00:00,1,UPI,0.2,JessicaPatterson@outlook.com,9396230460,successful
73,523,Emily Cohen,101,250000.0,Laptop,Electronics,offline,Chennai,2026-03-09 00:00:00,4,Card,0.1,EmilyCohen@gmail.com,9199259627,successful
74,907,Jeffrey Mccall,102,70000.0,PHONE,ELEC,online,Hyderabad,2025-05-26 00:00:00,0,Card,0.4,Jeffrey63@gmail.com,6709574650,successful
75,729,Elizabeth Hunt,108,15000.0,MIXER GRINDER,Home Appliances,online,Mumbai,2025-08-10 00:00:00,1,NetBanking,0.1,ElizabethHunt@outlook.com,8909629121,successful
76,335,Jacob Evans,103,1300.0,shirt,CLOTH,offline,Mumbai,2026-04-11 00:00:00,-2,NetBanking,0.35,JacobEvans@yahoo.com,6483959310,successful
77,780,Elizabeth Miller,110,,MICROWAVE,Home Appliances,offline,Delhi,2025-09-14 00:00:00,0,Card,0.3,ElizabethMiller@yahoo.com,8279569798,successful
78,874,Samuel Patel,104,8000.0,Shoes,clothing,offline,Mumbai,2025-06-11 00:00:00,4,Cash,0.1,Samuel51@gmail.com,6800413067,successful
79,977,Gloria Navarro,102,70000.0,PHONE,electronics,offline,Chennai,2025-05-16 00:00:00,5,UPI,0.3,GloriaNavarro@yahoo.com,7212940862,successful
80,735,Elizabeth Kemp,108,15000.0,mixer grinder,Home Appliances,online,Bangalore,2025-06-20 00:00:00,5,Cash,0.05,ElizabethKemp@yahoo.com,6508791868,successful
81,704,Susan Thomas,107,50000.0,Dining table,FURN,offline,Chennai,2026-04-14 00:00:00,5,UPI,0.25,SusanThomas@outlook.com,6067266032,successful
82,578,Kristi Wilson,101,250000.0,Laptop,Electronics,online,Chennai,2025-06-18 00:00:00,4,NetBanking,0.4,KristiWilson@yahoo.com,6043009323,successful
82,578,Kristi Wilson,101,250000.0,Laptop,Electronics,online,Chennai,2025-06-18 00:00:00,4,NetBanking,0.4,KristiWilson@yahoo.com,6043009323,failed
83,11,James Leblanc,110,,Microwave,HOME,online,Delhi,06-28-2025,3,NetBanking,0.2,James92@gmail.com,8278100360,successful
84,379,Andres Stokes,105,45000.0,tv,ELEC,offline,Mumbai,2025-11-07 00:00:00,5,UPI,0.2,AndresStokes@yahoo.com,8106400361,successful
84,379,Andres Stokes,105,45000.0,tv,ELEC,offline,Mumbai,2025-11-07 00:00:00,5,UPI,0.2,AndresStokes@yahoo.com,8106400361,failed
85,108,Andrew Vazquez,101,250000.0,Laptop,Electronics,online,Delhi,08-30-2025,5,Card,0.1,AndrewVazquez@yahoo.com,9590808527,successful
86,427,Kelly Mccormick,103,1300.0,SHIRT,clothing,offline,Delhi,2026-01-09 00:00:00,4,NetBanking,0.05,KellyMccormick@outlook.com,6077306970,successful
87,454,Larry Perkins,102,70000.0,PHONE,Electronics,offline,Mumbai,2025-11-04 00:00:00,1,Cash,0.15,LarryPerkins@yahoo.com,7903065336,successful
88,975,Jacqueline Doyle,110,45000.0,microwave,Home Appliances,online,Hyderabad,2026-02-02 00:00:00,3,Card,0.2,JacquelineDoyle@outlook.com,8114950490,successful
89,992,William Rose,107,50000.0,dining table,FURN,online,Hyderabad,2025-12-20 00:00:00,5,Cash,0.15,William30@gmail.com,6993050906,successful
90,439,Billy James,102,70000.0,phone,ELEC,offline,Mumbai,03-24-2026,3,Card,0.4,BillyJames@outlook.com,8969007874,successful
91,645,Joshua Burton,102,70000.0,Phone,Electronics,offline,Mumbai,2026-01-05 00:00:00,1,Cash,0.4,JoshuaBurton@outlook.com,6702016788,successful
92,728,Lisa Miller,108,,MIXER GRINDER,HOME,offline,Chennai,2026-03-28 00:00:00,1,NetBanking,0.05,LisaMiller@gmail.com,8704743795,successful
93,403,Taylor Ellison,102,70000.0,Phone,electronics,offline,Bangalore,2025-12-16 00:00:00,5,UPI,0.15,TaylorEllison@gmail.com,8256289832,successful
94,50,Stacey Henderson,104,8000.0,SHOES,CLOTH,online,Mumbai,2025-02-11 00:00:00,4,Cash,0.25,Stacey33@gmail.com,6033182385,successful
95,478,Crystal Mejia,107,50000.0,dining table,Furniture,online,Mumbai,07-18-2025,1,Cash,0.4,CrystalMejia@outlook.com,8434061187,successful
96,153,Stephanie Hanna,110,,Microwave,Home Appliances,offline,Hyderabad,12-27-2025,1,Card,0.15,StephanieHanna@outlook.com,9697218701,successful
97,723,Christopher Walter,106,80000.0,SOFA,furniture,offline,Hyderabad,2026-02-27 00:00:00,0,NetBanking,0.15,ChristopherWalter@gmail.com,9036645707,successful
98,372,Brandon Gordon,105,45000.0,Tv,electronics,offline,Mumbai,10-31-2025,5,UPI,0.15,Brandon83@gmail.com,7856541702,successful
99,753,Kelly Ball,102,70000.0,phone,Electronics,online,Delhi,2025-10-07 00:00:00,3,Card,0.15,KellyBall@gmail.com,6595322869,successful
100,864,Cameron Black,109,65000.0,REFRIGERATOR,HOME,online,Chennai,2025-04-20 00:00:00,1,UPI,0.15,CameronBlack@yahoo.com,9938169477,successful
101,645,Joshua Burton,102,70000.0,Phone,electronics,online,Mumbai,02-19-2026,1,Card,0.25,JoshuaBurton@outlook.com,6702016788,successful
102,1000,Shannon Haley,103,1300.0,SHIRT,clothing,online,Bangalore,2025-05-30 00:00:00,3,NetBanking,0.15,Shannon54@gmail.com,7650606701,successful
103,909,Jacqueline Frye,105,45000.0,tv,ELEC,online,Chennai,2025-09-05 00:00:00,3,Cash,0.35,JacquelineFrye@gmail.com,6054912895,successful
104,788,William Wright,107,50000.0,Dining table,furniture,offline,Bangalore,06-30-2025,2,UPI,0.15,WilliamWright@gmail.com,8502405393,successful
105,713,Jason Griffin,107,50000.0,DINING TABLE,Furniture,online,Hyderabad,2026-02-26 00:00:00,1,NetBanking,0.05,Jason36@gmail.com,8944628007,successful
106,54,Jessica Hernandez,105,,TV,electronics,offline,Hyderabad,2026-02-27 00:00:00,2,Card,0.05,JessicaHernandez@outlook.com,7144391854,successful
107,89,Joseph Davis,106,80000.0,SOFA,furniture,offline,Hyderabad,2025-03-09 00:00:00,4,UPI,0.35,JosephDavis@yahoo.com,7335998548,successful
108,724,Kimberly Winters,103,1300.0,shirt,clothing,offline,Chennai,06-22-2025,4,Card,0.35,Kimberly55@gmail.com,8442961493,successful
109,128,Ethan Porter,104,8000.0,SHOES,Clothing,online,Bangalore,2026-02-03 00:00:00,3,Card,0.2,EthanPorter@yahoo.com,6960954264,successful
110,264,Kelli Johnson,107,50000.0,Dining table,Furniture,offline,Bangalore,2025-08-25 00:00:00,2,Cash,0.2,Kelli81@gmail.com,9866676731,successful
111,637,Kevin King,106,80000.0,Sofa,Furniture,online,Bangalore,2026-02-18 00:00:00,5,Cash,0.1,KevinKing@yahoo.com,8955005430,successful
112,381,Melissa Garza,102,70000.0,Phone,electronics,offline,Hyderabad,2025-09-14 00:00:00,1,Cash,0.15,MelissaGarza@gmail.com,6928004306,successful
113,286,Carmen Sanders,108,15000.0,Mixer grinder,Home Appliances,online,Hyderabad,2026-01-12 00:00:00,4,NetBanking,0.4,Carmen60@gmail.com,8828050019,successful
114,484,Eric Cabrera,101,250000.0,LAPTOP,ELEC,online,Bangalore,2025-04-07 00:00:00,3,NetBanking,0.25,EricCabrera@gmail.com,6116978733,successful
115,270,Katherine Shaw,107,50000.0,Dining table,FURN,online,Chennai,2025-12-16 00:00:00,1,Card,0.1,KatherineShaw@yahoo.com,9069927908,successful
116,756,Juan Mata,103,1300.0,shirt,clothing,online,Bangalore,2025-11-22 00:00:00,4,NetBanking,0.2,JuanMata@yahoo.com,6819524818,successful
117,937,Nicole Woods,107,50000.0,Dining table,FURN,online,Mumbai,07-28-2025,4,NetBanking,0.35,NicoleWoods@yahoo.com,9340979075,successful
118,206,Kevin Cox,105,45000.0,tv,ELEC,online,Chennai,2025-04-18 00:00:00,1,UPI,0.4,KevinCox@outlook.com,9312735408,successful
119,822,Christine Rivera,101,250000.0,Laptop,ELEC,online,Hyderabad,02-24-2026,2,NetBanking,0.25,ChristineRivera@yahoo.com,6691516621,successful
120,618,Alan Torres,110,45000.0,MICROWAVE,HOME,offline,Chennai,09-23-2025,5,Card,0.25,AlanTorres@yahoo.com,7353183305,successful
121,175,Shelby Casey,109,65000.0,refrigerator,HOME,offline,Hyderabad,2025-05-30 00:00:00,1,Card,0.25,Shelby95@gmail.com,8155671133,successful
122,549,Jacob Hopkins,102,70000.0,phone,Electronics,online,Bangalore,2025-05-17 00:00:00,4,Cash,0.15,Jacob69@gmail.com,6812496590,successful
123,387,Kenneth Rocha,110,45000.0,MICROWAVE,Home Appliances,offline,Mumbai,2025-06-30 00:00:00,5,UPI,0.3,KennethRocha@outlook.com,6385183283,successful
124,592,Timothy Medina,104,8000.0,SHOES,CLOTH,offline,Delhi,2026-03-04 00:00:00,3,Card,0.35,Timothy8@gmail.com,7059828501,successful
125,580,Meredith Walker,107,50000.0,dining table,furniture,offline,Chennai,10-13-2025,2,Card,0.25,MeredithWalker@yahoo.com,7850497146,successful
126,17,Duane Hall,101,250000.0,laptop,ELEC,online,Bangalore,02-25-2026,1,Card,0.15,DuaneHall@outlook.com,7467001149,successful
126,17,Duane Hall,101,250000.0,laptop,ELEC,online,Bangalore,02-25-2026,1,Card,0.15,DuaneHall@outlook.com,7467001149,failed
127,115,Linda Graham,101,250000.0,Laptop,ELEC,online,Chennai,2026-03-24 00:00:00,1,UPI,0.4,LindaGraham@gmail.com,8692481568,successful
127,115,Linda Graham,101,250000.0,Laptop,ELEC,online,Chennai,2026-03-24 00:00:00,1,UPI,0.4,LindaGraham@gmail.com,8692481568,failed
128,710,April Moore,101,250000.0,laptop,Electronics,offline,Mumbai,07-22-2025,3,Cash,0.3,AprilMoore@gmail.com,9772271176,successful
129,150,Donald Bradley,104,8000.0,SHOES,Clothing,offline,Mumbai,01-17-2026,5,Cash,0.4,Donald58@gmail.com,6372599420,successful
130,149,Ashley Mejia,103,1300.0,SHIRT,Clothing,online,Chennai,2025-11-23 00:00:00,1,Card,0.15,AshleyMejia@outlook.com,6877766443,successful
130,149,Ashley Mejia,103,1300.0,SHIRT,Clothing,online,Chennai,2025-11-23 00:00:00,1,Card,0.15,AshleyMejia@outlook.com,6877766443,failed
131,274,Joseph Parker,107,50000.0,Dining table,Furniture,online,Bangalore,2026-01-06 00:00:00,1,UPI,0.15,JosephParker@gmail.com,7902179206,successful
132,173,Joshua Smith,109,65000.0,Refrigerator,Home Appliances,online,Delhi,2025-06-07 00:00:00,2,UPI,0.4,JoshuaSmith@outlook.com,9374137378,successful
133,633,Julie Jackson,103,1300.0,shirt,Clothing,offline,Delhi,2025-07-13 00:00:00,-1,UPI,0.2,Julie50@gmail.com,7168243701,successful
134,702,Robert Jackson,108,15000.0,Mixer grinder,Home Appliances,online,Delhi,2025-09-30 00:00:00,1,UPI,0.05,RobertJackson@gmail.com,8175096138,successful
135,362,David Wells,101,,laptop,ELEC,offline,Bangalore,2025-11-25 00:00:00,5,Cash,0.2,DavidWells@yahoo.com,7619729722,successful
136,863,Travis Morgan,101,250000.0,LAPTOP,Electronics,online,Bangalore,2025-05-24 00:00:00,1,Card,0.15,Travis41@gmail.com,7182704457,successful
137,38,Laura Shelton,103,1300.0,shirt,clothing,online,Bangalore,2026-02-08 00:00:00,4,Card,0.05,LauraShelton@gmail.com,6595077405,successful
138,432,Charles Nelson,103,1300.0,Shirt,CLOTH,offline,Mumbai,2026-02-22 00:00:00,4,NetBanking,0.4,CharlesNelson@yahoo.com,9047961774,successful
139,907,Jeffrey Mccall,109,65000.0,REFRIGERATOR,home appliances,online,Hyderabad,2026-02-17 00:00:00,4,NetBanking,0.05,Jeffrey63@gmail.com,6709574650,successful
140,400,Brenda Johnson,101,250000.0,Laptop,ELEC,online,Chennai,2025-06-09 00:00:00,4,NetBanking,0.1,BrendaJohnson@yahoo.com,7955488393,successful
141,180,Chelsea Meyer,103,1300.0,shirt,CLOTH,online,Bangalore,2025-11-07 00:00:00,4,Card,0.1,ChelseaMeyer@yahoo.com,6390106560,successful
142,137,Kathleen Douglas,107,50000.0,Dining table,FURN,online,Mumbai,09-26-2025,1,Cash,0.15,KathleenDouglas@yahoo.com,8017596544,successful
143,313,Mary Lowe,107,50000.0,DINING TABLE,FURN,offline,Delhi,2026-12-04 00:00:00,3,UPI,0.35,MaryLowe@outlook.com,6672302640,successful
144,718,Rebecca Mills,103,1300.0,SHIRT,Clothing,online,Delhi,03-21-2026,2,Card,0.1,RebeccaMills@outlook.com,9354411168,successful
145,975,Jacqueline Doyle,109,65000.0,REFRIGERATOR,Home Appliances,offline,Hyderabad,2026-01-12 00:00:00,3,Card,0.1,JacquelineDoyle@outlook.com,8114950490,successful
146,311,Juan Murphy,103,1300.0,SHIRT,CLOTH,offline,Bangalore,2025-10-29 00:00:00,2,NetBanking,0.1,JuanMurphy@yahoo.com,7461687160,successful
147,111,Alyssa Mitchell,107,50000.0,dining table,Furniture,online,Hyderabad,2025-09-08 00:00:00,4,Card,0.35,AlyssaMitchell@gmail.com,9343932386,successful
148,139,Melissa Peterson,104,8000.0,SHOES,CLOTH,offline,Mumbai,2025-07-09 00:00:00,3,NetBanking,0.25,MelissaPeterson@outlook.com,8721382133,successful
149,644,John Parrish,102,70000.0,Phone,ELEC,offline,Delhi,2026-04-04 00:00:00,4,Card,0.2,JohnParrish@gmail.com,7075517481,successful
150,917,Alexandria Marks,105,,tv,ELEC,online,Hyderabad,2025-04-11 00:00:00,2,Cash,0.4,AlexandriaMarks@gmail.com,8815523519,successful
151,294,Jared Moreno,101,250000.0,LAPTOP,electronics,online,Hyderabad,2026-04-01 00:00:00,1,NetBanking,0.4,Jared21@gmail.com,6639377809,successful
152,171,Michael Church,105,45000.0,TV,Electronics,online,Hyderabad,06-26-2025,1,NetBanking,0.3,Michael61@gmail.com,8675254681,successful
153,1,Karen Pollard,108,,Mixer grinder,Home Appliances,offline,Hyderabad,2026-04-10 00:00:00,3,NetBanking,0.15,KarenPollard@yahoo.com,7148256363,successful
154,835,Juan Watkins,102,,PHONE,electronics,online,Delhi,2026-01-31 00:00:00,4,UPI,0.3,JuanWatkins@outlook.com,7972862580,successful
155,363,Leonard Travis,105,45000.0,TV,ELEC,online,Delhi,2025-06-07 00:00:00,3,Card,0.1,LeonardTravis@gmail.com,9034700472,successful
156,334,Brenda Gonzales,109,65000.0,Refrigerator,HOME,online,Chennai,2025-05-11 00:00:00,5,Card,0.3,BrendaGonzales@gmail.com,9034621783,successful
157,39,Megan Jones,102,70000.0,Phone,electronics,online,Hyderabad,2026-01-03 00:00:00,1,UPI,0.25,MeganJones@gmail.com,7279430686,successful
158,892,Logan Hayes,110,45000.0,Microwave,home appliances,offline,Mumbai,02-17-2026,4,Card,0.15,LoganHayes@yahoo.com,6461520803,successful
159,570,Donald Carter,103,1300.0,SHIRT,CLOTH,offline,Chennai,2025-05-08 00:00:00,1,Cash,0.2,Donald21@gmail.com,7944230219,successful
160,152,Levi Leon,109,65000.0,refrigerator,Home Appliances,online,Chennai,2025-06-06 00:00:00,3,Cash,0.15,Levi30@gmail.com,6634513306,successful
161,944,Julie Rodriguez,104,8000.0,shoes,clothing,offline,Delhi,2025-08-29 00:00:00,3,Cash,0.1,JulieRodriguez@yahoo.com,7402770779,successful
162,197,Gabriel Mills,103,1300.0,shirt,Clothing,online,Mumbai,2025-11-15 00:00:00,5,NetBanking,0.25,GabrielMills@gmail.com,8457234137,successful
163,256,Nicole Williams,104,8000.0,SHOES,clothing,offline,Chennai,2025-10-08 00:00:00,2,NetBanking,0.15,Nicole72@gmail.com,9261161732,successful
164,993,Julie Wade,109,65000.0,refrigerator,HOME,online,Bangalore,2025-04-21 00:00:00,2,Card,0.2,JulieWade@outlook.com,7427719325,successful
165,525,Laura Barajas,106,80000.0,sofa,FURN,offline,Bangalore,2025-08-09 00:00:00,1,Cash,0.05,Laura14@gmail.com,8564041400,successful
166,976,Paula Rogers,101,250000.0,LAPTOP,Electronics,offline,Chennai,2025-11-13 00:00:00,5,UPI,0.25,Paula39@gmail.com,8769251725,successful
167,820,Mary Goodwin,103,1300.0,Shirt,clothing,online,Delhi,2026-03-09 00:00:00,3,Card,0.2,MaryGoodwin@yahoo.com,8576869201,successful
168,92,Kelly Chang,101,250000.0,LAPTOP,ELEC,offline,Chennai,2025-06-03 00:00:00,5,Card,0.25,KellyChang@yahoo.com,9459399379,successful
169,721,Robert Villa,102,70000.0,phone,ELEC,online,Mumbai,10-31-2025,5,Cash,0.35,RobertVilla@yahoo.com,8265101453,successful
170,893,Taylor Walton,110,45000.0,MICROWAVE,home appliances,online,Delhi,2025-04-29 00:00:00,4,UPI,0.2,TaylorWalton@outlook.com,7181735386,successful
171,871,Joel Hall,102,70000.0,Phone,ELEC,online,Chennai,2026-01-20 00:00:00,3,UPI,0.2,Joel21@gmail.com,8984815629,successful
172,5,Kathleen Olson,103,1300.0,Shirt,CLOTH,online,Hyderabad,2025-04-16 00:00:00,5,Cash,0.3,KathleenOlson@gmail.com,6401699805,successful
173,368,Emily Scott,107,50000.0,dining table,FURN,offline,Mumbai,2026-02-20 00:00:00,4,Card,0.3,EmilyScott@yahoo.com,9116589634,successful
174,97,Joseph Nolan,105,45000.0,tv,ELEC,online,Bangalore,2025-10-09 00:00:00,2,NetBanking,0.4,JosephNolan@outlook.com,9572183593,successful
175,22,James Walters,110,45000.0,microwave,Home Appliances,online,Chennai,09-13-2025,5,Cash,0.05,James10@gmail.com,6590464842,successful
176,260,Cynthia Fields,107,50000.0,DINING TABLE,Furniture,offline,Chennai,2025-09-20 00:00:00,5,Cash,0.4,CynthiaFields@gmail.com,6824635111,successful
177,164,Shawn Stewart,107,50000.0,Dining table,FURN,online,Chennai,2025-09-04 00:00:00,4,Card,0.05,ShawnStewart@gmail.com,7161144854,successful
177,164,Shawn Stewart,107,50000.0,Dining table,FURN,online,Chennai,2025-09-04 00:00:00,4,Card,0.05,ShawnStewart@gmail.com,7161144854,failed
178,288,Darren Parker,102,70000.0,PHONE,ELEC,online,Hyderabad,2025-08-07 00:00:00,4,NetBanking,0.35,DarrenParker@outlook.com,7734023569,successful
179,565,Craig Moore,105,45000.0,Tv,ELEC,offline,Mumbai,2025-08-08 00:00:00,3,Cash,0.2,CraigMoore@gmail.com,9983242911,successful
180,500,Katelyn Garza,108,15000.0,mixer grinder,HOME,offline,Bangalore,12-23-2025,5,Cash,0.1,KatelynGarza@yahoo.com,6200950083,successful
181,693,Joseph Maldonado,108,15000.0,mixer grinder,home appliances,online,Delhi,11-27-2025,4,Card,0.4,JosephMaldonado@yahoo.com,8013495157,successful
182,749,Linda Lara,109,65000.0,refrigerator,HOME,online,Mumbai,2025-04-21 00:00:00,4,Cash,0.1,LindaLara@outlook.com,7476164201,successful
183,348,James Nash,101,250000.0,Laptop,Electronics,online,Chennai,08-27-2025,5,Cash,0.25,James62@gmail.com,7753726437,successful
184,380,Matthew Douglas,102,,PHONE,electronics,online,Hyderabad,02-17-2026,3,Cash,0.3,Matthew80@gmail.com,8301990893,successful
185,672,Austin Perez,106,80000.0,SOFA,furniture,online,Delhi,2025-04-27 00:00:00,2,NetBanking,0.4,Austin35@gmail.com,6030034218,successful
186,545,Paul Howell,110,45000.0,microwave,HOME,offline,Hyderabad,2026-03-07 00:00:00,1,UPI,0.3,PaulHowell@gmail.com,8897700103,successful
187,996,Barbara Morris,101,250000.0,Laptop,Electronics,online,Hyderabad,2026-03-18 00:00:00,3,UPI,0.2,Barbara54@gmail.com,8799907956,successful
188,200,Miguel Proctor,101,250000.0,Laptop,Electronics,offline,Delhi,2025-11-28 00:00:00,2,Cash,0.3,MiguelProctor@gmail.com,8148175835,successful
189,585,Clifford Hayes,102,70000.0,phone,electronics,offline,Delhi,2025-06-29 00:00:00,4,NetBanking,0.25,CliffordHayes@gmail.com,6579201942,successful
190,843,Chelsea Hester,102,70000.0,phone,Electronics,online,Bangalore,2025-10-07 00:00:00,3,NetBanking,0.4,ChelseaHester@gmail.com,8104088861,successful
191,552,Anthony Cox,107,50000.0,DINING TABLE,Furniture,offline,Hyderabad,04-26-2025,2,NetBanking,0.15,AnthonyCox@gmail.com,7725127392,successful
192,744,Ashley Hull,109,65000.0,Refrigerator,HOME,offline,Chennai,2026-03-07 00:00:00,2,NetBanking,0.05,AshleyHull@outlook.com,6712629482,successful
193,243,Christian Martin,101,250000.0,LAPTOP,electronics,offline,Delhi,2025-07-10 00:00:00,2,Card,0.1,ChristianMartin@yahoo.com,6377411962,successful
194,56,Joshua Li,103,1300.0,shirt,clothing,offline,Bangalore,2025-10-26 00:00:00,5,UPI,0.3,Joshua89@gmail.com,7095086990,successful
195,511,Eric Johnson,102,70000.0,PHONE,ELEC,online,Hyderabad,2026-12-02 00:00:00,5,Cash,0.1,Eric54@gmail.com,8586566834,successful
196,248,Anthony Henry,109,65000.0,Refrigerator,Home Appliances,offline,Hyderabad,2025-10-31 00:00:00,5,NetBanking,0.25,AnthonyHenry@yahoo.com,7055017330,successful
197,344,Brian Wells,101,250000.0,laptop,electronics,online,Chennai,2025-05-29 00:00:00,1,NetBanking,0.2,Brian46@gmail.com,8434229708,successful
198,263,Joshua Anderson,108,15000.0,MIXER GRINDER,HOME,offline,Hyderabad,2026-02-20 00:00:00,2,NetBanking,0.25,JoshuaAnderson@outlook.com,7991578142,successful
199,628,Kelly Turner,102,70000.0,Phone,Electronics,offline,Chennai,2025-09-12 00:00:00,3,UPI,0.15,KellyTurner@gmail.com,8102485626,successful
200,76,Cindy Lewis,105,45000.0,tv,Electronics,offline,Chennai,2025-04-27 00:00:00,1,Cash,0.4,CindyLewis@outlook.com,6646839866,successful
200,76,Cindy Lewis,105,45000.0,tv,Electronics,offline,Chennai,2025-04-27 00:00:00,1,Cash,0.4,CindyLewis@outlook.com,6646839866,failed
201,951,Richard Miller,103,1300.0,SHIRT,clothing,offline,Mumbai,12-16-2025,3,Card,0.25,RichardMiller@yahoo.com,7109726379,successful
202,362,David Wells,108,,MIXER GRINDER,home appliances,offline,Bangalore,2025-05-05 00:00:00,5,Cash,0.05,DavidWells@yahoo.com,7619729722,successful
203,929,Charles Key,103,1300.0,SHIRT,clothing,offline,Delhi,07-26-2025,1,Cash,0.35,Charles2@gmail.com,7319365346,successful
203,929,Charles Key,103,1300.0,SHIRT,clothing,offline,Delhi,07-26-2025,1,Cash,0.35,Charles2@gmail.com,7319365346,failed
204,988,John Thomas,107,50000.0,DINING TABLE,Furniture,online,Delhi,2025-09-27 00:00:00,4,NetBanking,0.2,John19@gmail.com,9168109139,successful
205,288,Darren Parker,104,,Shoes,CLOTH,online,Hyderabad,2025-08-06 00:00:00,3,NetBanking,0.25,DarrenParker@outlook.com,7734023569,successful
206,258,Larry Taylor,106,80000.0,sofa,Furniture,offline,Chennai,2025-11-24 00:00:00,5,UPI,0.2,LarryTaylor@yahoo.com,9823327795,successful
207,710,April Moore,108,15000.0,Mixer grinder,home appliances,offline,Mumbai,2025-05-01 00:00:00,1,UPI,0.25,AprilMoore@gmail.com,9772271176,successful
208,91,Christopher Martin,101,250000.0,laptop,ELEC,online,Bangalore,2025-07-09 00:00:00,5,Cash,0.4,ChristopherMartin@outlook.com,8340618811,successful
209,392,Jeffery Wallace,108,,Mixer grinder,Home Appliances,offline,Hyderabad,2026-02-23 00:00:00,3,UPI,0.25,JefferyWallace@gmail.com,8334016777,successful
210,261,Ronnie Martin,110,45000.0,Microwave,HOME,online,Bangalore,03-26-2026,1,Cash,0.05,RonnieMartin@yahoo.com,8466121260,successful
211,576,Angela Weiss,102,70000.0,Phone,ELEC,online,Delhi,12-28-2025,4,NetBanking,0.35,AngelaWeiss@yahoo.com,6433163539,successful
212,247,David Cherry,101,250000.0,laptop,electronics,offline,Bangalore,2025-06-02 00:00:00,3,UPI,0.3,DavidCherry@yahoo.com,6203059339,successful
213,659,Jason Liu,110,45000.0,Microwave,HOME,offline,Chennai,2025-11-13 00:00:00,3,NetBanking,0.25,JasonLiu@outlook.com,8855601592,successful
214,81,Michael Wagner,105,45000.0,TV,Electronics,offline,Chennai,2025-07-13 00:00:00,5,UPI,0.15,MichaelWagner@yahoo.com,9716917974,successful
215,904,Audrey Skinner,101,250000.0,LAPTOP,electronics,offline,Bangalore,01-25-2026,4,Card,0.35,AudreySkinner@yahoo.com,6596392073,successful
216,796,Jasmine Lopez,110,45000.0,microwave,home appliances,offline,Bangalore,2026-03-29 00:00:00,4,Cash,0.15,JasmineLopez@outlook.com,9109427917,successful
217,763,David Howard,110,45000.0,MICROWAVE,Home Appliances,offline,Delhi,2026-04-08 00:00:00,5,Cash,0.15,DavidHoward@gmail.com,8607553189,successful
218,774,Antonio Evans,101,250000.0,laptop,ELEC,offline,Hyderabad,2025-09-17 00:00:00,1,Cash,0.05,Antonio94@gmail.com,7199037042,successful
219,560,Anthony Lawrence,102,70000.0,phone,electronics,offline,Hyderabad,2025-04-07 00:00:00,5,NetBanking,0.3,AnthonyLawrence@gmail.com,7569957287,successful
220,107,Cory Tyler,105,45000.0,TV,ELEC,online,Chennai,2026-04-07 00:00:00,1,UPI,0.05,CoryTyler@outlook.com,7231357413,successful
220,107,Cory Tyler,105,45000.0,TV,ELEC,online,Chennai,2026-04-07 00:00:00,1,UPI,0.05,CoryTyler@outlook.com,7231357413,failed
221,298,Ryan Massey,109,65000.0,Refrigerator,Home Appliances,offline,Delhi,02-15-2026,3,UPI,0.05,Ryan8@gmail.com,6449657586,successful
222,953,Adam Taylor,103,1300.0,Shirt,Clothing,online,Bangalore,2025-07-20 00:00:00,2,UPI,0.25,Adam83@gmail.com,9115270391,successful
223,189,Melinda Rodriguez,108,15000.0,mixer grinder,HOME,online,Chennai,2026-01-25 00:00:00,5,Cash,0.15,MelindaRodriguez@outlook.com,8256869897,successful
224,682,Crystal Mccarthy,106,80000.0,sofa,furniture,online,Delhi,2025-07-03 00:00:00,5,Card,0.35,Crystal55@gmail.com,7575758526,successful
225,987,Daniel Harper,110,,MICROWAVE,Home Appliances,offline,Delhi,2025-09-22 00:00:00,5,NetBanking,0.3,DanielHarper@outlook.com,6165551659,successful
226,699,Kristin Hawkins,109,,refrigerator,Home Appliances,online,Mumbai,2025-05-05 00:00:00,5,Cash,0.4,KristinHawkins@yahoo.com,6233553116,successful
227,154,Michael Smith,104,8000.0,shoes,clothing,online,Chennai,2026-03-17 00:00:00,2,Card,0.05,MichaelSmith@yahoo.com,9453724650,successful
228,911,Kelly Le,102,70000.0,PHONE,electronics,online,Delhi,2025-10-26 00:00:00,2,UPI,0.2,KellyLe@outlook.com,6813665769,successful
229,207,Tonya Lopez,105,45000.0,TV,electronics,offline,Bangalore,2025-09-18 00:00:00,5,Card,0.15,TonyaLopez@gmail.com,8023940519,successful
230,417,Kristina Lewis,110,45000.0,microwave,Home Appliances,offline,Delhi,2025-06-27 00:00:00,1,Cash,0.25,KristinaLewis@gmail.com,7869899732,successful
231,431,Tracie Kim,103,1300.0,Shirt,CLOTH,online,Bangalore,2025-07-12 00:00:00,4,Cash,0.25,TracieKim@yahoo.com,8301285130,successful
232,54,Jessica Hernandez,110,45000.0,Microwave,HOME,offline,Hyderabad,2025-07-08 00:00:00,5,NetBanking,0.25,JessicaHernandez@outlook.com,7144391854,successful
232,54,Jessica Hernandez,110,45000.0,Microwave,HOME,offline,Hyderabad,2025-07-08 00:00:00,5,NetBanking,0.25,JessicaHernandez@outlook.com,7144391854,failed
233,107,Cory Tyler,108,15000.0,MIXER GRINDER,Home Appliances,offline,Chennai,01-24-2026,4,UPI,0.35,CoryTyler@outlook.com,7231357413,successful
234,320,Stephen Tyler,107,50000.0,DINING TABLE,FURN,offline,Hyderabad,09-30-2025,4,Cash,0.35,StephenTyler@yahoo.com,8061706167,successful
235,597,Paul Foster,106,80000.0,sofa,Furniture,offline,Bangalore,2025-08-03 00:00:00,1,Cash,0.1,PaulFoster@gmail.com,8644430674,successful
236,197,Gabriel Mills,109,65000.0,REFRIGERATOR,HOME,online,Mumbai,02-17-2026,3,Card,0.15,GabrielMills@gmail.com,8457234137,successful
237,97,Joseph Nolan,105,45000.0,Tv,Electronics,offline,Bangalore,2026-01-22 00:00:00,5,Cash,0.05,JosephNolan@outlook.com,9572183593,successful
238,747,Laura Edwards,106,80000.0,SOFA,furniture,offline,Bangalore,2026-04-14 00:00:00,2,NetBanking,0.2,LauraEdwards@yahoo.com,6975755369,successful
239,363,Leonard Travis,103,1300.0,SHIRT,clothing,offline,Delhi,05-28-2025,4,NetBanking,0.15,LeonardTravis@gmail.com,9034700472,successful
240,14,Joseph Jones,108,,Mixer grinder,HOME,online,Hyderabad,2025-09-15 00:00:00,1,Cash,0.25,JosephJones@gmail.com,8900905282,successful
241,305,Zachary Cabrera,107,50000.0,DINING TABLE,furniture,online,Delhi,2025-07-08 00:00:00,4,Card,0.3,ZacharyCabrera@outlook.com,8097133696,successful
242,307,Evelyn Bridges,106,80000.0,Sofa,furniture,online,Chennai,12-13-2025,1,Card,0.2,EvelynBridges@gmail.com,9141467428,successful
243,827,Jonathan Sandoval,108,15000.0,MIXER GRINDER,home appliances,online,Delhi,2026-04-15 00:00:00,5,NetBanking,0.25,JonathanSandoval@yahoo.com,8749776234,successful
244,556,Roger Guerrero,105,45000.0,TV,ELEC,offline,Mumbai,2026-02-13 00:00:00,2,Cash,0.35,RogerGuerrero@yahoo.com,8875145988,successful
245,610,Melissa Jones,106,80000.0,sofa,FURN,online,Chennai,07-16-2025,4,Cash,0.2,MelissaJones@gmail.com,8641239133,successful
246,114,Mark Baird,104,8000.0,shoes,Clothing,online,Mumbai,2025-09-21 00:00:00,5,Cash,0.25,MarkBaird@outlook.com,6372851774,successful
247,876,David Whitaker,103,1300.0,shirt,Clothing,online,Chennai,2026-01-17 00:00:00,3,Cash,0.25,DavidWhitaker@gmail.com,9010543557,successful
248,724,Kimberly Winters,101,250000.0,LAPTOP,Electronics,offline,Chennai,2026-03-21 00:00:00,1,Cash,0.4,Kimberly55@gmail.com,8442961493,successful
249,585,Clifford Hayes,108,15000.0,mixer grinder,Home Appliances,offline,Delhi,02-26-2026,5,NetBanking,0.2,CliffordHayes@gmail.com,6579201942,successful
250,407,Erika Maxwell,110,45000.0,microwave,HOME,online,Mumbai,06-26-2025,1,UPI,0.1,Erika40@gmail.com,8516381379,successful
251,588,Casey Edwards,110,45000.0,Microwave,home appliances,offline,Delhi,06-18-2025,4,NetBanking,0.05,CaseyEdwards@gmail.com,6247621845,successful
252,780,Elizabeth Miller,101,250000.0,laptop,Electronics,online,Delhi,10-27-2025,5,Card,0.15,ElizabethMiller@yahoo.com,8279569798,successful
253,45,Tasha Baker,105,45000.0,tv,Electronics,offline,Delhi,2025-08-27 00:00:00,3,Cash,0.2,TashaBaker@gmail.com,7562005843,successful
254,297,Susan Hill,106,80000.0,sofa,Furniture,online,Delhi,2025-07-24 00:00:00,5,UPI,0.2,SusanHill@outlook.com,6962432263,successful
255,705,Amy Brewer,105,45000.0,tv,Electronics,online,Hyderabad,05-31-2025,4,UPI,0.4,AmyBrewer@yahoo.com,9710911218,successful
256,900,Gary Phillips,106,80000.0,Sofa,FURN,online,Bangalore,2025-12-11 00:00:00,2,Cash,0.05,GaryPhillips@yahoo.com,8740934646,successful
257,596,Douglas Johnson,106,80000.0,SOFA,furniture,online,Chennai,08-23-2025,3,Cash,0.2,Douglas2@gmail.com,8525371050,successful
258,41,Brandon Robinson,109,65000.0,refrigerator,home appliances,offline,Delhi,2026-01-16 00:00:00,3,UPI,0.1,BrandonRobinson@outlook.com,6017633106,successful
259,41,Brandon Robinson,106,,sofa,Furniture,online,Delhi,2025-05-24 00:00:00,1,UPI,0.1,BrandonRobinson@outlook.com,6017633106,successful
260,67,Jamie Harvey,109,65000.0,Refrigerator,home appliances,offline,Chennai,08-20-2025,4,NetBanking,0.3,Jamie61@gmail.com,7408465928,successful
261,425,Lindsay Buchanan,102,70000.0,PHONE,Electronics,online,Hyderabad,2026-02-28 00:00:00,3,Card,0.25,LindsayBuchanan@outlook.com,8306771779,successful
262,102,Jennifer Rodriguez,110,45000.0,MICROWAVE,home appliances,online,Mumbai,2025-12-01 00:00:00,2,NetBanking,0.25,JenniferRodriguez@yahoo.com,7437244588,successful
263,778,Angela Park,104,8000.0,SHOES,CLOTH,offline,Mumbai,2025-12-19 00:00:00,2,Cash,0.25,AngelaPark@outlook.com,7345361196,successful
264,738,Brent Smith,104,,SHOES,Clothing,online,Chennai,2025-08-04 00:00:00,2,NetBanking,0.35,Brent73@gmail.com,7753142144,successful
265,217,Eric Cross,106,80000.0,sofa,furniture,online,Bangalore,2025-07-29 00:00:00,5,NetBanking,0.4,Eric39@gmail.com,6551844796,successful
266,688,Peter Chavez,106,80000.0,Sofa,Furniture,offline,Mumbai,2025-06-16 00:00:00,1,Cash,0.2,PeterChavez@outlook.com,8803152648,successful
267,255,Madison Tate,102,70000.0,phone,ELEC,online,Bangalore,12-19-2025,3,Cash,0.25,MadisonTate@yahoo.com,7414976379,successful
268,869,Krystal Hudson,104,8000.0,Shoes,Clothing,online,Mumbai,2025-10-04 00:00:00,3,Cash,0.05,KrystalHudson@yahoo.com,9639663079,successful
269,571,Frederick Stevenson,105,45000.0,Tv,ELEC,offline,Chennai,2025-07-04 00:00:00,5,UPI,0.2,FrederickStevenson@outlook.com,6588854716,successful
270,150,Donald Bradley,109,65000.0,refrigerator,home appliances,online,Mumbai,2026-05-04 00:00:00,4,Card,0.05,Donald58@gmail.com,6372599420,successful
271,573,Erin Duncan,107,50000.0,Dining table,furniture,online,Chennai,2025-06-28 00:00:00,3,Cash,0.4,Erin80@gmail.com,7915262715,successful
272,250,Steven Baker,107,50000.0,Dining table,Furniture,online,Mumbai,05-26-2025,3,UPI,0.25,StevenBaker@gmail.com,6299345024,successful
273,297,Susan Hill,106,80000.0,SOFA,FURN,online,Delhi,2026-01-26 00:00:00,4,NetBanking,0.2,SusanHill@outlook.com,6962432263,successful
274,835,Juan Watkins,101,250000.0,LAPTOP,electronics,online,Delhi,2025-08-22 00:00:00,5,UPI,0.25,JuanWatkins@outlook.com,7972862580,successful
275,433,Gary Graham,103,1300.0,SHIRT,Clothing,offline,Bangalore,2025-06-26 00:00:00,1,Cash,0.1,Gary95@gmail.com,6770469955,successful
276,653,Jodi Kim,103,1300.0,Shirt,CLOTH,offline,Mumbai,07-14-2025,4,Card,0.05,JodiKim@gmail.com,9085253333,successful
277,667,Kelsey Mendoza,102,70000.0,phone,electronics,online,Bangalore,2025-12-05 00:00:00,1,NetBanking,0.25,KelseyMendoza@outlook.com,7562379912,successful
278,416,Katelyn Flores,106,80000.0,Sofa,FURN,online,Bangalore,2025-08-29 00:00:00,5,Cash,0.35,KatelynFlores@yahoo.com,7337652950,successful
279,120,Michael Horton,106,80000.0,sofa,FURN,online,Delhi,2025-11-21 00:00:00,4,UPI,0.1,MichaelHorton@gmail.com,7477605729,successful
280,929,Charles Key,108,15000.0,MIXER GRINDER,home appliances,offline,Delhi,2025-06-18 00:00:00,5,Cash,0.4,Charles2@gmail.com,7319365346,successful
281,967,Brittany Bush,109,65000.0,refrigerator,home appliances,online,Hyderabad,2025-11-22 00:00:00,2,UPI,0.25,BrittanyBush@yahoo.com,8867314454,successful
282,341,Cory Alvarado,106,80000.0,sofa,FURN,online,Mumbai,2025-08-12 00:00:00,1,NetBanking,0.05,CoryAlvarado@outlook.com,7632639155,successful
283,477,Willie Mata,105,45000.0,tv,electronics,online,Hyderabad,2025-10-23 00:00:00,3,UPI,0.3,WillieMata@outlook.com,8602810729,successful
284,769,April Sutton,110,45000.0,MICROWAVE,HOME,online,Bangalore,2025-07-11 00:00:00,5,NetBanking,0.25,April91@gmail.com,7041604141,successful
285,398,Michele Sanchez,103,1300.0,SHIRT,clothing,offline,Bangalore,2025-04-19 00:00:00,1,Card,0.15,MicheleSanchez@outlook.com,6047184961,successful
286,736,Lisa Lee,106,80000.0,SOFA,FURN,offline,Delhi,2026-01-02 00:00:00,4,Cash,0.1,Lisa63@gmail.com,7056446221,successful
287,630,Charles Thompson,107,50000.0,DINING TABLE,Furniture,offline,Hyderabad,2025-06-06 00:00:00,5,UPI,0.25,Charles57@gmail.com,9406833982,successful
288,252,Shannon Dennis,107,50000.0,DINING TABLE,furniture,offline,Hyderabad,2026-08-01 00:00:00,3,Cash,0.35,Shannon37@gmail.com,6229767631,successful
289,694,Lori Barrera,106,80000.0,sofa,FURN,offline,Hyderabad,2025-11-05 00:00:00,4,Card,0.35,Lori3@gmail.com,9572854973,successful
290,165,Rebecca Hays,103,1300.0,shirt,CLOTH,offline,Hyderabad,2026-04-04 00:00:00,1,Card,0.4,RebeccaHays@outlook.com,9357591179,successful
291,961,Derek Hall,106,80000.0,SOFA,Furniture,online,Hyderabad,2026-02-12 00:00:00,1,Card,0.25,Derek28@gmail.com,7447088075,successful
292,879,Andrew Johnston,106,80000.0,sofa,furniture,online,Mumbai,03-23-2026,5,UPI,0.3,AndrewJohnston@yahoo.com,9290408466,successful
293,291,Jerry Freeman,101,250000.0,LAPTOP,Electronics,offline,Mumbai,2025-05-10 00:00:00,1,UPI,0.35,JerryFreeman@gmail.com,8189681801,successful
293,291,Jerry Freeman,101,250000.0,LAPTOP,Electronics,offline,Mumbai,2025-05-10 00:00:00,1,UPI,0.35,JerryFreeman@gmail.com,8189681801,failed
294,159,Patrick Lucas,106,80000.0,Sofa,Furniture,offline,Delhi,2025-05-11 00:00:00,5,UPI,0.2,PatrickLucas@gmail.com,7641363339,successful
295,296,Katherine Frazier,107,50000.0,dining table,furniture,offline,Bangalore,2026-02-05 00:00:00,4,UPI,0.4,KatherineFrazier@yahoo.com,7255496097,successful
296,636,Christopher Clark,106,80000.0,SOFA,FURN,offline,Mumbai,2025-12-09 00:00:00,3,Card,0.35,Christopher93@gmail.com,7656982866,successful
297,843,Chelsea Hester,109,65000.0,REFRIGERATOR,Home Appliances,offline,Bangalore,09-27-2025,5,Card,0.4,ChelseaHester@gmail.com,8104088861,successful
298,435,Wendy Robinson,109,65000.0,REFRIGERATOR,Home Appliances,offline,Delhi,2025-06-15 00:00:00,3,NetBanking,0.4,WendyRobinson@gmail.com,7891934454,successful
298,435,Wendy Robinson,109,65000.0,REFRIGERATOR,Home Appliances,offline,Delhi,2025-06-15 00:00:00,3,NetBanking,0.4,WendyRobinson@gmail.com,7891934454,failed
299,346,Erin Frye,110,45000.0,microwave,HOME,offline,Bangalore,2025-01-10 00:00:00,4,UPI,0.3,ErinFrye@yahoo.com,6265675711,successful
300,820,Mary Goodwin,102,,phone,Electronics,online,Delhi,2026-02-07 00:00:00,1,Card,0.15,MaryGoodwin@yahoo.com,8576869201,successful
301,204,Kevin Osborne,108,15000.0,MIXER GRINDER,HOME,online,Chennai,2025-06-23 00:00:00,5,Card,0.2,Kevin1@gmail.com,6283888034,successful
302,978,Nicole George,103,1300.0,SHIRT,clothing,online,Delhi,08-23-2025,4,UPI,0.05,NicoleGeorge@gmail.com,8315089250,successful
303,891,Natalie Hammond,102,70000.0,PHONE,electronics,offline,Hyderabad,2025-12-07 00:00:00,5,Card,0.2,NatalieHammond@yahoo.com,7063704743,successful
304,21,Andrea Ford,109,,Refrigerator,home appliances,offline,Hyderabad,2026-01-12 00:00:00,4,Cash,0.1,AndreaFord@yahoo.com,6554591011,successful
305,313,Mary Lowe,104,8000.0,SHOES,clothing,offline,Delhi,2025-10-31 00:00:00,3,Cash,0.4,MaryLowe@outlook.com,6672302640,successful
306,597,Paul Foster,101,250000.0,LAPTOP,electronics,offline,Bangalore,01-27-2026,3,NetBanking,0.05,PaulFoster@gmail.com,8644430674,successful
307,264,Kelli Johnson,103,,shirt,Clothing,offline,Bangalore,2025-07-22 00:00:00,5,UPI,0.2,Kelli81@gmail.com,9866676731,successful
308,4,Kelly Brown,103,1300.0,shirt,Clothing,offline,Chennai,2025-06-14 00:00:00,1,Card,0.25,KellyBrown@gmail.com,6816002599,successful
309,360,Lindsey Yang,104,8000.0,Shoes,CLOTH,offline,Hyderabad,2025-04-30 00:00:00,2,UPI,0.25,LindseyYang@gmail.com,9898894192,successful
310,524,Derek Garza,107,50000.0,dining table,furniture,offline,Mumbai,01-20-2026,4,NetBanking,0.35,DerekGarza@outlook.com,9725219288,successful
311,619,Angelica Wood,110,45000.0,MICROWAVE,Home Appliances,offline,Mumbai,06-24-2025,2,Card,0.15,AngelicaWood@outlook.com,9231454769,successful
311,619,Angelica Wood,110,45000.0,MICROWAVE,Home Appliances,offline,Mumbai,06-24-2025,2,Card,0.15,AngelicaWood@outlook.com,9231454769,failed
312,318,Gina Dickerson,109,65000.0,refrigerator,Home Appliances,offline,Bangalore,01-13-2026,5,UPI,0.15,GinaDickerson@gmail.com,9716605732,successful
313,520,Holly Jackson,101,250000.0,laptop,ELEC,online,Mumbai,2025-06-12 00:00:00,4,Cash,0.4,HollyJackson@outlook.com,8013465736,successful
314,716,John Mitchell,106,80000.0,SOFA,Furniture,online,Delhi,09-24-2025,4,NetBanking,0.05,JohnMitchell@outlook.com,7564242427,successful
315,762,Linda Webb,108,15000.0,mixer grinder,HOME,offline,Mumbai,2025-09-05 00:00:00,3,UPI,0.05,LindaWebb@yahoo.com,7051791908,successful
316,640,Carrie Jacobson,101,250000.0,laptop,Electronics,offline,Bangalore,2025-10-11 00:00:00,2,UPI,0.3,CarrieJacobson@outlook.com,7271002507,successful
317,848,Eric Phillips,101,250000.0,LAPTOP,electronics,online,Hyderabad,2025-10-28 00:00:00,1,UPI,0.25,EricPhillips@gmail.com,7686396213,successful
318,472,Christian Jennings,105,45000.0,tv,ELEC,online,Chennai,2025-12-04 00:00:00,1,Cash,0.25,ChristianJennings@outlook.com,6788861240,successful
319,90,Joe Gillespie,107,50000.0,dining table,furniture,online,Chennai,2025-04-11 00:00:00,5,Card,0.35,JoeGillespie@gmail.com,6300656792,successful
319,90,Joe Gillespie,107,50000.0,dining table,furniture,online,Chennai,2025-04-11 00:00:00,5,Card,0.35,JoeGillespie@gmail.com,6300656792,failed
320,713,Jason Griffin,102,70000.0,Phone,electronics,online,Hyderabad,10-26-2025,4,Card,0.2,Jason36@gmail.com,8944628007,successful
321,718,Rebecca Mills,108,15000.0,Mixer grinder,Home Appliances,online,Delhi,2025-06-13 00:00:00,1,Cash,0.35,RebeccaMills@outlook.com,9354411168,successful
322,822,Christine Rivera,104,8000.0,Shoes,CLOTH,online,Hyderabad,11-20-2025,4,Cash,0.1,ChristineRivera@yahoo.com,6691516621,successful
323,138,Andrea Olson,103,1300.0,shirt,Clothing,online,Bangalore,2026-03-31 00:00:00,4,NetBanking,0.05,AndreaOlson@gmail.com,6075508168,successful
324,506,Stephanie Young,108,,mixer grinder,Home Appliances,online,Delhi,10-13-2025,3,NetBanking,0.05,StephanieYoung@yahoo.com,6315938851,successful
325,176,Robin Scott,102,70000.0,PHONE,Electronics,offline,Chennai,2025-11-16 00:00:00,5,Card,0.2,RobinScott@outlook.com,6102310905,successful
326,805,Latoya Baker,102,70000.0,PHONE,Electronics,online,Delhi,2025-08-12 00:00:00,5,NetBanking,0.35,Latoya58@gmail.com,7323207440,successful
327,599,David Johnson,101,250000.0,LAPTOP,electronics,offline,Mumbai,2025-11-26 00:00:00,1,UPI,0.25,DavidJohnson@gmail.com,7496294774,successful
327,599,David Johnson,101,250000.0,LAPTOP,electronics,offline,Mumbai,2025-11-26 00:00:00,1,UPI,0.25,DavidJohnson@gmail.com,7496294774,failed
328,771,Matthew Greer,105,45000.0,TV,Electronics,offline,Bangalore,2025-03-07 00:00:00,4,UPI,0.15,MatthewGreer@yahoo.com,8278910012,successful
329,960,Michaela Brown,104,8000.0,Shoes,CLOTH,online,Delhi,2025-12-26 00:00:00,1,Cash,0.4,MichaelaBrown@yahoo.com,9847649942,successful
330,6,Eric Turner,105,45000.0,tv,Electronics,online,Hyderabad,2025-04-26 00:00:00,5,NetBanking,0.1,EricTurner@outlook.com,7747196182,successful
330,6,Eric Turner,105,45000.0,tv,Electronics,online,Hyderabad,2025-04-26 00:00:00,5,NetBanking,0.1,EricTurner@outlook.com,7747196182,failed
331,381,Melissa Garza,103,1300.0,SHIRT,clothing,online,Hyderabad,2025-09-09 00:00:00,1,Card,0.3,MelissaGarza@gmail.com,6928004306,successful
332,970,William Freeman,101,250000.0,Laptop,Electronics,online,Delhi,2025-10-08 00:00:00,3,UPI,0.4,William98@gmail.com,7126139842,successful
333,220,Maria Walker,104,8000.0,SHOES,clothing,online,Bangalore,2025-05-20 00:00:00,1,UPI,0.05,MariaWalker@gmail.com,7332505210,successful
334,55,Patrick Velez,104,8000.0,shoes,Clothing,offline,Bangalore,2025-10-09 00:00:00,3,Card,0.3,PatrickVelez@gmail.com,6162389585,successful
335,524,Derek Garza,110,45000.0,Microwave,HOME,offline,Mumbai,2025-12-27 00:00:00,2,Cash,0.05,DerekGarza@outlook.com,9725219288,successful
336,690,Cynthia Palmer,105,45000.0,Tv,electronics,offline,Delhi,2025-12-26 00:00:00,3,UPI,0.3,CynthiaPalmer@gmail.com,7205517021,successful
337,393,Shannon Alvarez,104,,shoes,Clothing,online,Mumbai,2025-12-03 00:00:00,5,NetBanking,0.15,ShannonAlvarez@gmail.com,9564682230,successful
338,652,Charles Fleming,109,65000.0,REFRIGERATOR,HOME,offline,Delhi,2025-10-10 00:00:00,4,Cash,0.1,CharlesFleming@yahoo.com,7387454499,successful
339,758,Nichole Jones,108,15000.0,MIXER GRINDER,home appliances,offline,Chennai,2025-10-07 00:00:00,0,UPI,0.3,NicholeJones@yahoo.com,6141266772,successful
340,335,Jacob Evans,105,45000.0,Tv,ELEC,offline,Mumbai,2025-08-19 00:00:00,5,UPI,0.4,JacobEvans@yahoo.com,6483959310,successful
341,471,Jamie Kelly,101,250000.0,laptop,Electronics,online,Chennai,2026-03-03 00:00:00,5,Cash,0.25,Jamie55@gmail.com,6555479015,successful
342,823,Brandon Bennett,109,65000.0,REFRIGERATOR,HOME,online,Bangalore,2026-03-29 00:00:00,1,NetBanking,0.3,Brandon57@gmail.com,8357548117,successful
342,823,Brandon Bennett,109,65000.0,REFRIGERATOR,HOME,online,Bangalore,2026-03-29 00:00:00,1,NetBanking,0.3,Brandon57@gmail.com,8357548117,failed
343,340,Paul Smith,110,45000.0,MICROWAVE,home appliances,offline,Chennai,2025-11-11 00:00:00,2,UPI,0.15,PaulSmith@yahoo.com,7280629550,successful
344,596,Douglas Johnson,104,8000.0,shoes,CLOTH,offline,Chennai,2025-11-19 00:00:00,2,Card,0.2,Douglas2@gmail.com,8525371050,successful
345,941,Chelsea Wallace,107,50000.0,DINING TABLE,FURN,offline,Bangalore,2025-08-23 00:00:00,3,Cash,0.4,ChelseaWallace@outlook.com,9617601736,successful
346,183,Paul Gomez,107,50000.0,Dining table,Furniture,offline,Hyderabad,2025-11-20 00:00:00,3,Card,0.2,PaulGomez@yahoo.com,8872570750,successful
347,415,Jackson Kaiser,104,8000.0,shoes,Clothing,offline,Delhi,11-16-2025,5,Cash,0.25,JacksonKaiser@gmail.com,8094014305,successful
348,436,Jesse Conway,101,250000.0,LAPTOP,ELEC,offline,Hyderabad,2025-10-31 00:00:00,4,NetBanking,0.35,JesseConway@gmail.com,8500568681,successful
348,436,Jesse Conway,101,250000.0,LAPTOP,ELEC,offline,Hyderabad,2025-10-31 00:00:00,4,NetBanking,0.35,JesseConway@gmail.com,8500568681,failed
349,235,Robyn Rodriguez,102,70000.0,PHONE,Electronics,online,Mumbai,02-27-2026,2,UPI,0.15,RobynRodriguez@outlook.com,6057149697,successful
350,921,Jessica Taylor,110,45000.0,MICROWAVE,Home Appliances,online,Mumbai,2026-04-07 00:00:00,5,NetBanking,0.15,JessicaTaylor@outlook.com,9714740882,successful
351,252,Shannon Dennis,109,65000.0,Refrigerator,home appliances,online,Hyderabad,2026-04-09 00:00:00,2,Cash,0.25,Shannon37@gmail.com,6229767631,successful
352,991,Darlene Chapman,105,45000.0,tv,Electronics,online,Hyderabad,2025-06-24 00:00:00,3,NetBanking,0.25,Darlene90@gmail.com,8139250595,successful
353,775,Roy Chavez,108,15000.0,mixer grinder,home appliances,offline,Chennai,2026-05-02 00:00:00,3,Card,0.15,Roy81@gmail.com,7595966010,successful
354,746,James Meyer,102,70000.0,Phone,ELEC,online,Bangalore,2025-08-18 00:00:00,4,Cash,0.1,JamesMeyer@outlook.com,7718155357,successful
355,347,David Medina,104,,SHOES,Clothing,online,Delhi,2026-04-16 00:00:00,2,NetBanking,0.4,DavidMedina@outlook.com,9190354389,successful
356,155,James Fleming,103,1300.0,Shirt,Clothing,online,Hyderabad,2026-06-03 00:00:00,5,Cash,0.05,James47@gmail.com,6050128486,successful
357,631,Colin Holt,107,50000.0,DINING TABLE,FURN,online,Bangalore,10-25-2025,4,Cash,0.3,Colin28@gmail.com,7857307740,successful
358,157,Diana Grant,104,8000.0,shoes,CLOTH,online,Bangalore,2025-09-08 00:00:00,1,Cash,0.1,DianaGrant@yahoo.com,9177820009,successful
359,263,Joshua Anderson,108,15000.0,MIXER GRINDER,Home Appliances,online,Hyderabad,2025-08-17 00:00:00,4,Cash,0.15,JoshuaAnderson@outlook.com,7991578142,successful
360,311,Juan Murphy,102,70000.0,PHONE,ELEC,online,Bangalore,2025-10-24 00:00:00,5,NetBanking,0.4,JuanMurphy@yahoo.com,7461687160,successful
361,916,Betty Mcdaniel,108,15000.0,mixer grinder,home appliances,online,Chennai,2025-06-12 00:00:00,5,Cash,0.2,BettyMcdaniel@yahoo.com,7323816268,successful
362,350,Gregory Knapp,109,65000.0,Refrigerator,home appliances,offline,Chennai,04-20-2025,2,NetBanking,0.4,GregoryKnapp@yahoo.com,9371443947,successful
362,350,Gregory Knapp,109,65000.0,Refrigerator,home appliances,offline,Chennai,04-20-2025,2,NetBanking,0.4,GregoryKnapp@yahoo.com,9371443947,failed
363,329,William Jackson,108,15000.0,MIXER GRINDER,HOME,online,Mumbai,2025-09-09 00:00:00,4,NetBanking,0.15,WilliamJackson@outlook.com,7805292206,successful
364,411,Robin Hernandez,108,15000.0,Mixer grinder,Home Appliances,online,Hyderabad,2025-05-25 00:00:00,3,NetBanking,0.05,RobinHernandez@yahoo.com,6497530606,successful
365,263,Joshua Anderson,107,50000.0,dining table,furniture,offline,Hyderabad,07-23-2025,3,Card,0.3,JoshuaAnderson@outlook.com,7991578142,successful
366,272,Gary Gilbert,110,45000.0,microwave,home appliances,offline,Delhi,12-22-2025,2,NetBanking,0.25,GaryGilbert@gmail.com,8538846225,successful
367,749,Linda Lara,104,8000.0,shoes,clothing,offline,Mumbai,2025-05-19 00:00:00,5,NetBanking,0.15,LindaLara@outlook.com,7476164201,successful
368,129,Thomas Wells,103,1300.0,shirt,Clothing,online,Bangalore,2025-10-02 00:00:00,3,UPI,0.25,ThomasWells@outlook.com,9456737186,successful
369,64,Sheri Osborne,101,250000.0,LAPTOP,Electronics,offline,Mumbai,2025-06-11 00:00:00,5,NetBanking,0.3,Sheri53@gmail.com,7564569475,successful
370,807,Steven Li,102,,Phone,ELEC,online,Mumbai,2026-08-01 00:00:00,3,NetBanking,0.15,StevenLi@outlook.com,6932032530,successful
371,561,Allison Lee,107,50000.0,DINING TABLE,Furniture,offline,Mumbai,2025-05-15 00:00:00,2,Card,0.4,Allison15@gmail.com,8312564275,successful
372,650,Michael Haynes,104,8000.0,Shoes,clothing,online,Hyderabad,2025-03-09 00:00:00,4,NetBanking,0.15,MichaelHaynes@yahoo.com,6045946833,successful
372,650,Michael Haynes,104,8000.0,Shoes,clothing,online,Hyderabad,2025-03-09 00:00:00,4,NetBanking,0.15,MichaelHaynes@yahoo.com,6045946833,failed
373,553,Veronica Davis,103,1300.0,Shirt,Clothing,offline,Mumbai,2026-04-03 00:00:00,1,Cash,0.15,VeronicaDavis@gmail.com,9657619972,successful
374,691,Clayton Miles,106,80000.0,SOFA,FURN,online,Mumbai,07-20-2025,3,NetBanking,0.25,ClaytonMiles@gmail.com,6887134137,successful
375,940,Nicole Briggs,104,8000.0,Shoes,CLOTH,online,Chennai,2025-05-25 00:00:00,4,UPI,0.15,Nicole57@gmail.com,6683550293,successful
376,687,Robert Estrada,104,8000.0,Shoes,CLOTH,offline,Hyderabad,2025-01-11 00:00:00,4,Card,0.35,RobertEstrada@yahoo.com,8685839773,successful
377,617,Patrick Rodriguez,108,15000.0,mixer grinder,Home Appliances,offline,Delhi,2026-02-28 00:00:00,1,UPI,0.3,PatrickRodriguez@yahoo.com,7367526634,successful
378,915,Meagan Valdez,101,250000.0,LAPTOP,Electronics,offline,Delhi,2026-04-02 00:00:00,3,Cash,0.15,MeaganValdez@outlook.com,6397350013,successful
379,629,Alec Kelly,101,250000.0,laptop,Electronics,online,Delhi,2026-03-26 00:00:00,4,UPI,0.1,AlecKelly@outlook.com,8924269475,successful
380,417,Kristina Lewis,104,8000.0,SHOES,clothing,online,Delhi,2026-01-27 00:00:00,3,UPI,0.05,KristinaLewis@gmail.com,7869899732,successful
380,417,Kristina Lewis,104,8000.0,SHOES,clothing,online,Delhi,2026-01-27 00:00:00,3,UPI,0.05,KristinaLewis@gmail.com,7869899732,failed
381,263,Joshua Anderson,110,45000.0,microwave,home appliances,online,Hyderabad,2026-02-21 00:00:00,1,NetBanking,0.15,JoshuaAnderson@outlook.com,7991578142,successful
382,538,Haley Henderson,104,,SHOES,Clothing,offline,Bangalore,2025-08-07 00:00:00,3,NetBanking,0.2,HaleyHenderson@outlook.com,7116096076,successful
383,955,Jake Davis,106,80000.0,SOFA,Furniture,offline,Bangalore,2025-12-01 00:00:00,4,Cash,0.1,JakeDavis@yahoo.com,7071458620,successful
384,158,Tiffany Mitchell,109,65000.0,REFRIGERATOR,Home Appliances,offline,Delhi,2025-11-20 00:00:00,1,NetBanking,0.3,Tiffany78@gmail.com,7906116316,successful
385,550,Raymond Martinez,106,80000.0,SOFA,furniture,online,Chennai,2026-03-03 00:00:00,2,NetBanking,0.2,Raymond11@gmail.com,7127699650,successful
386,10,Tracy Olson,108,15000.0,mixer grinder,Home Appliances,offline,Delhi,2026-08-02 00:00:00,4,NetBanking,0.1,TracyOlson@yahoo.com,6972129098,successful
386,10,Tracy Olson,108,15000.0,mixer grinder,Home Appliances,offline,Delhi,2026-08-02 00:00:00,4,NetBanking,0.1,TracyOlson@yahoo.com,6972129098,failed
387,808,Brandon Hicks,109,65000.0,refrigerator,HOME,offline,Mumbai,2025-05-04 00:00:00,2,UPI,0.05,BrandonHicks@yahoo.com,6642210549,successful
388,599,David Johnson,101,250000.0,laptop,electronics,online,Mumbai,2025-06-10 00:00:00,1,Cash,0.05,DavidJohnson@gmail.com,7496294774,successful
389,665,Nicole Gutierrez,101,250000.0,laptop,electronics,online,Delhi,03-29-2026,1,Card,0.25,NicoleGutierrez@gmail.com,9329806956,successful
390,926,Lisa Reynolds,102,70000.0,Phone,Electronics,offline,Hyderabad,2025-11-30 00:00:00,4,Card,0.05,LisaReynolds@gmail.com,8911674840,successful
391,361,Daniel Williams,107,50000.0,dining table,furniture,offline,Delhi,08-22-2025,5,NetBanking,0.25,DanielWilliams@yahoo.com,9858967366,successful
392,667,Kelsey Mendoza,105,,Tv,ELEC,offline,Bangalore,2026-01-02 00:00:00,3,NetBanking,0.15,KelseyMendoza@outlook.com,7562379912,successful
393,945,Misty Parker,102,70000.0,phone,Electronics,offline,Hyderabad,2026-04-02 00:00:00,2,Cash,0.25,Misty47@gmail.com,6061858545,successful
394,164,Shawn Stewart,107,50000.0,Dining table,FURN,offline,Chennai,12-31-2025,1,Card,0.1,ShawnStewart@gmail.com,7161144854,successful
395,195,Janice Berry,103,1300.0,SHIRT,Clothing,offline,Bangalore,2026-03-07 00:00:00,1,Cash,0.2,JaniceBerry@yahoo.com,9106838500,successful
396,81,Michael Wagner,109,65000.0,Refrigerator,Home Appliances,offline,Chennai,2025-08-09 00:00:00,1,NetBanking,0.3,MichaelWagner@yahoo.com,9716917974,successful
397,994,Amy Edwards,110,45000.0,microwave,HOME,online,Mumbai,11-23-2025,3,UPI,0.2,AmyEdwards@outlook.com,8835590933,successful
398,953,Adam Taylor,101,250000.0,LAPTOP,Electronics,offline,Bangalore,2025-06-19 00:00:00,2,Cash,0.2,Adam83@gmail.com,9115270391,successful
399,163,Robert Carlson,102,70000.0,Phone,Electronics,offline,Mumbai,01-20-2026,1,Cash,0.3,RobertCarlson@gmail.com,8612716458,successful
400,992,William Rose,108,15000.0,mixer grinder,Home Appliances,online,Hyderabad,2026-01-26 00:00:00,5,UPI,0.2,William30@gmail.com,6993050906,successful
401,793,Ronald Edwards,108,15000.0,mixer grinder,Home Appliances,offline,Hyderabad,07-16-2025,4,NetBanking,0.2,Ronald29@gmail.com,7812617649,successful
402,222,Emily Hernandez,102,70000.0,PHONE,Electronics,offline,Delhi,2025-12-11 00:00:00,2,NetBanking,0.4,EmilyHernandez@gmail.com,8919398256,successful
403,122,Sara Chen,105,45000.0,Tv,ELEC,offline,Delhi,2025-12-24 00:00:00,1,Card,0.25,SaraChen@yahoo.com,6902478225,successful
404,458,Jared Lane,102,70000.0,PHONE,ELEC,offline,Hyderabad,2025-05-04 00:00:00,5,Card,0.25,JaredLane@gmail.com,7421522658,successful
405,990,Carmen Bradford,109,65000.0,refrigerator,home appliances,online,Hyderabad,11-22-2025,3,Card,0.05,CarmenBradford@gmail.com,7317814862,successful
406,53,John Bridges,107,50000.0,DINING TABLE,furniture,offline,Hyderabad,2025-07-14 00:00:00,1,Card,0.1,JohnBridges@outlook.com,9816578917,successful
407,177,Barbara Weber,107,50000.0,Dining table,Furniture,offline,Chennai,2026-01-09 00:00:00,5,Cash,0.35,Barbara59@gmail.com,6212820042,successful
408,666,Emily Griffith,106,80000.0,SOFA,furniture,online,Mumbai,2025-06-05 00:00:00,1,UPI,0.05,EmilyGriffith@gmail.com,9486424680,successful
409,566,Tina Chung,108,15000.0,Mixer grinder,home appliances,offline,Mumbai,2025-06-12 00:00:00,3,UPI,0.15,Tina71@gmail.com,6779966511,successful
410,381,Melissa Garza,107,50000.0,Dining table,Furniture,online,Hyderabad,2025-06-17 00:00:00,5,Card,0.3,MelissaGarza@gmail.com,6928004306,successful
410,381,Melissa Garza,107,50000.0,Dining table,Furniture,online,Hyderabad,2025-06-17 00:00:00,5,Card,0.3,MelissaGarza@gmail.com,6928004306,failed
411,144,Amber Boyd,109,65000.0,Refrigerator,home appliances,online,Mumbai,2025-08-17 00:00:00,5,Card,0.15,Amber13@gmail.com,9100165581,successful
412,126,Matthew Park,106,80000.0,sofa,furniture,offline,Hyderabad,10-17-2025,2,NetBanking,0.05,Matthew50@gmail.com,8398072576,successful
413,109,Michael Walker,101,250000.0,LAPTOP,electronics,offline,Mumbai,06-22-2025,2,UPI,0.3,MichaelWalker@yahoo.com,9982367171,successful
414,206,Kevin Cox,105,45000.0,TV,ELEC,online,Chennai,2025-08-11 00:00:00,4,NetBanking,0.05,KevinCox@outlook.com,9312735408,successful
415,166,David Simmons,104,8000.0,SHOES,clothing,online,Bangalore,03-18-2026,5,Cash,0.05,David47@gmail.com,7792492394,successful
416,9,Dillon Harris,105,45000.0,tv,electronics,offline,Mumbai,2026-09-02 00:00:00,1,UPI,0.35,Dillon63@gmail.com,8431965006,successful
417,650,Michael Haynes,102,70000.0,PHONE,electronics,online,Hyderabad,2025-10-03 00:00:00,5,Card,0.1,MichaelHaynes@yahoo.com,6045946833,successful
418,386,Brittney Moreno,102,70000.0,PHONE,Electronics,offline,Chennai,2025-11-10 00:00:00,4,Cash,0.1,BrittneyMoreno@yahoo.com,9531902269,successful
419,527,Terri Williams,110,45000.0,Microwave,HOME,offline,Delhi,2026-01-27 00:00:00,5,Cash,0.05,TerriWilliams@outlook.com,7745141462,successful
420,377,Michael Black,108,15000.0,Mixer grinder,home appliances,online,Mumbai,2025-06-04 00:00:00,4,UPI,0.25,Michael57@gmail.com,6048303502,successful
421,527,Terri Williams,109,,REFRIGERATOR,home appliances,offline,Delhi,2025-10-27 00:00:00,2,Cash,0.25,TerriWilliams@outlook.com,7745141462,successful
422,762,Linda Webb,105,45000.0,Tv,Electronics,offline,Mumbai,2025-09-18 00:00:00,3,UPI,0.35,LindaWebb@yahoo.com,7051791908,successful
423,770,Paul Jarvis,102,70000.0,Phone,ELEC,offline,Mumbai,2026-03-15 00:00:00,1,UPI,0.25,PaulJarvis@gmail.com,9653336027,successful
424,598,Earl Park,108,15000.0,Mixer grinder,HOME,offline,Hyderabad,2026-02-02 00:00:00,1,UPI,0.35,Earl39@gmail.com,6217372355,successful
425,776,Erica Moore,107,50000.0,DINING TABLE,FURN,offline,Chennai,2026-04-09 00:00:00,3,UPI,0.4,EricaMoore@gmail.com,7710081731,successful
425,776,Erica Moore,107,50000.0,DINING TABLE,FURN,offline,Chennai,2026-04-09 00:00:00,3,UPI,0.4,EricaMoore@gmail.com,7710081731,failed
426,630,Charles Thompson,102,,phone,electronics,offline,Hyderabad,2025-12-28 00:00:00,4,NetBanking,0.3,Charles57@gmail.com,9406833982,successful
427,135,Daniel Wallace,106,80000.0,sofa,FURN,offline,Bangalore,06-19-2025,2,UPI,0.4,DanielWallace@yahoo.com,8993443314,successful
428,145,Michael Hendrix,101,250000.0,LAPTOP,Electronics,offline,Delhi,2025-10-11 00:00:00,3,Card,0.25,MichaelHendrix@outlook.com,6964491396,successful
428,145,Michael Hendrix,101,250000.0,LAPTOP,Electronics,offline,Delhi,2025-10-11 00:00:00,3,Card,0.25,MichaelHendrix@outlook.com,6964491396,failed
429,217,Eric Cross,101,250000.0,Laptop,electronics,online,Bangalore,2025-05-14 00:00:00,2,UPI,0.3,Eric39@gmail.com,6551844796,successful
430,606,Carol Arnold,103,,Shirt,CLOTH,offline,Mumbai,12-16-2025,2,NetBanking,0.2,CarolArnold@gmail.com,6562141970,successful
431,464,Gail Wilson,101,250000.0,LAPTOP,Electronics,online,Mumbai,2026-02-01 00:00:00,1,Card,0.2,GailWilson@outlook.com,7773371338,successful
432,833,Shawn Cooper,107,50000.0,DINING TABLE,Furniture,online,Chennai,2025-09-23 00:00:00,2,NetBanking,0.3,ShawnCooper@gmail.com,6896669509,successful
433,554,Jason Myers,107,50000.0,dining table,Furniture,online,Bangalore,2026-01-01 00:00:00,3,NetBanking,0.05,Jason68@gmail.com,7188203840,successful
434,597,Paul Foster,107,50000.0,dining table,furniture,offline,Bangalore,2025-09-11 00:00:00,3,UPI,0.25,PaulFoster@gmail.com,8644430674,successful
435,291,Jerry Freeman,102,70000.0,PHONE,electronics,online,Mumbai,2026-11-01 00:00:00,2,Cash,0.05,JerryFreeman@gmail.com,8189681801,successful
435,291,Jerry Freeman,102,70000.0,PHONE,electronics,online,Mumbai,2026-11-01 00:00:00,2,Cash,0.05,JerryFreeman@gmail.com,8189681801,failed
436,639,James Blankenship,101,250000.0,laptop,electronics,online,Bangalore,2025-09-07 00:00:00,1,NetBanking,0.25,JamesBlankenship@gmail.com,8890479394,successful
437,82,Brittney Watkins,105,45000.0,TV,Electronics,online,Hyderabad,2025-08-08 00:00:00,1,Cash,0.35,BrittneyWatkins@outlook.com,8113163667,successful
438,504,Victor Hendricks,109,65000.0,Refrigerator,HOME,offline,Mumbai,2025-08-05 00:00:00,5,Card,0.05,VictorHendricks@gmail.com,6589400307,successful
439,677,Mario Evans,109,65000.0,Refrigerator,home appliances,offline,Mumbai,2025-06-14 00:00:00,4,UPI,0.4,MarioEvans@yahoo.com,7002150125,successful
440,445,Steven Byrd,110,45000.0,MICROWAVE,HOME,online,Chennai,2026-01-01 00:00:00,5,Cash,0.05,Steven87@gmail.com,6530696124,successful
441,701,Dylan Stanley,109,65000.0,Refrigerator,home appliances,offline,Mumbai,01-29-2026,3,Card,0.25,DylanStanley@gmail.com,8009111562,successful
442,65,Sarah Jackson,108,15000.0,MIXER GRINDER,Home Appliances,offline,Mumbai,2025-12-08 00:00:00,3,Card,0.2,SarahJackson@gmail.com,7520827407,successful
443,20,John Marshall,103,1300.0,Shirt,clothing,offline,Chennai,2026-01-01 00:00:00,5,UPI,0.05,JohnMarshall@yahoo.com,7232341116,successful
444,905,Katie George,104,8000.0,Shoes,clothing,online,Hyderabad,2025-07-08 00:00:00,3,UPI,0.15,KatieGeorge@gmail.com,6926102952,successful
445,68,Stephanie Scott,106,80000.0,sofa,FURN,online,Chennai,2025-11-16 00:00:00,2,Card,0.4,Stephanie6@gmail.com,9513920889,successful
446,800,Ricardo Arnold,104,8000.0,SHOES,Clothing,online,Hyderabad,07-26-2025,3,Card,0.2,RicardoArnold@outlook.com,9510528877,successful
447,901,Robert Mccoy,102,,phone,ELEC,online,Mumbai,10-24-2025,2,Cash,0.05,RobertMccoy@gmail.com,6111279632,successful
448,364,Kelly Graves,108,15000.0,mixer grinder,HOME,offline,Bangalore,2026-01-28 00:00:00,1,Card,0.3,Kelly10@gmail.com,6221080043,successful
449,939,Megan Tran,109,65000.0,refrigerator,Home Appliances,online,Hyderabad,2025-08-10 00:00:00,4,Cash,0.3,MeganTran@outlook.com,8531719384,successful
450,76,Cindy Lewis,105,45000.0,tv,electronics,online,Chennai,2025-09-17 00:00:00,2,NetBanking,0.1,CindyLewis@outlook.com,6646839866,successful
450,76,Cindy Lewis,105,45000.0,tv,electronics,online,Chennai,2025-09-17 00:00:00,2,NetBanking,0.1,CindyLewis@outlook.com,6646839866,failed
451,191,Megan Nguyen,105,45000.0,tv,electronics,offline,Bangalore,2026-01-24 00:00:00,3,UPI,0.4,MeganNguyen@gmail.com,6764379888,successful
452,215,Crystal Aguilar,103,1300.0,Shirt,clothing,offline,Mumbai,2025-03-07 00:00:00,4,Card,0.15,CrystalAguilar@gmail.com,6161915910,successful
453,382,Billy Ramirez,108,15000.0,Mixer grinder,home appliances,offline,Mumbai,2025-09-06 00:00:00,1,Card,0.25,BillyRamirez@gmail.com,9713083185,successful
454,185,Sarah Cohen,108,15000.0,mixer grinder,Home Appliances,offline,Mumbai,2026-01-01 00:00:00,1,NetBanking,0.3,SarahCohen@outlook.com,8825874728,successful
455,516,Brittany Roberts,108,15000.0,mixer grinder,home appliances,online,Hyderabad,2025-11-03 00:00:00,4,Cash,0.05,BrittanyRoberts@outlook.com,8493897057,successful
456,622,Hannah Bell,108,15000.0,Mixer grinder,home appliances,online,Chennai,2025-09-11 00:00:00,3,UPI,0.05,HannahBell@yahoo.com,6327771523,successful
457,985,Lindsey Rivas,104,8000.0,SHOES,CLOTH,offline,Bangalore,2025-09-13 00:00:00,3,UPI,0.3,LindseyRivas@yahoo.com,8429169056,successful
458,574,Carl Barrera,106,80000.0,sofa,FURN,offline,Bangalore,2026-02-20 00:00:00,2,Cash,0.3,CarlBarrera@outlook.com,6248556775,successful
459,31,Lisa Velazquez,102,70000.0,Phone,Electronics,offline,Bangalore,2025-03-08 00:00:00,5,Card,0.35,LisaVelazquez@yahoo.com,7553035435,successful
460,900,Gary Phillips,103,1300.0,SHIRT,CLOTH,online,Bangalore,2025-06-10 00:00:00,1,Card,0.15,GaryPhillips@yahoo.com,8740934646,successful
460,900,Gary Phillips,103,1300.0,SHIRT,CLOTH,online,Bangalore,2025-06-10 00:00:00,1,Card,0.15,GaryPhillips@yahoo.com,8740934646,failed
461,196,Mary Hicks,101,,laptop,Electronics,offline,Chennai,2026-04-05 00:00:00,5,Card,0.3,MaryHicks@gmail.com,7873921272,successful
462,116,Doris Banks,102,70000.0,Phone,electronics,offline,Delhi,2025-09-17 00:00:00,2,Card,0.25,DorisBanks@yahoo.com,9354316106,successful
463,121,Deborah Vang,105,45000.0,TV,electronics,offline,Delhi,2025-10-25 00:00:00,2,Cash,0.35,DeborahVang@gmail.com,8257597407,successful
464,963,Laura Stevenson,104,8000.0,SHOES,CLOTH,online,Chennai,02-16-2026,5,NetBanking,0.15,LauraStevenson@outlook.com,7523734205,successful
465,425,Lindsay Buchanan,102,70000.0,phone,ELEC,online,Hyderabad,2025-08-13 00:00:00,5,Cash,0.05,LindsayBuchanan@outlook.com,8306771779,successful
466,97,Joseph Nolan,109,65000.0,Refrigerator,HOME,offline,Bangalore,2025-08-04 00:00:00,5,Cash,0.4,JosephNolan@outlook.com,9572183593,successful
467,375,Jessica Harrell,101,250000.0,laptop,Electronics,online,Chennai,2025-08-27 00:00:00,2,NetBanking,0.3,JessicaHarrell@gmail.com,6145653067,successful
468,322,Allison Foster,109,65000.0,REFRIGERATOR,home appliances,offline,Bangalore,02-28-2026,4,Card,0.2,Allison23@gmail.com,8753827370,successful
469,902,Logan Reyes,106,80000.0,sofa,furniture,online,Mumbai,2025-11-15 00:00:00,1,NetBanking,0.4,LoganReyes@outlook.com,9203392031,successful
470,482,Nathaniel Montes,109,,REFRIGERATOR,home appliances,online,Chennai,2025-07-04 00:00:00,4,Cash,0.05,Nathaniel44@gmail.com,7790273012,successful
471,548,Jesse King,106,80000.0,Sofa,FURN,online,Mumbai,2026-04-03 00:00:00,1,UPI,0.15,JesseKing@outlook.com,8141483975,successful
472,147,Rebecca Wallace,101,250000.0,LAPTOP,Electronics,offline,Chennai,03-15-2026,4,Cash,0.4,RebeccaWallace@gmail.com,7825179262,successful
473,877,John Warren,109,65000.0,Refrigerator,HOME,offline,Hyderabad,01-28-2026,3,NetBanking,0.35,John35@gmail.com,8098700546,successful
474,633,Julie Jackson,103,1300.0,Shirt,Clothing,online,Delhi,2025-08-01 00:00:00,5,Cash,0.05,Julie50@gmail.com,7168243701,successful
474,633,Julie Jackson,103,1300.0,Shirt,Clothing,online,Delhi,2025-08-01 00:00:00,5,Cash,0.05,Julie50@gmail.com,7168243701,failed
475,666,Emily Griffith,105,,tv,electronics,online,Mumbai,2026-01-17 00:00:00,3,Cash,0.05,EmilyGriffith@gmail.com,9486424680,successful
476,351,Brandi Meyer,102,70000.0,PHONE,Electronics,online,Bangalore,2025-04-11 00:00:00,2,UPI,0.4,BrandiMeyer@gmail.com,9317735343,successful
477,305,Zachary Cabrera,101,250000.0,laptop,ELEC,offline,Delhi,2025-04-24 00:00:00,1,Cash,0.35,ZacharyCabrera@outlook.com,8097133696,successful
478,182,Kathleen Castro,108,15000.0,Mixer grinder,HOME,offline,Hyderabad,2025-04-22 00:00:00,2,NetBanking,0.25,KathleenCastro@outlook.com,8815269367,successful
479,181,Maria Robinson,109,,Refrigerator,Home Appliances,offline,Delhi,2026-04-04 00:00:00,5,Card,0.05,MariaRobinson@gmail.com,8794772717,successful
480,15,Robin Ray,101,250000.0,LAPTOP,Electronics,online,Chennai,2025-12-07 00:00:00,2,Card,0.05,RobinRay@outlook.com,6680791348,successful
481,724,Kimberly Winters,108,15000.0,MIXER GRINDER,home appliances,offline,Chennai,2025-06-26 00:00:00,5,Cash,0.25,Kimberly55@gmail.com,8442961493,successful
482,246,Franklin Carlson,101,250000.0,Laptop,ELEC,online,Delhi,2025-12-25 00:00:00,4,Card,0.2,FranklinCarlson@yahoo.com,8125595377,successful
483,853,James Guerrero,109,65000.0,REFRIGERATOR,Home Appliances,online,Mumbai,2026-08-04 00:00:00,4,UPI,0.25,JamesGuerrero@gmail.com,6869294649,successful
484,45,Tasha Baker,103,1300.0,Shirt,Clothing,offline,Delhi,2025-05-01 00:00:00,4,NetBanking,0.05,TashaBaker@gmail.com,7562005843,successful
485,208,Matthew Berry,102,70000.0,PHONE,Electronics,online,Hyderabad,2025-08-04 00:00:00,1,Card,0.3,MatthewBerry@gmail.com,8863808727,successful
486,787,Lauren Wallace,105,45000.0,tv,ELEC,online,Hyderabad,02-22-2026,1,Card,0.3,LaurenWallace@gmail.com,9890679267,successful
487,272,Gary Gilbert,105,45000.0,tv,ELEC,offline,Delhi,2025-09-19 00:00:00,5,Cash,0.35,GaryGilbert@gmail.com,8538846225,successful
488,112,Bill Maldonado,109,65000.0,Refrigerator,home appliances,online,Mumbai,2026-03-07 00:00:00,1,Card,0.05,BillMaldonado@gmail.com,9749291130,successful
489,111,Alyssa Mitchell,104,8000.0,SHOES,clothing,online,Hyderabad,04-29-2025,5,UPI,0.3,AlyssaMitchell@gmail.com,9343932386,successful
490,21,Andrea Ford,110,45000.0,Microwave,Home Appliances,online,Hyderabad,05-17-2025,4,UPI,0.4,AndreaFord@yahoo.com,6554591011,successful
491,62,Sarah Park,102,70000.0,Phone,Electronics,offline,Delhi,2026-01-17 00:00:00,3,UPI,0.3,Sarah20@gmail.com,6601305051,successful
492,741,Carla Spencer,103,1300.0,shirt,CLOTH,offline,Hyderabad,2025-06-05 00:00:00,2,Cash,0.25,CarlaSpencer@yahoo.com,8602226102,successful
493,840,Veronica Ashley,104,8000.0,shoes,Clothing,online,Delhi,2025-08-22 00:00:00,1,Card,0.15,VeronicaAshley@gmail.com,8286959830,successful
494,860,Christine Maddox,101,250000.0,LAPTOP,ELEC,online,Mumbai,02-19-2026,2,NetBanking,0.2,ChristineMaddox@outlook.com,6583010175,successful
495,293,Luke Cummings,106,80000.0,Sofa,Furniture,online,Hyderabad,2025-06-08 00:00:00,2,Card,0.1,LukeCummings@gmail.com,8835564761,successful
495,293,Luke Cummings,106,80000.0,Sofa,Furniture,online,Hyderabad,2025-06-08 00:00:00,2,Card,0.1,LukeCummings@gmail.com,8835564761,failed
496,481,Valerie Phillips,103,1300.0,shirt,CLOTH,online,Chennai,10-30-2025,1,NetBanking,0.4,ValeriePhillips@gmail.com,8466406027,successful
497,118,Tammy Harding,107,50000.0,DINING TABLE,furniture,online,Mumbai,2025-05-27 00:00:00,4,NetBanking,0.2,Tammy26@gmail.com,8707360733,successful
498,165,Rebecca Hays,110,45000.0,MICROWAVE,Home Appliances,online,Hyderabad,2026-02-02 00:00:00,3,Card,0.2,RebeccaHays@outlook.com,9357591179,successful
499,396,Connie Edwards,109,65000.0,refrigerator,home appliances,online,Hyderabad,2025-04-09 00:00:00,2,NetBanking,0.25,Connie96@gmail.com,8297615987,successful
500,821,Margaret Parker,103,1300.0,Shirt,CLOTH,offline,Delhi,2025-06-05 00:00:00,3,UPI,0.05,Margaret32@gmail.com,9826127968,successful
500,821,Margaret Parker,103,1300.0,Shirt,CLOTH,offline,Delhi,2025-06-05 00:00:00,3,UPI,0.05,Margaret32@gmail.com,9826127968,failed
501,16,Cesar Dean,103,1300.0,shirt,Clothing,offline,Bangalore,2025-05-03 00:00:00,3,Cash,0.2,Cesar32@gmail.com,9230225103,successful
502,533,Andrew Riggs,101,250000.0,Laptop,Electronics,offline,Chennai,2025-07-05 00:00:00,1,UPI,0.2,Andrew21@gmail.com,9408130577,successful
503,434,Robert Sosa,103,1300.0,SHIRT,CLOTH,offline,Bangalore,2025-08-01 00:00:00,4,UPI,0.15,RobertSosa@yahoo.com,8657472630,successful
504,348,James Nash,109,65000.0,Refrigerator,home appliances,online,Chennai,03-23-2026,1,NetBanking,0.15,James62@gmail.com,7753726437,successful
505,349,Joel Baker,103,1300.0,shirt,Clothing,online,Bangalore,2026-01-20 00:00:00,5,Cash,0.35,JoelBaker@outlook.com,8027748393,successful
506,757,Yvette Clark,106,80000.0,Sofa,Furniture,offline,Hyderabad,2025-05-31 00:00:00,2,Cash,0.4,YvetteClark@gmail.com,6025126334,successful
507,560,Anthony Lawrence,109,65000.0,Refrigerator,HOME,online,Hyderabad,2025-05-21 00:00:00,3,NetBanking,0.05,AnthonyLawrence@gmail.com,7569957287,successful
508,514,Joshua Cummings,107,50000.0,DINING TABLE,Furniture,offline,Chennai,04-29-2025,5,NetBanking,0.3,JoshuaCummings@gmail.com,9001958341,successful
509,247,David Cherry,101,,Laptop,electronics,offline,Bangalore,2025-09-22 00:00:00,1,NetBanking,0.1,DavidCherry@yahoo.com,6203059339,successful
510,704,Susan Thomas,106,80000.0,SOFA,Furniture,offline,Chennai,02-13-2026,4,UPI,0.25,SusanThomas@outlook.com,6067266032,successful
511,2,Steven Evans,106,80000.0,sofa,FURN,offline,Delhi,09-13-2025,3,UPI,0.4,StevenEvans@gmail.com,9464982287,successful
512,123,Trevor Sharp,101,250000.0,Laptop,ELEC,offline,Mumbai,2025-04-30 00:00:00,3,UPI,0.25,TrevorSharp@yahoo.com,6132558457,successful
512,123,Trevor Sharp,101,250000.0,Laptop,ELEC,offline,Mumbai,2025-04-30 00:00:00,3,UPI,0.25,TrevorSharp@yahoo.com,6132558457,failed
513,233,Jacqueline Thomas,102,70000.0,PHONE,electronics,offline,Chennai,2026-02-12 00:00:00,1,NetBanking,0.4,JacquelineThomas@gmail.com,6579995195,successful
514,709,Mike Roberts,103,1300.0,shirt,Clothing,offline,Hyderabad,2026-04-07 00:00:00,4,NetBanking,0.15,MikeRoberts@yahoo.com,7700185792,successful
515,73,Anthony Gonzalez,109,65000.0,Refrigerator,HOME,offline,Mumbai,2025-06-12 00:00:00,5,UPI,0.25,AnthonyGonzalez@yahoo.com,9583189312,successful
516,808,Brandon Hicks,103,1300.0,SHIRT,clothing,online,Mumbai,2025-05-29 00:00:00,1,NetBanking,0.35,BrandonHicks@yahoo.com,6642210549,successful
517,102,Jennifer Rodriguez,109,65000.0,Refrigerator,HOME,offline,Mumbai,2025-05-11 00:00:00,2,Cash,0.2,JenniferRodriguez@yahoo.com,7437244588,successful
518,747,Laura Edwards,110,,microwave,home appliances,online,Bangalore,2025-05-17 00:00:00,1,Cash,0.1,LauraEdwards@yahoo.com,6975755369,successful
519,771,Matthew Greer,107,,Dining table,furniture,online,Bangalore,2025-04-19 00:00:00,5,UPI,0.4,MatthewGreer@yahoo.com,8278910012,successful
520,225,Caitlin Contreras,110,,Microwave,home appliances,online,Chennai,2025-08-10 00:00:00,4,NetBanking,0.25,CaitlinContreras@yahoo.com,7971343584,successful
521,99,Maria Mathews,104,,shoes,Clothing,online,Mumbai,2026-03-18 00:00:00,3,Cash,0.25,MariaMathews@gmail.com,9126818664,successful
522,677,Mario Evans,108,15000.0,Mixer grinder,HOME,online,Mumbai,2025-08-28 00:00:00,2,UPI,0.1,MarioEvans@yahoo.com,7002150125,successful
523,220,Maria Walker,102,70000.0,PHONE,electronics,offline,Bangalore,2026-12-04 00:00:00,3,Card,0.4,MariaWalker@gmail.com,7332505210,successful
524,298,Ryan Massey,105,45000.0,tv,ELEC,online,Delhi,2026-04-10 00:00:00,3,Card,0.2,Ryan8@gmail.com,6449657586,successful
525,537,Ernest Meyers,109,65000.0,REFRIGERATOR,home appliances,online,Delhi,2025-10-17 00:00:00,1,Card,0.1,Ernest39@gmail.com,8049889488,successful
526,742,Wesley Davis,105,45000.0,tv,electronics,online,Delhi,2025-05-28 00:00:00,2,Cash,0.35,WesleyDavis@outlook.com,6985349946,successful
527,217,Eric Cross,106,80000.0,SOFA,FURN,offline,Bangalore,2025-08-24 00:00:00,3,NetBanking,0.35,Eric39@gmail.com,6551844796,successful
528,503,Lauren Thomas,104,8000.0,Shoes,clothing,offline,Delhi,2025-11-09 00:00:00,3,UPI,0.15,LaurenThomas@yahoo.com,8890234143,successful
529,896,Tara Church,104,8000.0,Shoes,CLOTH,online,Mumbai,2025-12-26 00:00:00,4,Cash,0.35,TaraChurch@yahoo.com,7251570847,successful
530,274,Joseph Parker,110,45000.0,microwave,home appliances,online,Bangalore,2025-07-19 00:00:00,1,UPI,0.1,JosephParker@gmail.com,7902179206,successful
531,853,James Guerrero,102,70000.0,PHONE,Electronics,offline,Mumbai,2025-05-03 00:00:00,1,Cash,0.3,JamesGuerrero@gmail.com,6869294649,successful
532,620,Alexander Meyer,107,50000.0,Dining table,furniture,offline,Mumbai,2025-06-19 00:00:00,4,UPI,0.2,AlexanderMeyer@yahoo.com,9589208157,successful
533,810,Mary Martin,101,,Laptop,Electronics,offline,Delhi,2025-12-19 00:00:00,1,Card,0.3,Mary75@gmail.com,6534273960,successful
534,420,Marcus Wilkinson,102,,PHONE,electronics,offline,Hyderabad,02-24-2026,4,Cash,0.35,MarcusWilkinson@yahoo.com,7506061410,successful
535,586,Michael Mason,108,15000.0,MIXER GRINDER,Home Appliances,offline,Delhi,2025-05-04 00:00:00,1,UPI,0.15,MichaelMason@outlook.com,7068178672,successful
536,907,Jeffrey Mccall,102,70000.0,phone,electronics,online,Hyderabad,2026-05-04 00:00:00,1,Card,0.15,Jeffrey63@gmail.com,6709574650,successful
537,826,Ryan Wade,109,65000.0,Refrigerator,HOME,online,Mumbai,2025-06-25 00:00:00,3,Card,0.4,RyanWade@outlook.com,7368883000,successful
538,104,Amanda Castillo,103,,Shirt,CLOTH,offline,Hyderabad,06-21-2025,2,NetBanking,0.05,AmandaCastillo@yahoo.com,9259539548,successful
539,763,David Howard,104,8000.0,shoes,Clothing,offline,Delhi,2025-07-05 00:00:00,1,Cash,0.35,DavidHoward@gmail.com,8607553189,successful
540,123,Trevor Sharp,110,45000.0,MICROWAVE,HOME,offline,Mumbai,2025-07-29 00:00:00,2,NetBanking,0.35,TrevorSharp@yahoo.com,6132558457,successful
541,719,Michelle Bates,104,8000.0,Shoes,CLOTH,offline,Chennai,2025-09-18 00:00:00,5,UPI,0.15,Michelle79@gmail.com,7432904312,successful
542,240,Traci Farmer,104,8000.0,SHOES,CLOTH,offline,Bangalore,07-23-2025,2,Cash,0.25,Traci27@gmail.com,8610931925,successful
543,841,Diane Gomez,109,65000.0,refrigerator,HOME,online,Delhi,2025-12-03 00:00:00,1,Cash,0.1,DianeGomez@yahoo.com,6540542222,successful
544,513,Brandon Sims,110,45000.0,Microwave,home appliances,offline,Chennai,12-15-2025,3,UPI,0.15,BrandonSims@outlook.com,7025827219,successful
545,459,Jason Moreno,105,45000.0,TV,electronics,online,Mumbai,2025-05-11 00:00:00,2,NetBanking,0.05,JasonMoreno@gmail.com,6781402001,successful
545,459,Jason Moreno,105,45000.0,TV,electronics,online,Mumbai,2025-05-11 00:00:00,2,NetBanking,0.05,JasonMoreno@gmail.com,6781402001,failed
546,647,Michelle Conway,107,50000.0,DINING TABLE,Furniture,online,Chennai,2025-10-23 00:00:00,3,Cash,0.1,MichelleConway@yahoo.com,9030419105,successful
547,227,Tracey Garcia,106,80000.0,Sofa,FURN,online,Bangalore,2025-11-23 00:00:00,4,Card,0.25,TraceyGarcia@gmail.com,8252066120,successful
548,618,Alan Torres,106,80000.0,Sofa,furniture,online,Chennai,2025-09-21 00:00:00,3,NetBanking,0.1,AlanTorres@yahoo.com,7353183305,successful
549,994,Amy Edwards,104,,shoes,CLOTH,offline,Mumbai,2025-04-19 00:00:00,4,Cash,0.1,AmyEdwards@outlook.com,8835590933,successful
550,990,Carmen Bradford,101,250000.0,laptop,electronics,offline,Hyderabad,2025-09-23 00:00:00,5,Cash,0.2,CarmenBradford@gmail.com,7317814862,successful
551,911,Kelly Le,108,15000.0,MIXER GRINDER,Home Appliances,offline,Delhi,2026-03-01 00:00:00,3,UPI,0.2,KellyLe@outlook.com,6813665769,successful
552,3,Marc Carter,105,45000.0,tv,Electronics,offline,Delhi,05-27-2025,4,Card,0.2,MarcCarter@yahoo.com,8087194372,successful
553,354,Krista Oliver,102,70000.0,phone,ELEC,offline,Delhi,08-20-2025,5,UPI,0.2,KristaOliver@yahoo.com,7417180416,successful
554,203,Samantha Wells,103,1300.0,Shirt,clothing,online,Hyderabad,2026-01-27 00:00:00,5,Cash,0.25,SamanthaWells@gmail.com,6754042545,successful
555,259,Kevin Ramirez,105,45000.0,TV,electronics,online,Hyderabad,2025-08-19 00:00:00,1,Card,0.35,KevinRamirez@outlook.com,8654718185,successful
556,245,Brittany Harris,105,45000.0,tv,ELEC,online,Delhi,2026-02-01 00:00:00,3,Cash,0.05,Brittany91@gmail.com,8996063697,successful
557,513,Brandon Sims,110,45000.0,MICROWAVE,home appliances,offline,Chennai,2025-12-30 00:00:00,1,NetBanking,0.25,BrandonSims@outlook.com,7025827219,successful
558,650,Michael Haynes,108,15000.0,MIXER GRINDER,home appliances,offline,Hyderabad,2026-07-01 00:00:00,3,Cash,0.2,MichaelHaynes@yahoo.com,6045946833,successful
559,482,Nathaniel Montes,102,70000.0,phone,electronics,offline,Chennai,2025-09-14 00:00:00,5,UPI,0.35,Nathaniel44@gmail.com,7790273012,successful
560,878,Sarah Brown,110,45000.0,Microwave,Home Appliances,online,Chennai,06-28-2025,2,NetBanking,0.15,SarahBrown@yahoo.com,9775172098,successful
561,984,Janet Long,108,15000.0,Mixer grinder,HOME,online,Bangalore,2025-11-01 00:00:00,3,UPI,0.3,JanetLong@yahoo.com,9528386095,successful
562,846,Chris Garcia,101,250000.0,Laptop,ELEC,online,Hyderabad,2025-01-10 00:00:00,3,NetBanking,0.25,ChrisGarcia@yahoo.com,8642569191,successful
563,849,Mark Carson,110,45000.0,microwave,home appliances,offline,Bangalore,2025-10-19 00:00:00,5,Card,0.35,MarkCarson@yahoo.com,9463263725,successful
564,847,Eric Mejia,108,15000.0,MIXER GRINDER,HOME,offline,Delhi,03-26-2026,5,UPI,0.2,EricMejia@gmail.com,9155621886,successful
565,758,Nichole Jones,107,50000.0,Dining table,Furniture,offline,Chennai,2026-01-04 00:00:00,5,Cash,0.4,NicholeJones@yahoo.com,6141266772,successful
566,267,Scott Price,102,70000.0,Phone,electronics,online,Delhi,2025-06-06 00:00:00,1,Card,0.1,ScottPrice@yahoo.com,8420160629,successful
567,313,Mary Lowe,107,50000.0,dining table,Furniture,offline,Delhi,12-27-2025,4,Cash,0.05,MaryLowe@outlook.com,6672302640,successful
568,945,Misty Parker,101,250000.0,LAPTOP,Electronics,offline,Hyderabad,2025-06-03 00:00:00,4,UPI,0.35,Misty47@gmail.com,6061858545,successful
568,945,Misty Parker,101,250000.0,LAPTOP,Electronics,offline,Hyderabad,2025-06-03 00:00:00,4,UPI,0.35,Misty47@gmail.com,6061858545,failed
569,132,Ronald Harrison,107,50000.0,DINING TABLE,furniture,offline,Delhi,2025-12-23 00:00:00,5,UPI,0.15,RonaldHarrison@yahoo.com,7238275967,successful
570,654,Amy Ramos,105,45000.0,TV,ELEC,online,Chennai,2025-12-11 00:00:00,1,Cash,0.15,Amy47@gmail.com,8316772859,successful
571,714,Scott Lane,108,15000.0,MIXER GRINDER,home appliances,offline,Mumbai,12-25-2025,2,Cash,0.2,ScottLane@gmail.com,9907024950,successful
572,989,Jason Huerta,102,70000.0,PHONE,Electronics,online,Chennai,2026-01-09 00:00:00,1,Cash,0.3,JasonHuerta@yahoo.com,9500144162,successful
573,756,Juan Mata,104,8000.0,shoes,clothing,offline,Bangalore,2026-01-21 00:00:00,2,Cash,0.4,JuanMata@yahoo.com,6819524818,successful
574,600,James Schaefer,103,1300.0,shirt,Clothing,offline,Chennai,2026-03-16 00:00:00,2,NetBanking,0.05,James62@gmail.com,9201434220,successful
575,835,Juan Watkins,108,15000.0,mixer grinder,home appliances,online,Delhi,2025-07-04 00:00:00,3,Cash,0.3,JuanWatkins@outlook.com,7972862580,successful
576,434,Robert Sosa,101,250000.0,laptop,ELEC,online,Bangalore,2026-02-07 00:00:00,1,Card,0.4,RobertSosa@yahoo.com,8657472630,successful
577,620,Alexander Meyer,107,50000.0,dining table,FURN,offline,Mumbai,2025-07-07 00:00:00,5,Card,0.35,AlexanderMeyer@yahoo.com,9589208157,successful
578,53,John Bridges,107,50000.0,Dining table,Furniture,online,Hyderabad,2025-10-07 00:00:00,2,NetBanking,0.15,JohnBridges@outlook.com,9816578917,successful
579,250,Steven Baker,109,65000.0,Refrigerator,home appliances,offline,Mumbai,2025-06-17 00:00:00,1,UPI,0.1,StevenBaker@gmail.com,6299345024,successful
579,250,Steven Baker,109,65000.0,Refrigerator,home appliances,offline,Mumbai,2025-06-17 00:00:00,1,UPI,0.1,StevenBaker@gmail.com,6299345024,failed
580,466,Kyle Morris,108,,MIXER GRINDER,home appliances,online,Delhi,2026-05-02 00:00:00,2,Cash,0.1,Kyle13@gmail.com,9335736629,successful
581,440,Tracy Sheppard,105,45000.0,Tv,ELEC,offline,Hyderabad,2025-11-24 00:00:00,1,Cash,0.35,TracySheppard@gmail.com,6538673396,successful
582,500,Katelyn Garza,108,15000.0,mixer grinder,Home Appliances,online,Bangalore,07-22-2025,4,Card,0.4,KatelynGarza@yahoo.com,6200950083,successful
583,274,Joseph Parker,102,,PHONE,Electronics,online,Bangalore,04-15-2026,1,Cash,0.4,JosephParker@gmail.com,7902179206,successful
584,774,Antonio Evans,107,50000.0,dining table,Furniture,online,Hyderabad,2026-01-14 00:00:00,3,Card,0.25,Antonio94@gmail.com,7199037042,successful
585,845,Sara Smith,109,65000.0,refrigerator,Home Appliances,online,Chennai,2026-01-08 00:00:00,4,Card,0.2,SaraSmith@outlook.com,6120630226,successful
586,940,Nicole Briggs,101,250000.0,LAPTOP,ELEC,offline,Chennai,2025-08-09 00:00:00,5,Cash,0.35,Nicole57@gmail.com,6683550293,successful
587,353,Rachel Velasquez,102,70000.0,phone,Electronics,online,Bangalore,2026-03-02 00:00:00,1,NetBanking,0.35,RachelVelasquez@outlook.com,6791175596,successful
588,814,Donna Bennett,103,1300.0,shirt,CLOTH,offline,Hyderabad,12-28-2025,4,NetBanking,0.15,DonnaBennett@gmail.com,8162482067,successful
589,745,Jennifer Weeks,105,45000.0,Tv,ELEC,online,Hyderabad,2025-06-07 00:00:00,4,Cash,0.35,JenniferWeeks@gmail.com,9263102095,successful
590,584,Stacie Jones,101,250000.0,Laptop,ELEC,offline,Chennai,06-30-2025,5,Cash,0.1,StacieJones@gmail.com,9671322693,successful
591,965,Donald Poole,110,,Microwave,HOME,online,Mumbai,2026-02-28 00:00:00,1,NetBanking,0.2,DonaldPoole@yahoo.com,7170684135,successful
592,154,Michael Smith,107,50000.0,dining table,furniture,online,Chennai,2025-06-28 00:00:00,2,Cash,0.3,MichaelSmith@yahoo.com,9453724650,successful
593,280,David Morales,104,8000.0,SHOES,clothing,online,Delhi,2026-02-12 00:00:00,4,UPI,0.15,DavidMorales@yahoo.com,9250881730,successful
594,256,Nicole Williams,102,70000.0,PHONE,Electronics,offline,Chennai,02-17-2026,3,Cash,0.3,Nicole72@gmail.com,9261161732,successful
595,104,Amanda Castillo,108,15000.0,mixer grinder,home appliances,offline,Hyderabad,2026-03-28 00:00:00,1,Cash,0.05,AmandaCastillo@yahoo.com,9259539548,successful
596,39,Megan Jones,105,45000.0,TV,electronics,offline,Hyderabad,2025-05-28 00:00:00,4,Card,0.25,MeganJones@gmail.com,7279430686,successful
597,638,Kaitlyn Reed,110,45000.0,microwave,home appliances,offline,Bangalore,2025-08-08 00:00:00,1,NetBanking,0.15,KaitlynReed@gmail.com,6867302113,successful
598,205,Renee Harris,108,15000.0,Mixer grinder,Home Appliances,online,Mumbai,2025-09-12 00:00:00,2,Card,0.25,ReneeHarris@gmail.com,9467171150,successful
599,592,Timothy Medina,105,45000.0,TV,ELEC,offline,Delhi,2025-05-11 00:00:00,1,Cash,0.4,Timothy8@gmail.com,7059828501,successful
600,676,James Sanders,102,70000.0,Phone,electronics,online,Bangalore,2025-10-26 00:00:00,5,Cash,0.3,James43@gmail.com,8747576646,successful
601,468,Sonya Watts,110,45000.0,Microwave,home appliances,online,Mumbai,03-25-2026,2,Card,0.05,SonyaWatts@yahoo.com,9095796164,successful
602,915,Meagan Valdez,110,45000.0,MICROWAVE,home appliances,offline,Delhi,2025-07-10 00:00:00,1,UPI,0.1,MeaganValdez@outlook.com,6397350013,successful
603,71,Tina Bowers,104,,Shoes,CLOTH,online,Bangalore,2025-05-03 00:00:00,3,NetBanking,0.2,TinaBowers@yahoo.com,7411826205,successful
604,754,Joshua Chandler,102,70000.0,Phone,ELEC,offline,Mumbai,10-21-2025,2,UPI,0.05,Joshua16@gmail.com,8509597470,successful
605,962,Sharon Wood,110,45000.0,Microwave,home appliances,online,Mumbai,12-30-2025,2,UPI,0.4,Sharon10@gmail.com,6756452684,successful
606,748,Sabrina Hopkins,107,,DINING TABLE,furniture,offline,Chennai,2026-01-09 00:00:00,3,NetBanking,0.15,SabrinaHopkins@yahoo.com,7164714790,successful
607,339,Stacy Hernandez,105,45000.0,TV,ELEC,online,Delhi,2025-12-17 00:00:00,4,Card,0.35,StacyHernandez@yahoo.com,7639794384,successful
608,805,Latoya Baker,107,50000.0,dining table,furniture,online,Delhi,2026-03-20 00:00:00,1,NetBanking,0.25,Latoya58@gmail.com,7323207440,successful
609,37,Joshua Nunez,108,15000.0,MIXER GRINDER,Home Appliances,offline,Mumbai,2026-08-04 00:00:00,1,NetBanking,0.25,JoshuaNunez@yahoo.com,8587718785,successful
610,262,Michael Elliott,105,45000.0,TV,Electronics,offline,Mumbai,06-21-2025,5,UPI,0.1,MichaelElliott@yahoo.com,6646881322,successful
611,861,Tim Brock,101,250000.0,laptop,Electronics,online,Bangalore,2026-01-04 00:00:00,1,Cash,0.15,TimBrock@outlook.com,8893431491,successful
612,4,Kelly Brown,106,80000.0,SOFA,FURN,offline,Chennai,2025-05-12 00:00:00,3,NetBanking,0.05,KellyBrown@gmail.com,6816002599,successful
613,100,Thomas Walker,101,250000.0,laptop,Electronics,online,Delhi,2026-03-12 00:00:00,2,UPI,0.35,ThomasWalker@yahoo.com,6417134824,successful
614,280,David Morales,107,50000.0,dining table,FURN,online,Delhi,2026-01-03 00:00:00,5,Cash,0.35,DavidMorales@yahoo.com,9250881730,successful
615,387,Kenneth Rocha,110,45000.0,MICROWAVE,home appliances,offline,Mumbai,12-15-2025,4,Card,0.05,KennethRocha@outlook.com,6385183283,successful
616,996,Barbara Morris,110,45000.0,MICROWAVE,home appliances,online,Hyderabad,2025-12-12 00:00:00,5,Card,0.4,Barbara54@gmail.com,8799907956,successful
617,973,Allen Gilbert,102,70000.0,phone,Electronics,offline,Mumbai,2025-11-21 00:00:00,3,NetBanking,0.25,AllenGilbert@outlook.com,7543149731,successful
618,362,David Wells,101,250000.0,laptop,electronics,offline,Bangalore,2025-06-04 00:00:00,5,Card,0.3,DavidWells@yahoo.com,7619729722,successful
619,775,Roy Chavez,104,8000.0,Shoes,clothing,online,Chennai,2025-12-10 00:00:00,3,UPI,0.25,Roy81@gmail.com,7595966010,successful
620,318,Gina Dickerson,107,50000.0,dining table,FURN,online,Bangalore,2025-10-19 00:00:00,2,Card,0.05,GinaDickerson@gmail.com,9716605732,successful
621,393,Shannon Alvarez,105,45000.0,Tv,electronics,offline,Mumbai,2025-10-12 00:00:00,5,Cash,0.05,ShannonAlvarez@gmail.com,9564682230,successful
621,393,Shannon Alvarez,105,45000.0,Tv,electronics,offline,Mumbai,2025-10-12 00:00:00,5,Cash,0.05,ShannonAlvarez@gmail.com,9564682230,failed
622,215,Crystal Aguilar,104,8000.0,shoes,Clothing,online,Mumbai,2025-04-22 00:00:00,4,Card,0.15,CrystalAguilar@gmail.com,6161915910,successful
623,522,Mike Campbell,102,70000.0,phone,electronics,online,Hyderabad,2025-06-20 00:00:00,5,UPI,0.25,Mike54@gmail.com,6576076499,successful
624,925,Steve Ayala,101,250000.0,laptop,Electronics,offline,Hyderabad,07-14-2025,0,NetBanking,0.4,SteveAyala@gmail.com,9576287018,successful
625,752,Mark Hill,109,65000.0,REFRIGERATOR,HOME,offline,Chennai,2025-11-07 00:00:00,4,UPI,0.35,Mark93@gmail.com,8591415046,successful
626,794,Gerald Cooper,108,15000.0,mixer grinder,HOME,offline,Chennai,2026-06-04 00:00:00,2,UPI,0.2,GeraldCooper@gmail.com,9739354201,successful
627,542,Angela Martin,110,45000.0,MICROWAVE,HOME,offline,Chennai,2025-06-08 00:00:00,4,Card,0.4,AngelaMartin@outlook.com,6677376387,successful
628,357,Kimberly Adams,106,80000.0,sofa,FURN,online,Hyderabad,2026-02-08 00:00:00,4,Card,0.4,KimberlyAdams@gmail.com,8706657851,successful
629,800,Ricardo Arnold,102,70000.0,Phone,Electronics,offline,Hyderabad,2026-01-21 00:00:00,5,UPI,0.4,RicardoArnold@outlook.com,9510528877,successful
630,73,Anthony Gonzalez,102,70000.0,phone,ELEC,offline,Mumbai,05-31-2025,2,NetBanking,0.1,AnthonyGonzalez@yahoo.com,9583189312,successful
631,620,Alexander Meyer,102,70000.0,phone,ELEC,offline,Mumbai,2025-09-13 00:00:00,3,Cash,0.1,AlexanderMeyer@yahoo.com,9589208157,successful
632,961,Derek Hall,108,15000.0,Mixer grinder,HOME,online,Hyderabad,2026-05-03 00:00:00,3,UPI,0.2,Derek28@gmail.com,7447088075,successful
633,95,John Jacobs,101,250000.0,Laptop,Electronics,offline,Bangalore,2025-09-07 00:00:00,3,NetBanking,0.15,John5@gmail.com,6404887560,successful
634,936,Brian Larson,104,8000.0,shoes,Clothing,offline,Hyderabad,2025-12-10 00:00:00,5,Card,0.35,BrianLarson@yahoo.com,9082928514,successful
634,936,Brian Larson,104,8000.0,shoes,Clothing,offline,Hyderabad,2025-12-10 00:00:00,5,Card,0.35,BrianLarson@yahoo.com,9082928514,failed
635,580,Meredith Walker,106,80000.0,SOFA,FURN,offline,Chennai,2026-01-01 00:00:00,3,Card,0.1,MeredithWalker@yahoo.com,7850497146,successful
636,757,Yvette Clark,107,50000.0,Dining table,Furniture,offline,Hyderabad,06-30-2025,3,Card,0.2,YvetteClark@gmail.com,6025126334,successful
636,757,Yvette Clark,107,50000.0,Dining table,Furniture,offline,Hyderabad,06-30-2025,3,Card,0.2,YvetteClark@gmail.com,6025126334,failed
637,799,Stephanie Dunn,101,250000.0,Laptop,ELEC,online,Delhi,2025-06-17 00:00:00,4,Cash,0.3,StephanieDunn@gmail.com,7485500744,successful
638,267,Scott Price,101,,laptop,Electronics,offline,Delhi,2025-08-27 00:00:00,1,Card,0.1,ScottPrice@yahoo.com,8420160629,successful
639,844,Philip Cervantes,105,45000.0,TV,ELEC,offline,Delhi,2026-03-17 00:00:00,3,UPI,0.4,PhilipCervantes@gmail.com,9843657742,successful
640,124,Sarah Rios,108,15000.0,MIXER GRINDER,home appliances,offline,Mumbai,2025-07-07 00:00:00,2,NetBanking,0.35,SarahRios@outlook.com,7979234148,successful
641,899,Whitney Avila,110,,MICROWAVE,HOME,offline,Delhi,2025-11-09 00:00:00,1,Card,0.3,WhitneyAvila@yahoo.com,8468023615,successful
642,877,John Warren,109,65000.0,REFRIGERATOR,home appliances,online,Hyderabad,2025-12-04 00:00:00,2,NetBanking,0.05,John35@gmail.com,8098700546,successful
643,267,Scott Price,102,70000.0,phone,Electronics,online,Delhi,12-16-2025,3,UPI,0.15,ScottPrice@yahoo.com,8420160629,successful
644,551,Joel Coleman,102,70000.0,phone,Electronics,online,Bangalore,03-13-2026,2,Card,0.25,Joel64@gmail.com,8943361740,successful
645,948,Deborah Payne,101,250000.0,Laptop,electronics,offline,Mumbai,09-15-2025,4,NetBanking,0.1,DeborahPayne@yahoo.com,6336002428,successful
646,993,Julie Wade,105,45000.0,tv,Electronics,offline,Bangalore,2025-04-25 00:00:00,4,Cash,0.1,JulieWade@outlook.com,7427719325,successful
647,682,Crystal Mccarthy,104,8000.0,shoes,CLOTH,offline,Delhi,10-27-2025,4,Card,0.1,Crystal55@gmail.com,7575758526,successful
648,74,David Alvarez,107,50000.0,dining table,Furniture,offline,Delhi,2025-04-25 00:00:00,1,Cash,0.1,DavidAlvarez@yahoo.com,9554845242,successful
649,345,Kathy Smith,103,1300.0,shirt,clothing,offline,Chennai,2025-06-13 00:00:00,2,NetBanking,0.2,KathySmith@yahoo.com,9100925171,successful
650,821,Margaret Parker,108,15000.0,mixer grinder,home appliances,online,Delhi,2025-07-26 00:00:00,1,NetBanking,0.25,Margaret32@gmail.com,9826127968,successful
651,455,Morgan Wright,108,15000.0,Mixer grinder,HOME,offline,Bangalore,05-29-2025,3,NetBanking,0.2,MorganWright@yahoo.com,9826454087,successful
652,840,Veronica Ashley,108,15000.0,mixer grinder,Home Appliances,online,Delhi,2026-03-05 00:00:00,1,UPI,0.2,VeronicaAshley@gmail.com,8286959830,successful
653,580,Meredith Walker,109,65000.0,refrigerator,HOME,online,Chennai,2025-07-06 00:00:00,4,Card,0.2,MeredithWalker@yahoo.com,7850497146,successful
654,694,Lori Barrera,103,1300.0,shirt,CLOTH,offline,Hyderabad,2025-08-26 00:00:00,5,Card,0.15,Lori3@gmail.com,9572854973,successful
655,938,Mary Rogers,108,,mixer grinder,home appliances,offline,Hyderabad,2026-02-07 00:00:00,3,NetBanking,0.2,MaryRogers@gmail.com,9755893823,successful
656,139,Melissa Peterson,109,65000.0,REFRIGERATOR,HOME,online,Mumbai,2025-07-12 00:00:00,1,NetBanking,0.35,MelissaPeterson@outlook.com,8721382133,successful
657,330,Don Thompson,103,1300.0,Shirt,CLOTH,online,Hyderabad,2025-10-06 00:00:00,1,UPI,0.25,DonThompson@outlook.com,8679021714,successful
658,93,Judith Sanchez,105,,Tv,Electronics,offline,Mumbai,2025-04-23 00:00:00,3,Cash,0.4,JudithSanchez@yahoo.com,8482107676,successful
659,951,Richard Miller,108,15000.0,Mixer grinder,HOME,offline,Mumbai,2026-01-18 00:00:00,3,UPI,0.1,RichardMiller@yahoo.com,7109726379,successful
660,680,Benjamin Anderson,107,50000.0,Dining table,FURN,offline,Delhi,10-26-2025,5,NetBanking,0.4,BenjaminAnderson@yahoo.com,7059506812,successful
661,84,Paul Pacheco,110,45000.0,microwave,Home Appliances,online,Bangalore,2025-11-07 00:00:00,5,NetBanking,0.05,PaulPacheco@outlook.com,6774884257,successful
662,265,Frederick Ortiz,105,45000.0,tv,Electronics,online,Bangalore,2026-02-24 00:00:00,1,Cash,0.2,FrederickOrtiz@yahoo.com,8717021554,successful
663,70,David Parker,108,15000.0,mixer grinder,Home Appliances,online,Delhi,12-24-2025,3,Cash,0.2,DavidParker@gmail.com,8033772107,successful
664,154,Michael Smith,101,250000.0,Laptop,electronics,offline,Chennai,10-28-2025,5,Card,0.15,MichaelSmith@yahoo.com,9453724650,successful
665,917,Alexandria Marks,101,250000.0,laptop,electronics,offline,Hyderabad,2025-08-10 00:00:00,4,Cash,0.05,AlexandriaMarks@gmail.com,8815523519,successful
666,254,Daniel Santos,101,250000.0,laptop,ELEC,offline,Hyderabad,10-17-2025,1,Card,0.25,DanielSantos@yahoo.com,8953397463,successful
667,655,Julie Todd,104,8000.0,Shoes,Clothing,online,Delhi,04-23-2025,5,UPI,0.1,JulieTodd@yahoo.com,9814232456,successful
668,552,Anthony Cox,109,65000.0,refrigerator,HOME,offline,Hyderabad,2025-09-26 00:00:00,1,Card,0.15,AnthonyCox@gmail.com,7725127392,successful
669,645,Joshua Burton,108,15000.0,Mixer grinder,HOME,online,Mumbai,2026-02-19 00:00:00,4,NetBanking,0.2,JoshuaBurton@outlook.com,6702016788,successful
670,48,Nancy Cole,108,15000.0,MIXER GRINDER,HOME,offline,Chennai,2025-10-16 00:00:00,1,Card,0.2,Nancy58@gmail.com,7880411105,successful
671,186,Dawn Garrett,109,65000.0,Refrigerator,home appliances,online,Chennai,2026-03-14 00:00:00,5,Cash,0.25,Dawn29@gmail.com,9627230201,successful
671,186,Dawn Garrett,109,65000.0,Refrigerator,home appliances,online,Chennai,2026-03-14 00:00:00,5,Cash,0.25,Dawn29@gmail.com,9627230201,failed
672,391,Catherine Beard,102,70000.0,PHONE,Electronics,offline,Mumbai,2025-10-24 00:00:00,3,Card,0.4,Catherine33@gmail.com,9225547305,successful
673,110,Dale Hughes,105,,tv,ELEC,offline,Delhi,2025-07-13 00:00:00,4,Card,0.35,Dale57@gmail.com,9722024973,successful
674,826,Ryan Wade,102,70000.0,Phone,Electronics,online,Mumbai,2026-01-07 00:00:00,-1,Cash,0.4,RyanWade@outlook.com,7368883000,successful
675,351,Brandi Meyer,105,45000.0,tv,ELEC,offline,Bangalore,2025-10-08 00:00:00,5,Cash,0.1,BrandiMeyer@gmail.com,9317735343,successful
676,617,Patrick Rodriguez,108,15000.0,mixer grinder,HOME,online,Delhi,08-17-2025,4,Card,0.1,PatrickRodriguez@yahoo.com,7367526634,successful
677,5,Kathleen Olson,104,8000.0,shoes,clothing,offline,Hyderabad,05-14-2025,3,UPI,0.35,KathleenOlson@gmail.com,6401699805,successful
678,22,James Walters,106,80000.0,sofa,Furniture,offline,Chennai,2025-05-06 00:00:00,3,Cash,0.2,James10@gmail.com,6590464842,successful
679,268,Megan Little,103,1300.0,SHIRT,Clothing,offline,Mumbai,2026-10-03 00:00:00,4,Cash,0.05,MeganLittle@gmail.com,8628721331,successful
680,240,Traci Farmer,107,50000.0,dining table,Furniture,online,Bangalore,2025-05-20 00:00:00,3,Cash,0.15,Traci27@gmail.com,8610931925,successful
681,905,Katie George,106,80000.0,SOFA,furniture,online,Hyderabad,2026-03-25 00:00:00,5,NetBanking,0.3,KatieGeorge@gmail.com,6926102952,successful
682,642,Troy Mitchell,101,250000.0,LAPTOP,Electronics,online,Bangalore,2026-02-17 00:00:00,2,UPI,0.05,Troy60@gmail.com,8385276968,successful
683,205,Renee Harris,108,15000.0,MIXER GRINDER,home appliances,online,Mumbai,2025-05-12 00:00:00,4,UPI,0.15,ReneeHarris@gmail.com,9467171150,successful
684,338,Lisa Garrison,105,45000.0,TV,Electronics,online,Delhi,2025-08-20 00:00:00,3,Cash,0.35,LisaGarrison@outlook.com,6733039437,successful
684,338,Lisa Garrison,105,45000.0,TV,Electronics,online,Delhi,2025-08-20 00:00:00,3,Cash,0.35,LisaGarrison@outlook.com,6733039437,failed
685,677,Mario Evans,109,65000.0,Refrigerator,Home Appliances,offline,Mumbai,2025-10-11 00:00:00,3,Cash,0.35,MarioEvans@yahoo.com,7002150125,successful
686,519,Kylie Ferguson,101,250000.0,laptop,ELEC,offline,Bangalore,2026-03-25 00:00:00,3,Cash,0.35,KylieFerguson@yahoo.com,9256896178,successful
687,899,Whitney Avila,105,45000.0,TV,ELEC,online,Delhi,2025-04-21 00:00:00,4,NetBanking,0.4,WhitneyAvila@yahoo.com,8468023615,successful
688,700,Thomas Navarro,104,8000.0,SHOES,CLOTH,online,Hyderabad,2026-04-13 00:00:00,4,UPI,0.4,ThomasNavarro@yahoo.com,7673080014,successful
689,890,Holly Mckay,104,8000.0,SHOES,clothing,offline,Chennai,2025-12-29 00:00:00,1,Card,0.35,HollyMckay@yahoo.com,6608746494,successful
690,40,Kristina Harrell,104,8000.0,SHOES,CLOTH,offline,Hyderabad,2026-07-01 00:00:00,5,NetBanking,0.25,KristinaHarrell@outlook.com,7404306674,successful
691,910,Cindy Price,109,65000.0,refrigerator,Home Appliances,online,Bangalore,11-23-2025,4,Card,0.2,CindyPrice@outlook.com,9747501764,successful
692,666,Emily Griffith,106,80000.0,Sofa,Furniture,online,Mumbai,2026-03-13 00:00:00,4,Cash,0.25,EmilyGriffith@gmail.com,9486424680,successful
693,215,Crystal Aguilar,110,45000.0,microwave,home appliances,online,Mumbai,06-18-2025,4,Cash,0.2,CrystalAguilar@gmail.com,6161915910,successful
694,378,Rebecca Trujillo,109,65000.0,REFRIGERATOR,HOME,offline,Chennai,2026-01-09 00:00:00,4,Cash,0.1,RebeccaTrujillo@gmail.com,6334076668,successful
695,300,Tiffany Miller,107,50000.0,DINING TABLE,FURN,offline,Hyderabad,2025-04-17 00:00:00,2,UPI,0.1,TiffanyMiller@outlook.com,6828480297,successful
696,687,Robert Estrada,105,45000.0,Tv,electronics,offline,Hyderabad,2025-08-01 00:00:00,1,UPI,0.05,RobertEstrada@yahoo.com,8685839773,successful
697,955,Jake Davis,108,15000.0,mixer grinder,Home Appliances,offline,Bangalore,2025-09-02 00:00:00,2,Cash,0.35,JakeDavis@yahoo.com,7071458620,successful
698,800,Ricardo Arnold,106,80000.0,Sofa,FURN,online,Hyderabad,2025-08-18 00:00:00,3,Cash,0.15,RicardoArnold@outlook.com,9510528877,successful
699,789,Bryan Walker,103,1300.0,SHIRT,CLOTH,online,Chennai,2026-04-14 00:00:00,2,Cash,0.4,Bryan21@gmail.com,7517058567,successful
700,336,Gregory Mitchell,107,50000.0,DINING TABLE,Furniture,online,Chennai,2025-12-29 00:00:00,4,Cash,0.3,GregoryMitchell@gmail.com,8677120045,successful
701,387,Kenneth Rocha,106,80000.0,Sofa,furniture,offline,Mumbai,09-25-2025,3,Cash,0.1,KennethRocha@outlook.com,6385183283,successful
702,570,Donald Carter,105,45000.0,tv,ELEC,offline,Chennai,2026-02-20 00:00:00,5,UPI,0.3,Donald21@gmail.com,7944230219,successful
703,647,Michelle Conway,109,65000.0,REFRIGERATOR,HOME,online,Chennai,2025-09-03 00:00:00,2,Card,0.05,MichelleConway@yahoo.com,9030419105,successful
703,647,Michelle Conway,109,65000.0,REFRIGERATOR,HOME,online,Chennai,2025-09-03 00:00:00,2,Card,0.05,MichelleConway@yahoo.com,9030419105,failed
704,654,Amy Ramos,107,50000.0,DINING TABLE,Furniture,online,Chennai,2025-09-22 00:00:00,1,NetBanking,0.1,Amy47@gmail.com,8316772859,successful
705,572,Holly Russell,108,15000.0,MIXER GRINDER,Home Appliances,online,Hyderabad,2025-12-02 00:00:00,1,Card,0.2,HollyRussell@outlook.com,8192200837,successful
706,522,Mike Campbell,105,45000.0,Tv,ELEC,offline,Hyderabad,2025-11-10 00:00:00,3,Cash,0.35,Mike54@gmail.com,6576076499,successful
707,733,Jessica Lin,106,,SOFA,Furniture,offline,Delhi,2025-09-08 00:00:00,5,Card,0.35,Jessica60@gmail.com,8596806363,successful
708,203,Samantha Wells,107,50000.0,Dining table,Furniture,offline,Hyderabad,03-16-2026,5,Cash,0.35,SamanthaWells@gmail.com,6754042545,successful
709,306,Margaret Gordon,110,45000.0,MICROWAVE,HOME,online,Chennai,09-28-2025,2,Cash,0.2,MargaretGordon@gmail.com,8932172521,successful
710,113,Patricia Carlson,101,,Laptop,electronics,online,Delhi,2026-02-28 00:00:00,2,Card,0.3,PatriciaCarlson@outlook.com,8588411759,successful
711,15,Robin Ray,109,65000.0,REFRIGERATOR,home appliances,offline,Chennai,2026-01-04 00:00:00,5,NetBanking,0.05,RobinRay@outlook.com,6680791348,successful
712,904,Audrey Skinner,108,15000.0,mixer grinder,HOME,offline,Bangalore,08-13-2025,2,Card,0.3,AudreySkinner@yahoo.com,6596392073,successful
713,694,Lori Barrera,104,,Shoes,CLOTH,online,Hyderabad,2025-09-16 00:00:00,2,UPI,0.05,Lori3@gmail.com,9572854973,successful
714,382,Billy Ramirez,101,250000.0,laptop,ELEC,online,Mumbai,2025-10-21 00:00:00,4,Card,0.05,BillyRamirez@gmail.com,9713083185,successful
715,7,John Edwards,106,80000.0,Sofa,Furniture,offline,Delhi,2026-02-07 00:00:00,5,UPI,0.25,JohnEdwards@outlook.com,9737526576,successful
716,749,Linda Lara,104,8000.0,Shoes,clothing,online,Mumbai,2025-05-04 00:00:00,4,Cash,0.15,LindaLara@outlook.com,7476164201,successful
717,907,Jeffrey Mccall,104,8000.0,SHOES,CLOTH,offline,Hyderabad,05-19-2025,1,Card,0.4,Jeffrey63@gmail.com,6709574650,successful
718,887,Robert Brown,105,45000.0,TV,ELEC,online,Bangalore,2026-01-23 00:00:00,5,Card,0.1,Robert48@gmail.com,9238053326,successful
719,13,Jay Knight,109,65000.0,REFRIGERATOR,home appliances,offline,Bangalore,2025-12-11 00:00:00,5,UPI,0.25,JayKnight@gmail.com,6941072670,successful
720,880,Miranda Frank,104,8000.0,SHOES,CLOTH,online,Chennai,2026-01-04 00:00:00,5,NetBanking,0.4,MirandaFrank@yahoo.com,7215799940,successful
721,207,Tonya Lopez,110,45000.0,microwave,HOME,offline,Bangalore,2025-08-12 00:00:00,2,Card,0.3,TonyaLopez@gmail.com,8023940519,successful
722,351,Brandi Meyer,109,65000.0,refrigerator,home appliances,online,Bangalore,2025-05-20 00:00:00,5,Cash,0.35,BrandiMeyer@gmail.com,9317735343,successful
723,381,Melissa Garza,101,250000.0,Laptop,ELEC,online,Hyderabad,08-20-2025,2,UPI,0.05,MelissaGarza@gmail.com,6928004306,successful
724,203,Samantha Wells,110,45000.0,Microwave,Home Appliances,offline,Hyderabad,11-24-2025,1,UPI,0.4,SamanthaWells@gmail.com,6754042545,successful
725,693,Joseph Maldonado,108,15000.0,MIXER GRINDER,Home Appliances,online,Delhi,2025-07-09 00:00:00,2,Cash,0.35,JosephMaldonado@yahoo.com,8013495157,successful
726,446,Scott Smith,101,250000.0,laptop,electronics,online,Bangalore,2025-04-27 00:00:00,1,Cash,0.4,Scott26@gmail.com,8592390183,successful
727,400,Brenda Johnson,109,,refrigerator,Home Appliances,offline,Chennai,05-22-2025,2,UPI,0.2,BrendaJohnson@yahoo.com,7955488393,successful
728,647,Michelle Conway,108,15000.0,MIXER GRINDER,Home Appliances,online,Chennai,2025-08-08 00:00:00,3,NetBanking,0.05,MichelleConway@yahoo.com,9030419105,successful
729,438,Lindsay Bartlett,110,45000.0,Microwave,Home Appliances,online,Mumbai,2026-02-09 00:00:00,1,Cash,0.05,LindsayBartlett@gmail.com,6246691410,successful
730,782,Monique Davis,106,80000.0,Sofa,Furniture,online,Chennai,2026-03-22 00:00:00,1,UPI,0.35,MoniqueDavis@gmail.com,6797654485,successful
731,913,Craig Harris,109,65000.0,REFRIGERATOR,Home Appliances,online,Delhi,12-22-2025,2,NetBanking,0.3,CraigHarris@yahoo.com,7947583910,successful
732,796,Jasmine Lopez,103,1300.0,Shirt,clothing,online,Bangalore,01-16-2026,5,Cash,0.1,JasmineLopez@outlook.com,9109427917,successful
733,661,Jennifer Cooper,106,80000.0,Sofa,FURN,offline,Chennai,2025-11-06 00:00:00,1,Card,0.05,JenniferCooper@outlook.com,8051514609,successful
734,142,Charles Brown,102,70000.0,Phone,electronics,online,Hyderabad,2026-03-05 00:00:00,4,UPI,0.4,Charles7@gmail.com,9980826322,successful
735,540,Amy Cruz,104,8000.0,Shoes,clothing,offline,Delhi,07-15-2025,4,NetBanking,0.2,AmyCruz@gmail.com,7034946867,successful
736,564,Spencer Davis,105,,tv,Electronics,online,Chennai,05-13-2025,3,Card,0.4,SpencerDavis@gmail.com,9733850711,successful
737,314,Paul Gonzales,108,15000.0,MIXER GRINDER,HOME,offline,Hyderabad,2025-09-04 00:00:00,4,Card,0.35,Paul48@gmail.com,6497754983,successful
737,314,Paul Gonzales,108,15000.0,MIXER GRINDER,HOME,offline,Hyderabad,2025-09-04 00:00:00,4,Card,0.35,Paul48@gmail.com,6497754983,failed
738,415,Jackson Kaiser,103,1300.0,Shirt,CLOTH,online,Delhi,2025-10-05 00:00:00,4,Card,0.15,JacksonKaiser@gmail.com,8094014305,successful
739,66,Jonathan Lewis,102,70000.0,Phone,electronics,online,Bangalore,12-29-2025,1,NetBanking,0.4,JonathanLewis@gmail.com,6053764680,successful
740,600,James Schaefer,106,80000.0,Sofa,Furniture,online,Chennai,2025-09-25 00:00:00,4,Cash,0.15,James62@gmail.com,9201434220,successful
741,188,Allison Oliver,109,65000.0,refrigerator,home appliances,online,Hyderabad,2026-03-13 00:00:00,4,Card,0.25,AllisonOliver@gmail.com,9833717624,successful
742,950,Cheyenne Mason,107,50000.0,DINING TABLE,FURN,online,Delhi,2026-01-23 00:00:00,5,UPI,0.3,CheyenneMason@yahoo.com,7344429331,successful
743,81,Michael Wagner,105,,tv,Electronics,offline,Chennai,2026-02-07 00:00:00,5,Cash,0.05,MichaelWagner@yahoo.com,9716917974,successful
744,91,Christopher Martin,104,8000.0,Shoes,CLOTH,offline,Bangalore,2026-02-26 00:00:00,2,Cash,0.1,ChristopherMartin@outlook.com,8340618811,successful
745,618,Alan Torres,106,80000.0,Sofa,furniture,online,Chennai,2026-01-03 00:00:00,1,NetBanking,0.15,AlanTorres@yahoo.com,7353183305,successful
745,618,Alan Torres,106,80000.0,Sofa,furniture,online,Chennai,2026-01-03 00:00:00,1,NetBanking,0.15,AlanTorres@yahoo.com,7353183305,failed
746,725,Jody Martinez,101,250000.0,LAPTOP,ELEC,online,Bangalore,2025-09-04 00:00:00,5,Card,0.3,JodyMartinez@gmail.com,7989096889,successful
747,207,Tonya Lopez,109,65000.0,refrigerator,HOME,online,Bangalore,04-18-2025,3,Card,0.3,TonyaLopez@gmail.com,8023940519,successful
748,599,David Johnson,102,70000.0,phone,Electronics,online,Mumbai,2025-06-19 00:00:00,1,NetBanking,0.25,DavidJohnson@gmail.com,7496294774,successful
749,256,Nicole Williams,105,45000.0,Tv,ELEC,offline,Chennai,2025-06-30 00:00:00,3,UPI,0.25,Nicole72@gmail.com,9261161732,successful
750,670,Fernando Kelly,103,1300.0,Shirt,clothing,offline,Chennai,2025-11-29 00:00:00,2,NetBanking,0.1,FernandoKelly@yahoo.com,8959444911,successful
751,406,Gregory Nelson,103,1300.0,shirt,clothing,offline,Delhi,2026-03-25 00:00:00,5,Cash,0.05,Gregory85@gmail.com,6469174867,successful
752,91,Christopher Martin,103,,SHIRT,Clothing,online,Bangalore,2025-06-08 00:00:00,3,NetBanking,0.2,ChristopherMartin@outlook.com,8340618811,successful
753,68,Stephanie Scott,109,65000.0,REFRIGERATOR,Home Appliances,offline,Chennai,2025-07-01 00:00:00,5,UPI,0.1,Stephanie6@gmail.com,9513920889,successful
754,764,Jody Gardner,106,80000.0,SOFA,Furniture,online,Mumbai,2025-10-13 00:00:00,1,Card,0.4,JodyGardner@outlook.com,8683344567,successful
754,764,Jody Gardner,106,80000.0,SOFA,Furniture,online,Mumbai,2025-10-13 00:00:00,1,Card,0.4,JodyGardner@outlook.com,8683344567,failed
755,214,Megan Hall,101,250000.0,laptop,electronics,online,Mumbai,07-18-2025,4,Cash,0.05,MeganHall@yahoo.com,6986753684,successful
756,641,Andre Rodriguez,102,70000.0,phone,electronics,offline,Bangalore,2026-01-16 00:00:00,1,NetBanking,0.15,AndreRodriguez@outlook.com,6047103170,successful
757,918,Grant Harris,101,250000.0,LAPTOP,Electronics,online,Bangalore,2025-01-11 00:00:00,2,Card,0.35,GrantHarris@outlook.com,9540714421,successful
758,316,James Jordan,109,65000.0,refrigerator,HOME,offline,Delhi,2025-11-11 00:00:00,1,NetBanking,0.15,James19@gmail.com,8508764613,successful
759,410,Briana Greene,101,250000.0,LAPTOP,electronics,online,Mumbai,2025-09-25 00:00:00,4,Card,0.2,BrianaGreene@yahoo.com,7390555615,successful
760,680,Benjamin Anderson,104,8000.0,SHOES,CLOTH,offline,Delhi,05-25-2025,1,Cash,0.4,BenjaminAnderson@yahoo.com,7059506812,successful
760,680,Benjamin Anderson,104,8000.0,SHOES,CLOTH,offline,Delhi,05-25-2025,1,Cash,0.4,BenjaminAnderson@yahoo.com,7059506812,failed
761,460,Cynthia Schultz,106,,sofa,FURN,offline,Bangalore,2025-07-30 00:00:00,4,NetBanking,0.25,CynthiaSchultz@yahoo.com,6491130781,successful
762,821,Margaret Parker,109,65000.0,REFRIGERATOR,home appliances,offline,Delhi,2025-10-13 00:00:00,1,UPI,0.05,Margaret32@gmail.com,9826127968,successful
763,298,Ryan Massey,105,45000.0,Tv,ELEC,offline,Delhi,2025-06-01 00:00:00,4,Cash,0.35,Ryan8@gmail.com,6449657586,successful
764,79,Tony Jones,110,45000.0,MICROWAVE,home appliances,offline,Bangalore,2025-12-06 00:00:00,1,Cash,0.2,TonyJones@yahoo.com,7100845623,successful
765,960,Michaela Brown,101,250000.0,laptop,electronics,online,Delhi,2025-12-23 00:00:00,2,UPI,0.3,MichaelaBrown@yahoo.com,9847649942,successful
766,138,Andrea Olson,108,15000.0,mixer grinder,Home Appliances,online,Bangalore,2025-06-24 00:00:00,2,NetBanking,0.3,AndreaOlson@gmail.com,6075508168,successful
767,600,James Schaefer,102,70000.0,PHONE,ELEC,online,Chennai,2025-08-19 00:00:00,1,NetBanking,0.05,James62@gmail.com,9201434220,successful
768,425,Lindsay Buchanan,104,8000.0,SHOES,clothing,online,Hyderabad,2025-06-10 00:00:00,3,Card,0.25,LindsayBuchanan@outlook.com,8306771779,successful
769,690,Cynthia Palmer,110,45000.0,Microwave,home appliances,offline,Delhi,2025-08-10 00:00:00,2,Cash,0.3,CynthiaPalmer@gmail.com,7205517021,successful
770,229,Randy Wilkins,101,250000.0,Laptop,ELEC,offline,Hyderabad,11-17-2025,3,Card,0.4,RandyWilkins@gmail.com,6293802127,successful
770,229,Randy Wilkins,101,250000.0,Laptop,ELEC,offline,Hyderabad,11-17-2025,3,Card,0.4,RandyWilkins@gmail.com,6293802127,failed
771,293,Luke Cummings,107,50000.0,Dining table,Furniture,offline,Hyderabad,2026-03-11 00:00:00,3,Cash,0.15,LukeCummings@gmail.com,8835564761,successful
772,343,Allen Mcdowell,105,45000.0,tv,ELEC,offline,Bangalore,08-29-2025,1,Card,0.1,AllenMcdowell@yahoo.com,7592071170,successful
773,642,Troy Mitchell,110,45000.0,MICROWAVE,Home Appliances,online,Bangalore,07-23-2025,5,NetBanking,0.15,Troy60@gmail.com,8385276968,successful
774,177,Barbara Weber,103,1300.0,shirt,Clothing,offline,Chennai,2025-07-05 00:00:00,2,NetBanking,0.4,Barbara59@gmail.com,6212820042,successful
774,177,Barbara Weber,103,1300.0,shirt,Clothing,offline,Chennai,2025-07-05 00:00:00,2,NetBanking,0.4,Barbara59@gmail.com,6212820042,failed
775,942,Melissa Wilkerson,102,70000.0,Phone,ELEC,online,Chennai,2025-06-30 00:00:00,3,NetBanking,0.25,MelissaWilkerson@yahoo.com,9311070620,successful
776,911,Kelly Le,103,1300.0,shirt,Clothing,offline,Delhi,2025-10-27 00:00:00,2,Card,0.1,KellyLe@outlook.com,6813665769,successful
777,419,William Taylor,108,,mixer grinder,Home Appliances,offline,Bangalore,2026-01-18 00:00:00,3,Cash,0.15,WilliamTaylor@yahoo.com,8507507668,successful
778,693,Joseph Maldonado,110,45000.0,Microwave,home appliances,offline,Delhi,2026-02-23 00:00:00,3,Card,0.1,JosephMaldonado@yahoo.com,8013495157,successful
779,807,Steven Li,105,45000.0,Tv,Electronics,online,Mumbai,12-16-2025,2,UPI,0.35,StevenLi@outlook.com,6932032530,successful
780,904,Audrey Skinner,103,1300.0,Shirt,Clothing,offline,Bangalore,2026-02-03 00:00:00,1,UPI,0.2,AudreySkinner@yahoo.com,6596392073,successful
781,8,Francisco Suarez,104,8000.0,Shoes,clothing,online,Hyderabad,2025-04-27 00:00:00,2,UPI,0.1,FranciscoSuarez@gmail.com,9716873830,successful
782,768,Melissa Washington,109,,refrigerator,HOME,offline,Chennai,2026-03-29 00:00:00,1,UPI,0.2,MelissaWashington@outlook.com,6997837527,successful
783,217,Eric Cross,109,65000.0,refrigerator,Home Appliances,offline,Bangalore,2026-01-13 00:00:00,1,Card,0.15,Eric39@gmail.com,6551844796,successful
784,890,Holly Mckay,110,45000.0,MICROWAVE,Home Appliances,online,Chennai,2026-03-28 00:00:00,1,NetBanking,0.2,HollyMckay@yahoo.com,6608746494,successful
785,808,Brandon Hicks,108,15000.0,MIXER GRINDER,HOME,offline,Mumbai,2025-10-21 00:00:00,5,NetBanking,0.15,BrandonHicks@yahoo.com,6642210549,successful
786,168,Joyce Robertson,105,45000.0,Tv,electronics,offline,Mumbai,2026-02-11 00:00:00,4,NetBanking,0.15,JoyceRobertson@yahoo.com,7842890417,successful
787,578,Kristi Wilson,107,,DINING TABLE,Furniture,online,Chennai,2025-11-05 00:00:00,3,Card,0.05,KristiWilson@yahoo.com,6043009323,successful
788,662,James Osborn,105,45000.0,tv,ELEC,online,Bangalore,2025-09-17 00:00:00,2,Cash,0.15,JamesOsborn@yahoo.com,9922710493,successful
789,505,Samantha Hull,110,45000.0,microwave,Home Appliances,online,Chennai,2025-07-06 00:00:00,3,Card,0.35,SamanthaHull@outlook.com,7415321565,successful
790,495,John Cummings,105,45000.0,tv,Electronics,online,Hyderabad,02-17-2026,1,Card,0.4,JohnCummings@yahoo.com,8883507125,successful
791,977,Gloria Navarro,108,15000.0,Mixer grinder,HOME,online,Chennai,2026-08-03 00:00:00,3,NetBanking,0.35,GloriaNavarro@yahoo.com,7212940862,successful
792,762,Linda Webb,102,70000.0,phone,Electronics,offline,Mumbai,2026-04-13 00:00:00,1,UPI,0.4,LindaWebb@yahoo.com,7051791908,successful
793,408,Hannah Russell,110,45000.0,MICROWAVE,Home Appliances,online,Hyderabad,2025-07-21 00:00:00,3,NetBanking,0.1,HannahRussell@yahoo.com,9773223608,successful
794,420,Marcus Wilkinson,107,50000.0,Dining table,FURN,online,Hyderabad,2025-02-09 00:00:00,1,UPI,0.25,MarcusWilkinson@yahoo.com,7506061410,successful
795,186,Dawn Garrett,107,50000.0,Dining table,FURN,online,Chennai,2025-10-14 00:00:00,4,Card,0.35,Dawn29@gmail.com,9627230201,successful
796,735,Elizabeth Kemp,104,8000.0,SHOES,clothing,offline,Bangalore,2025-05-11 00:00:00,2,UPI,0.3,ElizabethKemp@yahoo.com,6508791868,successful
797,598,Earl Park,109,65000.0,refrigerator,home appliances,offline,Hyderabad,07-21-2025,5,NetBanking,0.35,Earl39@gmail.com,6217372355,successful
798,580,Meredith Walker,101,250000.0,LAPTOP,ELEC,online,Chennai,2025-08-01 00:00:00,4,Cash,0.15,MeredithWalker@yahoo.com,7850497146,successful
799,473,Daniel Tapia,109,65000.0,refrigerator,HOME,online,Hyderabad,12-23-2025,5,UPI,0.25,DanielTapia@yahoo.com,9989293308,successful
800,58,Michelle Barnes,106,80000.0,sofa,furniture,offline,Hyderabad,2026-03-13 00:00:00,2,Card,0.05,Michelle20@gmail.com,7266816620,successful
800,58,Michelle Barnes,106,80000.0,sofa,furniture,offline,Hyderabad,2026-03-13 00:00:00,2,Card,0.05,Michelle20@gmail.com,7266816620,failed
801,463,Kevin Cruz,109,65000.0,REFRIGERATOR,Home Appliances,online,Delhi,2026-04-12 00:00:00,5,NetBanking,0.15,KevinCruz@gmail.com,8067854173,successful
802,528,Kerri Rodriguez,109,65000.0,Refrigerator,home appliances,offline,Chennai,2026-01-02 00:00:00,1,UPI,0.15,Kerri90@gmail.com,7758070493,successful
802,528,Kerri Rodriguez,109,65000.0,Refrigerator,home appliances,offline,Chennai,2026-01-02 00:00:00,1,UPI,0.15,Kerri90@gmail.com,7758070493,failed
803,286,Carmen Sanders,106,80000.0,sofa,FURN,online,Hyderabad,2025-05-06 00:00:00,1,NetBanking,0.25,Carmen60@gmail.com,8828050019,successful
804,658,Douglas Sanders,106,80000.0,Sofa,furniture,online,Bangalore,2025-10-03 00:00:00,2,Cash,0.05,Douglas14@gmail.com,6302697580,successful
805,948,Deborah Payne,108,15000.0,Mixer grinder,Home Appliances,online,Mumbai,12-20-2025,3,UPI,0.15,DeborahPayne@yahoo.com,6336002428,successful
806,895,Aaron Foster,102,70000.0,phone,ELEC,online,Bangalore,2025-06-06 00:00:00,5,UPI,0.2,AaronFoster@gmail.com,6902775793,successful
807,172,Daniel Smith,103,1300.0,SHIRT,Clothing,online,Delhi,2026-02-02 00:00:00,5,Card,0.35,Daniel30@gmail.com,6589542879,successful
807,172,Daniel Smith,103,1300.0,SHIRT,Clothing,online,Delhi,2026-02-02 00:00:00,5,Card,0.35,Daniel30@gmail.com,6589542879,failed
808,154,Michael Smith,101,250000.0,Laptop,ELEC,online,Chennai,09-28-2025,5,Cash,0.3,MichaelSmith@yahoo.com,9453724650,successful
809,493,Stacy Bass,109,65000.0,refrigerator,home appliances,online,Hyderabad,06-26-2025,1,Cash,0.35,StacyBass@yahoo.com,8224081130,successful
810,671,Sarah Frederick,103,1300.0,shirt,clothing,online,Chennai,11-17-2025,2,NetBanking,0.25,SarahFrederick@outlook.com,6659595538,successful
811,403,Taylor Ellison,109,65000.0,Refrigerator,Home Appliances,offline,Bangalore,2025-06-20 00:00:00,1,UPI,0.2,TaylorEllison@gmail.com,8256289832,successful
812,202,Amanda Reed,103,1300.0,shirt,Clothing,online,Delhi,2025-06-23 00:00:00,2,UPI,0.2,AmandaReed@yahoo.com,6574367299,successful
813,307,Evelyn Bridges,108,15000.0,Mixer grinder,Home Appliances,offline,Chennai,2026-04-04 00:00:00,1,NetBanking,0.4,EvelynBridges@gmail.com,9141467428,successful
814,762,Linda Webb,106,80000.0,sofa,Furniture,online,Mumbai,2025-11-07 00:00:00,3,Card,0.25,LindaWebb@yahoo.com,7051791908,successful
815,262,Michael Elliott,101,250000.0,LAPTOP,ELEC,offline,Mumbai,2025-03-05 00:00:00,1,Cash,0.2,MichaelElliott@yahoo.com,6646881322,successful
816,809,Kayla Hart,101,250000.0,LAPTOP,electronics,offline,Bangalore,2025-06-16 00:00:00,1,Card,0.05,KaylaHart@yahoo.com,6471326458,successful
817,945,Misty Parker,103,1300.0,Shirt,Clothing,offline,Hyderabad,2025-12-10 00:00:00,1,NetBanking,0.2,Misty47@gmail.com,6061858545,successful
818,111,Alyssa Mitchell,107,50000.0,DINING TABLE,FURN,online,Hyderabad,2025-05-27 00:00:00,4,Card,0.35,AlyssaMitchell@gmail.com,9343932386,successful
819,733,Jessica Lin,108,15000.0,mixer grinder,home appliances,online,Delhi,2025-04-22 00:00:00,3,Card,0.35,Jessica60@gmail.com,8596806363,successful
820,880,Miranda Frank,104,8000.0,Shoes,Clothing,offline,Chennai,01-23-2026,3,Cash,0.3,MirandaFrank@yahoo.com,7215799940,successful
820,880,Miranda Frank,104,8000.0,Shoes,Clothing,offline,Chennai,01-23-2026,3,Cash,0.3,MirandaFrank@yahoo.com,7215799940,failed
821,261,Ronnie Martin,106,80000.0,SOFA,furniture,offline,Bangalore,2025-12-01 00:00:00,2,NetBanking,0.2,RonnieMartin@yahoo.com,8466121260,successful
822,230,Jose Guerrero,110,45000.0,Microwave,HOME,offline,Hyderabad,2026-01-02 00:00:00,4,Cash,0.35,Jose24@gmail.com,7235645176,successful
823,903,Susan Nicholson,102,,PHONE,electronics,online,Mumbai,2025-11-14 00:00:00,3,Cash,0.35,SusanNicholson@yahoo.com,9633103859,successful
824,406,Gregory Nelson,105,45000.0,tv,electronics,offline,Delhi,2026-04-09 00:00:00,1,Card,0.25,Gregory85@gmail.com,6469174867,successful
825,338,Lisa Garrison,103,,shirt,Clothing,offline,Delhi,2025-07-03 00:00:00,3,UPI,0.1,LisaGarrison@outlook.com,6733039437,successful
826,104,Amanda Castillo,108,15000.0,Mixer grinder,home appliances,online,Hyderabad,2026-02-05 00:00:00,2,NetBanking,0.25,AmandaCastillo@yahoo.com,9259539548,successful
827,516,Brittany Roberts,102,70000.0,phone,Electronics,offline,Hyderabad,04-30-2025,4,Card,0.05,BrittanyRoberts@outlook.com,8493897057,successful
828,743,Dorothy Davis,110,,microwave,HOME,offline,Delhi,2025-06-12 00:00:00,3,Card,0.15,DorothyDavis@yahoo.com,8478683600,successful
829,300,Tiffany Miller,107,50000.0,DINING TABLE,furniture,online,Hyderabad,2025-10-08 00:00:00,3,Cash,0.4,TiffanyMiller@outlook.com,6828480297,successful
830,926,Lisa Reynolds,103,1300.0,Shirt,CLOTH,online,Hyderabad,2025-07-26 00:00:00,1,UPI,0.25,LisaReynolds@gmail.com,8911674840,successful
831,858,Kristina Stewart,110,45000.0,microwave,HOME,online,Hyderabad,2025-12-16 00:00:00,3,NetBanking,0.15,KristinaStewart@yahoo.com,8517535897,successful
832,283,Anna Bernard,105,,Tv,ELEC,online,Chennai,2025-11-23 00:00:00,5,Cash,0.2,AnnaBernard@gmail.com,7726984842,successful
833,165,Rebecca Hays,109,65000.0,Refrigerator,HOME,offline,Hyderabad,2025-08-12 00:00:00,5,Card,0.35,RebeccaHays@outlook.com,9357591179,successful
834,438,Lindsay Bartlett,110,45000.0,MICROWAVE,HOME,online,Mumbai,2025-07-26 00:00:00,3,Cash,0.05,LindsayBartlett@gmail.com,6246691410,successful
835,931,Melissa Lewis,103,1300.0,shirt,Clothing,offline,Mumbai,2025-08-31 00:00:00,5,Card,0.35,Melissa44@gmail.com,9580587595,successful
836,44,John Saunders,106,80000.0,SOFA,Furniture,offline,Mumbai,2026-02-07 00:00:00,1,UPI,0.3,JohnSaunders@outlook.com,9865305526,successful
837,62,Sarah Park,104,8000.0,shoes,CLOTH,online,Delhi,2025-09-05 00:00:00,1,Card,0.35,Sarah20@gmail.com,6601305051,successful
838,755,Keith Stafford,105,45000.0,Tv,Electronics,offline,Bangalore,2025-05-05 00:00:00,3,Card,0.3,KeithStafford@yahoo.com,7554795089,successful
839,304,Aaron Moore,102,70000.0,phone,Electronics,offline,Delhi,2025-04-26 00:00:00,3,UPI,0.25,AaronMoore@outlook.com,8724496246,successful
840,544,Charles Weaver,104,8000.0,SHOES,CLOTH,online,Mumbai,2025-08-08 00:00:00,5,Cash,0.25,CharlesWeaver@outlook.com,8908841294,successful
841,725,Jody Martinez,105,45000.0,TV,Electronics,online,Bangalore,04-19-2025,0,NetBanking,0.4,JodyMartinez@gmail.com,7989096889,successful
842,537,Ernest Meyers,104,8000.0,shoes,CLOTH,online,Delhi,2026-01-08 00:00:00,3,UPI,0.2,Ernest39@gmail.com,8049889488,successful
843,966,Susan Phillips,103,1300.0,Shirt,clothing,online,Delhi,2025-08-06 00:00:00,5,Cash,0.05,SusanPhillips@gmail.com,8202203718,successful
844,998,Joseph Perez,102,70000.0,Phone,ELEC,offline,Delhi,2025-11-15 00:00:00,1,Cash,0.2,Joseph23@gmail.com,6418323136,successful
845,117,Brent Clark,109,65000.0,Refrigerator,HOME,offline,Delhi,06-23-2025,4,NetBanking,0.35,BrentClark@gmail.com,9054087598,successful
846,596,Douglas Johnson,106,80000.0,Sofa,Furniture,online,Chennai,03-27-2026,3,Card,0.1,Douglas2@gmail.com,8525371050,successful
847,232,Joel Reid,107,50000.0,DINING TABLE,furniture,online,Chennai,2025-11-11 00:00:00,1,UPI,0.35,JoelReid@gmail.com,8181885220,successful
848,962,Sharon Wood,106,80000.0,SOFA,furniture,offline,Mumbai,2025-10-28 00:00:00,4,UPI,0.1,Sharon10@gmail.com,6756452684,successful
849,142,Charles Brown,101,250000.0,laptop,electronics,offline,Hyderabad,2025-12-16 00:00:00,1,UPI,0.3,Charles7@gmail.com,9980826322,successful
850,150,Donald Bradley,104,8000.0,SHOES,CLOTH,offline,Mumbai,2025-08-07 00:00:00,3,Cash,0.1,Donald58@gmail.com,6372599420,successful
851,922,Isaiah Watson,102,,PHONE,electronics,offline,Bangalore,2025-12-11 00:00:00,1,UPI,0.1,Isaiah53@gmail.com,9177789837,successful
852,285,Amanda Anderson,105,45000.0,Tv,ELEC,online,Chennai,2026-02-03 00:00:00,2,Cash,0.3,AmandaAnderson@outlook.com,9009070174,successful
853,850,Zachary Abbott,105,45000.0,TV,ELEC,offline,Chennai,2025-08-09 00:00:00,3,NetBanking,0.05,Zachary68@gmail.com,8509774917,successful
854,152,Levi Leon,104,8000.0,shoes,CLOTH,online,Chennai,12-29-2025,3,Card,0.15,Levi30@gmail.com,6634513306,successful
855,560,Anthony Lawrence,103,1300.0,SHIRT,CLOTH,online,Hyderabad,08-22-2025,1,UPI,0.15,AnthonyLawrence@gmail.com,7569957287,successful
856,965,Donald Poole,109,65000.0,Refrigerator,Home Appliances,offline,Mumbai,2026-03-30 00:00:00,4,Cash,0.25,DonaldPoole@yahoo.com,7170684135,successful
857,996,Barbara Morris,110,45000.0,microwave,HOME,online,Hyderabad,2026-04-05 00:00:00,1,Cash,0.05,Barbara54@gmail.com,8799907956,successful
858,63,Joseph Little,108,15000.0,Mixer grinder,home appliances,offline,Mumbai,08-16-2025,2,NetBanking,0.2,JosephLittle@yahoo.com,7793820553,successful
859,77,Robert Diaz,108,,Mixer grinder,HOME,offline,Hyderabad,2026-01-04 00:00:00,3,Card,0.05,RobertDiaz@yahoo.com,6906016645,successful
860,502,Amy Stewart,109,65000.0,REFRIGERATOR,HOME,online,Delhi,2026-03-02 00:00:00,3,Card,0.05,AmyStewart@gmail.com,9928097862,successful
861,894,Felicia Rollins,102,70000.0,phone,ELEC,offline,Bangalore,2026-01-03 00:00:00,3,NetBanking,0.15,FeliciaRollins@yahoo.com,8831488195,successful
862,469,Michael Garcia,103,1300.0,shirt,Clothing,online,Delhi,2025-11-07 00:00:00,5,UPI,0.15,Michael3@gmail.com,7570939516,successful
863,258,Larry Taylor,105,45000.0,TV,ELEC,online,Chennai,04-19-2025,4,NetBanking,0.2,LarryTaylor@yahoo.com,9823327795,successful
863,258,Larry Taylor,105,45000.0,TV,ELEC,online,Chennai,04-19-2025,4,NetBanking,0.2,LarryTaylor@yahoo.com,9823327795,failed
864,56,Joshua Li,110,45000.0,MICROWAVE,Home Appliances,online,Bangalore,2025-12-11 00:00:00,4,UPI,0.35,Joshua89@gmail.com,7095086990,successful
865,698,Jennifer Mendoza,110,45000.0,microwave,Home Appliances,offline,Chennai,2026-02-19 00:00:00,3,UPI,0.3,JenniferMendoza@outlook.com,8547623194,successful
866,974,Phillip Rodriguez,106,,SOFA,furniture,online,Bangalore,2025-07-11 00:00:00,2,NetBanking,0.2,PhillipRodriguez@yahoo.com,8715899416,successful
867,836,Jennifer Ross,103,1300.0,SHIRT,clothing,online,Chennai,2025-06-29 00:00:00,1,NetBanking,0.35,JenniferRoss@gmail.com,9759981995,successful
868,447,Zachary Johnson,108,15000.0,MIXER GRINDER,Home Appliances,online,Bangalore,10-31-2025,4,UPI,0.25,ZacharyJohnson@gmail.com,6033460036,successful
869,76,Cindy Lewis,106,80000.0,sofa,Furniture,online,Chennai,2025-09-29 00:00:00,4,Card,0.4,CindyLewis@outlook.com,6646839866,successful
870,79,Tony Jones,104,8000.0,Shoes,clothing,online,Bangalore,2026-03-09 00:00:00,1,Card,0.2,TonyJones@yahoo.com,7100845623,successful
871,874,Samuel Patel,107,50000.0,Dining table,furniture,offline,Mumbai,04-15-2026,2,NetBanking,0.1,Samuel51@gmail.com,6800413067,successful
872,557,Joseph Cowan,104,8000.0,Shoes,clothing,online,Hyderabad,2025-11-28 00:00:00,1,Card,0.1,JosephCowan@gmail.com,6442999909,successful
873,38,Laura Shelton,105,45000.0,Tv,Electronics,online,Bangalore,2025-06-28 00:00:00,3,Card,0.4,LauraShelton@gmail.com,6595077405,successful
873,38,Laura Shelton,105,45000.0,Tv,Electronics,online,Bangalore,2025-06-28 00:00:00,3,Card,0.4,LauraShelton@gmail.com,6595077405,failed
874,789,Bryan Walker,110,45000.0,MICROWAVE,HOME,online,Chennai,2025-07-06 00:00:00,2,Card,0.05,Bryan21@gmail.com,7517058567,successful
875,430,Elizabeth Stephens,104,8000.0,Shoes,CLOTH,online,Delhi,12-15-2025,3,Card,0.1,Elizabeth78@gmail.com,8179118257,successful
876,7,John Edwards,104,8000.0,SHOES,Clothing,offline,Delhi,2025-06-28 00:00:00,4,UPI,0.05,JohnEdwards@outlook.com,9737526576,successful
877,84,Paul Pacheco,109,65000.0,Refrigerator,HOME,online,Bangalore,2026-04-04 00:00:00,4,Card,0.4,PaulPacheco@outlook.com,6774884257,successful
878,1,Karen Pollard,110,45000.0,Microwave,HOME,online,Hyderabad,2025-05-01 00:00:00,1,NetBanking,0.2,KarenPollard@yahoo.com,7148256363,successful
879,202,Amanda Reed,104,8000.0,shoes,clothing,offline,Delhi,2026-03-31 00:00:00,2,UPI,0.4,AmandaReed@yahoo.com,6574367299,successful
880,483,Stephanie Holt,109,65000.0,refrigerator,home appliances,offline,Bangalore,2025-05-18 00:00:00,2,Cash,0.35,StephanieHolt@outlook.com,7177083707,successful
881,985,Lindsey Rivas,102,70000.0,Phone,ELEC,offline,Bangalore,01-25-2026,1,Card,0.05,LindseyRivas@yahoo.com,8429169056,successful
881,985,Lindsey Rivas,102,70000.0,Phone,ELEC,offline,Bangalore,01-25-2026,1,Card,0.05,LindseyRivas@yahoo.com,8429169056,failed
882,97,Joseph Nolan,106,80000.0,SOFA,furniture,offline,Bangalore,2025-01-07 00:00:00,3,Cash,0.05,JosephNolan@outlook.com,9572183593,successful
883,931,Melissa Lewis,110,45000.0,microwave,home appliances,offline,Mumbai,2025-10-26 00:00:00,1,Card,0.15,Melissa44@gmail.com,9580587595,successful
884,558,Bryan Phelps,108,15000.0,mixer grinder,Home Appliances,offline,Chennai,2025-05-10 00:00:00,2,NetBanking,0.25,BryanPhelps@gmail.com,8827603862,successful
885,821,Margaret Parker,108,15000.0,mixer grinder,HOME,online,Delhi,2026-03-25 00:00:00,-1,NetBanking,0.25,Margaret32@gmail.com,9826127968,successful
886,941,Chelsea Wallace,105,45000.0,TV,Electronics,offline,Bangalore,2025-09-25 00:00:00,1,NetBanking,0.3,ChelseaWallace@outlook.com,9617601736,successful
887,237,Jamie Casey,109,65000.0,refrigerator,home appliances,online,Mumbai,02-23-2026,1,NetBanking,0.4,JamieCasey@yahoo.com,8424239410,successful
888,144,Amber Boyd,101,250000.0,Laptop,Electronics,online,Mumbai,2025-10-30 00:00:00,4,Cash,0.4,Amber13@gmail.com,9100165581,successful
889,383,Debra Parker,110,45000.0,Microwave,Home Appliances,offline,Mumbai,09-13-2025,3,Card,0.3,DebraParker@outlook.com,8344565109,successful
890,725,Jody Martinez,108,15000.0,mixer grinder,HOME,online,Bangalore,01-30-2026,1,Cash,0.2,JodyMartinez@gmail.com,7989096889,successful
891,986,Judy Clark,104,8000.0,SHOES,CLOTH,online,Chennai,2025-07-30 00:00:00,4,Cash,0.05,JudyClark@yahoo.com,9810524786,successful
892,925,Steve Ayala,104,8000.0,Shoes,CLOTH,online,Hyderabad,2025-09-20 00:00:00,4,Card,0.1,SteveAyala@gmail.com,9576287018,successful
893,838,Susan Torres,106,80000.0,Sofa,Furniture,offline,Chennai,12-30-2025,4,NetBanking,0.15,SusanTorres@outlook.com,8776486426,successful
894,723,Christopher Walter,103,1300.0,SHIRT,Clothing,online,Hyderabad,2025-07-19 00:00:00,4,Cash,0.2,ChristopherWalter@gmail.com,9036645707,successful
895,450,Matthew Martinez,102,70000.0,Phone,ELEC,online,Bangalore,2025-12-03 00:00:00,2,NetBanking,0.15,MatthewMartinez@outlook.com,6157774344,successful
896,528,Kerri Rodriguez,105,45000.0,tv,electronics,online,Chennai,2025-07-22 00:00:00,4,Cash,0.2,Kerri90@gmail.com,7758070493,successful
897,390,Erika Knight,103,1300.0,Shirt,clothing,offline,Mumbai,2025-10-30 00:00:00,4,UPI,0.35,Erika14@gmail.com,8802577025,successful
898,136,Jasmine Miller,108,15000.0,MIXER GRINDER,HOME,offline,Chennai,2025-12-24 00:00:00,2,Card,0.2,JasmineMiller@yahoo.com,8778014213,successful
899,194,Leonard Taylor,107,50000.0,DINING TABLE,Furniture,online,Chennai,2025-09-08 00:00:00,4,Card,0.15,Leonard55@gmail.com,8870238398,successful
900,128,Ethan Porter,104,8000.0,SHOES,clothing,offline,Bangalore,2025-12-27 00:00:00,1,UPI,0.05,EthanPorter@yahoo.com,6960954264,successful
900,128,Ethan Porter,104,8000.0,SHOES,clothing,offline,Bangalore,2025-12-27 00:00:00,1,UPI,0.05,EthanPorter@yahoo.com,6960954264,failed
901,674,Haley Alvarez,104,8000.0,Shoes,CLOTH,offline,Bangalore,2026-02-09 00:00:00,3,NetBanking,0.35,HaleyAlvarez@outlook.com,9910438272,successful
902,109,Michael Walker,107,50000.0,Dining table,furniture,offline,Mumbai,2025-12-19 00:00:00,3,Cash,0.35,MichaelWalker@yahoo.com,9982367171,successful
903,343,Allen Mcdowell,106,80000.0,Sofa,Furniture,offline,Bangalore,11-14-2025,3,UPI,0.35,AllenMcdowell@yahoo.com,7592071170,successful
904,592,Timothy Medina,103,1300.0,SHIRT,Clothing,offline,Delhi,2025-06-15 00:00:00,2,NetBanking,0.25,Timothy8@gmail.com,7059828501,successful
905,816,Erika Martin,110,45000.0,microwave,Home Appliances,offline,Delhi,2026-01-08 00:00:00,5,UPI,0.3,ErikaMartin@yahoo.com,7021501945,successful
906,548,Jesse King,106,80000.0,SOFA,furniture,offline,Mumbai,2025-04-23 00:00:00,1,Card,0.2,JesseKing@outlook.com,8141483975,successful
907,650,Michael Haynes,104,8000.0,Shoes,CLOTH,offline,Hyderabad,2026-03-04 00:00:00,2,UPI,0.25,MichaelHaynes@yahoo.com,6045946833,successful
908,889,Robert Carlson,104,8000.0,shoes,CLOTH,offline,Delhi,2025-12-01 00:00:00,3,NetBanking,0.1,Robert40@gmail.com,9576398201,successful
909,465,Heather Walker,109,65000.0,REFRIGERATOR,HOME,online,Hyderabad,03-25-2026,3,NetBanking,0.2,HeatherWalker@gmail.com,8982161402,successful
910,999,Elizabeth Brooks,104,8000.0,SHOES,CLOTH,online,Hyderabad,2025-04-17 00:00:00,2,NetBanking,0.35,ElizabethBrooks@yahoo.com,8844327706,successful
911,269,Christina Conrad,102,70000.0,Phone,ELEC,online,Chennai,2026-02-24 00:00:00,4,Cash,0.1,ChristinaConrad@yahoo.com,8372681847,successful
912,404,Julian Cox,108,15000.0,mixer grinder,HOME,offline,Delhi,2025-08-01 00:00:00,1,NetBanking,0.05,JulianCox@outlook.com,9942453039,successful
913,211,Arthur Lopez,105,45000.0,TV,electronics,offline,Hyderabad,2025-04-26 00:00:00,3,UPI,0.2,ArthurLopez@yahoo.com,8570743529,successful
914,947,Gabriel Golden,101,250000.0,laptop,ELEC,offline,Mumbai,2026-05-04 00:00:00,2,Card,0.3,Gabriel55@gmail.com,7538937330,successful
915,73,Anthony Gonzalez,103,1300.0,Shirt,clothing,offline,Mumbai,2025-06-11 00:00:00,2,Card,0.2,AnthonyGonzalez@yahoo.com,9583189312,successful
916,917,Alexandria Marks,101,250000.0,Laptop,electronics,online,Hyderabad,2025-09-20 00:00:00,2,Card,0.15,AlexandriaMarks@gmail.com,8815523519,successful
917,799,Stephanie Dunn,102,70000.0,PHONE,electronics,online,Delhi,09-17-2025,2,Cash,0.1,StephanieDunn@gmail.com,7485500744,successful
918,481,Valerie Phillips,102,70000.0,phone,electronics,offline,Chennai,2025-06-21 00:00:00,2,NetBanking,0.1,ValeriePhillips@gmail.com,8466406027,successful
919,465,Heather Walker,105,,TV,ELEC,online,Hyderabad,2025-05-19 00:00:00,2,Cash,0.35,HeatherWalker@gmail.com,8982161402,successful
920,27,Ashley Simpson,105,45000.0,Tv,ELEC,online,Chennai,2025-08-07 00:00:00,3,NetBanking,0.25,AshleySimpson@outlook.com,8508765505,successful
921,324,Diana King,109,65000.0,refrigerator,home appliances,offline,Chennai,09-24-2025,-2,Card,0.2,DianaKing@gmail.com,9014640716,successful
922,162,Kirsten Thomas,104,8000.0,Shoes,CLOTH,offline,Hyderabad,2025-05-06 00:00:00,3,NetBanking,0.2,KirstenThomas@yahoo.com,9723010018,successful
923,836,Jennifer Ross,110,45000.0,Microwave,home appliances,online,Chennai,2025-09-06 00:00:00,4,Card,0.4,JenniferRoss@gmail.com,9759981995,successful
924,134,Marie Thomas,107,50000.0,Dining table,Furniture,online,Bangalore,2025-06-02 00:00:00,3,Cash,0.05,MarieThomas@outlook.com,7916224377,successful
925,187,Timothy Salazar,107,50000.0,Dining table,Furniture,online,Bangalore,2026-01-05 00:00:00,5,Card,0.2,TimothySalazar@yahoo.com,9987961410,successful
926,331,Jordan May,106,80000.0,Sofa,Furniture,offline,Chennai,2026-01-24 00:00:00,-1,Cash,0.05,JordanMay@gmail.com,9654448000,successful
927,464,Gail Wilson,108,15000.0,Mixer grinder,home appliances,offline,Mumbai,2025-04-17 00:00:00,5,Card,0.4,GailWilson@outlook.com,7773371338,successful
928,852,Morgan Lewis,110,45000.0,MICROWAVE,Home Appliances,offline,Mumbai,2025-08-13 00:00:00,4,UPI,0.15,Morgan38@gmail.com,6973154387,successful
929,526,Paul Fields,110,45000.0,microwave,home appliances,online,Chennai,2026-02-04 00:00:00,1,UPI,0.15,Paul23@gmail.com,9018641606,successful
930,399,Rebecca French,109,65000.0,Refrigerator,HOME,online,Chennai,2025-07-27 00:00:00,2,Cash,0.4,RebeccaFrench@gmail.com,7999059649,successful
931,158,Tiffany Mitchell,108,15000.0,mixer grinder,home appliances,offline,Delhi,2025-07-15 00:00:00,1,UPI,0.3,Tiffany78@gmail.com,7906116316,successful
932,674,Haley Alvarez,108,15000.0,MIXER GRINDER,Home Appliances,offline,Bangalore,09-26-2025,1,UPI,0.25,HaleyAlvarez@outlook.com,9910438272,successful
932,674,Haley Alvarez,108,15000.0,MIXER GRINDER,Home Appliances,offline,Bangalore,09-26-2025,1,UPI,0.25,HaleyAlvarez@outlook.com,9910438272,failed
933,131,Pamela Peterson,106,80000.0,Sofa,furniture,online,Bangalore,2026-03-29 00:00:00,5,Card,0.25,PamelaPeterson@gmail.com,6535198147,successful
934,561,Allison Lee,107,50000.0,dining table,Furniture,online,Mumbai,2025-07-10 00:00:00,1,Cash,0.15,Allison15@gmail.com,8312564275,successful
934,561,Allison Lee,107,50000.0,dining table,Furniture,online,Mumbai,2025-07-10 00:00:00,1,Cash,0.15,Allison15@gmail.com,8312564275,failed
935,436,Jesse Conway,109,65000.0,REFRIGERATOR,Home Appliances,offline,Hyderabad,2025-10-17 00:00:00,1,Cash,0.4,JesseConway@gmail.com,8500568681,successful
936,356,Larry Mercado,108,15000.0,mixer grinder,home appliances,online,Hyderabad,2025-12-13 00:00:00,4,NetBanking,0.05,LarryMercado@gmail.com,6907810420,successful
937,989,Jason Huerta,105,45000.0,Tv,ELEC,online,Chennai,2025-09-10 00:00:00,4,Card,0.3,JasonHuerta@yahoo.com,9500144162,successful
938,75,Jacob Mathis,107,50000.0,Dining table,FURN,offline,Mumbai,05-17-2025,4,NetBanking,0.35,Jacob18@gmail.com,9174406187,successful
939,142,Charles Brown,108,15000.0,MIXER GRINDER,HOME,online,Hyderabad,2025-12-12 00:00:00,2,UPI,0.35,Charles7@gmail.com,9980826322,successful
940,232,Joel Reid,109,65000.0,REFRIGERATOR,home appliances,offline,Chennai,2026-04-14 00:00:00,3,Cash,0.2,JoelReid@gmail.com,8181885220,successful
941,37,Joshua Nunez,105,45000.0,TV,electronics,offline,Mumbai,2025-10-17 00:00:00,5,Card,0.1,JoshuaNunez@yahoo.com,8587718785,successful
942,507,Thomas Cameron,106,80000.0,SOFA,FURN,offline,Delhi,2025-11-27 00:00:00,3,Card,0.35,ThomasCameron@outlook.com,9216552264,successful
943,981,Christine Harper,107,50000.0,dining table,furniture,offline,Mumbai,2025-08-26 00:00:00,4,UPI,0.05,Christine61@gmail.com,6859295939,successful
944,28,Nicholas Carroll,103,1300.0,Shirt,CLOTH,offline,Chennai,01-20-2026,5,Card,0.1,Nicholas27@gmail.com,9314763542,successful
945,207,Tonya Lopez,103,1300.0,SHIRT,clothing,online,Bangalore,2025-06-28 00:00:00,2,Card,0.3,TonyaLopez@gmail.com,8023940519,successful
946,207,Tonya Lopez,104,8000.0,shoes,clothing,offline,Bangalore,2025-10-14 00:00:00,5,Cash,0.15,TonyaLopez@gmail.com,8023940519,successful
947,879,Andrew Johnston,106,80000.0,sofa,furniture,offline,Mumbai,10-16-2025,3,Cash,0.05,AndrewJohnston@yahoo.com,9290408466,successful
948,516,Brittany Roberts,102,70000.0,PHONE,ELEC,offline,Hyderabad,2025-11-30 00:00:00,2,Card,0.4,BrittanyRoberts@outlook.com,8493897057,successful
949,87,Peter Silva,101,250000.0,laptop,Electronics,online,Chennai,04-20-2025,2,Cash,0.35,PeterSilva@outlook.com,7226480954,successful
949,87,Peter Silva,101,250000.0,laptop,Electronics,online,Chennai,04-20-2025,2,Cash,0.35,PeterSilva@outlook.com,7226480954,failed
950,205,Renee Harris,105,45000.0,tv,ELEC,offline,Mumbai,2025-04-30 00:00:00,2,UPI,0.4,ReneeHarris@gmail.com,9467171150,successful
950,205,Renee Harris,105,45000.0,tv,ELEC,offline,Mumbai,2025-04-30 00:00:00,2,UPI,0.4,ReneeHarris@gmail.com,9467171150,failed
951,431,Tracie Kim,106,,Sofa,Furniture,offline,Bangalore,2026-02-01 00:00:00,1,Cash,0.1,TracieKim@yahoo.com,8301285130,successful
952,6,Eric Turner,106,80000.0,sofa,furniture,offline,Hyderabad,07-15-2025,4,NetBanking,0.35,EricTurner@outlook.com,7747196182,successful
952,6,Eric Turner,106,80000.0,sofa,furniture,offline,Hyderabad,07-15-2025,4,NetBanking,0.35,EricTurner@outlook.com,7747196182,failed
953,129,Thomas Wells,106,80000.0,Sofa,Furniture,online,Bangalore,02-15-2026,3,NetBanking,0.4,ThomasWells@outlook.com,9456737186,successful
954,604,Craig Miller,105,45000.0,tv,Electronics,offline,Chennai,2025-08-09 00:00:00,2,Card,0.4,CraigMiller@outlook.com,6811872647,successful
955,244,Frederick Gonzalez,110,45000.0,MICROWAVE,HOME,online,Chennai,10-26-2025,1,Card,0.15,FrederickGonzalez@outlook.com,7865581750,successful
956,847,Eric Mejia,108,15000.0,mixer grinder,Home Appliances,online,Delhi,2026-03-14 00:00:00,5,NetBanking,0.3,EricMejia@gmail.com,9155621886,successful
957,966,Susan Phillips,101,250000.0,Laptop,electronics,online,Delhi,2026-03-11 00:00:00,2,Cash,0.05,SusanPhillips@gmail.com,8202203718,successful
958,443,Judy Patton,103,1300.0,SHIRT,Clothing,offline,Chennai,2025-11-06 00:00:00,4,NetBanking,0.15,JudyPatton@yahoo.com,6213255429,successful
958,443,Judy Patton,103,1300.0,SHIRT,Clothing,offline,Chennai,2025-11-06 00:00:00,4,NetBanking,0.15,JudyPatton@yahoo.com,6213255429,failed
959,864,Cameron Black,102,70000.0,Phone,Electronics,offline,Chennai,2025-11-18 00:00:00,5,Cash,0.3,CameronBlack@yahoo.com,9938169477,successful
960,714,Scott Lane,103,1300.0,Shirt,Clothing,offline,Mumbai,2025-08-24 00:00:00,2,NetBanking,0.2,ScottLane@gmail.com,9907024950,successful
961,584,Stacie Jones,102,70000.0,phone,electronics,offline,Chennai,2026-04-08 00:00:00,5,Cash,0.05,StacieJones@gmail.com,9671322693,successful
962,985,Lindsey Rivas,104,8000.0,SHOES,CLOTH,offline,Bangalore,2025-07-06 00:00:00,2,Cash,0.15,LindseyRivas@yahoo.com,8429169056,successful
963,338,Lisa Garrison,107,50000.0,Dining table,FURN,offline,Delhi,2025-08-02 00:00:00,2,UPI,0.4,LisaGarrison@outlook.com,6733039437,successful
964,967,Brittany Bush,107,50000.0,DINING TABLE,FURN,online,Hyderabad,2026-01-03 00:00:00,2,NetBanking,0.1,BrittanyBush@yahoo.com,8867314454,successful
965,304,Aaron Moore,106,,Sofa,Furniture,online,Delhi,2025-11-26 00:00:00,5,UPI,0.1,AaronMoore@outlook.com,8724496246,successful
966,200,Miguel Proctor,107,50000.0,DINING TABLE,furniture,online,Delhi,2025-11-21 00:00:00,4,Cash,0.35,MiguelProctor@gmail.com,8148175835,successful
967,908,Michelle Shaw,104,8000.0,shoes,CLOTH,online,Hyderabad,2026-03-04 00:00:00,1,NetBanking,0.35,MichelleShaw@gmail.com,7623143812,successful
968,52,David Hernandez,102,70000.0,phone,electronics,online,Mumbai,2026-08-01 00:00:00,2,NetBanking,0.05,DavidHernandez@gmail.com,9319072999,successful
969,77,Robert Diaz,106,80000.0,sofa,furniture,offline,Hyderabad,2025-06-18 00:00:00,2,Cash,0.2,RobertDiaz@yahoo.com,6906016645,successful
970,422,Patrick Ramirez,103,1300.0,shirt,Clothing,offline,Delhi,2026-02-02 00:00:00,4,Cash,0.3,Patrick42@gmail.com,6324645459,successful
971,757,Yvette Clark,109,65000.0,Refrigerator,HOME,offline,Hyderabad,2025-04-24 00:00:00,1,Cash,0.4,YvetteClark@gmail.com,6025126334,successful
972,625,Elizabeth Duran,110,45000.0,Microwave,Home Appliances,online,Mumbai,2026-03-27 00:00:00,5,Cash,0.25,ElizabethDuran@gmail.com,7848866997,successful
973,991,Darlene Chapman,108,15000.0,MIXER GRINDER,Home Appliances,online,Hyderabad,2026-02-05 00:00:00,2,Cash,0.1,Darlene90@gmail.com,8139250595,successful
974,698,Jennifer Mendoza,104,8000.0,Shoes,CLOTH,online,Chennai,2025-07-14 00:00:00,3,Card,0.35,JenniferMendoza@outlook.com,8547623194,successful
975,204,Kevin Osborne,103,1300.0,Shirt,clothing,offline,Chennai,2025-07-29 00:00:00,3,Card,0.35,Kevin1@gmail.com,6283888034,successful
976,330,Don Thompson,101,,Laptop,electronics,online,Hyderabad,2025-06-16 00:00:00,5,UPI,0.2,DonThompson@outlook.com,8679021714,successful
977,303,Derek Rose,102,70000.0,Phone,Electronics,online,Chennai,2025-07-24 00:00:00,5,UPI,0.1,Derek21@gmail.com,9660861211,successful
978,178,Claudia Miles,105,45000.0,Tv,electronics,offline,Bangalore,2025-09-18 00:00:00,5,UPI,0.2,ClaudiaMiles@outlook.com,8687865587,successful
978,178,Claudia Miles,105,45000.0,Tv,electronics,offline,Bangalore,2025-09-18 00:00:00,5,UPI,0.2,ClaudiaMiles@outlook.com,8687865587,failed
979,381,Melissa Garza,109,65000.0,REFRIGERATOR,HOME,offline,Hyderabad,2025-06-05 00:00:00,3,NetBanking,0.25,MelissaGarza@gmail.com,6928004306,successful
980,694,Lori Barrera,106,,SOFA,FURN,online,Hyderabad,2025-09-30 00:00:00,5,NetBanking,0.1,Lori3@gmail.com,9572854973,successful
981,813,John Harris,107,50000.0,DINING TABLE,FURN,online,Chennai,2025-08-25 00:00:00,4,UPI,0.1,JohnHarris@gmail.com,9597553148,successful
981,813,John Harris,107,50000.0,DINING TABLE,FURN,online,Chennai,2025-08-25 00:00:00,4,UPI,0.1,JohnHarris@gmail.com,9597553148,failed
982,796,Jasmine Lopez,104,8000.0,shoes,clothing,offline,Bangalore,2025-09-26 00:00:00,3,NetBanking,0.35,JasmineLopez@outlook.com,9109427917,successful
983,819,Daniel Vang,105,45000.0,TV,Electronics,offline,Chennai,2026-01-30 00:00:00,5,Card,0.4,DanielVang@outlook.com,8622339771,successful
984,398,Michele Sanchez,102,70000.0,Phone,Electronics,online,Bangalore,12-27-2025,1,Card,0.35,MicheleSanchez@outlook.com,6047184961,successful
985,736,Lisa Lee,101,250000.0,LAPTOP,Electronics,offline,Delhi,2025-01-08 00:00:00,2,Cash,0.2,Lisa63@gmail.com,7056446221,successful
986,108,Andrew Vazquez,108,,mixer grinder,Home Appliances,offline,Delhi,2025-04-28 00:00:00,1,NetBanking,0.2,AndrewVazquez@yahoo.com,9590808527,successful
987,539,Kari Austin,103,1300.0,Shirt,CLOTH,offline,Bangalore,2026-01-19 00:00:00,1,Card,0.15,KariAustin@outlook.com,8841660010,successful
988,185,Sarah Cohen,102,70000.0,PHONE,ELEC,offline,Mumbai,2025-05-28 00:00:00,1,NetBanking,0.35,SarahCohen@outlook.com,8825874728,successful
989,674,Haley Alvarez,110,45000.0,Microwave,HOME,offline,Bangalore,2025-06-20 00:00:00,3,Card,0.4,HaleyAlvarez@outlook.com,9910438272,successful
990,777,Charles Vang,108,15000.0,Mixer grinder,HOME,offline,Hyderabad,04-19-2025,1,Card,0.35,CharlesVang@yahoo.com,9387030691,successful
991,704,Susan Thomas,109,65000.0,REFRIGERATOR,home appliances,online,Chennai,11-22-2025,2,Card,0.05,SusanThomas@outlook.com,6067266032,successful
992,680,Benjamin Anderson,110,45000.0,Microwave,HOME,online,Delhi,2026-04-03 00:00:00,2,NetBanking,0.25,BenjaminAnderson@yahoo.com,7059506812,successful
992,680,Benjamin Anderson,110,45000.0,Microwave,HOME,online,Delhi,2026-04-03 00:00:00,2,NetBanking,0.25,BenjaminAnderson@yahoo.com,7059506812,failed
993,287,Cory Howell,104,8000.0,SHOES,CLOTH,online,Delhi,2025-04-21 00:00:00,1,NetBanking,0.35,Cory93@gmail.com,6894154787,successful
994,107,Cory Tyler,101,250000.0,LAPTOP,ELEC,online,Chennai,2025-07-31 00:00:00,5,Cash,0.15,CoryTyler@outlook.com,7231357413,successful
995,725,Jody Martinez,107,50000.0,dining table,FURN,online,Bangalore,2026-02-16 00:00:00,2,UPI,0.25,JodyMartinez@gmail.com,7989096889,successful
996,274,Joseph Parker,108,15000.0,Mixer grinder,HOME,online,Bangalore,2025-01-10 00:00:00,5,Card,0.2,JosephParker@gmail.com,7902179206,successful
997,181,Maria Robinson,106,80000.0,sofa,furniture,offline,Delhi,2025-05-08 00:00:00,2,Card,0.25,MariaRobinson@gmail.com,8794772717,successful
998,163,Robert Carlson,110,45000.0,microwave,home appliances,offline,Mumbai,2026-01-04 00:00:00,2,Cash,0.4,RobertCarlson@gmail.com,8612716458,successful
999,222,Emily Hernandez,102,,phone,electronics,offline,Delhi,2026-03-18 00:00:00,3,NetBanking,0.05,EmilyHernandez@gmail.com,8919398256,successful
1000,279,Lucas Stevens,108,15000.0,mixer grinder,HOME,online,Hyderabad,04-20-2025,4,Cash,0.1,LucasStevens@outlook.com,6788203687,successful
1001,384,Jeffrey Williams,102,70000.0,Phone,Electronics,offline,Mumbai,2025-10-03 00:00:00,2,Cash,0.4,JeffreyWilliams@outlook.com,6639911749,successful
1002,822,Christine Rivera,109,65000.0,REFRIGERATOR,home appliances,offline,Hyderabad,2025-03-12 00:00:00,3,NetBanking,0.15,ChristineRivera@yahoo.com,6691516621,successful
1003,572,Holly Russell,109,,Refrigerator,home appliances,offline,Hyderabad,2026-01-06 00:00:00,2,UPI,0.15,HollyRussell@outlook.com,8192200837,successful
1004,517,Fernando Garza,104,,shoes,clothing,offline,Mumbai,04-26-2025,3,NetBanking,0.4,Fernando29@gmail.com,7070665200,successful
1005,449,Erin Summers,101,250000.0,laptop,Electronics,online,Delhi,12-28-2025,5,Card,0.2,ErinSummers@yahoo.com,9659403005,successful
1006,196,Mary Hicks,104,8000.0,shoes,Clothing,online,Chennai,2026-02-27 00:00:00,3,Card,0.2,MaryHicks@gmail.com,7873921272,successful
1006,196,Mary Hicks,104,8000.0,shoes,Clothing,online,Chennai,2026-02-27 00:00:00,3,Card,0.2,MaryHicks@gmail.com,7873921272,failed
1007,187,Timothy Salazar,109,65000.0,Refrigerator,HOME,offline,Bangalore,2025-07-07 00:00:00,4,NetBanking,0.35,TimothySalazar@yahoo.com,9987961410,successful
1008,167,Madison Gentry,105,45000.0,TV,ELEC,online,Delhi,2026-03-17 00:00:00,5,Cash,0.15,MadisonGentry@yahoo.com,6300464928,successful
1009,9,Dillon Harris,102,70000.0,PHONE,ELEC,offline,Mumbai,2025-11-23 00:00:00,1,Cash,0.1,Dillon63@gmail.com,8431965006,successful
1010,660,Jessica Stephenson,110,45000.0,microwave,home appliances,online,Hyderabad,2026-02-26 00:00:00,3,UPI,0.1,JessicaStephenson@gmail.com,8684231390,successful
1011,43,Jennifer Frye,110,45000.0,Microwave,Home Appliances,offline,Chennai,2026-03-12 00:00:00,3,UPI,0.15,JenniferFrye@outlook.com,8475221395,successful
1012,650,Michael Haynes,102,70000.0,Phone,ELEC,online,Hyderabad,03-29-2026,2,UPI,0.15,MichaelHaynes@yahoo.com,6045946833,successful
1012,650,Michael Haynes,102,70000.0,Phone,ELEC,online,Hyderabad,03-29-2026,2,UPI,0.15,MichaelHaynes@yahoo.com,6045946833,failed
1013,213,Nancy Lee,108,15000.0,mixer grinder,home appliances,online,Hyderabad,2025-05-27 00:00:00,2,UPI,0.3,NancyLee@yahoo.com,8856457242,successful
1014,940,Nicole Briggs,106,,sofa,Furniture,online,Chennai,2025-11-18 00:00:00,3,Cash,0.25,Nicole57@gmail.com,6683550293,successful
1015,836,Jennifer Ross,104,,Shoes,clothing,online,Chennai,11-29-2025,4,NetBanking,0.05,JenniferRoss@gmail.com,9759981995,successful
1016,66,Jonathan Lewis,102,70000.0,PHONE,electronics,offline,Bangalore,2025-12-31 00:00:00,3,Card,0.25,JonathanLewis@gmail.com,6053764680,successful
1017,953,Adam Taylor,101,250000.0,laptop,Electronics,offline,Bangalore,05-31-2025,3,UPI,0.05,Adam83@gmail.com,9115270391,successful
1018,731,Mike Chavez,105,45000.0,tv,ELEC,online,Hyderabad,2025-10-28 00:00:00,5,Card,0.4,MikeChavez@outlook.com,6341636056,successful
1019,948,Deborah Payne,109,65000.0,Refrigerator,HOME,offline,Mumbai,2025-08-09 00:00:00,4,Card,0.35,DeborahPayne@yahoo.com,6336002428,successful
1020,273,John Evans,108,15000.0,Mixer grinder,Home Appliances,offline,Hyderabad,2026-03-25 00:00:00,5,Card,0.4,JohnEvans@outlook.com,9981751499,successful
1021,430,Elizabeth Stephens,110,45000.0,Microwave,home appliances,offline,Delhi,2025-09-12 00:00:00,4,Card,0.05,Elizabeth78@gmail.com,8179118257,successful
1022,152,Levi Leon,106,80000.0,Sofa,furniture,online,Chennai,2025-05-04 00:00:00,2,NetBanking,0.35,Levi30@gmail.com,6634513306,successful
1023,393,Shannon Alvarez,105,45000.0,Tv,Electronics,offline,Mumbai,2025-12-19 00:00:00,5,NetBanking,0.3,ShannonAlvarez@gmail.com,9564682230,successful
1024,565,Craig Moore,106,80000.0,sofa,FURN,online,Mumbai,2025-08-11 00:00:00,2,UPI,0.1,CraigMoore@gmail.com,9983242911,successful
1025,901,Robert Mccoy,102,70000.0,PHONE,Electronics,online,Mumbai,2025-12-19 00:00:00,5,Card,0.05,RobertMccoy@gmail.com,6111279632,successful
1026,290,Megan Carter,109,65000.0,REFRIGERATOR,HOME,offline,Chennai,2025-10-06 00:00:00,5,Card,0.3,MeganCarter@yahoo.com,6205851923,successful
1027,574,Carl Barrera,106,80000.0,SOFA,Furniture,offline,Bangalore,02-26-2026,5,Cash,0.35,CarlBarrera@outlook.com,6248556775,successful
1028,959,Andrea Bailey,107,50000.0,dining table,FURN,offline,Chennai,09-18-2025,1,Cash,0.1,AndreaBailey@gmail.com,6729410607,successful
1029,329,William Jackson,107,50000.0,dining table,furniture,online,Mumbai,2026-01-15 00:00:00,5,NetBanking,0.05,WilliamJackson@outlook.com,7805292206,successful
1029,329,William Jackson,107,50000.0,dining table,furniture,online,Mumbai,2026-01-15 00:00:00,5,NetBanking,0.05,WilliamJackson@outlook.com,7805292206,failed
1030,584,Stacie Jones,106,80000.0,Sofa,FURN,online,Chennai,05-17-2025,2,UPI,0.1,StacieJones@gmail.com,9671322693,successful
1031,619,Angelica Wood,105,45000.0,TV,electronics,online,Mumbai,2025-08-17 00:00:00,2,Card,0.35,AngelicaWood@outlook.com,9231454769,successful
1032,717,Lisa Palmer,109,65000.0,Refrigerator,Home Appliances,online,Mumbai,2025-10-06 00:00:00,2,Card,0.15,LisaPalmer@outlook.com,9293433987,successful
1033,116,Doris Banks,109,,REFRIGERATOR,Home Appliances,online,Delhi,2025-12-01 00:00:00,5,UPI,0.35,DorisBanks@yahoo.com,9354316106,successful
1034,467,Tommy Brown,102,70000.0,Phone,electronics,offline,Chennai,2026-02-18 00:00:00,1,Card,0.3,TommyBrown@outlook.com,6791603392,successful
1034,467,Tommy Brown,102,70000.0,Phone,electronics,offline,Chennai,2026-02-18 00:00:00,1,Card,0.3,TommyBrown@outlook.com,6791603392,failed
1035,108,Andrew Vazquez,108,15000.0,MIXER GRINDER,HOME,online,Delhi,08-13-2025,2,NetBanking,0.3,AndrewVazquez@yahoo.com,9590808527,successful
1036,58,Michelle Barnes,103,1300.0,SHIRT,CLOTH,offline,Hyderabad,2025-10-02 00:00:00,2,UPI,0.15,Michelle20@gmail.com,7266816620,successful
1037,494,Russell Estes,105,45000.0,Tv,Electronics,online,Chennai,2025-07-23 00:00:00,1,Cash,0.3,RussellEstes@yahoo.com,6730828527,successful
1038,647,Michelle Conway,110,45000.0,microwave,home appliances,online,Chennai,2025-08-24 00:00:00,5,UPI,0.4,MichelleConway@yahoo.com,9030419105,successful
1039,159,Patrick Lucas,108,15000.0,Mixer grinder,Home Appliances,online,Delhi,2026-10-03 00:00:00,3,Card,0.2,PatrickLucas@gmail.com,7641363339,successful
1040,750,Kristi Blackwell,109,,refrigerator,HOME,offline,Hyderabad,2025-12-03 00:00:00,3,Card,0.1,KristiBlackwell@yahoo.com,7744513501,successful
1041,672,Austin Perez,102,70000.0,phone,Electronics,offline,Delhi,2026-01-12 00:00:00,3,Cash,0.35,Austin35@gmail.com,6030034218,successful
1042,993,Julie Wade,106,,sofa,furniture,online,Bangalore,2025-08-30 00:00:00,2,NetBanking,0.4,JulieWade@outlook.com,7427719325,successful
1043,398,Michele Sanchez,102,70000.0,Phone,Electronics,online,Bangalore,2025-07-07 00:00:00,2,Cash,0.25,MicheleSanchez@outlook.com,6047184961,successful
1044,567,Benjamin Peters,103,1300.0,SHIRT,clothing,offline,Bangalore,2025-12-24 00:00:00,2,UPI,0.05,Benjamin60@gmail.com,7804618438,successful
1044,567,Benjamin Peters,103,1300.0,SHIRT,clothing,offline,Bangalore,2025-12-24 00:00:00,2,UPI,0.05,Benjamin60@gmail.com,7804618438,failed
1045,348,James Nash,109,,refrigerator,HOME,offline,Chennai,2025-08-14 00:00:00,5,Card,0.35,James62@gmail.com,7753726437,successful
1046,907,Jeffrey Mccall,101,250000.0,LAPTOP,Electronics,online,Hyderabad,2025-10-21 00:00:00,1,UPI,0.25,Jeffrey63@gmail.com,6709574650,successful
1047,977,Gloria Navarro,106,80000.0,sofa,Furniture,online,Chennai,04-20-2025,3,NetBanking,0.4,GloriaNavarro@yahoo.com,7212940862,successful
1048,143,Brian Johnson,109,65000.0,Refrigerator,Home Appliances,offline,Chennai,2025-08-24 00:00:00,4,UPI,0.15,BrianJohnson@yahoo.com,6408880131,successful
1049,566,Tina Chung,102,70000.0,Phone,electronics,offline,Mumbai,2025-04-08 00:00:00,2,Card,0.35,Tina71@gmail.com,6779966511,successful
1050,19,Jessica Osborne,109,65000.0,refrigerator,HOME,online,Mumbai,11-30-2025,4,Cash,0.05,JessicaOsborne@outlook.com,8664830000,successful
1051,209,Aaron Mclaughlin,104,8000.0,SHOES,CLOTH,offline,Chennai,12-17-2025,5,NetBanking,0.35,AaronMclaughlin@outlook.com,8765355147,successful
1052,911,Kelly Le,107,50000.0,dining table,Furniture,offline,Delhi,2025-08-08 00:00:00,4,Card,0.1,KellyLe@outlook.com,6813665769,successful
1053,714,Scott Lane,103,1300.0,SHIRT,clothing,online,Mumbai,2025-10-26 00:00:00,5,Cash,0.15,ScottLane@gmail.com,9907024950,successful
1054,898,Joseph Tyler,105,45000.0,Tv,Electronics,offline,Hyderabad,04-19-2025,5,Cash,0.3,JosephTyler@gmail.com,6140222797,successful
1054,898,Joseph Tyler,105,45000.0,Tv,Electronics,offline,Hyderabad,04-19-2025,5,Cash,0.3,JosephTyler@gmail.com,6140222797,failed
1055,691,Clayton Miles,105,45000.0,TV,electronics,online,Mumbai,01-20-2026,1,NetBanking,0.3,ClaytonMiles@gmail.com,6887134137,successful
1056,104,Amanda Castillo,104,8000.0,shoes,clothing,online,Hyderabad,2025-06-04 00:00:00,2,Cash,0.2,AmandaCastillo@yahoo.com,9259539548,successful
1057,244,Frederick Gonzalez,101,250000.0,LAPTOP,Electronics,online,Chennai,12-31-2025,3,UPI,0.15,FrederickGonzalez@outlook.com,7865581750,successful
1058,899,Whitney Avila,103,1300.0,SHIRT,Clothing,offline,Delhi,2026-03-13 00:00:00,5,UPI,0.2,WhitneyAvila@yahoo.com,8468023615,successful
1059,473,Daniel Tapia,102,70000.0,phone,ELEC,offline,Hyderabad,2025-04-25 00:00:00,2,Card,0.15,DanielTapia@yahoo.com,9989293308,successful
1060,323,Victoria Phillips,107,50000.0,Dining table,FURN,online,Hyderabad,2026-01-20 00:00:00,1,NetBanking,0.3,VictoriaPhillips@gmail.com,6126060994,successful
1061,346,Erin Frye,108,15000.0,MIXER GRINDER,home appliances,offline,Bangalore,2025-04-24 00:00:00,2,UPI,0.3,ErinFrye@yahoo.com,6265675711,successful
1062,15,Robin Ray,109,65000.0,REFRIGERATOR,Home Appliances,online,Chennai,03-16-2026,3,UPI,0.15,RobinRay@outlook.com,6680791348,successful
1063,665,Nicole Gutierrez,104,,shoes,Clothing,online,Delhi,08-22-2025,5,NetBanking,0.05,NicoleGutierrez@gmail.com,9329806956,successful
1064,208,Matthew Berry,105,45000.0,TV,Electronics,offline,Hyderabad,2026-04-04 00:00:00,4,NetBanking,0.2,MatthewBerry@gmail.com,8863808727,successful
1065,644,John Parrish,108,15000.0,MIXER GRINDER,home appliances,online,Delhi,05-17-2025,2,UPI,0.25,JohnParrish@gmail.com,7075517481,successful
1066,87,Peter Silva,105,45000.0,TV,electronics,online,Chennai,05-15-2025,1,UPI,0.4,PeterSilva@outlook.com,7226480954,successful
1067,806,Jacqueline Cantu,103,1300.0,Shirt,clothing,offline,Chennai,2025-07-19 00:00:00,5,NetBanking,0.35,Jacqueline4@gmail.com,8698814533,successful
1067,806,Jacqueline Cantu,103,1300.0,Shirt,clothing,offline,Chennai,2025-07-19 00:00:00,5,NetBanking,0.35,Jacqueline4@gmail.com,8698814533,failed
1068,225,Caitlin Contreras,103,1300.0,Shirt,clothing,online,Chennai,2025-07-22 00:00:00,5,Card,0.05,CaitlinContreras@yahoo.com,7971343584,successful
1069,133,Christy Stone,105,45000.0,tv,electronics,online,Chennai,2025-05-04 00:00:00,2,Cash,0.35,ChristyStone@outlook.com,6490965000,successful
1070,420,Marcus Wilkinson,107,50000.0,DINING TABLE,FURN,offline,Hyderabad,2026-01-01 00:00:00,4,Cash,0.4,MarcusWilkinson@yahoo.com,7506061410,successful
1071,667,Kelsey Mendoza,102,70000.0,PHONE,Electronics,offline,Bangalore,2026-03-16 00:00:00,2,Card,0.35,KelseyMendoza@outlook.com,7562379912,successful
1072,804,Tiffany Caldwell,109,65000.0,refrigerator,HOME,offline,Bangalore,06-16-2025,3,Card,0.15,TiffanyCaldwell@outlook.com,8388097153,successful
1073,956,Christopher Ramos,101,250000.0,LAPTOP,Electronics,offline,Delhi,01-14-2026,1,Card,0.2,Christopher62@gmail.com,7268196145,successful
1074,746,James Meyer,105,45000.0,TV,ELEC,online,Bangalore,2026-03-08 00:00:00,3,UPI,0.15,JamesMeyer@outlook.com,7718155357,successful
1075,951,Richard Miller,109,,Refrigerator,home appliances,offline,Mumbai,06-19-2025,4,Card,0.15,RichardMiller@yahoo.com,7109726379,successful
1076,842,Amy Quinn,106,80000.0,SOFA,furniture,offline,Hyderabad,2025-01-11 00:00:00,3,Card,0.1,AmyQuinn@outlook.com,7272163795,successful
1076,842,Amy Quinn,106,80000.0,SOFA,furniture,offline,Hyderabad,2025-01-11 00:00:00,3,Card,0.1,AmyQuinn@outlook.com,7272163795,failed
1077,36,Brian Martinez,107,50000.0,dining table,Furniture,offline,Chennai,2025-05-10 00:00:00,1,NetBanking,0.25,Brian28@gmail.com,7151424804,successful
1078,422,Patrick Ramirez,104,8000.0,SHOES,Clothing,online,Delhi,2025-12-01 00:00:00,5,Cash,0.3,Patrick42@gmail.com,6324645459,successful
1079,320,Stephen Tyler,101,250000.0,laptop,ELEC,online,Hyderabad,2025-11-04 00:00:00,3,Card,0.05,StephenTyler@yahoo.com,8061706167,successful
1080,419,William Taylor,108,15000.0,Mixer grinder,Home Appliances,offline,Bangalore,2025-07-21 00:00:00,2,Card,0.2,WilliamTaylor@yahoo.com,8507507668,successful
1081,533,Andrew Riggs,104,8000.0,Shoes,CLOTH,online,Chennai,2025-11-05 00:00:00,4,UPI,0.25,Andrew21@gmail.com,9408130577,successful
1082,714,Scott Lane,109,65000.0,REFRIGERATOR,Home Appliances,offline,Mumbai,2025-09-26 00:00:00,3,UPI,0.2,ScottLane@gmail.com,9907024950,successful
1083,507,Thomas Cameron,107,50000.0,dining table,FURN,offline,Delhi,2026-02-14 00:00:00,1,NetBanking,0.05,ThomasCameron@outlook.com,9216552264,successful
1084,219,Alexander Phillips,109,,REFRIGERATOR,Home Appliances,offline,Mumbai,2026-04-16 00:00:00,4,Card,0.3,Alexander92@gmail.com,7235649492,successful
1085,83,Richard Lyons,101,250000.0,Laptop,Electronics,online,Hyderabad,2025-04-20 00:00:00,1,Card,0.2,RichardLyons@outlook.com,7089398537,successful
1086,868,Timothy Henderson,105,45000.0,tv,ELEC,offline,Hyderabad,2025-11-05 00:00:00,2,UPI,0.15,Timothy78@gmail.com,6565238386,successful
1087,673,Nicole Davis,101,250000.0,LAPTOP,Electronics,offline,Mumbai,2026-10-02 00:00:00,2,UPI,0.15,Nicole33@gmail.com,9730703301,successful
1088,807,Steven Li,101,250000.0,LAPTOP,Electronics,online,Mumbai,2025-09-14 00:00:00,1,UPI,0.4,StevenLi@outlook.com,6932032530,successful
1089,810,Mary Martin,105,45000.0,TV,ELEC,offline,Delhi,2025-05-30 00:00:00,5,UPI,0.15,Mary75@gmail.com,6534273960,successful
1090,441,Austin Bowman,102,70000.0,Phone,ELEC,offline,Bangalore,2025-11-02 00:00:00,1,NetBanking,0.2,AustinBowman@gmail.com,9503885527,successful
1091,156,Sara Romero,106,80000.0,sofa,Furniture,online,Chennai,2025-10-04 00:00:00,1,Card,0.05,SaraRomero@gmail.com,9107680162,successful
1092,449,Erin Summers,110,45000.0,Microwave,home appliances,online,Delhi,04-20-2025,2,Card,0.05,ErinSummers@yahoo.com,9659403005,successful
1093,485,James Harris,101,250000.0,Laptop,ELEC,online,Delhi,2026-02-01 00:00:00,4,UPI,0.05,JamesHarris@yahoo.com,8465057157,successful
1094,516,Brittany Roberts,110,45000.0,Microwave,HOME,online,Hyderabad,2026-03-23 00:00:00,2,NetBanking,0.05,BrittanyRoberts@outlook.com,8493897057,successful
1095,407,Erika Maxwell,106,80000.0,SOFA,furniture,offline,Mumbai,2025-10-05 00:00:00,1,UPI,0.05,Erika40@gmail.com,8516381379,successful
1096,492,Kelsey Torres,104,8000.0,SHOES,CLOTH,online,Bangalore,2025-05-02 00:00:00,5,UPI,0.25,KelseyTorres@outlook.com,6003830167,successful
1097,221,David Hart,106,80000.0,sofa,Furniture,online,Hyderabad,02-13-2026,4,NetBanking,0.1,David97@gmail.com,9763541312,successful
1098,367,Joshua Tate,103,1300.0,shirt,clothing,online,Delhi,2025-06-10 00:00:00,3,NetBanking,0.1,JoshuaTate@outlook.com,9891343716,successful
1099,271,Jake Arnold,110,45000.0,Microwave,home appliances,online,Bangalore,2025-06-25 00:00:00,3,Cash,0.3,Jake57@gmail.com,9249102782,successful
1100,741,Carla Spencer,107,50000.0,dining table,Furniture,offline,Hyderabad,2025-08-31 00:00:00,2,UPI,0.4,CarlaSpencer@yahoo.com,8602226102,successful
1101,723,Christopher Walter,107,50000.0,DINING TABLE,FURN,online,Hyderabad,2025-09-19 00:00:00,1,Card,0.25,ChristopherWalter@gmail.com,9036645707,successful
1102,810,Mary Martin,105,45000.0,TV,electronics,offline,Delhi,2025-08-01 00:00:00,3,UPI,0.4,Mary75@gmail.com,6534273960,successful
1102,810,Mary Martin,105,45000.0,TV,electronics,offline,Delhi,2025-08-01 00:00:00,3,UPI,0.4,Mary75@gmail.com,6534273960,failed
1103,789,Bryan Walker,105,45000.0,Tv,ELEC,offline,Chennai,02-15-2026,1,Card,0.05,Bryan21@gmail.com,7517058567,successful
1104,957,Justin Doyle,107,50000.0,dining table,FURN,online,Delhi,2026-03-19 00:00:00,4,Cash,0.4,JustinDoyle@gmail.com,9307318406,successful
1105,475,Natalie Andrews,107,50000.0,dining table,furniture,offline,Mumbai,2025-12-30 00:00:00,4,UPI,0.15,NatalieAndrews@outlook.com,7458709248,successful
1106,204,Kevin Osborne,102,,phone,electronics,online,Chennai,2025-11-11 00:00:00,3,Card,0.2,Kevin1@gmail.com,6283888034,successful
1107,54,Jessica Hernandez,106,80000.0,sofa,Furniture,offline,Hyderabad,02-20-2026,2,Cash,0.4,JessicaHernandez@outlook.com,7144391854,successful
1108,466,Kyle Morris,103,,Shirt,CLOTH,offline,Delhi,2025-04-24 00:00:00,3,NetBanking,0.15,Kyle13@gmail.com,9335736629,successful
1109,124,Sarah Rios,103,1300.0,shirt,Clothing,offline,Mumbai,2025-02-11 00:00:00,4,Cash,0.1,SarahRios@outlook.com,7979234148,successful
1110,696,Kristen Lloyd,103,,SHIRT,clothing,offline,Mumbai,09-28-2025,4,Card,0.25,KristenLloyd@outlook.com,7284664445,successful
1111,469,Michael Garcia,108,,MIXER GRINDER,home appliances,online,Delhi,2025-11-02 00:00:00,5,NetBanking,0.4,Michael3@gmail.com,7570939516,successful
1112,102,Jennifer Rodriguez,102,70000.0,phone,electronics,online,Mumbai,2025-09-09 00:00:00,1,Cash,0.25,JenniferRodriguez@yahoo.com,7437244588,successful
1113,513,Brandon Sims,110,45000.0,Microwave,Home Appliances,offline,Chennai,2025-10-21 00:00:00,5,Cash,0.4,BrandonSims@outlook.com,7025827219,successful
1114,377,Michael Black,110,,MICROWAVE,home appliances,online,Mumbai,2025-08-13 00:00:00,2,UPI,0.35,Michael57@gmail.com,6048303502,successful
1115,758,Nichole Jones,109,65000.0,REFRIGERATOR,HOME,online,Chennai,2026-02-27 00:00:00,2,NetBanking,0.2,NicholeJones@yahoo.com,6141266772,successful
1115,758,Nichole Jones,109,65000.0,REFRIGERATOR,HOME,online,Chennai,2026-02-27 00:00:00,2,NetBanking,0.2,NicholeJones@yahoo.com,6141266772,failed
1116,469,Michael Garcia,109,,Refrigerator,HOME,offline,Delhi,2026-02-19 00:00:00,2,Cash,0.15,Michael3@gmail.com,7570939516,successful
1117,456,Christopher Williams,107,50000.0,Dining table,FURN,online,Chennai,2025-10-12 00:00:00,5,Cash,0.25,Christopher33@gmail.com,7905121250,successful
1118,297,Susan Hill,101,250000.0,Laptop,ELEC,offline,Delhi,2025-08-07 00:00:00,3,Cash,0.1,SusanHill@outlook.com,6962432263,successful
1119,162,Kirsten Thomas,107,50000.0,dining table,furniture,offline,Hyderabad,2026-01-08 00:00:00,4,Card,0.15,KirstenThomas@yahoo.com,9723010018,successful
1120,414,Chase Johnson,107,50000.0,dining table,furniture,online,Delhi,11-28-2025,4,Card,0.25,ChaseJohnson@yahoo.com,6218571815,successful
1121,529,Justin Brown,110,45000.0,MICROWAVE,HOME,offline,Bangalore,2025-10-18 00:00:00,3,UPI,0.4,JustinBrown@outlook.com,7589009082,successful
1122,569,Lindsay Levine,106,80000.0,sofa,furniture,offline,Mumbai,2026-01-09 00:00:00,2,UPI,0.25,Lindsay32@gmail.com,6194157618,successful
1123,817,Nicole Ross,110,45000.0,Microwave,Home Appliances,online,Chennai,2025-10-17 00:00:00,1,UPI,0.1,Nicole68@gmail.com,8278149866,successful
1124,174,Jeffrey Lamb,103,1300.0,SHIRT,CLOTH,offline,Hyderabad,2025-10-29 00:00:00,5,NetBanking,0.05,Jeffrey73@gmail.com,7799529242,successful
1124,174,Jeffrey Lamb,103,1300.0,SHIRT,CLOTH,offline,Hyderabad,2025-10-29 00:00:00,5,NetBanking,0.05,Jeffrey73@gmail.com,7799529242,failed
1125,254,Daniel Santos,102,70000.0,Phone,ELEC,online,Hyderabad,2025-12-04 00:00:00,5,UPI,0.1,DanielSantos@yahoo.com,8953397463,successful
1126,206,Kevin Cox,103,1300.0,shirt,clothing,online,Chennai,2026-02-03 00:00:00,4,Card,0.2,KevinCox@outlook.com,9312735408,successful
1127,549,Jacob Hopkins,102,70000.0,phone,Electronics,offline,Bangalore,2025-01-06 00:00:00,1,NetBanking,0.15,Jacob69@gmail.com,6812496590,successful
1128,170,Jasmine Ortega,103,1300.0,Shirt,Clothing,offline,Mumbai,06-27-2025,1,Cash,0.3,JasmineOrtega@gmail.com,9686635670,successful
1129,282,Tasha Roberson,106,80000.0,Sofa,Furniture,online,Hyderabad,2026-04-07 00:00:00,2,Card,0.05,TashaRoberson@outlook.com,9239123095,successful
1130,462,Steven Perry,104,8000.0,Shoes,clothing,offline,Bangalore,2025-05-19 00:00:00,5,Card,0.4,StevenPerry@yahoo.com,6972623279,successful
1131,975,Jacqueline Doyle,102,70000.0,PHONE,electronics,online,Hyderabad,2026-04-02 00:00:00,1,NetBanking,0.3,JacquelineDoyle@outlook.com,8114950490,successful
1132,35,Guy Walker,107,50000.0,dining table,FURN,online,Chennai,2026-03-27 00:00:00,1,UPI,0.1,Guy67@gmail.com,9516010611,successful
1133,577,John Johnson,104,8000.0,SHOES,CLOTH,online,Hyderabad,01-19-2026,3,Cash,0.05,JohnJohnson@gmail.com,8896397120,successful
1134,269,Christina Conrad,104,8000.0,shoes,Clothing,offline,Chennai,2025-08-21 00:00:00,3,NetBanking,0.35,ChristinaConrad@yahoo.com,8372681847,successful
1135,947,Gabriel Golden,102,70000.0,PHONE,ELEC,offline,Mumbai,2025-06-25 00:00:00,5,Cash,0.15,Gabriel55@gmail.com,7538937330,successful
1136,155,James Fleming,102,70000.0,Phone,electronics,offline,Hyderabad,2025-08-03 00:00:00,4,Cash,0.15,James47@gmail.com,6050128486,successful
1137,767,John Farmer,103,1300.0,SHIRT,CLOTH,offline,Mumbai,2025-07-08 00:00:00,3,Card,0.05,JohnFarmer@outlook.com,6262937080,successful
1137,767,John Farmer,103,1300.0,SHIRT,CLOTH,offline,Mumbai,2025-07-08 00:00:00,3,Card,0.05,JohnFarmer@outlook.com,6262937080,failed
1138,560,Anthony Lawrence,109,65000.0,refrigerator,HOME,online,Hyderabad,2026-02-22 00:00:00,4,Card,0.3,AnthonyLawrence@gmail.com,7569957287,successful
1139,543,William Estrada,108,,Mixer grinder,home appliances,offline,Hyderabad,2025-12-25 00:00:00,4,Cash,0.35,WilliamEstrada@gmail.com,9083025603,successful
1140,240,Traci Farmer,102,70000.0,Phone,ELEC,offline,Bangalore,2026-03-26 00:00:00,5,Cash,0.25,Traci27@gmail.com,8610931925,successful
1141,968,Keith Davis,102,70000.0,Phone,electronics,offline,Hyderabad,2026-02-14 00:00:00,2,UPI,0.15,KeithDavis@yahoo.com,6310144512,successful
1142,197,Gabriel Mills,105,45000.0,TV,Electronics,offline,Mumbai,2025-08-23 00:00:00,1,Card,0.3,GabrielMills@gmail.com,8457234137,successful
1143,759,Lisa Butler,108,15000.0,Mixer grinder,HOME,online,Hyderabad,2026-12-03 00:00:00,2,NetBanking,0.4,Lisa15@gmail.com,8805550071,successful
1144,805,Latoya Baker,109,65000.0,Refrigerator,HOME,offline,Delhi,2025-05-08 00:00:00,5,Card,0.4,Latoya58@gmail.com,7323207440,successful
1145,996,Barbara Morris,102,,phone,electronics,offline,Hyderabad,2025-10-03 00:00:00,5,UPI,0.1,Barbara54@gmail.com,8799907956,successful
1146,575,Willie Holloway,109,65000.0,Refrigerator,home appliances,online,Chennai,2025-10-28 00:00:00,2,NetBanking,0.1,Willie14@gmail.com,7400435939,successful
1147,12,Dylan Martinez,104,8000.0,SHOES,Clothing,online,Chennai,2025-02-08 00:00:00,1,UPI,0.25,DylanMartinez@gmail.com,7588075878,successful
1148,907,Jeffrey Mccall,105,45000.0,TV,electronics,online,Hyderabad,2025-07-06 00:00:00,1,NetBanking,0.25,Jeffrey63@gmail.com,6709574650,successful
1149,167,Madison Gentry,107,50000.0,DINING TABLE,Furniture,offline,Delhi,2025-07-25 00:00:00,1,NetBanking,0.35,MadisonGentry@yahoo.com,6300464928,successful
1150,745,Jennifer Weeks,107,50000.0,dining table,Furniture,offline,Hyderabad,07-21-2025,2,UPI,0.15,JenniferWeeks@gmail.com,9263102095,successful
1150,745,Jennifer Weeks,107,50000.0,dining table,Furniture,offline,Hyderabad,07-21-2025,2,UPI,0.15,JenniferWeeks@gmail.com,9263102095,failed
1151,886,Ashley Gamble,105,45000.0,TV,Electronics,offline,Bangalore,2025-09-06 00:00:00,5,Cash,0.05,AshleyGamble@gmail.com,7217933316,successful
1152,199,Marissa Cortez,110,45000.0,microwave,Home Appliances,online,Chennai,2025-09-23 00:00:00,2,UPI,0.1,Marissa45@gmail.com,6518480400,successful
1153,759,Lisa Butler,104,8000.0,shoes,CLOTH,offline,Hyderabad,2025-08-04 00:00:00,1,NetBanking,0.1,Lisa15@gmail.com,8805550071,successful
1154,975,Jacqueline Doyle,103,,shirt,CLOTH,offline,Hyderabad,2026-02-27 00:00:00,5,Cash,0.4,JacquelineDoyle@outlook.com,8114950490,successful
1155,530,Mark Fowler,109,,Refrigerator,home appliances,offline,Delhi,2025-07-26 00:00:00,2,NetBanking,0.25,MarkFowler@outlook.com,6808555263,successful
1156,967,Brittany Bush,107,50000.0,dining table,furniture,offline,Hyderabad,09-30-2025,2,Cash,0.1,BrittanyBush@yahoo.com,8867314454,successful
1156,967,Brittany Bush,107,50000.0,dining table,furniture,offline,Hyderabad,09-30-2025,2,Cash,0.1,BrittanyBush@yahoo.com,8867314454,failed
1157,739,Brian Fuller,102,70000.0,PHONE,ELEC,online,Delhi,2026-02-11 00:00:00,4,Cash,0.1,BrianFuller@yahoo.com,7761307238,successful
1158,572,Holly Russell,103,1300.0,SHIRT,Clothing,online,Hyderabad,2025-10-11 00:00:00,1,UPI,0.2,HollyRussell@outlook.com,8192200837,successful
1159,865,Jessica Patterson,106,80000.0,SOFA,FURN,online,Hyderabad,2025-05-28 00:00:00,4,Card,0.2,JessicaPatterson@outlook.com,9396230460,successful
1160,872,David Miller,103,1300.0,shirt,Clothing,online,Mumbai,2025-08-04 00:00:00,4,UPI,0.25,DavidMiller@yahoo.com,8702050205,successful
1161,251,Matthew Clarke,108,15000.0,Mixer grinder,HOME,online,Chennai,2026-03-21 00:00:00,3,NetBanking,0.1,Matthew7@gmail.com,7272608508,successful
1162,380,Matthew Douglas,101,250000.0,laptop,electronics,online,Hyderabad,2026-06-03 00:00:00,4,NetBanking,0.35,Matthew80@gmail.com,8301990893,successful
1163,209,Aaron Mclaughlin,104,8000.0,SHOES,CLOTH,online,Chennai,2025-11-06 00:00:00,4,Cash,0.4,AaronMclaughlin@outlook.com,8765355147,successful
1164,192,Nina Robinson,101,250000.0,LAPTOP,ELEC,online,Bangalore,2026-01-31 00:00:00,4,UPI,0.2,Nina44@gmail.com,6234197116,successful
1165,889,Robert Carlson,110,45000.0,microwave,home appliances,offline,Delhi,2026-02-08 00:00:00,2,NetBanking,0.4,Robert40@gmail.com,9576398201,successful
1166,816,Erika Martin,103,1300.0,Shirt,clothing,offline,Delhi,11-18-2025,2,Card,0.15,ErikaMartin@yahoo.com,7021501945,successful
1166,816,Erika Martin,103,1300.0,Shirt,clothing,offline,Delhi,11-18-2025,2,Card,0.15,ErikaMartin@yahoo.com,7021501945,failed
1167,509,Valerie Brooks,108,15000.0,MIXER GRINDER,Home Appliances,online,Chennai,05-19-2025,2,NetBanking,0.3,Valerie69@gmail.com,7736225947,successful
1168,274,Joseph Parker,109,65000.0,REFRIGERATOR,HOME,online,Bangalore,2026-03-20 00:00:00,-1,Cash,0.05,JosephParker@gmail.com,7902179206,successful
1169,121,Deborah Vang,102,,PHONE,ELEC,online,Delhi,02-22-2026,2,Card,0.4,DeborahVang@gmail.com,8257597407,successful
1170,782,Monique Davis,103,1300.0,SHIRT,clothing,offline,Chennai,02-24-2026,3,Cash,0.15,MoniqueDavis@gmail.com,6797654485,successful
1171,26,Brittany Schmidt,106,80000.0,sofa,Furniture,offline,Hyderabad,2025-09-28 00:00:00,2,NetBanking,0.25,BrittanySchmidt@yahoo.com,8119253003,successful
1172,84,Paul Pacheco,110,,MICROWAVE,Home Appliances,offline,Bangalore,2025-10-30 00:00:00,3,UPI,0.25,PaulPacheco@outlook.com,6774884257,successful
1173,710,April Moore,104,8000.0,shoes,clothing,online,Mumbai,2025-07-02 00:00:00,3,Cash,0.4,AprilMoore@gmail.com,9772271176,successful
1174,448,Eileen Moore,106,80000.0,Sofa,furniture,offline,Bangalore,2026-02-07 00:00:00,2,Cash,0.4,Eileen59@gmail.com,6083201951,successful
1175,215,Crystal Aguilar,105,,TV,Electronics,offline,Mumbai,2025-11-20 00:00:00,4,Card,0.25,CrystalAguilar@gmail.com,6161915910,successful
1176,674,Haley Alvarez,106,,sofa,FURN,offline,Bangalore,2025-10-21 00:00:00,2,Cash,0.1,HaleyAlvarez@outlook.com,9910438272,successful
1177,294,Jared Moreno,105,45000.0,TV,electronics,online,Hyderabad,2025-10-16 00:00:00,4,UPI,0.2,Jared21@gmail.com,6639377809,successful
1178,787,Lauren Wallace,110,45000.0,microwave,Home Appliances,offline,Hyderabad,09-16-2025,3,NetBanking,0.05,LaurenWallace@gmail.com,9890679267,successful
1179,682,Crystal Mccarthy,108,15000.0,MIXER GRINDER,HOME,online,Delhi,2025-10-29 00:00:00,1,NetBanking,0.05,Crystal55@gmail.com,7575758526,successful
1180,409,Elizabeth Watson,105,45000.0,Tv,ELEC,online,Bangalore,06-22-2025,4,NetBanking,0.35,ElizabethWatson@outlook.com,6182625929,successful
1181,930,Jason Hubbard,105,45000.0,tv,electronics,offline,Chennai,2025-06-07 00:00:00,1,NetBanking,0.2,JasonHubbard@gmail.com,7072875628,successful
1182,110,Dale Hughes,104,8000.0,SHOES,Clothing,offline,Delhi,01-20-2026,4,NetBanking,0.15,Dale57@gmail.com,9722024973,successful
1183,216,Patricia Myers,101,250000.0,laptop,ELEC,online,Chennai,2025-06-06 00:00:00,5,Card,0.4,PatriciaMyers@gmail.com,8860395111,successful
1184,563,Robert Baird,108,15000.0,Mixer grinder,Home Appliances,offline,Hyderabad,2026-01-12 00:00:00,2,NetBanking,0.25,RobertBaird@gmail.com,6493829200,successful
1185,646,Pamela Bennett,105,45000.0,TV,ELEC,offline,Mumbai,01-21-2026,2,NetBanking,0.4,PamelaBennett@outlook.com,9795981461,successful
1185,646,Pamela Bennett,105,45000.0,TV,ELEC,offline,Mumbai,01-21-2026,2,NetBanking,0.4,PamelaBennett@outlook.com,9795981461,failed
1186,102,Jennifer Rodriguez,109,65000.0,Refrigerator,home appliances,online,Mumbai,05-14-2025,1,Card,0.25,JenniferRodriguez@yahoo.com,7437244588,successful
1187,120,Michael Horton,109,65000.0,refrigerator,Home Appliances,offline,Delhi,2025-09-25 00:00:00,3,Card,0.35,MichaelHorton@gmail.com,7477605729,successful
1188,614,Gregory Hernandez,101,250000.0,LAPTOP,ELEC,offline,Delhi,2025-09-20 00:00:00,1,NetBanking,0.3,GregoryHernandez@outlook.com,6910182995,successful
1189,489,Jennifer Bell,106,80000.0,Sofa,furniture,online,Hyderabad,2025-05-22 00:00:00,5,Cash,0.1,Jennifer4@gmail.com,6019082318,successful
1189,489,Jennifer Bell,106,80000.0,Sofa,furniture,online,Hyderabad,2025-05-22 00:00:00,5,Cash,0.1,Jennifer4@gmail.com,6019082318,failed
1190,457,Cathy Harris,104,8000.0,shoes,Clothing,offline,Hyderabad,2025-06-27 00:00:00,3,Card,0.35,Cathy90@gmail.com,8396657576,successful
1191,697,Kimberly Hodges,110,45000.0,Microwave,home appliances,online,Bangalore,2026-03-14 00:00:00,4,NetBanking,0.15,Kimberly57@gmail.com,9168983119,successful
1192,841,Diane Gomez,101,250000.0,laptop,Electronics,online,Delhi,2025-06-19 00:00:00,2,Card,0.2,DianeGomez@yahoo.com,6540542222,successful
1193,140,Aaron Black,108,,MIXER GRINDER,Home Appliances,online,Chennai,2026-03-16 00:00:00,2,Cash,0.3,AaronBlack@gmail.com,6646819959,successful
1194,464,Gail Wilson,108,15000.0,Mixer grinder,home appliances,online,Mumbai,2025-06-05 00:00:00,5,NetBanking,0.1,GailWilson@outlook.com,7773371338,successful
1195,548,Jesse King,105,45000.0,Tv,ELEC,offline,Mumbai,2025-12-21 00:00:00,5,Cash,0.2,JesseKing@outlook.com,8141483975,successful
1196,604,Craig Miller,103,,shirt,CLOTH,offline,Chennai,2025-05-05 00:00:00,1,NetBanking,0.25,CraigMiller@outlook.com,6811872647,successful
1197,599,David Johnson,106,80000.0,Sofa,furniture,online,Mumbai,2025-04-16 00:00:00,1,Card,0.3,DavidJohnson@gmail.com,7496294774,successful
1198,614,Gregory Hernandez,101,250000.0,LAPTOP,ELEC,online,Delhi,2025-12-07 00:00:00,1,Cash,0.4,GregoryHernandez@outlook.com,6910182995,successful
1199,992,William Rose,101,250000.0,Laptop,electronics,online,Hyderabad,2026-01-20 00:00:00,3,NetBanking,0.3,William30@gmail.com,6993050906,successful
1200,288,Darren Parker,105,45000.0,TV,Electronics,online,Hyderabad,11-22-2025,1,UPI,0.35,DarrenParker@outlook.com,7734023569,successful
1201,901,Robert Mccoy,103,1300.0,Shirt,clothing,offline,Mumbai,2025-08-16 00:00:00,5,UPI,0.4,RobertMccoy@gmail.com,6111279632,successful
1202,187,Timothy Salazar,103,1300.0,Shirt,clothing,online,Bangalore,2025-05-11 00:00:00,5,UPI,0.1,TimothySalazar@yahoo.com,9987961410,successful
1203,889,Robert Carlson,103,1300.0,shirt,CLOTH,online,Delhi,09-25-2025,1,UPI,0.2,Robert40@gmail.com,9576398201,successful
1204,920,Gary Thomas,101,250000.0,LAPTOP,electronics,online,Chennai,12-20-2025,4,Card,0.2,GaryThomas@gmail.com,6953375267,successful
1205,663,Haley Todd,109,65000.0,REFRIGERATOR,home appliances,offline,Hyderabad,2025-09-22 00:00:00,3,Card,0.25,HaleyTodd@outlook.com,8691630835,successful
1206,945,Misty Parker,105,45000.0,Tv,electronics,online,Hyderabad,2026-02-01 00:00:00,4,UPI,0.1,Misty47@gmail.com,6061858545,successful
1207,367,Joshua Tate,103,1300.0,SHIRT,clothing,offline,Delhi,03-29-2026,2,Card,0.4,JoshuaTate@outlook.com,9891343716,successful
1208,749,Linda Lara,106,80000.0,sofa,furniture,offline,Mumbai,2025-04-17 00:00:00,1,UPI,0.15,LindaLara@outlook.com,7476164201,successful
1209,501,Tammy Gomez,108,15000.0,MIXER GRINDER,HOME,offline,Bangalore,2025-09-01 00:00:00,5,NetBanking,0.3,TammyGomez@yahoo.com,6653151201,successful
1210,19,Jessica Osborne,108,15000.0,mixer grinder,Home Appliances,online,Mumbai,2026-12-02 00:00:00,1,UPI,0.15,JessicaOsborne@outlook.com,8664830000,successful
1210,19,Jessica Osborne,108,15000.0,mixer grinder,Home Appliances,online,Mumbai,2026-12-02 00:00:00,1,UPI,0.15,JessicaOsborne@outlook.com,8664830000,failed
1211,774,Antonio Evans,107,50000.0,Dining table,Furniture,online,Hyderabad,2025-12-30 00:00:00,4,NetBanking,0.15,Antonio94@gmail.com,7199037042,successful
1212,699,Kristin Hawkins,106,,sofa,FURN,offline,Mumbai,2025-06-10 00:00:00,2,Card,0.3,KristinHawkins@yahoo.com,6233553116,successful
1213,547,Melinda Brown,105,45000.0,Tv,ELEC,online,Bangalore,2025-03-08 00:00:00,3,Card,0.4,Melinda88@gmail.com,7079088347,successful
1214,59,Mathew Jackson,101,250000.0,Laptop,Electronics,offline,Hyderabad,2025-09-27 00:00:00,5,Card,0.05,Mathew53@gmail.com,7446792008,successful
1215,723,Christopher Walter,101,250000.0,LAPTOP,Electronics,online,Hyderabad,2025-12-11 00:00:00,1,Card,0.2,ChristopherWalter@gmail.com,9036645707,successful
1216,886,Ashley Gamble,110,45000.0,Microwave,home appliances,offline,Bangalore,2025-12-11 00:00:00,3,UPI,0.3,AshleyGamble@gmail.com,7217933316,successful
1217,872,David Miller,103,1300.0,shirt,CLOTH,offline,Mumbai,2025-12-13 00:00:00,5,NetBanking,0.25,DavidMiller@yahoo.com,8702050205,successful
1217,872,David Miller,103,1300.0,shirt,CLOTH,offline,Mumbai,2025-12-13 00:00:00,5,NetBanking,0.25,DavidMiller@yahoo.com,8702050205,failed
1218,979,Amy Cherry,107,50000.0,Dining table,Furniture,offline,Hyderabad,2025-05-19 00:00:00,2,Card,0.3,AmyCherry@yahoo.com,7282418168,successful
1219,856,Suzanne Carroll,101,250000.0,laptop,Electronics,online,Bangalore,08-13-2025,-1,Cash,0.2,SuzanneCarroll@outlook.com,8949371008,successful
1220,546,Angel Gibson,105,45000.0,Tv,ELEC,online,Mumbai,03-21-2026,3,Cash,0.25,AngelGibson@outlook.com,8859591227,successful
1221,963,Laura Stevenson,103,,Shirt,Clothing,offline,Chennai,2025-09-15 00:00:00,4,Card,0.1,LauraStevenson@outlook.com,7523734205,successful
1222,271,Jake Arnold,106,80000.0,Sofa,Furniture,online,Bangalore,2026-02-28 00:00:00,5,NetBanking,0.1,Jake57@gmail.com,9249102782,successful
1223,414,Chase Johnson,110,45000.0,MICROWAVE,home appliances,online,Delhi,09-20-2025,3,NetBanking,0.15,ChaseJohnson@yahoo.com,6218571815,successful
1224,391,Catherine Beard,105,45000.0,tv,ELEC,offline,Mumbai,2025-07-07 00:00:00,5,NetBanking,0.3,Catherine33@gmail.com,9225547305,successful
1225,898,Joseph Tyler,110,45000.0,microwave,Home Appliances,offline,Hyderabad,2026-02-27 00:00:00,5,Card,0.2,JosephTyler@gmail.com,6140222797,successful
1226,541,Melissa Perez,109,65000.0,Refrigerator,home appliances,online,Delhi,2025-11-10 00:00:00,4,NetBanking,0.1,Melissa30@gmail.com,8305757972,successful
1227,514,Joshua Cummings,110,45000.0,microwave,Home Appliances,offline,Chennai,2025-07-17 00:00:00,3,Card,0.4,JoshuaCummings@gmail.com,9001958341,successful
1228,868,Timothy Henderson,103,1300.0,shirt,Clothing,online,Hyderabad,2025-07-09 00:00:00,2,UPI,0.05,Timothy78@gmail.com,6565238386,successful
1229,746,James Meyer,103,1300.0,Shirt,clothing,online,Bangalore,2026-04-09 00:00:00,5,UPI,0.4,JamesMeyer@outlook.com,7718155357,successful
1230,119,Dana Castro,101,250000.0,laptop,Electronics,offline,Delhi,2026-11-03 00:00:00,1,UPI,0.1,DanaCastro@yahoo.com,9736021072,successful
1231,366,Kelsey Shelton,109,65000.0,Refrigerator,home appliances,online,Mumbai,06-19-2025,2,NetBanking,0.25,KelseyShelton@gmail.com,8643965351,successful
1232,475,Natalie Andrews,105,45000.0,TV,electronics,offline,Mumbai,2026-02-16 00:00:00,4,NetBanking,0.1,NatalieAndrews@outlook.com,7458709248,successful
1233,68,Stephanie Scott,101,250000.0,LAPTOP,Electronics,online,Chennai,2025-05-22 00:00:00,4,Card,0.05,Stephanie6@gmail.com,9513920889,successful
1234,402,Patricia Herring,104,8000.0,SHOES,Clothing,online,Bangalore,2025-12-16 00:00:00,5,NetBanking,0.2,Patricia77@gmail.com,8358185134,successful
1235,5,Kathleen Olson,106,80000.0,SOFA,FURN,offline,Hyderabad,04-23-2025,2,UPI,0.35,KathleenOlson@gmail.com,6401699805,successful
1236,563,Robert Baird,105,45000.0,Tv,Electronics,online,Hyderabad,2025-09-07 00:00:00,2,NetBanking,0.15,RobertBaird@gmail.com,6493829200,successful
1237,798,Amber Murphy,110,45000.0,Microwave,home appliances,online,Hyderabad,2025-06-30 00:00:00,1,NetBanking,0.35,Amber25@gmail.com,7011149807,successful
1238,700,Thomas Navarro,103,,SHIRT,clothing,online,Hyderabad,2025-06-30 00:00:00,3,Card,0.1,ThomasNavarro@yahoo.com,7673080014,successful
1239,226,Shawn Townsend,107,50000.0,Dining table,FURN,offline,Delhi,12-22-2025,4,Cash,0.1,Shawn4@gmail.com,6013272678,successful
1240,56,Joshua Li,107,50000.0,Dining table,Furniture,online,Bangalore,2026-01-30 00:00:00,5,UPI,0.1,Joshua89@gmail.com,7095086990,successful
1241,100,Thomas Walker,106,80000.0,SOFA,FURN,online,Delhi,2026-03-12 00:00:00,2,Card,0.1,ThomasWalker@yahoo.com,6417134824,successful
1242,945,Misty Parker,109,65000.0,refrigerator,Home Appliances,offline,Hyderabad,2025-08-12 00:00:00,4,NetBanking,0.05,Misty47@gmail.com,6061858545,successful
1243,992,William Rose,106,,SOFA,FURN,online,Hyderabad,2025-11-29 00:00:00,3,UPI,0.05,William30@gmail.com,6993050906,successful
1244,291,Jerry Freeman,108,15000.0,mixer grinder,HOME,online,Mumbai,2025-04-30 00:00:00,4,UPI,0.25,JerryFreeman@gmail.com,8189681801,successful
1245,210,Cynthia Pugh,108,15000.0,mixer grinder,HOME,offline,Chennai,12-23-2025,5,UPI,0.1,CynthiaPugh@yahoo.com,9102933687,successful
1246,633,Julie Jackson,103,1300.0,Shirt,Clothing,offline,Delhi,2025-07-05 00:00:00,5,Cash,0.25,Julie50@gmail.com,7168243701,successful
1247,603,Shawn Roberson,110,45000.0,Microwave,HOME,online,Chennai,2025-07-11 00:00:00,1,UPI,0.15,ShawnRoberson@gmail.com,6400752575,successful
1248,338,Lisa Garrison,101,250000.0,Laptop,ELEC,offline,Delhi,2025-04-25 00:00:00,2,NetBanking,0.25,LisaGarrison@outlook.com,6733039437,successful
1249,833,Shawn Cooper,105,45000.0,tv,Electronics,offline,Chennai,12-31-2025,1,NetBanking,0.1,ShawnCooper@gmail.com,6896669509,successful
1249,833,Shawn Cooper,105,45000.0,tv,Electronics,offline,Chennai,12-31-2025,1,NetBanking,0.1,ShawnCooper@gmail.com,6896669509,failed
1250,275,Edward Beck,110,45000.0,microwave,HOME,offline,Bangalore,04-27-2025,4,NetBanking,0.15,EdwardBeck@yahoo.com,8702404934,successful
1251,101,Craig Ray,101,250000.0,laptop,electronics,online,Delhi,2025-09-07 00:00:00,3,Card,0.05,CraigRay@gmail.com,8307595516,successful
1252,353,Rachel Velasquez,104,8000.0,Shoes,CLOTH,offline,Bangalore,2025-04-12 00:00:00,3,UPI,0.4,RachelVelasquez@outlook.com,6791175596,successful
1253,84,Paul Pacheco,110,45000.0,microwave,Home Appliances,online,Bangalore,2025-12-30 00:00:00,4,Cash,0.05,PaulPacheco@outlook.com,6774884257,successful
1254,619,Angelica Wood,108,15000.0,mixer grinder,HOME,offline,Mumbai,2026-02-22 00:00:00,3,NetBanking,0.2,AngelicaWood@outlook.com,9231454769,successful
1255,537,Ernest Meyers,108,15000.0,mixer grinder,Home Appliances,offline,Delhi,2025-06-28 00:00:00,3,UPI,0.2,Ernest39@gmail.com,8049889488,successful
1256,458,Jared Lane,102,70000.0,Phone,electronics,online,Hyderabad,2025-05-06 00:00:00,1,UPI,0.15,JaredLane@gmail.com,7421522658,successful
1257,582,Kristin Bradley,104,8000.0,shoes,clothing,offline,Hyderabad,2025-10-22 00:00:00,2,Cash,0.05,Kristin95@gmail.com,7489521944,successful
1258,969,Keith Woods,102,70000.0,PHONE,ELEC,online,Chennai,2025-10-22 00:00:00,2,UPI,0.4,KeithWoods@yahoo.com,7737305957,successful
1259,458,Jared Lane,105,45000.0,TV,ELEC,online,Hyderabad,2025-09-26 00:00:00,1,Cash,0.25,JaredLane@gmail.com,7421522658,successful
1260,7,John Edwards,110,45000.0,Microwave,home appliances,online,Delhi,2026-02-04 00:00:00,4,NetBanking,0.15,JohnEdwards@outlook.com,9737526576,successful
1261,980,Alexis Andrews,105,45000.0,tv,Electronics,offline,Delhi,2026-10-02 00:00:00,4,Card,0.05,Alexis8@gmail.com,9601673841,successful
1262,590,Christine Brown,108,15000.0,MIXER GRINDER,home appliances,offline,Bangalore,2025-07-03 00:00:00,1,UPI,0.25,Christine97@gmail.com,9924989553,successful
1262,590,Christine Brown,108,15000.0,MIXER GRINDER,home appliances,offline,Bangalore,2025-07-03 00:00:00,1,UPI,0.25,Christine97@gmail.com,9924989553,failed
1263,412,Nicole Ray,104,8000.0,SHOES,Clothing,offline,Hyderabad,2025-04-16 00:00:00,4,Cash,0.4,NicoleRay@yahoo.com,9261922020,successful
1264,159,Patrick Lucas,108,15000.0,Mixer grinder,home appliances,offline,Delhi,12-21-2025,3,NetBanking,0.4,PatrickLucas@gmail.com,7641363339,successful
1265,500,Katelyn Garza,110,45000.0,microwave,HOME,online,Bangalore,2025-11-16 00:00:00,1,Card,0.35,KatelynGarza@yahoo.com,6200950083,successful
1265,500,Katelyn Garza,110,45000.0,microwave,HOME,online,Bangalore,2025-11-16 00:00:00,1,Card,0.35,KatelynGarza@yahoo.com,6200950083,failed
1266,304,Aaron Moore,108,15000.0,Mixer grinder,HOME,online,Delhi,09-17-2025,3,UPI,0.35,AaronMoore@outlook.com,8724496246,successful
1267,313,Mary Lowe,108,15000.0,mixer grinder,HOME,online,Delhi,2026-01-20 00:00:00,3,Card,0.35,MaryLowe@outlook.com,6672302640,successful
1268,224,Benjamin Reyes,101,,laptop,electronics,offline,Mumbai,2025-10-07 00:00:00,-2,NetBanking,0.2,Benjamin12@gmail.com,7758231609,successful
1269,984,Janet Long,102,70000.0,phone,Electronics,online,Bangalore,2026-04-11 00:00:00,4,Cash,0.25,JanetLong@yahoo.com,9528386095,successful
1270,719,Michelle Bates,101,250000.0,LAPTOP,Electronics,online,Chennai,2026-03-08 00:00:00,4,UPI,0.05,Michelle79@gmail.com,7432904312,successful
1271,283,Anna Bernard,110,45000.0,MICROWAVE,home appliances,offline,Chennai,2026-01-19 00:00:00,2,NetBanking,0.3,AnnaBernard@gmail.com,7726984842,successful
1272,685,David Mcgee,108,15000.0,Mixer grinder,home appliances,offline,Chennai,2025-05-12 00:00:00,3,Card,0.3,David38@gmail.com,9760301121,successful
1273,253,Emily Rodriguez,101,250000.0,laptop,ELEC,offline,Delhi,2025-03-06 00:00:00,-2,Cash,0.35,EmilyRodriguez@gmail.com,9526826545,successful
1274,468,Sonya Watts,109,65000.0,REFRIGERATOR,HOME,offline,Mumbai,2025-09-18 00:00:00,1,UPI,0.35,SonyaWatts@yahoo.com,9095796164,successful
1275,801,Brandi Bryan,104,8000.0,SHOES,Clothing,online,Delhi,2026-02-06 00:00:00,5,NetBanking,0.15,Brandi31@gmail.com,7456816583,successful
1276,816,Erika Martin,107,50000.0,dining table,Furniture,offline,Delhi,08-21-2025,2,UPI,0.2,ErikaMartin@yahoo.com,7021501945,successful
1277,419,William Taylor,104,8000.0,SHOES,Clothing,offline,Bangalore,2025-09-25 00:00:00,4,Cash,0.35,WilliamTaylor@yahoo.com,8507507668,successful
1278,103,Mathew Perkins,110,45000.0,microwave,Home Appliances,offline,Delhi,2026-08-01 00:00:00,2,Card,0.15,MathewPerkins@outlook.com,8271218766,successful
1279,462,Steven Perry,104,8000.0,Shoes,CLOTH,offline,Bangalore,2025-06-09 00:00:00,1,Cash,0.25,StevenPerry@yahoo.com,6972623279,successful
1280,782,Monique Davis,110,45000.0,MICROWAVE,home appliances,offline,Chennai,03-27-2026,1,NetBanking,0.1,MoniqueDavis@gmail.com,6797654485,successful
1281,346,Erin Frye,108,15000.0,MIXER GRINDER,HOME,online,Bangalore,2025-09-23 00:00:00,2,Cash,0.35,ErinFrye@yahoo.com,6265675711,successful
1282,837,Peter Maxwell,110,,microwave,Home Appliances,online,Mumbai,2025-09-11 00:00:00,4,Cash,0.3,PeterMaxwell@yahoo.com,8723896608,successful
1283,797,Anthony Martinez,103,1300.0,shirt,clothing,online,Bangalore,2025-12-28 00:00:00,1,UPI,0.15,Anthony41@gmail.com,7004300534,successful
1284,65,Sarah Jackson,109,65000.0,refrigerator,HOME,offline,Mumbai,2026-02-20 00:00:00,1,NetBanking,0.2,SarahJackson@gmail.com,7520827407,successful
1285,546,Angel Gibson,103,,Shirt,clothing,offline,Mumbai,2025-08-10 00:00:00,1,Card,0.25,AngelGibson@outlook.com,8859591227,successful
1286,518,Alexander Davenport,105,45000.0,Tv,electronics,online,Bangalore,2025-04-16 00:00:00,3,Card,0.2,AlexanderDavenport@yahoo.com,9219449276,successful
1287,600,James Schaefer,107,50000.0,Dining table,Furniture,offline,Chennai,11-16-2025,1,Card,0.05,James62@gmail.com,9201434220,successful
1288,509,Valerie Brooks,109,65000.0,refrigerator,home appliances,offline,Chennai,2025-07-27 00:00:00,3,Card,0.1,Valerie69@gmail.com,7736225947,successful
1289,902,Logan Reyes,103,1300.0,Shirt,clothing,offline,Mumbai,2025-06-30 00:00:00,5,UPI,0.1,LoganReyes@outlook.com,9203392031,successful
1290,936,Brian Larson,103,1300.0,shirt,CLOTH,online,Hyderabad,04-24-2025,4,NetBanking,0.05,BrianLarson@yahoo.com,9082928514,successful
1291,446,Scott Smith,101,250000.0,laptop,electronics,online,Bangalore,10-29-2025,5,NetBanking,0.15,Scott26@gmail.com,8592390183,successful
1292,762,Linda Webb,108,,mixer grinder,HOME,offline,Mumbai,2025-12-05 00:00:00,1,UPI,0.2,LindaWebb@yahoo.com,7051791908,successful
1293,981,Christine Harper,109,65000.0,refrigerator,Home Appliances,offline,Mumbai,2025-08-14 00:00:00,3,NetBanking,0.3,Christine61@gmail.com,6859295939,successful
1294,636,Christopher Clark,103,1300.0,shirt,clothing,online,Mumbai,2025-11-11 00:00:00,3,Card,0.4,Christopher93@gmail.com,7656982866,successful
1295,820,Mary Goodwin,109,65000.0,refrigerator,home appliances,online,Delhi,2026-12-01 00:00:00,5,Card,0.15,MaryGoodwin@yahoo.com,8576869201,successful
1296,791,April Anderson,110,,Microwave,HOME,online,Hyderabad,2026-02-04 00:00:00,2,Card,0.35,AprilAnderson@gmail.com,8644446529,successful
1297,393,Shannon Alvarez,102,70000.0,Phone,electronics,offline,Mumbai,2026-04-06 00:00:00,2,UPI,0.4,ShannonAlvarez@gmail.com,9564682230,successful
1298,640,Carrie Jacobson,108,15000.0,MIXER GRINDER,home appliances,online,Bangalore,2025-12-24 00:00:00,1,NetBanking,0.2,CarrieJacobson@outlook.com,7271002507,successful
1299,628,Kelly Turner,110,,MICROWAVE,Home Appliances,online,Chennai,2025-04-23 00:00:00,5,Card,0.4,KellyTurner@gmail.com,8102485626,successful
1300,291,Jerry Freeman,107,50000.0,DINING TABLE,Furniture,online,Mumbai,2025-09-03 00:00:00,4,Card,0.3,JerryFreeman@gmail.com,8189681801,successful
1301,59,Mathew Jackson,106,80000.0,sofa,Furniture,online,Hyderabad,2025-07-11 00:00:00,1,UPI,0.15,Mathew53@gmail.com,7446792008,successful
1302,865,Jessica Patterson,108,15000.0,Mixer grinder,home appliances,offline,Hyderabad,2025-07-01 00:00:00,3,Cash,0.25,JessicaPatterson@outlook.com,9396230460,successful
1303,640,Carrie Jacobson,108,15000.0,mixer grinder,HOME,online,Bangalore,2025-12-30 00:00:00,5,Card,0.1,CarrieJacobson@outlook.com,7271002507,successful
1304,219,Alexander Phillips,108,15000.0,Mixer grinder,home appliances,online,Mumbai,2025-11-25 00:00:00,1,NetBanking,0.3,Alexander92@gmail.com,7235649492,successful
1305,326,Deborah Reyes,110,45000.0,Microwave,Home Appliances,offline,Delhi,2025-09-14 00:00:00,4,Card,0.35,DeborahReyes@outlook.com,7352477757,successful
1306,984,Janet Long,110,45000.0,microwave,HOME,offline,Bangalore,2026-02-08 00:00:00,3,NetBanking,0.35,JanetLong@yahoo.com,9528386095,successful
1307,667,Kelsey Mendoza,101,250000.0,Laptop,electronics,offline,Bangalore,2025-06-06 00:00:00,3,Card,0.25,KelseyMendoza@outlook.com,7562379912,successful
1308,581,Lindsey Tran,107,50000.0,dining table,FURN,online,Delhi,2025-08-29 00:00:00,4,NetBanking,0.2,Lindsey58@gmail.com,6225134624,successful
1309,139,Melissa Peterson,101,250000.0,LAPTOP,ELEC,online,Mumbai,2025-07-23 00:00:00,3,Card,0.2,MelissaPeterson@outlook.com,8721382133,successful
1310,341,Cory Alvarado,107,50000.0,DINING TABLE,FURN,offline,Mumbai,11-17-2025,3,Cash,0.35,CoryAlvarado@outlook.com,7632639155,successful
1311,949,Madison Goodwin,109,65000.0,refrigerator,Home Appliances,offline,Bangalore,05-28-2025,1,Card,0.05,MadisonGoodwin@yahoo.com,8574790493,successful
1312,221,David Hart,102,70000.0,phone,electronics,offline,Hyderabad,2025-11-30 00:00:00,2,UPI,0.1,David97@gmail.com,9763541312,successful
1313,968,Keith Davis,106,80000.0,Sofa,furniture,offline,Hyderabad,01-14-2026,4,UPI,0.05,KeithDavis@yahoo.com,6310144512,successful
1314,412,Nicole Ray,108,15000.0,mixer grinder,home appliances,online,Hyderabad,2026-03-27 00:00:00,1,UPI,0.2,NicoleRay@yahoo.com,9261922020,successful
1315,362,David Wells,101,250000.0,Laptop,Electronics,online,Bangalore,02-28-2026,1,Card,0.1,DavidWells@yahoo.com,7619729722,successful
1315,362,David Wells,101,250000.0,Laptop,Electronics,online,Bangalore,02-28-2026,1,Card,0.1,DavidWells@yahoo.com,7619729722,failed
1316,359,Ryan Williams,110,45000.0,microwave,Home Appliances,offline,Delhi,03-29-2026,2,NetBanking,0.25,RyanWilliams@gmail.com,6381855599,successful
1317,103,Mathew Perkins,102,70000.0,PHONE,electronics,online,Delhi,2025-12-03 00:00:00,5,Card,0.15,MathewPerkins@outlook.com,8271218766,successful
1318,300,Tiffany Miller,104,8000.0,Shoes,CLOTH,offline,Hyderabad,2026-07-04 00:00:00,1,Card,0.05,TiffanyMiller@outlook.com,6828480297,successful
1319,873,Tracy Bass,107,50000.0,Dining table,Furniture,offline,Hyderabad,2025-12-23 00:00:00,3,Cash,0.05,TracyBass@outlook.com,6881058034,successful
1320,773,Gerald Cox,107,50000.0,Dining table,FURN,offline,Mumbai,2026-03-01 00:00:00,2,NetBanking,0.15,GeraldCox@gmail.com,7170464312,successful
1321,290,Megan Carter,105,45000.0,Tv,Electronics,offline,Chennai,12-21-2025,3,Card,0.25,MeganCarter@yahoo.com,6205851923,successful
1322,145,Michael Hendrix,103,1300.0,shirt,CLOTH,offline,Delhi,2026-04-02 00:00:00,4,Card,0.2,MichaelHendrix@outlook.com,6964491396,successful
1323,244,Frederick Gonzalez,110,45000.0,microwave,Home Appliances,offline,Chennai,2026-10-04 00:00:00,5,NetBanking,0.25,FrederickGonzalez@outlook.com,7865581750,successful
1324,22,James Walters,110,45000.0,MICROWAVE,home appliances,online,Chennai,2026-02-07 00:00:00,3,UPI,0.25,James10@gmail.com,6590464842,successful
1325,487,Mark Thompson,105,45000.0,Tv,electronics,online,Hyderabad,04-17-2025,3,NetBanking,0.15,MarkThompson@yahoo.com,6856603888,successful
1326,628,Kelly Turner,109,65000.0,Refrigerator,Home Appliances,online,Chennai,2025-12-08 00:00:00,1,Card,0.25,KellyTurner@gmail.com,8102485626,successful
1327,185,Sarah Cohen,103,1300.0,SHIRT,clothing,online,Mumbai,2025-06-02 00:00:00,1,NetBanking,0.2,SarahCohen@outlook.com,8825874728,successful
1328,327,Chris Parsons,109,65000.0,Refrigerator,HOME,offline,Delhi,2025-10-29 00:00:00,5,UPI,0.05,ChrisParsons@gmail.com,6318636561,successful
1329,103,Mathew Perkins,105,,tv,ELEC,offline,Delhi,2026-01-22 00:00:00,2,Card,0.4,MathewPerkins@outlook.com,8271218766,successful
1330,644,John Parrish,101,250000.0,LAPTOP,Electronics,offline,Delhi,2025-06-10 00:00:00,2,Card,0.05,JohnParrish@gmail.com,7075517481,successful
1331,432,Charles Nelson,110,45000.0,Microwave,Home Appliances,offline,Mumbai,2025-08-12 00:00:00,2,Cash,0.05,CharlesNelson@yahoo.com,9047961774,successful
1332,319,Kristen Richards,104,8000.0,Shoes,clothing,offline,Delhi,2025-08-26 00:00:00,4,NetBanking,0.25,Kristen65@gmail.com,6399167211,successful
1332,319,Kristen Richards,104,8000.0,Shoes,clothing,offline,Delhi,2025-08-26 00:00:00,4,NetBanking,0.25,Kristen65@gmail.com,6399167211,failed
1333,772,Katelyn Gregory,107,50000.0,DINING TABLE,Furniture,online,Hyderabad,11-20-2025,1,Cash,0.1,KatelynGregory@outlook.com,8444571958,successful
1334,521,Christopher Colon,105,45000.0,Tv,ELEC,offline,Hyderabad,2025-02-09 00:00:00,4,Card,0.1,ChristopherColon@gmail.com,9064299928,successful
1335,11,James Leblanc,102,70000.0,phone,Electronics,offline,Delhi,02-18-2026,2,Cash,0.35,James92@gmail.com,8278100360,successful
1336,435,Wendy Robinson,105,45000.0,TV,Electronics,online,Delhi,09-19-2025,2,Card,0.05,WendyRobinson@gmail.com,7891934454,successful
1337,188,Allison Oliver,105,,tv,electronics,online,Hyderabad,2026-01-22 00:00:00,4,Card,0.2,AllisonOliver@gmail.com,9833717624,successful
1338,952,Jennifer Franklin,105,45000.0,Tv,electronics,online,Chennai,04-19-2025,1,NetBanking,0.05,JenniferFranklin@gmail.com,6825119414,successful
1339,70,David Parker,102,70000.0,Phone,Electronics,online,Delhi,2025-12-07 00:00:00,4,Card,0.4,DavidParker@gmail.com,8033772107,successful
1340,936,Brian Larson,106,,Sofa,Furniture,offline,Hyderabad,2025-08-03 00:00:00,1,NetBanking,0.35,BrianLarson@yahoo.com,9082928514,successful
1341,683,Lauren Diaz,108,15000.0,Mixer grinder,HOME,online,Mumbai,2025-07-23 00:00:00,5,NetBanking,0.3,LaurenDiaz@outlook.com,8162887000,successful
1342,558,Bryan Phelps,104,8000.0,Shoes,CLOTH,online,Chennai,2025-06-23 00:00:00,1,Cash,0.4,BryanPhelps@gmail.com,8827603862,successful
1343,124,Sarah Rios,109,65000.0,REFRIGERATOR,home appliances,offline,Mumbai,2025-07-10 00:00:00,5,NetBanking,0.15,SarahRios@outlook.com,7979234148,successful
1344,8,Francisco Suarez,109,,REFRIGERATOR,home appliances,offline,Hyderabad,2026-02-04 00:00:00,5,Card,0.15,FranciscoSuarez@gmail.com,9716873830,successful
1345,971,Larry Ramos,101,250000.0,laptop,electronics,offline,Chennai,2025-06-10 00:00:00,4,UPI,0.05,Larry38@gmail.com,8961305114,successful
1346,224,Benjamin Reyes,109,,refrigerator,Home Appliances,online,Mumbai,2025-10-05 00:00:00,4,NetBanking,0.1,Benjamin12@gmail.com,7758231609,successful
1347,454,Larry Perkins,101,250000.0,LAPTOP,Electronics,offline,Mumbai,2025-08-04 00:00:00,4,Card,0.3,LarryPerkins@yahoo.com,7903065336,successful
1348,307,Evelyn Bridges,109,65000.0,Refrigerator,HOME,online,Chennai,2026-02-02 00:00:00,1,Cash,0.4,EvelynBridges@gmail.com,9141467428,successful
1349,136,Jasmine Miller,102,70000.0,Phone,electronics,online,Chennai,2026-01-24 00:00:00,2,Cash,0.4,JasmineMiller@yahoo.com,8778014213,successful
1350,949,Madison Goodwin,110,45000.0,Microwave,Home Appliances,online,Bangalore,2025-07-18 00:00:00,1,Card,0.2,MadisonGoodwin@yahoo.com,8574790493,successful
1350,949,Madison Goodwin,110,45000.0,Microwave,Home Appliances,online,Bangalore,2025-07-18 00:00:00,1,Card,0.2,MadisonGoodwin@yahoo.com,8574790493,failed
1351,628,Kelly Turner,106,80000.0,Sofa,furniture,online,Chennai,08-25-2025,4,Card,0.05,KellyTurner@gmail.com,8102485626,successful
1352,320,Stephen Tyler,101,250000.0,laptop,electronics,offline,Hyderabad,2025-05-16 00:00:00,4,UPI,0.15,StephenTyler@yahoo.com,8061706167,successful
1353,660,Jessica Stephenson,106,80000.0,Sofa,FURN,online,Hyderabad,2025-11-19 00:00:00,1,Card,0.3,JessicaStephenson@gmail.com,8684231390,successful
1354,634,Melissa Marshall,103,1300.0,SHIRT,CLOTH,online,Mumbai,2026-01-01 00:00:00,1,UPI,0.1,MelissaMarshall@outlook.com,7477179039,successful
1355,813,John Harris,108,15000.0,Mixer grinder,HOME,online,Chennai,12-23-2025,1,UPI,0.35,JohnHarris@gmail.com,9597553148,successful
1356,156,Sara Romero,105,45000.0,Tv,Electronics,offline,Chennai,2025-11-26 00:00:00,3,Cash,0.2,SaraRomero@gmail.com,9107680162,successful
1357,290,Megan Carter,108,15000.0,Mixer grinder,home appliances,online,Chennai,2025-10-06 00:00:00,5,NetBanking,0.1,MeganCarter@yahoo.com,6205851923,successful
1358,129,Thomas Wells,106,,sofa,FURN,offline,Bangalore,2026-03-02 00:00:00,2,NetBanking,0.2,ThomasWells@outlook.com,9456737186,successful
1359,82,Brittney Watkins,109,65000.0,REFRIGERATOR,Home Appliances,offline,Hyderabad,2026-06-02 00:00:00,3,NetBanking,0.05,BrittneyWatkins@outlook.com,8113163667,successful
1360,36,Brian Martinez,101,250000.0,LAPTOP,Electronics,online,Chennai,04-15-2026,4,Card,0.35,Brian28@gmail.com,7151424804,successful
1361,311,Juan Murphy,110,45000.0,MICROWAVE,Home Appliances,online,Bangalore,08-13-2025,2,Cash,0.2,JuanMurphy@yahoo.com,7461687160,successful
1362,688,Peter Chavez,107,50000.0,DINING TABLE,furniture,online,Mumbai,2025-05-25 00:00:00,3,Card,0.2,PeterChavez@outlook.com,8803152648,successful
1363,408,Hannah Russell,101,250000.0,Laptop,Electronics,offline,Hyderabad,2026-04-08 00:00:00,1,UPI,0.15,HannahRussell@yahoo.com,9773223608,successful
1364,152,Levi Leon,101,250000.0,Laptop,ELEC,offline,Chennai,2025-06-10 00:00:00,1,NetBanking,0.3,Levi30@gmail.com,6634513306,successful
1365,56,Joshua Li,107,50000.0,dining table,Furniture,online,Bangalore,04-16-2026,4,Cash,0.35,Joshua89@gmail.com,7095086990,successful
1366,291,Jerry Freeman,109,,REFRIGERATOR,home appliances,offline,Mumbai,2026-05-02 00:00:00,3,UPI,0.4,JerryFreeman@gmail.com,8189681801,successful
1367,452,Cory Humphrey,105,45000.0,TV,electronics,online,Hyderabad,2026-03-15 00:00:00,4,UPI,0.2,CoryHumphrey@gmail.com,9921587438,successful
1368,570,Donald Carter,101,250000.0,Laptop,electronics,online,Chennai,2025-08-04 00:00:00,3,Card,0.35,Donald21@gmail.com,7944230219,successful
1369,933,Zachary Khan,108,,mixer grinder,HOME,online,Bangalore,2025-09-06 00:00:00,2,UPI,0.35,Zachary6@gmail.com,9316003581,successful
1370,295,Samuel Decker,110,45000.0,MICROWAVE,Home Appliances,offline,Mumbai,2025-07-09 00:00:00,1,Card,0.05,SamuelDecker@yahoo.com,6478394676,successful
1371,799,Stephanie Dunn,101,250000.0,Laptop,Electronics,offline,Delhi,2026-08-03 00:00:00,1,UPI,0.05,StephanieDunn@gmail.com,7485500744,successful
1372,367,Joshua Tate,105,45000.0,tv,Electronics,online,Delhi,2025-07-22 00:00:00,4,Cash,0.3,JoshuaTate@outlook.com,9891343716,successful
1373,878,Sarah Brown,110,45000.0,microwave,Home Appliances,online,Chennai,2025-03-06 00:00:00,4,NetBanking,0.1,SarahBrown@yahoo.com,9775172098,successful
1374,806,Jacqueline Cantu,101,250000.0,Laptop,electronics,offline,Chennai,2025-12-04 00:00:00,4,Card,0.15,Jacqueline4@gmail.com,8698814533,successful
1375,289,Kelly Powell,106,80000.0,Sofa,Furniture,offline,Bangalore,2025-05-07 00:00:00,5,NetBanking,0.25,KellyPowell@gmail.com,9059819444,successful
1376,383,Debra Parker,108,15000.0,Mixer grinder,Home Appliances,offline,Mumbai,2026-03-28 00:00:00,3,Cash,0.2,DebraParker@outlook.com,8344565109,successful
1377,693,Joseph Maldonado,101,,laptop,ELEC,online,Delhi,2025-05-29 00:00:00,3,UPI,0.05,JosephMaldonado@yahoo.com,8013495157,successful
1378,622,Hannah Bell,102,70000.0,Phone,electronics,online,Chennai,2025-11-29 00:00:00,2,UPI,0.1,HannahBell@yahoo.com,6327771523,successful
1379,100,Thomas Walker,105,45000.0,TV,Electronics,online,Delhi,2026-02-17 00:00:00,4,Card,0.4,ThomasWalker@yahoo.com,6417134824,successful
1380,425,Lindsay Buchanan,110,45000.0,MICROWAVE,Home Appliances,online,Hyderabad,2025-05-17 00:00:00,3,Card,0.2,LindsayBuchanan@outlook.com,8306771779,successful
1381,228,James Hernandez,106,80000.0,sofa,FURN,offline,Hyderabad,2025-01-05 00:00:00,5,Card,0.15,JamesHernandez@outlook.com,6846484253,successful
1382,445,Steven Byrd,103,1300.0,Shirt,Clothing,online,Chennai,2025-08-18 00:00:00,5,Card,0.4,Steven87@gmail.com,6530696124,successful
1383,610,Melissa Jones,109,65000.0,refrigerator,HOME,offline,Chennai,2025-11-11 00:00:00,3,UPI,0.1,MelissaJones@gmail.com,8641239133,successful
1384,32,Shane Carlson,101,250000.0,laptop,Electronics,offline,Mumbai,2025-09-21 00:00:00,4,Cash,0.2,Shane51@gmail.com,7842192910,successful
1385,517,Fernando Garza,106,80000.0,SOFA,Furniture,online,Mumbai,2025-05-05 00:00:00,1,NetBanking,0.1,Fernando29@gmail.com,7070665200,successful
1386,389,Tyler Kim,107,50000.0,Dining table,FURN,offline,Bangalore,2026-01-19 00:00:00,3,UPI,0.3,TylerKim@yahoo.com,8275595816,successful
1386,389,Tyler Kim,107,50000.0,Dining table,FURN,offline,Bangalore,2026-01-19 00:00:00,3,UPI,0.3,TylerKim@yahoo.com,8275595816,failed
1387,840,Veronica Ashley,107,50000.0,DINING TABLE,FURN,offline,Delhi,2025-06-13 00:00:00,4,Cash,0.15,VeronicaAshley@gmail.com,8286959830,successful
1388,638,Kaitlyn Reed,104,8000.0,SHOES,CLOTH,offline,Bangalore,2025-06-16 00:00:00,2,Card,0.25,KaitlynReed@gmail.com,6867302113,successful
1389,178,Claudia Miles,109,65000.0,Refrigerator,home appliances,online,Bangalore,2026-01-19 00:00:00,1,Cash,0.05,ClaudiaMiles@outlook.com,8687865587,successful
1390,288,Darren Parker,108,15000.0,mixer grinder,Home Appliances,online,Hyderabad,2026-06-02 00:00:00,2,UPI,0.05,DarrenParker@outlook.com,7734023569,successful
1391,281,Ashley Anderson,104,8000.0,SHOES,CLOTH,offline,Bangalore,2025-06-15 00:00:00,3,Cash,0.2,Ashley63@gmail.com,9915615033,successful
1392,266,Nicole Diaz,108,,Mixer grinder,home appliances,online,Mumbai,04-27-2025,2,NetBanking,0.35,NicoleDiaz@gmail.com,8468663174,successful
1393,395,John Lee,105,45000.0,Tv,electronics,online,Mumbai,2026-01-18 00:00:00,5,NetBanking,0.1,JohnLee@yahoo.com,6536232921,successful
1394,469,Michael Garcia,103,1300.0,Shirt,clothing,offline,Delhi,2026-03-26 00:00:00,4,UPI,0.4,Michael3@gmail.com,7570939516,successful
1395,180,Chelsea Meyer,103,1300.0,Shirt,clothing,offline,Bangalore,2025-12-01 00:00:00,1,Cash,0.35,ChelseaMeyer@yahoo.com,6390106560,successful
1396,537,Ernest Meyers,106,80000.0,Sofa,FURN,online,Delhi,2026-12-03 00:00:00,4,NetBanking,0.05,Ernest39@gmail.com,8049889488,successful
1397,812,Chris Lane,106,80000.0,sofa,FURN,online,Hyderabad,02-15-2026,3,UPI,0.2,ChrisLane@yahoo.com,6404770684,successful
1398,29,Leah Dunn,102,70000.0,Phone,Electronics,offline,Hyderabad,2025-06-11 00:00:00,1,UPI,0.15,LeahDunn@outlook.com,7728416479,successful
1399,38,Laura Shelton,109,65000.0,refrigerator,home appliances,online,Bangalore,2025-07-20 00:00:00,5,UPI,0.15,LauraShelton@gmail.com,6595077405,successful
1400,151,Jennifer Sims,103,1300.0,SHIRT,Clothing,offline,Delhi,2025-12-12 00:00:00,1,Cash,0.25,JenniferSims@gmail.com,8548173778,successful
1401,52,David Hernandez,108,15000.0,MIXER GRINDER,home appliances,offline,Mumbai,2025-12-06 00:00:00,2,Card,0.05,DavidHernandez@gmail.com,9319072999,successful
1402,865,Jessica Patterson,103,1300.0,shirt,clothing,online,Hyderabad,2026-02-24 00:00:00,1,UPI,0.05,JessicaPatterson@outlook.com,9396230460,successful
1403,553,Veronica Davis,103,1300.0,shirt,clothing,online,Mumbai,03-29-2026,3,NetBanking,0.4,VeronicaDavis@gmail.com,9657619972,successful
1404,387,Kenneth Rocha,110,45000.0,MICROWAVE,Home Appliances,online,Mumbai,2025-10-18 00:00:00,2,UPI,0.3,KennethRocha@outlook.com,6385183283,successful
1405,323,Victoria Phillips,109,65000.0,refrigerator,home appliances,offline,Hyderabad,2026-04-04 00:00:00,5,Card,0.25,VictoriaPhillips@gmail.com,6126060994,successful
1406,572,Holly Russell,108,,Mixer grinder,HOME,online,Hyderabad,2026-02-08 00:00:00,4,UPI,0.4,HollyRussell@outlook.com,8192200837,successful
1407,181,Maria Robinson,107,50000.0,dining table,Furniture,online,Delhi,08-13-2025,5,NetBanking,0.2,MariaRobinson@gmail.com,8794772717,successful
1408,924,Mikayla Krause,102,70000.0,Phone,Electronics,online,Hyderabad,2025-10-24 00:00:00,4,Cash,0.25,MikaylaKrause@outlook.com,6928627031,successful
1409,230,Jose Guerrero,105,45000.0,tv,electronics,offline,Hyderabad,2025-08-31 00:00:00,5,NetBanking,0.35,Jose24@gmail.com,7235645176,successful
1410,790,Andrea Jimenez,110,45000.0,microwave,home appliances,offline,Bangalore,2026-03-08 00:00:00,4,Card,0.25,AndreaJimenez@yahoo.com,8658950703,successful
1410,790,Andrea Jimenez,110,45000.0,microwave,home appliances,offline,Bangalore,2026-03-08 00:00:00,4,Card,0.25,AndreaJimenez@yahoo.com,8658950703,failed
1411,702,Robert Jackson,103,1300.0,shirt,CLOTH,online,Delhi,2026-01-01 00:00:00,5,Cash,0.25,RobertJackson@gmail.com,8175096138,successful
1412,431,Tracie Kim,102,70000.0,Phone,ELEC,offline,Bangalore,2025-11-30 00:00:00,2,Cash,0.05,TracieKim@yahoo.com,8301285130,successful
1413,145,Michael Hendrix,109,65000.0,Refrigerator,home appliances,offline,Delhi,2025-06-04 00:00:00,-2,UPI,0.35,MichaelHendrix@outlook.com,6964491396,successful
1414,692,Paige Brown,110,45000.0,microwave,HOME,offline,Bangalore,2026-01-20 00:00:00,4,Cash,0.25,PaigeBrown@outlook.com,6679987367,successful
1415,660,Jessica Stephenson,105,,tv,electronics,offline,Hyderabad,2025-08-19 00:00:00,3,Card,0.3,JessicaStephenson@gmail.com,8684231390,successful
1416,977,Gloria Navarro,101,250000.0,Laptop,Electronics,offline,Chennai,02-25-2026,5,Cash,0.15,GloriaNavarro@yahoo.com,7212940862,successful
1416,977,Gloria Navarro,101,250000.0,Laptop,Electronics,offline,Chennai,02-25-2026,5,Cash,0.15,GloriaNavarro@yahoo.com,7212940862,failed
1417,654,Amy Ramos,102,,phone,electronics,online,Chennai,2025-10-26 00:00:00,5,Card,0.25,Amy47@gmail.com,8316772859,successful
1418,495,John Cummings,109,,Refrigerator,home appliances,online,Hyderabad,2025-09-24 00:00:00,4,Cash,0.05,JohnCummings@yahoo.com,8883507125,successful
1419,579,Christian Clay,101,,Laptop,electronics,offline,Mumbai,07-31-2025,3,Card,0.15,ChristianClay@yahoo.com,6544682846,successful
1420,249,Alyssa Henderson,107,50000.0,DINING TABLE,Furniture,offline,Bangalore,07-30-2025,1,Card,0.3,Alyssa98@gmail.com,9956125109,successful
1421,462,Steven Perry,104,8000.0,Shoes,clothing,online,Bangalore,2025-12-22 00:00:00,2,Cash,0.1,StevenPerry@yahoo.com,6972623279,successful
1421,462,Steven Perry,104,8000.0,Shoes,clothing,online,Bangalore,2025-12-22 00:00:00,2,Cash,0.1,StevenPerry@yahoo.com,6972623279,failed
1422,652,Charles Fleming,105,45000.0,tv,Electronics,offline,Delhi,2025-06-17 00:00:00,2,Card,0.2,CharlesFleming@yahoo.com,7387454499,successful
1423,905,Katie George,110,45000.0,Microwave,HOME,online,Hyderabad,03-21-2026,1,Card,0.3,KatieGeorge@gmail.com,6926102952,successful
1424,159,Patrick Lucas,105,45000.0,Tv,ELEC,offline,Delhi,2025-08-31 00:00:00,2,NetBanking,0.4,PatrickLucas@gmail.com,7641363339,successful
1424,159,Patrick Lucas,105,45000.0,Tv,ELEC,offline,Delhi,2025-08-31 00:00:00,2,NetBanking,0.4,PatrickLucas@gmail.com,7641363339,failed
1425,285,Amanda Anderson,106,,sofa,FURN,online,Chennai,06-22-2025,3,Card,0.25,AmandaAnderson@outlook.com,9009070174,successful
1426,343,Allen Mcdowell,106,80000.0,SOFA,Furniture,online,Bangalore,2025-01-08 00:00:00,5,Cash,0.3,AllenMcdowell@yahoo.com,7592071170,successful
1427,571,Frederick Stevenson,104,8000.0,shoes,CLOTH,online,Chennai,2025-07-18 00:00:00,3,UPI,0.3,FrederickStevenson@outlook.com,6588854716,successful
1428,661,Jennifer Cooper,108,15000.0,Mixer grinder,Home Appliances,offline,Chennai,2025-11-06 00:00:00,2,NetBanking,0.05,JenniferCooper@outlook.com,8051514609,successful
1429,488,Kathy Henry,108,15000.0,Mixer grinder,Home Appliances,offline,Chennai,2025-05-31 00:00:00,1,Card,0.4,KathyHenry@outlook.com,7370097501,successful
1430,739,Brian Fuller,110,45000.0,MICROWAVE,Home Appliances,offline,Delhi,08-24-2025,1,Card,0.3,BrianFuller@yahoo.com,7761307238,successful
1431,472,Christian Jennings,105,45000.0,TV,electronics,online,Chennai,2026-02-28 00:00:00,-1,UPI,0.25,ChristianJennings@outlook.com,6788861240,successful
1432,946,Lisa Cochran,108,15000.0,MIXER GRINDER,HOME,online,Delhi,2025-08-10 00:00:00,1,Cash,0.3,LisaCochran@gmail.com,8354440319,successful
1433,649,Carrie Johnson,110,45000.0,microwave,home appliances,offline,Bangalore,2026-03-12 00:00:00,2,UPI,0.2,Carrie70@gmail.com,6137823544,successful
1434,198,Carrie Houston,104,,shoes,Clothing,offline,Chennai,2026-12-01 00:00:00,1,Cash,0.35,CarrieHouston@gmail.com,9351392807,successful
1435,247,David Cherry,105,45000.0,Tv,electronics,online,Bangalore,2025-10-06 00:00:00,5,Cash,0.2,DavidCherry@yahoo.com,6203059339,successful
1436,192,Nina Robinson,108,15000.0,Mixer grinder,HOME,online,Bangalore,01-18-2026,5,Card,0.15,Nina44@gmail.com,6234197116,successful
1437,18,Allison Adams,105,45000.0,TV,electronics,offline,Mumbai,2025-06-13 00:00:00,1,NetBanking,0.1,AllisonAdams@gmail.com,6292758299,successful
1438,579,Christian Clay,102,70000.0,phone,electronics,offline,Mumbai,2025-10-01 00:00:00,5,Card,0.35,ChristianClay@yahoo.com,6544682846,successful
1439,452,Cory Humphrey,109,65000.0,REFRIGERATOR,home appliances,online,Hyderabad,06-26-2025,5,Cash,0.2,CoryHumphrey@gmail.com,9921587438,successful
1440,464,Gail Wilson,103,,SHIRT,clothing,online,Mumbai,2025-07-08 00:00:00,3,UPI,0.1,GailWilson@outlook.com,7773371338,successful
1441,634,Melissa Marshall,105,45000.0,tv,ELEC,online,Mumbai,2026-02-21 00:00:00,1,Cash,0.3,MelissaMarshall@outlook.com,7477179039,successful
1442,820,Mary Goodwin,106,80000.0,sofa,FURN,offline,Delhi,2026-01-09 00:00:00,5,Cash,0.25,MaryGoodwin@yahoo.com,8576869201,successful
1443,702,Robert Jackson,109,65000.0,REFRIGERATOR,home appliances,online,Delhi,2026-02-28 00:00:00,4,Card,0.05,RobertJackson@gmail.com,8175096138,successful
1444,683,Lauren Diaz,110,45000.0,microwave,HOME,offline,Mumbai,2025-07-04 00:00:00,4,Card,0.25,LaurenDiaz@outlook.com,8162887000,successful
1445,758,Nichole Jones,105,45000.0,tv,ELEC,online,Chennai,2025-11-01 00:00:00,1,NetBanking,0.25,NicholeJones@yahoo.com,6141266772,successful
1446,168,Joyce Robertson,108,15000.0,mixer grinder,home appliances,offline,Mumbai,2026-03-11 00:00:00,2,Cash,0.15,JoyceRobertson@yahoo.com,7842890417,successful
1447,987,Daniel Harper,104,8000.0,Shoes,Clothing,offline,Delhi,2025-12-08 00:00:00,5,UPI,0.05,DanielHarper@outlook.com,6165551659,successful
1448,464,Gail Wilson,110,45000.0,MICROWAVE,home appliances,offline,Mumbai,2026-06-04 00:00:00,4,UPI,0.25,GailWilson@outlook.com,7773371338,successful
1448,464,Gail Wilson,110,45000.0,MICROWAVE,home appliances,offline,Mumbai,2026-06-04 00:00:00,4,UPI,0.25,GailWilson@outlook.com,7773371338,failed
1449,582,Kristin Bradley,101,250000.0,LAPTOP,ELEC,offline,Hyderabad,2025-10-08 00:00:00,3,NetBanking,0.4,Kristin95@gmail.com,7489521944,successful
1450,528,Kerri Rodriguez,103,1300.0,shirt,clothing,offline,Chennai,2025-11-09 00:00:00,5,NetBanking,0.25,Kerri90@gmail.com,7758070493,successful
1451,135,Daniel Wallace,108,15000.0,mixer grinder,home appliances,offline,Bangalore,2025-07-13 00:00:00,3,UPI,0.15,DanielWallace@yahoo.com,8993443314,successful
1452,276,Kelly Montgomery,104,8000.0,Shoes,clothing,offline,Delhi,2025-05-14 00:00:00,3,Cash,0.1,KellyMontgomery@gmail.com,9055563046,successful
1453,971,Larry Ramos,106,80000.0,sofa,Furniture,offline,Chennai,2025-07-10 00:00:00,1,Cash,0.15,Larry38@gmail.com,8961305114,successful
1454,869,Krystal Hudson,108,15000.0,Mixer grinder,HOME,online,Mumbai,2025-10-30 00:00:00,2,UPI,0.15,KrystalHudson@yahoo.com,9639663079,successful
1455,495,John Cummings,110,45000.0,MICROWAVE,Home Appliances,offline,Hyderabad,2025-07-22 00:00:00,5,Cash,0.1,JohnCummings@yahoo.com,8883507125,successful
1456,339,Stacy Hernandez,101,250000.0,LAPTOP,Electronics,offline,Delhi,03-26-2026,1,Cash,0.05,StacyHernandez@yahoo.com,7639794384,successful
1457,673,Nicole Davis,110,45000.0,MICROWAVE,HOME,offline,Mumbai,12-29-2025,2,UPI,0.4,Nicole33@gmail.com,9730703301,successful
1457,673,Nicole Davis,110,45000.0,MICROWAVE,HOME,offline,Mumbai,12-29-2025,2,UPI,0.4,Nicole33@gmail.com,9730703301,failed
1458,863,Travis Morgan,104,8000.0,SHOES,Clothing,offline,Bangalore,2026-01-11 00:00:00,2,UPI,0.25,Travis41@gmail.com,7182704457,successful
1459,480,Denise Guerra,102,,PHONE,ELEC,online,Hyderabad,2026-04-03 00:00:00,1,UPI,0.3,Denise5@gmail.com,7762412109,successful
1460,685,David Mcgee,108,15000.0,Mixer grinder,home appliances,offline,Chennai,2025-12-24 00:00:00,5,Card,0.25,David38@gmail.com,9760301121,successful
1461,350,Gregory Knapp,104,,shoes,CLOTH,offline,Chennai,2025-08-07 00:00:00,4,NetBanking,0.4,GregoryKnapp@yahoo.com,9371443947,successful
1462,4,Kelly Brown,110,45000.0,Microwave,HOME,online,Chennai,08-15-2025,3,NetBanking,0.2,KellyBrown@gmail.com,6816002599,successful
1463,382,Billy Ramirez,108,15000.0,Mixer grinder,Home Appliances,offline,Mumbai,2025-09-25 00:00:00,1,UPI,0.05,BillyRamirez@gmail.com,9713083185,successful
1464,74,David Alvarez,108,15000.0,mixer grinder,Home Appliances,offline,Delhi,2025-12-12 00:00:00,5,UPI,0.05,DavidAlvarez@yahoo.com,9554845242,successful
1465,231,Jason Smith,107,50000.0,dining table,FURN,online,Hyderabad,2025-12-02 00:00:00,3,UPI,0.1,Jason71@gmail.com,7793301499,successful
1466,728,Lisa Miller,108,15000.0,mixer grinder,home appliances,offline,Chennai,2025-08-05 00:00:00,5,Card,0.1,LisaMiller@gmail.com,8704743795,successful
1467,976,Paula Rogers,107,50000.0,Dining table,furniture,offline,Chennai,04-13-2026,3,UPI,0.1,Paula39@gmail.com,8769251725,successful
1468,754,Joshua Chandler,110,,Microwave,HOME,online,Mumbai,09-20-2025,5,Cash,0.4,Joshua16@gmail.com,8509597470,successful
1469,535,Jamie Mann,104,,Shoes,clothing,online,Bangalore,01-13-2026,3,Card,0.35,Jamie16@gmail.com,9294987972,successful
1470,556,Roger Guerrero,105,45000.0,tv,electronics,offline,Mumbai,04-19-2025,2,NetBanking,0.35,RogerGuerrero@yahoo.com,8875145988,successful
1471,867,Jeffrey Sanders,101,250000.0,Laptop,Electronics,offline,Chennai,2025-05-29 00:00:00,4,UPI,0.1,JeffreySanders@gmail.com,9656690432,successful
1472,626,Tyler Martinez,101,250000.0,Laptop,ELEC,offline,Hyderabad,2025-10-30 00:00:00,3,Card,0.1,TylerMartinez@gmail.com,7844237616,successful
1473,472,Christian Jennings,105,45000.0,tv,Electronics,offline,Chennai,02-25-2026,1,Cash,0.3,ChristianJennings@outlook.com,6788861240,successful
1474,750,Kristi Blackwell,106,80000.0,Sofa,FURN,online,Hyderabad,2026-02-06 00:00:00,3,NetBanking,0.1,KristiBlackwell@yahoo.com,7744513501,successful
1475,743,Dorothy Davis,103,,Shirt,Clothing,offline,Delhi,2025-06-01 00:00:00,4,UPI,0.25,DorothyDavis@yahoo.com,8478683600,successful
1476,385,Austin Love,102,70000.0,phone,ELEC,online,Hyderabad,2025-11-03 00:00:00,3,NetBanking,0.2,AustinLove@gmail.com,7223017684,successful
1477,33,John Sullivan,104,8000.0,shoes,clothing,offline,Hyderabad,04-28-2025,5,Cash,0.05,JohnSullivan@outlook.com,7339669763,successful
1478,975,Jacqueline Doyle,104,8000.0,Shoes,Clothing,online,Hyderabad,2025-08-10 00:00:00,1,NetBanking,0.2,JacquelineDoyle@outlook.com,8114950490,successful
1479,532,Scott Hall,103,,SHIRT,clothing,online,Hyderabad,2025-07-12 00:00:00,5,UPI,0.1,ScottHall@outlook.com,6065991372,successful
1480,879,Andrew Johnston,104,,Shoes,clothing,online,Mumbai,2025-06-30 00:00:00,1,UPI,0.25,AndrewJohnston@yahoo.com,9290408466,successful
1481,242,James Pham,104,8000.0,shoes,CLOTH,offline,Hyderabad,03-24-2026,1,NetBanking,0.2,JamesPham@yahoo.com,9712783250,successful
1482,481,Valerie Phillips,102,70000.0,PHONE,electronics,offline,Chennai,2025-01-05 00:00:00,3,NetBanking,0.3,ValeriePhillips@gmail.com,8466406027,successful
1483,951,Richard Miller,110,45000.0,microwave,Home Appliances,online,Mumbai,2026-03-03 00:00:00,5,Cash,0.4,RichardMiller@yahoo.com,7109726379,successful
1484,145,Michael Hendrix,101,,laptop,Electronics,offline,Delhi,09-24-2025,2,Cash,0.1,MichaelHendrix@outlook.com,6964491396,successful
1485,564,Spencer Davis,108,15000.0,Mixer grinder,HOME,offline,Chennai,2025-10-19 00:00:00,4,Cash,0.35,SpencerDavis@gmail.com,9733850711,successful
1486,963,Laura Stevenson,105,45000.0,tv,ELEC,offline,Chennai,2025-07-13 00:00:00,1,Cash,0.25,LauraStevenson@outlook.com,7523734205,successful
1487,473,Daniel Tapia,103,1300.0,SHIRT,clothing,offline,Hyderabad,2025-06-12 00:00:00,5,NetBanking,0.1,DanielTapia@yahoo.com,9989293308,successful
1488,615,Carolyn Torres,108,15000.0,MIXER GRINDER,HOME,offline,Mumbai,2025-07-14 00:00:00,2,Cash,0.25,CarolynTorres@gmail.com,6634885838,successful
1489,890,Holly Mckay,101,250000.0,laptop,electronics,offline,Chennai,2025-08-04 00:00:00,2,Card,0.05,HollyMckay@yahoo.com,6608746494,successful
1490,901,Robert Mccoy,102,70000.0,phone,electronics,online,Mumbai,01-16-2026,3,UPI,0.35,RobertMccoy@gmail.com,6111279632,successful
1491,636,Christopher Clark,106,80000.0,SOFA,Furniture,online,Mumbai,2025-01-07 00:00:00,4,Card,0.1,Christopher93@gmail.com,7656982866,successful
1492,642,Troy Mitchell,101,250000.0,laptop,Electronics,online,Bangalore,2025-07-17 00:00:00,5,NetBanking,0.4,Troy60@gmail.com,8385276968,successful
1493,921,Jessica Taylor,106,80000.0,sofa,FURN,online,Mumbai,2025-12-08 00:00:00,5,UPI,0.3,JessicaTaylor@outlook.com,9714740882,successful
1494,144,Amber Boyd,104,8000.0,shoes,clothing,online,Mumbai,2025-08-10 00:00:00,2,Card,0.05,Amber13@gmail.com,9100165581,successful
1495,673,Nicole Davis,104,8000.0,shoes,clothing,online,Mumbai,2025-07-26 00:00:00,1,UPI,0.1,Nicole33@gmail.com,9730703301,successful
1496,830,Joel Charles,105,45000.0,Tv,electronics,online,Hyderabad,2025-07-14 00:00:00,2,NetBanking,0.15,Joel4@gmail.com,8254772354,successful
1496,830,Joel Charles,105,45000.0,Tv,electronics,online,Hyderabad,2025-07-14 00:00:00,2,NetBanking,0.15,Joel4@gmail.com,8254772354,failed
1497,844,Philip Cervantes,108,15000.0,mixer grinder,HOME,online,Delhi,10-16-2025,5,Card,0.1,PhilipCervantes@gmail.com,9843657742,successful
1498,230,Jose Guerrero,109,65000.0,Refrigerator,home appliances,online,Hyderabad,2025-10-02 00:00:00,1,Cash,0.35,Jose24@gmail.com,7235645176,successful
1499,939,Megan Tran,109,,Refrigerator,HOME,online,Hyderabad,2026-03-11 00:00:00,1,NetBanking,0.25,MeganTran@outlook.com,8531719384,successful
1500,796,Jasmine Lopez,107,50000.0,DINING TABLE,Furniture,online,Bangalore,2025-07-21 00:00:00,4,Cash,0.15,JasmineLopez@outlook.com,9109427917,successful
1501,53,John Bridges,103,1300.0,SHIRT,CLOTH,offline,Hyderabad,2026-02-08 00:00:00,1,UPI,0.05,JohnBridges@outlook.com,9816578917,successful
1502,713,Jason Griffin,104,8000.0,SHOES,CLOTH,offline,Hyderabad,2026-02-01 00:00:00,4,UPI,0.35,Jason36@gmail.com,8944628007,successful
1503,139,Melissa Peterson,109,,refrigerator,home appliances,offline,Mumbai,2025-04-23 00:00:00,3,NetBanking,0.25,MelissaPeterson@outlook.com,8721382133,successful
1504,407,Erika Maxwell,101,,Laptop,ELEC,offline,Mumbai,2025-06-28 00:00:00,2,Card,0.25,Erika40@gmail.com,8516381379,successful
1505,820,Mary Goodwin,101,250000.0,LAPTOP,Electronics,offline,Delhi,2025-03-07 00:00:00,1,UPI,0.1,MaryGoodwin@yahoo.com,8576869201,successful
1506,556,Roger Guerrero,105,45000.0,Tv,ELEC,online,Mumbai,2025-06-18 00:00:00,5,NetBanking,0.05,RogerGuerrero@yahoo.com,8875145988,successful
1507,200,Miguel Proctor,107,50000.0,Dining table,FURN,online,Delhi,2025-05-30 00:00:00,5,Cash,0.2,MiguelProctor@gmail.com,8148175835,successful
1508,405,Tina Olson,102,70000.0,phone,electronics,offline,Bangalore,2025-06-20 00:00:00,2,Card,0.15,Tina84@gmail.com,9983143492,successful
1509,37,Joshua Nunez,101,250000.0,Laptop,ELEC,offline,Mumbai,2025-10-10 00:00:00,5,Cash,0.3,JoshuaNunez@yahoo.com,8587718785,successful
1510,886,Ashley Gamble,106,80000.0,SOFA,Furniture,offline,Bangalore,2026-04-15 00:00:00,5,Cash,0.2,AshleyGamble@gmail.com,7217933316,successful
1511,257,Courtney Terrell,101,250000.0,laptop,electronics,online,Mumbai,2025-05-26 00:00:00,1,NetBanking,0.15,CourtneyTerrell@gmail.com,8124821354,successful
1512,435,Wendy Robinson,103,1300.0,SHIRT,Clothing,online,Delhi,2025-09-07 00:00:00,4,UPI,0.35,WendyRobinson@gmail.com,7891934454,successful
1513,91,Christopher Martin,109,65000.0,refrigerator,HOME,offline,Bangalore,2026-10-02 00:00:00,3,NetBanking,0.25,ChristopherMartin@outlook.com,8340618811,successful
1514,756,Juan Mata,107,50000.0,Dining table,Furniture,offline,Bangalore,02-16-2026,1,Cash,0.4,JuanMata@yahoo.com,6819524818,successful
1515,285,Amanda Anderson,110,45000.0,MICROWAVE,HOME,offline,Chennai,2026-04-04 00:00:00,1,NetBanking,0.3,AmandaAnderson@outlook.com,9009070174,successful
1516,238,Zachary Hooper,105,45000.0,TV,ELEC,online,Bangalore,2025-08-27 00:00:00,2,Card,0.25,ZacharyHooper@gmail.com,7936610012,successful
1517,889,Robert Carlson,110,,MICROWAVE,HOME,online,Delhi,2025-08-22 00:00:00,4,UPI,0.1,Robert40@gmail.com,9576398201,successful
1518,728,Lisa Miller,106,80000.0,Sofa,furniture,online,Chennai,2025-04-19 00:00:00,5,Cash,0.4,LisaMiller@gmail.com,8704743795,successful
1518,728,Lisa Miller,106,80000.0,Sofa,furniture,online,Chennai,2025-04-19 00:00:00,5,Cash,0.4,LisaMiller@gmail.com,8704743795,failed
1519,544,Charles Weaver,101,250000.0,LAPTOP,Electronics,offline,Mumbai,2025-06-27 00:00:00,3,Card,0.25,CharlesWeaver@outlook.com,8908841294,successful
1520,414,Chase Johnson,102,70000.0,PHONE,ELEC,offline,Delhi,08-18-2025,5,Card,0.05,ChaseJohnson@yahoo.com,6218571815,successful
1520,414,Chase Johnson,102,70000.0,PHONE,ELEC,offline,Delhi,08-18-2025,5,Card,0.05,ChaseJohnson@yahoo.com,6218571815,failed
1521,229,Randy Wilkins,107,,DINING TABLE,furniture,online,Hyderabad,2026-02-10 00:00:00,3,Card,0.1,RandyWilkins@gmail.com,6293802127,successful
1522,215,Crystal Aguilar,104,8000.0,Shoes,clothing,offline,Mumbai,2026-06-01 00:00:00,1,NetBanking,0.25,CrystalAguilar@gmail.com,6161915910,successful
1523,680,Benjamin Anderson,104,8000.0,shoes,CLOTH,online,Delhi,2025-07-20 00:00:00,1,UPI,0.4,BenjaminAnderson@yahoo.com,7059506812,successful
1524,776,Erica Moore,109,65000.0,Refrigerator,HOME,offline,Chennai,2025-03-09 00:00:00,5,UPI,0.4,EricaMoore@gmail.com,7710081731,successful
1525,507,Thomas Cameron,108,15000.0,MIXER GRINDER,Home Appliances,online,Delhi,06-16-2025,4,Card,0.35,ThomasCameron@outlook.com,9216552264,successful
1525,507,Thomas Cameron,108,15000.0,MIXER GRINDER,Home Appliances,online,Delhi,06-16-2025,4,Card,0.35,ThomasCameron@outlook.com,9216552264,failed
1526,400,Brenda Johnson,106,80000.0,Sofa,furniture,online,Chennai,2025-05-12 00:00:00,4,Card,0.1,BrendaJohnson@yahoo.com,7955488393,successful
1527,872,David Miller,109,,refrigerator,HOME,online,Mumbai,04-29-2025,3,NetBanking,0.3,DavidMiller@yahoo.com,8702050205,successful
1528,518,Alexander Davenport,101,250000.0,LAPTOP,electronics,online,Bangalore,11-25-2025,5,Cash,0.4,AlexanderDavenport@yahoo.com,9219449276,successful
1529,570,Donald Carter,105,45000.0,TV,ELEC,online,Chennai,2025-08-03 00:00:00,3,UPI,0.15,Donald21@gmail.com,7944230219,successful
1530,513,Brandon Sims,101,250000.0,laptop,Electronics,online,Chennai,09-19-2025,4,Card,0.2,BrandonSims@outlook.com,7025827219,successful
1531,131,Pamela Peterson,103,1300.0,SHIRT,Clothing,online,Bangalore,2025-09-07 00:00:00,3,UPI,0.15,PamelaPeterson@gmail.com,6535198147,successful
1532,546,Angel Gibson,102,70000.0,Phone,ELEC,offline,Mumbai,2025-07-10 00:00:00,2,UPI,0.15,AngelGibson@outlook.com,8859591227,successful
1533,767,John Farmer,107,50000.0,Dining table,furniture,online,Mumbai,07-31-2025,4,NetBanking,0.05,JohnFarmer@outlook.com,6262937080,successful
1534,600,James Schaefer,101,250000.0,laptop,electronics,offline,Chennai,2025-11-05 00:00:00,2,Card,0.05,James62@gmail.com,9201434220,successful
1535,515,Amy Lee,105,45000.0,TV,Electronics,offline,Chennai,2025-05-21 00:00:00,1,UPI,0.05,AmyLee@yahoo.com,6621930756,successful
1536,498,Russell Crawford,105,45000.0,TV,ELEC,online,Hyderabad,2025-06-25 00:00:00,5,UPI,0.25,RussellCrawford@gmail.com,9835751675,successful
1537,2,Steven Evans,107,50000.0,DINING TABLE,furniture,online,Delhi,2025-07-07 00:00:00,2,UPI,0.25,StevenEvans@gmail.com,9464982287,successful
1537,2,Steven Evans,107,50000.0,DINING TABLE,furniture,online,Delhi,2025-07-07 00:00:00,2,UPI,0.25,StevenEvans@gmail.com,9464982287,failed
1538,279,Lucas Stevens,107,,Dining table,Furniture,online,Hyderabad,2025-10-20 00:00:00,5,Cash,0.4,LucasStevens@outlook.com,6788203687,successful
1539,938,Mary Rogers,108,15000.0,Mixer grinder,home appliances,online,Hyderabad,2026-12-02 00:00:00,2,NetBanking,0.1,MaryRogers@gmail.com,9755893823,successful
1540,733,Jessica Lin,102,70000.0,Phone,Electronics,online,Delhi,2025-09-05 00:00:00,4,Card,0.05,Jessica60@gmail.com,8596806363,successful
1541,629,Alec Kelly,101,250000.0,Laptop,ELEC,offline,Delhi,09-29-2025,4,Card,0.2,AlecKelly@outlook.com,8924269475,successful
1542,79,Tony Jones,103,1300.0,Shirt,Clothing,offline,Bangalore,2025-07-10 00:00:00,2,UPI,0.15,TonyJones@yahoo.com,7100845623,successful
1543,938,Mary Rogers,102,70000.0,PHONE,electronics,online,Hyderabad,2025-11-12 00:00:00,3,Cash,0.35,MaryRogers@gmail.com,9755893823,successful
1544,501,Tammy Gomez,110,45000.0,Microwave,Home Appliances,online,Bangalore,2026-03-19 00:00:00,5,Cash,0.3,TammyGomez@yahoo.com,6653151201,successful
1545,133,Christy Stone,101,250000.0,LAPTOP,electronics,offline,Chennai,2025-08-24 00:00:00,3,Card,0.25,ChristyStone@outlook.com,6490965000,successful
1546,674,Haley Alvarez,103,1300.0,shirt,CLOTH,online,Bangalore,2025-10-02 00:00:00,5,Card,0.2,HaleyAlvarez@outlook.com,9910438272,successful
1546,674,Haley Alvarez,103,1300.0,shirt,CLOTH,online,Bangalore,2025-10-02 00:00:00,5,Card,0.2,HaleyAlvarez@outlook.com,9910438272,failed
1547,712,Laura Rogers,104,8000.0,SHOES,clothing,offline,Hyderabad,2026-01-10 00:00:00,4,UPI,0.3,LauraRogers@outlook.com,6546785295,successful
1548,967,Brittany Bush,109,65000.0,REFRIGERATOR,home appliances,online,Hyderabad,07-17-2025,4,Cash,0.05,BrittanyBush@yahoo.com,8867314454,successful
1549,46,Mallory Boyd,109,65000.0,Refrigerator,home appliances,offline,Delhi,2025-04-24 00:00:00,1,Card,0.2,Mallory7@gmail.com,6910302449,successful
1550,337,Cameron Myers,103,1300.0,shirt,CLOTH,online,Chennai,2025-09-05 00:00:00,1,NetBanking,0.1,Cameron63@gmail.com,8961771877,successful
1551,501,Tammy Gomez,103,1300.0,SHIRT,clothing,offline,Bangalore,2025-10-13 00:00:00,3,Cash,0.35,TammyGomez@yahoo.com,6653151201,successful
1552,781,Connor Farrell,101,250000.0,LAPTOP,ELEC,online,Mumbai,03-19-2026,2,Cash,0.05,Connor17@gmail.com,9301023407,successful
1553,495,John Cummings,108,15000.0,Mixer grinder,home appliances,online,Hyderabad,2025-08-08 00:00:00,3,NetBanking,0.05,JohnCummings@yahoo.com,8883507125,successful
1553,495,John Cummings,108,15000.0,Mixer grinder,home appliances,online,Hyderabad,2025-08-08 00:00:00,3,NetBanking,0.05,JohnCummings@yahoo.com,8883507125,failed
1554,964,Amy Brown,107,50000.0,dining table,furniture,online,Mumbai,12-23-2025,3,Card,0.1,AmyBrown@yahoo.com,6919540526,successful
1555,86,Rachel Gonzales,104,8000.0,Shoes,Clothing,offline,Mumbai,2025-11-10 00:00:00,3,NetBanking,0.25,RachelGonzales@yahoo.com,6409395951,successful
1556,57,Charles Henderson,109,65000.0,Refrigerator,home appliances,offline,Hyderabad,2025-12-01 00:00:00,4,NetBanking,0.35,CharlesHenderson@outlook.com,9322915372,successful
1557,112,Bill Maldonado,104,8000.0,shoes,clothing,offline,Mumbai,2025-06-18 00:00:00,5,UPI,0.4,BillMaldonado@gmail.com,9749291130,successful
1558,302,James Robles,105,45000.0,Tv,ELEC,online,Bangalore,2025-06-02 00:00:00,2,NetBanking,0.4,JamesRobles@gmail.com,6180165908,successful
1559,571,Frederick Stevenson,103,1300.0,shirt,clothing,online,Chennai,2025-07-02 00:00:00,2,Card,0.25,FrederickStevenson@outlook.com,6588854716,successful
1560,17,Duane Hall,107,50000.0,DINING TABLE,Furniture,online,Bangalore,2026-01-25 00:00:00,4,Card,0.3,DuaneHall@outlook.com,7467001149,successful
1561,666,Emily Griffith,108,15000.0,MIXER GRINDER,HOME,online,Mumbai,2025-05-24 00:00:00,-1,UPI,0.35,EmilyGriffith@gmail.com,9486424680,successful
1562,786,Jeremiah Simmons,110,45000.0,MICROWAVE,Home Appliances,online,Chennai,2026-10-01 00:00:00,3,NetBanking,0.05,JeremiahSimmons@outlook.com,7139465116,successful
1563,854,Dennis Dorsey,103,1300.0,shirt,CLOTH,offline,Hyderabad,08-13-2025,3,Cash,0.05,DennisDorsey@yahoo.com,7070302116,successful
1564,194,Leonard Taylor,103,1300.0,shirt,CLOTH,offline,Chennai,2026-01-07 00:00:00,2,NetBanking,0.4,Leonard55@gmail.com,8870238398,successful
1565,250,Steven Baker,110,45000.0,Microwave,home appliances,offline,Mumbai,2025-11-10 00:00:00,5,NetBanking,0.25,StevenBaker@gmail.com,6299345024,successful
1566,36,Brian Martinez,106,80000.0,sofa,FURN,offline,Chennai,2026-02-20 00:00:00,2,UPI,0.35,Brian28@gmail.com,7151424804,successful
1567,747,Laura Edwards,104,8000.0,shoes,CLOTH,offline,Bangalore,10-14-2025,3,UPI,0.15,LauraEdwards@yahoo.com,6975755369,successful
1568,563,Robert Baird,106,80000.0,SOFA,Furniture,offline,Hyderabad,2025-10-18 00:00:00,4,Card,0.05,RobertBaird@gmail.com,6493829200,successful
1569,158,Tiffany Mitchell,107,50000.0,Dining table,Furniture,offline,Delhi,2025-06-09 00:00:00,3,NetBanking,0.3,Tiffany78@gmail.com,7906116316,successful
1570,564,Spencer Davis,101,250000.0,laptop,Electronics,online,Chennai,07-29-2025,4,Card,0.15,SpencerDavis@gmail.com,9733850711,successful
1571,589,Ashley Harper,102,70000.0,Phone,electronics,online,Mumbai,11-22-2025,4,NetBanking,0.1,AshleyHarper@outlook.com,6207863405,successful
1572,13,Jay Knight,104,8000.0,shoes,CLOTH,offline,Bangalore,04-24-2025,5,NetBanking,0.3,JayKnight@gmail.com,6941072670,successful
1573,758,Nichole Jones,101,250000.0,Laptop,electronics,offline,Chennai,2026-04-13 00:00:00,2,UPI,0.05,NicholeJones@yahoo.com,6141266772,successful
1574,24,Donald Blevins,107,50000.0,Dining table,Furniture,offline,Chennai,2025-08-20 00:00:00,4,Card,0.2,Donald34@gmail.com,8167731556,successful
1575,908,Michelle Shaw,109,65000.0,refrigerator,HOME,online,Hyderabad,03-29-2026,4,Card,0.1,MichelleShaw@gmail.com,7623143812,successful
1576,785,Michael Russell,110,45000.0,microwave,home appliances,offline,Chennai,2025-09-23 00:00:00,1,UPI,0.4,MichaelRussell@outlook.com,7675163407,successful
1577,339,Stacy Hernandez,104,8000.0,SHOES,Clothing,offline,Delhi,2025-03-11 00:00:00,1,NetBanking,0.15,StacyHernandez@yahoo.com,7639794384,successful
1578,98,Cindy Mueller,104,8000.0,shoes,Clothing,offline,Chennai,2026-02-03 00:00:00,2,Cash,0.15,CindyMueller@outlook.com,7228634089,successful
1579,66,Jonathan Lewis,108,15000.0,MIXER GRINDER,HOME,offline,Bangalore,2025-05-30 00:00:00,5,Card,0.2,JonathanLewis@gmail.com,6053764680,successful
1580,698,Jennifer Mendoza,104,8000.0,Shoes,clothing,offline,Chennai,2026-01-23 00:00:00,2,Cash,0.2,JenniferMendoza@outlook.com,8547623194,successful
1581,260,Cynthia Fields,107,50000.0,dining table,Furniture,offline,Chennai,2025-10-11 00:00:00,3,UPI,0.15,CynthiaFields@gmail.com,6824635111,successful
1582,287,Cory Howell,110,,MICROWAVE,Home Appliances,offline,Delhi,2025-10-16 00:00:00,1,Card,0.4,Cory93@gmail.com,6894154787,successful
1583,479,Tracy Underwood,102,,phone,Electronics,offline,Chennai,2025-10-12 00:00:00,4,Cash,0.4,TracyUnderwood@outlook.com,9686965808,successful
1584,815,Kimberly Taylor,109,65000.0,REFRIGERATOR,HOME,offline,Mumbai,2025-08-29 00:00:00,1,Card,0.05,Kimberly8@gmail.com,9314044428,successful
1585,123,Trevor Sharp,107,,DINING TABLE,Furniture,online,Mumbai,2025-07-07 00:00:00,3,Cash,0.1,TrevorSharp@yahoo.com,6132558457,successful
1586,742,Wesley Davis,103,1300.0,SHIRT,CLOTH,online,Delhi,2025-10-02 00:00:00,4,Card,0.25,WesleyDavis@outlook.com,6985349946,successful
1587,96,Traci Cole,110,45000.0,microwave,home appliances,offline,Chennai,2025-05-03 00:00:00,3,Card,0.2,TraciCole@outlook.com,6275043203,successful
1588,988,John Thomas,101,250000.0,LAPTOP,electronics,offline,Delhi,2025-12-21 00:00:00,4,UPI,0.35,John19@gmail.com,9168109139,successful
1589,805,Latoya Baker,102,,PHONE,Electronics,online,Delhi,2026-02-14 00:00:00,5,UPI,0.2,Latoya58@gmail.com,7323207440,successful
1590,342,Jessica Fowler,110,,microwave,Home Appliances,offline,Hyderabad,2025-11-08 00:00:00,2,NetBanking,0.2,Jessica96@gmail.com,9944290818,successful
1591,230,Jose Guerrero,106,80000.0,SOFA,Furniture,offline,Hyderabad,09-21-2025,5,UPI,0.3,Jose24@gmail.com,7235645176,successful
1592,829,Jeffery Perez,105,45000.0,Tv,Electronics,online,Mumbai,2025-10-31 00:00:00,5,NetBanking,0.35,JefferyPerez@yahoo.com,9395329348,successful
1593,659,Jason Liu,101,250000.0,Laptop,ELEC,offline,Chennai,03-18-2026,5,UPI,0.35,JasonLiu@outlook.com,8855601592,successful
1594,806,Jacqueline Cantu,108,15000.0,Mixer grinder,Home Appliances,online,Chennai,2025-06-18 00:00:00,5,Card,0.2,Jacqueline4@gmail.com,8698814533,successful
1595,771,Matthew Greer,106,80000.0,sofa,FURN,online,Bangalore,2025-06-17 00:00:00,3,Cash,0.15,MatthewGreer@yahoo.com,8278910012,successful
1596,440,Tracy Sheppard,105,45000.0,TV,electronics,online,Hyderabad,2025-05-08 00:00:00,1,Card,0.05,TracySheppard@gmail.com,6538673396,successful
1597,698,Jennifer Mendoza,109,,refrigerator,HOME,online,Chennai,2025-07-25 00:00:00,2,UPI,0.1,JenniferMendoza@outlook.com,8547623194,successful
1598,570,Donald Carter,105,45000.0,Tv,electronics,online,Chennai,2025-08-02 00:00:00,5,Card,0.25,Donald21@gmail.com,7944230219,successful
1599,254,Daniel Santos,101,250000.0,Laptop,ELEC,online,Hyderabad,2025-07-02 00:00:00,1,NetBanking,0.4,DanielSantos@yahoo.com,8953397463,successful
1600,182,Kathleen Castro,104,8000.0,Shoes,clothing,offline,Hyderabad,03-25-2026,4,NetBanking,0.15,KathleenCastro@outlook.com,8815269367,successful
1601,473,Daniel Tapia,101,250000.0,LAPTOP,ELEC,offline,Hyderabad,2025-11-08 00:00:00,3,NetBanking,0.2,DanielTapia@yahoo.com,9989293308,successful
1602,705,Amy Brewer,101,250000.0,laptop,Electronics,offline,Hyderabad,2025-03-10 00:00:00,1,Card,0.4,AmyBrewer@yahoo.com,9710911218,successful
1603,630,Charles Thompson,105,45000.0,Tv,electronics,online,Hyderabad,2026-06-04 00:00:00,5,Cash,0.05,Charles57@gmail.com,9406833982,successful
1604,633,Julie Jackson,102,,phone,ELEC,online,Delhi,2025-07-23 00:00:00,1,NetBanking,0.2,Julie50@gmail.com,7168243701,successful
1605,469,Michael Garcia,101,250000.0,LAPTOP,ELEC,offline,Delhi,10-13-2025,3,NetBanking,0.2,Michael3@gmail.com,7570939516,successful
1606,892,Logan Hayes,103,1300.0,Shirt,Clothing,offline,Mumbai,2025-10-02 00:00:00,3,Cash,0.1,LoganHayes@yahoo.com,6461520803,successful
1607,293,Luke Cummings,108,15000.0,mixer grinder,home appliances,offline,Hyderabad,2025-11-13 00:00:00,5,Card,0.1,LukeCummings@gmail.com,8835564761,successful
1608,681,Heather Williams,110,45000.0,MICROWAVE,Home Appliances,online,Mumbai,2025-10-19 00:00:00,5,Cash,0.3,HeatherWilliams@outlook.com,7511129467,successful
1609,933,Zachary Khan,102,70000.0,phone,ELEC,offline,Bangalore,07-19-2025,2,Card,0.3,Zachary6@gmail.com,9316003581,successful
1610,41,Brandon Robinson,109,65000.0,REFRIGERATOR,Home Appliances,offline,Delhi,2025-08-06 00:00:00,4,NetBanking,0.4,BrandonRobinson@outlook.com,6017633106,successful
1611,884,Isaac Byrd,104,8000.0,SHOES,clothing,online,Delhi,08-27-2025,4,NetBanking,0.4,IsaacByrd@gmail.com,6341934208,successful
1612,844,Philip Cervantes,106,80000.0,Sofa,Furniture,online,Delhi,2026-04-11 00:00:00,5,NetBanking,0.3,PhilipCervantes@gmail.com,9843657742,successful
1613,340,Paul Smith,105,45000.0,TV,ELEC,offline,Chennai,2026-03-01 00:00:00,4,Cash,0.25,PaulSmith@yahoo.com,7280629550,successful
1614,53,John Bridges,103,1300.0,Shirt,clothing,online,Hyderabad,2025-12-10 00:00:00,3,UPI,0.1,JohnBridges@outlook.com,9816578917,successful
1615,121,Deborah Vang,101,250000.0,laptop,ELEC,online,Delhi,2025-12-05 00:00:00,2,NetBanking,0.4,DeborahVang@gmail.com,8257597407,successful
1616,388,Daniel Wilson,108,15000.0,Mixer grinder,Home Appliances,online,Bangalore,07-29-2025,3,Card,0.15,DanielWilson@gmail.com,8047330453,successful
1617,568,Joshua Collins,107,,DINING TABLE,Furniture,online,Mumbai,2025-05-11 00:00:00,2,UPI,0.3,Joshua22@gmail.com,8173486949,successful
1618,897,Johnathan Fox,108,15000.0,MIXER GRINDER,Home Appliances,offline,Mumbai,2026-03-01 00:00:00,1,NetBanking,0.3,JohnathanFox@gmail.com,6738144977,successful
1619,298,Ryan Massey,106,80000.0,sofa,FURN,online,Delhi,2026-02-15 00:00:00,2,UPI,0.35,Ryan8@gmail.com,6449657586,successful
1620,432,Charles Nelson,109,65000.0,refrigerator,Home Appliances,offline,Mumbai,2025-04-05 00:00:00,3,UPI,0.05,CharlesNelson@yahoo.com,9047961774,successful
1621,497,Walter Peterson,102,,Phone,ELEC,online,Mumbai,2025-12-30 00:00:00,5,NetBanking,0.15,WalterPeterson@yahoo.com,7380891460,successful
1622,686,Brandon Jenkins,103,1300.0,shirt,Clothing,offline,Bangalore,2025-08-22 00:00:00,2,Cash,0.3,BrandonJenkins@yahoo.com,6816672657,successful
1623,582,Kristin Bradley,105,45000.0,TV,ELEC,online,Hyderabad,2025-04-23 00:00:00,3,NetBanking,0.3,Kristin95@gmail.com,7489521944,successful
1624,980,Alexis Andrews,101,250000.0,laptop,ELEC,offline,Delhi,04-24-2025,2,Cash,0.35,Alexis8@gmail.com,9601673841,successful
1625,759,Lisa Butler,101,250000.0,Laptop,electronics,online,Hyderabad,2025-05-24 00:00:00,4,Cash,0.3,Lisa15@gmail.com,8805550071,successful
1626,320,Stephen Tyler,108,15000.0,mixer grinder,home appliances,online,Hyderabad,06-18-2025,1,NetBanking,0.4,StephenTyler@yahoo.com,8061706167,successful
1627,771,Matthew Greer,106,80000.0,SOFA,Furniture,online,Bangalore,2026-01-30 00:00:00,5,NetBanking,0.4,MatthewGreer@yahoo.com,8278910012,successful
1628,873,Tracy Bass,108,,Mixer grinder,HOME,online,Hyderabad,2025-08-25 00:00:00,3,UPI,0.2,TracyBass@outlook.com,6881058034,successful
1629,431,Tracie Kim,102,70000.0,PHONE,electronics,online,Bangalore,2025-10-31 00:00:00,1,UPI,0.25,TracieKim@yahoo.com,8301285130,successful
1630,209,Aaron Mclaughlin,103,1300.0,Shirt,clothing,online,Chennai,2025-09-14 00:00:00,4,Card,0.05,AaronMclaughlin@outlook.com,8765355147,successful
1631,36,Brian Martinez,106,80000.0,SOFA,FURN,offline,Chennai,2025-07-20 00:00:00,4,Card,0.15,Brian28@gmail.com,7151424804,successful
1632,106,James Pham,107,50000.0,dining table,furniture,offline,Chennai,2025-09-03 00:00:00,2,UPI,0.4,JamesPham@gmail.com,8917460047,successful
1633,93,Judith Sanchez,105,45000.0,Tv,ELEC,offline,Mumbai,2026-01-25 00:00:00,2,UPI,0.3,JudithSanchez@yahoo.com,8482107676,successful
1634,799,Stephanie Dunn,104,8000.0,Shoes,clothing,offline,Delhi,2026-03-07 00:00:00,5,UPI,0.25,StephanieDunn@gmail.com,7485500744,successful
1635,544,Charles Weaver,102,70000.0,Phone,electronics,online,Mumbai,2025-06-09 00:00:00,4,UPI,0.4,CharlesWeaver@outlook.com,8908841294,successful
1635,544,Charles Weaver,102,70000.0,Phone,electronics,online,Mumbai,2025-06-09 00:00:00,4,UPI,0.4,CharlesWeaver@outlook.com,8908841294,failed
1636,181,Maria Robinson,110,45000.0,microwave,home appliances,online,Delhi,2025-06-04 00:00:00,3,UPI,0.35,MariaRobinson@gmail.com,8794772717,successful
1637,260,Cynthia Fields,101,250000.0,laptop,electronics,offline,Chennai,2025-06-26 00:00:00,4,UPI,0.25,CynthiaFields@gmail.com,6824635111,successful
1638,937,Nicole Woods,107,50000.0,dining table,FURN,online,Mumbai,2026-03-31 00:00:00,1,Card,0.15,NicoleWoods@yahoo.com,9340979075,successful
1639,231,Jason Smith,101,250000.0,Laptop,Electronics,online,Hyderabad,2026-02-15 00:00:00,2,NetBanking,0.1,Jason71@gmail.com,7793301499,successful
1639,231,Jason Smith,101,250000.0,Laptop,Electronics,online,Hyderabad,2026-02-15 00:00:00,2,NetBanking,0.1,Jason71@gmail.com,7793301499,failed
1640,201,Lisa Tran,110,45000.0,MICROWAVE,HOME,offline,Bangalore,2025-07-12 00:00:00,2,Cash,0.25,LisaTran@yahoo.com,8759272874,successful
1641,130,Bailey Smith,108,15000.0,Mixer grinder,Home Appliances,offline,Hyderabad,2025-11-03 00:00:00,1,Card,0.2,BaileySmith@outlook.com,9583091953,successful
1642,307,Evelyn Bridges,106,80000.0,sofa,FURN,offline,Chennai,2026-03-06 00:00:00,3,NetBanking,0.4,EvelynBridges@gmail.com,9141467428,successful
1643,773,Gerald Cox,110,45000.0,Microwave,home appliances,online,Mumbai,2026-04-15 00:00:00,4,NetBanking,0.4,GeraldCox@gmail.com,7170464312,successful
1644,341,Cory Alvarado,105,45000.0,Tv,electronics,online,Mumbai,02-14-2026,1,Cash,0.25,CoryAlvarado@outlook.com,7632639155,successful
1645,519,Kylie Ferguson,106,,SOFA,furniture,online,Bangalore,2025-11-01 00:00:00,5,Cash,0.3,KylieFerguson@yahoo.com,9256896178,successful
1646,739,Brian Fuller,110,45000.0,microwave,home appliances,offline,Delhi,2026-01-02 00:00:00,3,Card,0.25,BrianFuller@yahoo.com,7761307238,successful
1647,701,Dylan Stanley,108,15000.0,Mixer grinder,HOME,offline,Mumbai,03-19-2026,4,NetBanking,0.35,DylanStanley@gmail.com,8009111562,successful
1648,767,John Farmer,110,45000.0,Microwave,Home Appliances,online,Mumbai,2025-11-20 00:00:00,3,UPI,0.3,JohnFarmer@outlook.com,6262937080,successful
1649,886,Ashley Gamble,106,80000.0,sofa,Furniture,online,Bangalore,2026-02-27 00:00:00,1,UPI,0.15,AshleyGamble@gmail.com,7217933316,successful
1649,886,Ashley Gamble,106,80000.0,sofa,Furniture,online,Bangalore,2026-02-27 00:00:00,1,UPI,0.15,AshleyGamble@gmail.com,7217933316,failed
1650,478,Crystal Mejia,107,50000.0,DINING TABLE,FURN,offline,Mumbai,02-19-2026,4,Card,0.15,CrystalMejia@outlook.com,8434061187,successful
1651,528,Kerri Rodriguez,102,70000.0,Phone,electronics,online,Chennai,2025-08-24 00:00:00,3,Card,0.35,Kerri90@gmail.com,7758070493,successful
1652,779,Daniel Nielsen,107,50000.0,dining table,furniture,offline,Chennai,06-22-2025,5,Card,0.1,Daniel87@gmail.com,6210701407,successful
1653,150,Donald Bradley,106,,Sofa,FURN,offline,Mumbai,2025-01-05 00:00:00,5,UPI,0.4,Donald58@gmail.com,6372599420,successful
1654,449,Erin Summers,102,70000.0,Phone,ELEC,online,Delhi,2025-07-09 00:00:00,4,UPI,0.4,ErinSummers@yahoo.com,9659403005,successful
1655,43,Jennifer Frye,109,65000.0,REFRIGERATOR,home appliances,offline,Chennai,07-30-2025,3,NetBanking,0.4,JenniferFrye@outlook.com,8475221395,successful
1656,376,Traci Floyd,105,,tv,Electronics,online,Chennai,2026-04-01 00:00:00,4,Card,0.1,TraciFloyd@outlook.com,7891980816,successful
1657,815,Kimberly Taylor,102,70000.0,Phone,Electronics,online,Mumbai,09-16-2025,2,Card,0.25,Kimberly8@gmail.com,9314044428,successful
1658,716,John Mitchell,101,250000.0,Laptop,Electronics,offline,Delhi,2025-09-30 00:00:00,4,NetBanking,0.25,JohnMitchell@outlook.com,7564242427,successful
1659,955,Jake Davis,101,250000.0,laptop,Electronics,online,Bangalore,2025-12-08 00:00:00,5,Cash,0.4,JakeDavis@yahoo.com,7071458620,successful
1660,181,Maria Robinson,106,80000.0,SOFA,furniture,online,Delhi,02-16-2026,3,NetBanking,0.1,MariaRobinson@gmail.com,8794772717,successful
1661,278,Daniel Stevens,108,15000.0,mixer grinder,home appliances,offline,Delhi,12-26-2025,3,UPI,0.25,DanielStevens@yahoo.com,6541075034,successful
1662,222,Emily Hernandez,110,,MICROWAVE,Home Appliances,offline,Delhi,2025-09-06 00:00:00,5,NetBanking,0.2,EmilyHernandez@gmail.com,8919398256,successful
1663,855,Linda Shelton,104,8000.0,Shoes,clothing,offline,Delhi,2025-09-21 00:00:00,1,Cash,0.2,LindaShelton@outlook.com,9051785453,successful
1664,977,Gloria Navarro,104,8000.0,shoes,CLOTH,offline,Chennai,2025-11-01 00:00:00,2,Card,0.1,GloriaNavarro@yahoo.com,7212940862,successful
1665,383,Debra Parker,103,1300.0,Shirt,Clothing,offline,Mumbai,2025-07-10 00:00:00,2,Card,0.35,DebraParker@outlook.com,8344565109,successful
1666,407,Erika Maxwell,108,15000.0,Mixer grinder,HOME,offline,Mumbai,2025-06-06 00:00:00,5,NetBanking,0.05,Erika40@gmail.com,8516381379,successful
1667,87,Peter Silva,103,1300.0,Shirt,CLOTH,online,Chennai,12-13-2025,2,Card,0.2,PeterSilva@outlook.com,7226480954,successful
1668,871,Joel Hall,107,50000.0,DINING TABLE,FURN,online,Chennai,2025-04-21 00:00:00,2,Card,0.35,Joel21@gmail.com,8984815629,successful
1669,649,Carrie Johnson,108,,MIXER GRINDER,Home Appliances,offline,Bangalore,2025-07-15 00:00:00,1,NetBanking,0.3,Carrie70@gmail.com,6137823544,successful
1670,307,Evelyn Bridges,103,1300.0,SHIRT,CLOTH,offline,Chennai,2025-10-14 00:00:00,1,Cash,0.25,EvelynBridges@gmail.com,9141467428,successful
1671,42,Michael Swanson,105,45000.0,Tv,ELEC,offline,Hyderabad,04-16-2026,3,NetBanking,0.1,MichaelSwanson@outlook.com,8981002466,successful
1671,42,Michael Swanson,105,45000.0,Tv,ELEC,offline,Hyderabad,04-16-2026,3,NetBanking,0.1,MichaelSwanson@outlook.com,8981002466,failed
1672,308,Lori Bowen,103,1300.0,Shirt,clothing,offline,Mumbai,2026-03-11 00:00:00,2,UPI,0.3,LoriBowen@gmail.com,6435037114,successful
1673,625,Elizabeth Duran,110,45000.0,microwave,home appliances,offline,Mumbai,11-27-2025,2,Cash,0.05,ElizabethDuran@gmail.com,7848866997,successful
1673,625,Elizabeth Duran,110,45000.0,microwave,home appliances,offline,Mumbai,11-27-2025,2,Cash,0.05,ElizabethDuran@gmail.com,7848866997,failed
1674,876,David Whitaker,104,8000.0,SHOES,Clothing,online,Chennai,2025-10-28 00:00:00,3,NetBanking,0.35,DavidWhitaker@gmail.com,9010543557,successful
1675,537,Ernest Meyers,107,50000.0,dining table,Furniture,online,Delhi,2026-11-03 00:00:00,2,Card,0.4,Ernest39@gmail.com,8049889488,successful
1676,407,Erika Maxwell,105,45000.0,tv,ELEC,online,Mumbai,2025-12-23 00:00:00,5,Cash,0.15,Erika40@gmail.com,8516381379,successful
1677,881,Sarah Guerrero,104,8000.0,shoes,CLOTH,online,Bangalore,2026-04-05 00:00:00,4,Card,0.2,SarahGuerrero@yahoo.com,7147248911,successful
1678,163,Robert Carlson,106,,Sofa,Furniture,offline,Mumbai,2025-10-03 00:00:00,2,NetBanking,0.1,RobertCarlson@gmail.com,8612716458,successful
1679,173,Joshua Smith,108,15000.0,Mixer grinder,Home Appliances,offline,Delhi,2025-09-09 00:00:00,5,UPI,0.1,JoshuaSmith@outlook.com,9374137378,successful
1680,156,Sara Romero,107,,dining table,Furniture,offline,Chennai,2025-04-12 00:00:00,1,Cash,0.15,SaraRomero@gmail.com,9107680162,successful
1681,876,David Whitaker,108,15000.0,MIXER GRINDER,HOME,online,Chennai,2026-02-10 00:00:00,4,Cash,0.15,DavidWhitaker@gmail.com,9010543557,successful
1682,970,William Freeman,106,,Sofa,Furniture,online,Delhi,05-31-2025,3,UPI,0.15,William98@gmail.com,7126139842,successful
1683,668,Gregory Campbell,104,8000.0,Shoes,CLOTH,offline,Chennai,06-15-2025,5,NetBanking,0.35,GregoryCampbell@outlook.com,9549001969,successful
1684,109,Michael Walker,109,65000.0,refrigerator,HOME,offline,Mumbai,2025-12-20 00:00:00,2,Cash,0.3,MichaelWalker@yahoo.com,9982367171,successful
1685,49,Dominique Jones,106,80000.0,Sofa,FURN,online,Delhi,07-20-2025,4,Card,0.15,DominiqueJones@gmail.com,7456632605,successful
1686,385,Austin Love,107,50000.0,dining table,FURN,offline,Hyderabad,12-24-2025,4,NetBanking,0.3,AustinLove@gmail.com,7223017684,successful
1687,150,Donald Bradley,108,15000.0,MIXER GRINDER,Home Appliances,online,Mumbai,2026-07-02 00:00:00,4,Cash,0.35,Donald58@gmail.com,6372599420,successful
1688,622,Hannah Bell,102,70000.0,Phone,Electronics,online,Chennai,2025-07-23 00:00:00,2,UPI,0.2,HannahBell@yahoo.com,6327771523,successful
1689,370,Jessica Moreno,103,1300.0,SHIRT,Clothing,offline,Delhi,2025-05-07 00:00:00,3,UPI,0.2,JessicaMoreno@gmail.com,8989403938,successful
1689,370,Jessica Moreno,103,1300.0,SHIRT,Clothing,offline,Delhi,2025-05-07 00:00:00,3,UPI,0.2,JessicaMoreno@gmail.com,8989403938,failed
1690,891,Natalie Hammond,101,250000.0,LAPTOP,ELEC,offline,Hyderabad,2026-01-06 00:00:00,4,Card,0.1,NatalieHammond@yahoo.com,7063704743,successful
1691,296,Katherine Frazier,108,15000.0,MIXER GRINDER,home appliances,online,Bangalore,2025-07-29 00:00:00,5,NetBanking,0.35,KatherineFrazier@yahoo.com,7255496097,successful
1692,823,Brandon Bennett,106,80000.0,Sofa,Furniture,offline,Bangalore,10-17-2025,4,NetBanking,0.05,Brandon57@gmail.com,8357548117,successful
1693,845,Sara Smith,109,65000.0,Refrigerator,home appliances,online,Chennai,2025-06-07 00:00:00,2,UPI,0.15,SaraSmith@outlook.com,6120630226,successful
1694,939,Megan Tran,106,80000.0,Sofa,FURN,offline,Hyderabad,10-23-2025,2,Card,0.3,MeganTran@outlook.com,8531719384,successful
1695,343,Allen Mcdowell,103,1300.0,Shirt,Clothing,online,Bangalore,2025-09-05 00:00:00,5,NetBanking,0.4,AllenMcdowell@yahoo.com,7592071170,successful
1695,343,Allen Mcdowell,103,1300.0,Shirt,Clothing,online,Bangalore,2025-09-05 00:00:00,5,NetBanking,0.4,AllenMcdowell@yahoo.com,7592071170,failed
1696,654,Amy Ramos,104,,shoes,Clothing,offline,Chennai,05-22-2025,1,UPI,0.05,Amy47@gmail.com,8316772859,successful
1697,784,Deborah Richardson,106,80000.0,sofa,FURN,offline,Mumbai,03-30-2026,2,NetBanking,0.1,DeborahRichardson@yahoo.com,9788906883,successful
1698,87,Peter Silva,104,8000.0,Shoes,Clothing,online,Chennai,2025-04-22 00:00:00,4,NetBanking,0.4,PeterSilva@outlook.com,7226480954,successful
1699,419,William Taylor,110,45000.0,Microwave,HOME,offline,Bangalore,2025-05-08 00:00:00,2,UPI,0.3,WilliamTaylor@yahoo.com,8507507668,successful
1700,392,Jeffery Wallace,103,1300.0,shirt,clothing,offline,Hyderabad,2025-05-08 00:00:00,4,NetBanking,0.15,JefferyWallace@gmail.com,8334016777,successful
1701,773,Gerald Cox,105,45000.0,tv,electronics,online,Mumbai,2025-12-31 00:00:00,2,Cash,0.35,GeraldCox@gmail.com,7170464312,successful
1702,269,Christina Conrad,107,50000.0,DINING TABLE,furniture,online,Chennai,2025-06-15 00:00:00,3,UPI,0.35,ChristinaConrad@yahoo.com,8372681847,successful
1702,269,Christina Conrad,107,50000.0,DINING TABLE,furniture,online,Chennai,2025-06-15 00:00:00,3,UPI,0.35,ChristinaConrad@yahoo.com,8372681847,failed
1703,305,Zachary Cabrera,109,65000.0,REFRIGERATOR,HOME,online,Delhi,08-28-2025,3,UPI,0.15,ZacharyCabrera@outlook.com,8097133696,successful
1704,594,Matthew Miranda,110,45000.0,MICROWAVE,home appliances,online,Mumbai,2025-08-13 00:00:00,2,Card,0.05,MatthewMiranda@gmail.com,7462908083,successful
1705,165,Rebecca Hays,103,1300.0,shirt,CLOTH,offline,Hyderabad,2026-02-21 00:00:00,4,UPI,0.4,RebeccaHays@outlook.com,9357591179,successful
1706,946,Lisa Cochran,103,1300.0,shirt,CLOTH,offline,Delhi,2025-12-22 00:00:00,1,UPI,0.1,LisaCochran@gmail.com,8354440319,successful
1707,572,Holly Russell,106,80000.0,SOFA,furniture,offline,Hyderabad,07-16-2025,2,Cash,0.4,HollyRussell@outlook.com,8192200837,successful
1708,338,Lisa Garrison,108,15000.0,Mixer grinder,home appliances,offline,Delhi,2026-03-03 00:00:00,3,Cash,0.3,LisaGarrison@outlook.com,6733039437,successful
1709,356,Larry Mercado,103,1300.0,shirt,CLOTH,offline,Hyderabad,2025-09-22 00:00:00,3,UPI,0.4,LarryMercado@gmail.com,6907810420,successful
1709,356,Larry Mercado,103,1300.0,shirt,CLOTH,offline,Hyderabad,2025-09-22 00:00:00,3,UPI,0.4,LarryMercado@gmail.com,6907810420,failed
1710,433,Gary Graham,101,250000.0,Laptop,electronics,online,Bangalore,2025-08-10 00:00:00,3,Cash,0.2,Gary95@gmail.com,6770469955,successful
1711,362,David Wells,109,65000.0,REFRIGERATOR,HOME,online,Bangalore,03-13-2026,3,Card,0.4,DavidWells@yahoo.com,7619729722,successful
1712,371,Janice Morris,109,65000.0,REFRIGERATOR,home appliances,online,Mumbai,2025-08-05 00:00:00,2,NetBanking,0.2,Janice67@gmail.com,9856074660,successful
1713,619,Angelica Wood,102,70000.0,phone,ELEC,offline,Mumbai,03-16-2026,2,Card,0.35,AngelicaWood@outlook.com,9231454769,successful
1714,217,Eric Cross,103,1300.0,shirt,Clothing,online,Bangalore,2026-04-10 00:00:00,1,Cash,0.3,Eric39@gmail.com,6551844796,successful
1715,364,Kelly Graves,102,70000.0,Phone,ELEC,offline,Bangalore,2025-08-11 00:00:00,5,Cash,0.25,Kelly10@gmail.com,6221080043,successful
1716,605,Michelle Cooper,104,,Shoes,clothing,online,Delhi,2026-01-30 00:00:00,2,Card,0.3,MichelleCooper@gmail.com,9064236087,successful
1717,231,Jason Smith,106,80000.0,sofa,furniture,online,Hyderabad,2025-08-29 00:00:00,4,Cash,0.2,Jason71@gmail.com,7793301499,successful
1718,968,Keith Davis,101,250000.0,laptop,Electronics,offline,Hyderabad,2026-07-01 00:00:00,2,UPI,0.3,KeithDavis@yahoo.com,6310144512,successful
1719,708,David Gibson,104,8000.0,SHOES,CLOTH,offline,Mumbai,04-28-2025,5,NetBanking,0.1,DavidGibson@gmail.com,8580549116,successful
1720,447,Zachary Johnson,104,8000.0,SHOES,Clothing,offline,Bangalore,07-17-2025,4,UPI,0.15,ZacharyJohnson@gmail.com,6033460036,successful
1721,516,Brittany Roberts,108,15000.0,Mixer grinder,home appliances,offline,Hyderabad,2025-05-22 00:00:00,1,Cash,0.3,BrittanyRoberts@outlook.com,8493897057,successful
1722,105,Melanie Valencia,104,8000.0,SHOES,CLOTH,offline,Chennai,2025-09-11 00:00:00,4,Card,0.15,MelanieValencia@yahoo.com,7704780473,successful
1723,771,Matthew Greer,110,45000.0,Microwave,home appliances,online,Bangalore,2025-04-29 00:00:00,5,Card,0.35,MatthewGreer@yahoo.com,8278910012,successful
1724,95,John Jacobs,105,45000.0,tv,ELEC,offline,Bangalore,2025-08-10 00:00:00,2,Cash,0.1,John5@gmail.com,6404887560,successful
1725,531,Frances Hines,108,15000.0,MIXER GRINDER,HOME,offline,Bangalore,2025-08-24 00:00:00,3,NetBanking,0.35,FrancesHines@gmail.com,7102243278,successful
1726,382,Billy Ramirez,110,45000.0,MICROWAVE,home appliances,offline,Mumbai,12-17-2025,2,Cash,0.35,BillyRamirez@gmail.com,9713083185,successful
1727,586,Michael Mason,109,,Refrigerator,HOME,offline,Delhi,2025-07-08 00:00:00,4,Cash,0.3,MichaelMason@outlook.com,7068178672,successful
1728,224,Benjamin Reyes,103,1300.0,Shirt,Clothing,online,Mumbai,04-16-2025,5,NetBanking,0.25,Benjamin12@gmail.com,7758231609,successful
1729,445,Steven Byrd,103,1300.0,shirt,clothing,offline,Chennai,2025-10-16 00:00:00,1,UPI,0.25,Steven87@gmail.com,6530696124,successful
1730,866,Jasmine Guerrero,108,15000.0,Mixer grinder,HOME,offline,Hyderabad,2025-04-21 00:00:00,3,UPI,0.4,Jasmine83@gmail.com,8531369366,successful
1731,112,Bill Maldonado,103,1300.0,shirt,CLOTH,offline,Mumbai,2025-11-18 00:00:00,1,Cash,0.4,BillMaldonado@gmail.com,9749291130,successful
1732,619,Angelica Wood,110,45000.0,MICROWAVE,home appliances,offline,Mumbai,2026-02-09 00:00:00,5,Card,0.05,AngelicaWood@outlook.com,9231454769,successful
1733,679,Wayne Kelly,108,,MIXER GRINDER,Home Appliances,online,Bangalore,05-23-2025,2,NetBanking,0.4,WayneKelly@gmail.com,7395271186,successful
1734,202,Amanda Reed,110,45000.0,MICROWAVE,HOME,online,Delhi,2026-02-09 00:00:00,5,Cash,0.05,AmandaReed@yahoo.com,6574367299,successful
1735,151,Jennifer Sims,110,45000.0,microwave,home appliances,offline,Delhi,2025-11-10 00:00:00,3,Cash,0.05,JenniferSims@gmail.com,8548173778,successful
1736,2,Steven Evans,105,45000.0,Tv,Electronics,online,Delhi,2025-09-27 00:00:00,4,Card,0.15,StevenEvans@gmail.com,9464982287,successful
1736,2,Steven Evans,105,45000.0,Tv,Electronics,online,Delhi,2025-09-27 00:00:00,4,Card,0.15,StevenEvans@gmail.com,9464982287,failed
1737,735,Elizabeth Kemp,108,15000.0,Mixer grinder,HOME,online,Bangalore,2026-11-01 00:00:00,2,Cash,0.25,ElizabethKemp@yahoo.com,6508791868,successful
1738,754,Joshua Chandler,107,50000.0,dining table,furniture,online,Mumbai,01-28-2026,4,UPI,0.2,Joshua16@gmail.com,8509597470,successful
1739,618,Alan Torres,104,8000.0,Shoes,clothing,offline,Chennai,2026-04-09 00:00:00,4,Card,0.35,AlanTorres@yahoo.com,7353183305,successful
1740,959,Andrea Bailey,101,250000.0,laptop,electronics,offline,Chennai,2025-12-06 00:00:00,4,NetBanking,0.25,AndreaBailey@gmail.com,6729410607,successful
1741,989,Jason Huerta,110,45000.0,microwave,home appliances,offline,Chennai,2025-09-16 00:00:00,3,Card,0.35,JasonHuerta@yahoo.com,9500144162,successful
1742,240,Traci Farmer,106,80000.0,Sofa,Furniture,offline,Bangalore,2025-10-08 00:00:00,3,NetBanking,0.35,Traci27@gmail.com,8610931925,successful
1743,628,Kelly Turner,101,250000.0,Laptop,electronics,online,Chennai,2025-10-05 00:00:00,5,UPI,0.3,KellyTurner@gmail.com,8102485626,successful
1744,636,Christopher Clark,101,250000.0,LAPTOP,Electronics,online,Mumbai,01-23-2026,5,Cash,0.2,Christopher93@gmail.com,7656982866,successful
1745,438,Lindsay Bartlett,101,250000.0,LAPTOP,ELEC,offline,Mumbai,11-14-2025,4,UPI,0.3,LindsayBartlett@gmail.com,6246691410,successful
1746,333,Gloria Hill,102,70000.0,Phone,Electronics,online,Chennai,10-22-2025,3,UPI,0.4,Gloria29@gmail.com,9797901552,successful
1747,237,Jamie Casey,105,45000.0,tv,electronics,online,Mumbai,09-13-2025,1,UPI,0.15,JamieCasey@yahoo.com,8424239410,successful
1748,229,Randy Wilkins,105,45000.0,Tv,ELEC,online,Hyderabad,2025-11-09 00:00:00,4,Cash,0.4,RandyWilkins@gmail.com,6293802127,successful
1749,469,Michael Garcia,103,1300.0,Shirt,CLOTH,online,Delhi,2025-07-03 00:00:00,2,UPI,0.05,Michael3@gmail.com,7570939516,successful
1750,257,Courtney Terrell,106,,sofa,furniture,online,Mumbai,2025-10-26 00:00:00,5,NetBanking,0.25,CourtneyTerrell@gmail.com,8124821354,successful
1751,648,Samantha Barrett,104,8000.0,Shoes,clothing,online,Hyderabad,2025-12-21 00:00:00,5,NetBanking,0.2,SamanthaBarrett@outlook.com,9246408096,successful
1752,164,Shawn Stewart,102,70000.0,PHONE,ELEC,online,Chennai,2025-09-24 00:00:00,1,Cash,0.3,ShawnStewart@gmail.com,7161144854,successful
1753,753,Kelly Ball,102,,Phone,ELEC,online,Delhi,2025-09-02 00:00:00,3,Cash,0.3,KellyBall@gmail.com,6595322869,successful
1754,728,Lisa Miller,105,,tv,electronics,online,Chennai,02-24-2026,1,NetBanking,0.1,LisaMiller@gmail.com,8704743795,successful
1755,933,Zachary Khan,106,80000.0,SOFA,FURN,offline,Bangalore,2025-03-12 00:00:00,5,Card,0.15,Zachary6@gmail.com,9316003581,successful
1756,711,Jennifer Carlson,105,45000.0,Tv,electronics,offline,Hyderabad,2025-10-06 00:00:00,2,NetBanking,0.4,JenniferCarlson@gmail.com,9625168568,successful
1757,819,Daniel Vang,104,,SHOES,clothing,offline,Chennai,2025-07-17 00:00:00,2,Card,0.05,DanielVang@outlook.com,8622339771,successful
1758,562,Breanna Fletcher,102,70000.0,PHONE,electronics,online,Chennai,2026-03-04 00:00:00,5,Card,0.35,BreannaFletcher@outlook.com,7530746207,successful
1759,861,Tim Brock,101,250000.0,Laptop,Electronics,online,Bangalore,2026-10-04 00:00:00,3,Card,0.35,TimBrock@outlook.com,8893431491,successful
1760,675,Marissa Wilson,106,80000.0,SOFA,FURN,online,Bangalore,2025-05-20 00:00:00,5,NetBanking,0.25,MarissaWilson@outlook.com,7671203456,successful
1761,163,Robert Carlson,103,,SHIRT,Clothing,online,Mumbai,04-21-2025,1,UPI,0.4,RobertCarlson@gmail.com,8612716458,successful
1762,839,Erik Watson,102,70000.0,Phone,electronics,offline,Chennai,2025-10-28 00:00:00,3,Cash,0.25,ErikWatson@outlook.com,7818212146,successful
1763,410,Briana Greene,107,50000.0,DINING TABLE,furniture,offline,Mumbai,2025-06-01 00:00:00,4,Cash,0.3,BrianaGreene@yahoo.com,7390555615,successful
1764,921,Jessica Taylor,105,45000.0,Tv,ELEC,online,Mumbai,2025-06-05 00:00:00,1,NetBanking,0.3,JessicaTaylor@outlook.com,9714740882,successful
1765,951,Richard Miller,108,15000.0,MIXER GRINDER,home appliances,online,Mumbai,2025-09-03 00:00:00,2,UPI,0.15,RichardMiller@yahoo.com,7109726379,successful
1766,675,Marissa Wilson,103,1300.0,Shirt,clothing,online,Bangalore,2025-09-18 00:00:00,3,Cash,0.3,MarissaWilson@outlook.com,7671203456,successful
1767,560,Anthony Lawrence,108,15000.0,Mixer grinder,home appliances,online,Hyderabad,2025-06-21 00:00:00,1,NetBanking,0.3,AnthonyLawrence@gmail.com,7569957287,successful
1768,152,Levi Leon,105,45000.0,tv,electronics,online,Chennai,2025-10-18 00:00:00,2,UPI,0.15,Levi30@gmail.com,6634513306,successful
1769,409,Elizabeth Watson,105,45000.0,tv,ELEC,online,Bangalore,2025-04-17 00:00:00,3,UPI,0.15,ElizabethWatson@outlook.com,6182625929,successful
1770,536,Nicole Steele,106,80000.0,Sofa,furniture,offline,Delhi,11-26-2025,3,UPI,0.1,Nicole23@gmail.com,7605303854,successful
1771,747,Laura Edwards,108,15000.0,MIXER GRINDER,Home Appliances,offline,Bangalore,08-26-2025,2,UPI,0.4,LauraEdwards@yahoo.com,6975755369,successful
1772,320,Stephen Tyler,110,45000.0,MICROWAVE,HOME,online,Hyderabad,2026-01-08 00:00:00,5,UPI,0.3,StephenTyler@yahoo.com,8061706167,successful
1773,14,Joseph Jones,105,45000.0,tv,electronics,online,Hyderabad,12-26-2025,1,Card,0.2,JosephJones@gmail.com,8900905282,successful
1774,171,Michael Church,109,65000.0,refrigerator,Home Appliances,offline,Hyderabad,2026-02-01 00:00:00,2,Card,0.4,Michael61@gmail.com,8675254681,successful
1775,176,Robin Scott,104,8000.0,shoes,CLOTH,online,Chennai,2026-02-04 00:00:00,4,NetBanking,0.4,RobinScott@outlook.com,6102310905,successful
1776,965,Donald Poole,109,65000.0,refrigerator,home appliances,online,Mumbai,2025-12-14 00:00:00,4,Cash,0.3,DonaldPoole@yahoo.com,7170684135,successful
1777,565,Craig Moore,110,45000.0,Microwave,HOME,offline,Mumbai,2025-11-27 00:00:00,3,Card,0.2,CraigMoore@gmail.com,9983242911,successful
1778,217,Eric Cross,109,65000.0,REFRIGERATOR,home appliances,online,Bangalore,2025-12-04 00:00:00,0,UPI,0.25,Eric39@gmail.com,6551844796,successful
1779,37,Joshua Nunez,106,80000.0,Sofa,Furniture,offline,Mumbai,02-21-2026,1,NetBanking,0.4,JoshuaNunez@yahoo.com,8587718785,successful
1780,220,Maria Walker,104,8000.0,shoes,CLOTH,offline,Bangalore,2025-06-17 00:00:00,2,Card,0.1,MariaWalker@gmail.com,7332505210,successful
1781,282,Tasha Roberson,106,80000.0,Sofa,FURN,online,Hyderabad,2025-08-11 00:00:00,3,Card,0.4,TashaRoberson@outlook.com,9239123095,successful
1782,352,Daniel Gonzales,104,8000.0,shoes,clothing,online,Delhi,2025-11-29 00:00:00,1,NetBanking,0.05,DanielGonzales@gmail.com,7541072541,successful
1783,526,Paul Fields,101,250000.0,LAPTOP,Electronics,online,Chennai,2025-11-21 00:00:00,1,Cash,0.3,Paul23@gmail.com,9018641606,successful
1784,82,Brittney Watkins,110,45000.0,Microwave,home appliances,offline,Hyderabad,2025-11-18 00:00:00,1,UPI,0.3,BrittneyWatkins@outlook.com,8113163667,successful
1785,241,James Gonzales,103,1300.0,SHIRT,clothing,offline,Chennai,02-24-2026,3,NetBanking,0.35,James93@gmail.com,6076669128,successful
1786,997,Destiny Fields,101,250000.0,laptop,Electronics,online,Mumbai,2026-01-25 00:00:00,1,NetBanking,0.1,DestinyFields@yahoo.com,9888482916,successful
1787,338,Lisa Garrison,110,45000.0,microwave,Home Appliances,online,Delhi,2025-12-07 00:00:00,1,UPI,0.35,LisaGarrison@outlook.com,6733039437,successful
1788,474,Jennifer Garner,105,45000.0,Tv,electronics,online,Bangalore,2025-05-10 00:00:00,1,UPI,0.3,JenniferGarner@gmail.com,6233581172,successful
1789,798,Amber Murphy,107,50000.0,Dining table,FURN,offline,Hyderabad,04-28-2025,1,NetBanking,0.2,Amber25@gmail.com,7011149807,successful
1790,16,Cesar Dean,104,8000.0,Shoes,Clothing,online,Bangalore,04-22-2025,5,NetBanking,0.35,Cesar32@gmail.com,9230225103,successful
1791,779,Daniel Nielsen,101,250000.0,LAPTOP,ELEC,offline,Chennai,2026-02-18 00:00:00,3,Cash,0.3,Daniel87@gmail.com,6210701407,successful
1792,855,Linda Shelton,106,80000.0,Sofa,Furniture,online,Delhi,04-24-2025,2,Card,0.2,LindaShelton@outlook.com,9051785453,successful
1793,783,Breanna Gill,104,8000.0,SHOES,CLOTH,online,Hyderabad,2026-02-26 00:00:00,5,Cash,0.25,BreannaGill@outlook.com,7921943064,successful
1794,455,Morgan Wright,110,,MICROWAVE,home appliances,online,Bangalore,2026-02-11 00:00:00,4,NetBanking,0.35,MorganWright@yahoo.com,9826454087,successful
1795,773,Gerald Cox,106,80000.0,sofa,FURN,online,Mumbai,04-21-2025,1,Cash,0.2,GeraldCox@gmail.com,7170464312,successful
1796,903,Susan Nicholson,105,45000.0,Tv,electronics,online,Mumbai,2025-12-12 00:00:00,1,Cash,0.15,SusanNicholson@yahoo.com,9633103859,successful
1797,644,John Parrish,110,45000.0,microwave,home appliances,offline,Delhi,01-21-2026,1,UPI,0.15,JohnParrish@gmail.com,7075517481,successful
1798,908,Michelle Shaw,102,70000.0,phone,electronics,offline,Hyderabad,2025-07-11 00:00:00,1,Card,0.2,MichelleShaw@gmail.com,7623143812,successful
1799,767,John Farmer,106,80000.0,SOFA,Furniture,online,Mumbai,01-21-2026,2,Card,0.35,JohnFarmer@outlook.com,6262937080,successful
1800,33,John Sullivan,110,45000.0,microwave,home appliances,online,Hyderabad,2026-02-15 00:00:00,4,Card,0.25,JohnSullivan@outlook.com,7339669763,successful
1801,430,Elizabeth Stephens,108,15000.0,MIXER GRINDER,Home Appliances,offline,Delhi,03-20-2026,5,Cash,0.1,Elizabeth78@gmail.com,8179118257,successful
1802,749,Linda Lara,104,8000.0,SHOES,CLOTH,offline,Mumbai,05-19-2025,3,Card,0.35,LindaLara@outlook.com,7476164201,successful
1803,17,Duane Hall,104,8000.0,shoes,Clothing,online,Bangalore,2026-03-18 00:00:00,4,Cash,0.2,DuaneHall@outlook.com,7467001149,successful
1804,474,Jennifer Garner,107,50000.0,Dining table,furniture,online,Bangalore,2025-11-07 00:00:00,3,NetBanking,0.3,JenniferGarner@gmail.com,6233581172,successful
1805,325,Theresa Villarreal,108,15000.0,Mixer grinder,home appliances,offline,Bangalore,2026-02-19 00:00:00,4,UPI,0.25,TheresaVillarreal@yahoo.com,7096452924,successful
1806,104,Amanda Castillo,106,80000.0,SOFA,Furniture,offline,Hyderabad,11-22-2025,5,NetBanking,0.4,AmandaCastillo@yahoo.com,9259539548,successful
1807,169,Angela Dixon,110,45000.0,Microwave,HOME,offline,Mumbai,07-26-2025,1,UPI,0.4,AngelaDixon@gmail.com,9766717904,successful
1807,169,Angela Dixon,110,45000.0,Microwave,HOME,offline,Mumbai,07-26-2025,1,UPI,0.4,AngelaDixon@gmail.com,9766717904,failed
1808,930,Jason Hubbard,110,45000.0,microwave,HOME,online,Chennai,2026-04-08 00:00:00,4,UPI,0.1,JasonHubbard@gmail.com,7072875628,successful
1809,848,Eric Phillips,109,65000.0,REFRIGERATOR,HOME,online,Hyderabad,07-16-2025,3,NetBanking,0.25,EricPhillips@gmail.com,7686396213,successful
1810,618,Alan Torres,104,8000.0,Shoes,CLOTH,online,Chennai,02-22-2026,3,Cash,0.05,AlanTorres@yahoo.com,7353183305,successful
1811,888,Jade Garza,107,50000.0,Dining table,furniture,online,Hyderabad,2026-03-26 00:00:00,4,UPI,0.2,JadeGarza@outlook.com,6736205623,successful
1812,102,Jennifer Rodriguez,110,45000.0,Microwave,home appliances,offline,Mumbai,2025-11-06 00:00:00,2,Cash,0.05,JenniferRodriguez@yahoo.com,7437244588,successful
1813,50,Stacey Henderson,106,80000.0,sofa,Furniture,offline,Mumbai,2025-06-18 00:00:00,2,NetBanking,0.2,Stacey33@gmail.com,6033182385,successful
1814,343,Allen Mcdowell,104,8000.0,shoes,CLOTH,offline,Bangalore,2025-06-22 00:00:00,1,Cash,0.05,AllenMcdowell@yahoo.com,7592071170,successful
1815,850,Zachary Abbott,108,15000.0,Mixer grinder,home appliances,offline,Chennai,2025-10-11 00:00:00,2,UPI,0.25,Zachary68@gmail.com,8509774917,successful
1816,119,Dana Castro,110,45000.0,Microwave,Home Appliances,online,Delhi,2025-08-03 00:00:00,4,Cash,0.3,DanaCastro@yahoo.com,9736021072,successful
1817,253,Emily Rodriguez,104,8000.0,Shoes,Clothing,online,Delhi,01-26-2026,2,UPI,0.15,EmilyRodriguez@gmail.com,9526826545,successful
1818,90,Joe Gillespie,110,,microwave,home appliances,online,Chennai,2025-04-25 00:00:00,2,UPI,0.05,JoeGillespie@gmail.com,6300656792,successful
1819,672,Austin Perez,110,45000.0,microwave,HOME,offline,Delhi,2025-11-19 00:00:00,2,Cash,0.4,Austin35@gmail.com,6030034218,successful
1820,262,Michael Elliott,108,15000.0,mixer grinder,home appliances,offline,Mumbai,2025-12-21 00:00:00,1,UPI,0.05,MichaelElliott@yahoo.com,6646881322,successful
1821,50,Stacey Henderson,105,45000.0,Tv,Electronics,online,Mumbai,2025-06-22 00:00:00,5,NetBanking,0.15,Stacey33@gmail.com,6033182385,successful
1822,847,Eric Mejia,102,70000.0,Phone,Electronics,offline,Delhi,2025-12-02 00:00:00,1,NetBanking,0.3,EricMejia@gmail.com,9155621886,successful
1823,770,Paul Jarvis,106,80000.0,sofa,furniture,offline,Mumbai,2025-07-29 00:00:00,4,Card,0.4,PaulJarvis@gmail.com,9653336027,successful
1824,415,Jackson Kaiser,108,15000.0,mixer grinder,home appliances,online,Delhi,2025-08-07 00:00:00,2,Cash,0.4,JacksonKaiser@gmail.com,8094014305,successful
1825,443,Judy Patton,102,70000.0,phone,ELEC,online,Chennai,2026-03-06 00:00:00,3,Card,0.3,JudyPatton@yahoo.com,6213255429,successful
1826,300,Tiffany Miller,106,80000.0,sofa,FURN,online,Hyderabad,2025-09-21 00:00:00,4,Cash,0.15,TiffanyMiller@outlook.com,6828480297,successful
1827,830,Joel Charles,109,65000.0,refrigerator,HOME,offline,Hyderabad,2026-03-26 00:00:00,4,UPI,0.25,Joel4@gmail.com,8254772354,successful
1828,627,Nicole Allen,107,50000.0,dining table,furniture,offline,Bangalore,2026-04-04 00:00:00,1,UPI,0.15,NicoleAllen@gmail.com,6448791056,successful
1829,745,Jennifer Weeks,106,80000.0,Sofa,furniture,online,Hyderabad,2025-08-30 00:00:00,2,Cash,0.25,JenniferWeeks@gmail.com,9263102095,successful
1830,309,Gary Allen,101,250000.0,laptop,Electronics,offline,Delhi,2025-05-05 00:00:00,5,Cash,0.25,Gary44@gmail.com,8595573177,successful
1831,762,Linda Webb,103,,shirt,clothing,offline,Mumbai,2026-04-01 00:00:00,1,Card,0.05,LindaWebb@yahoo.com,7051791908,successful
1832,352,Daniel Gonzales,102,70000.0,phone,electronics,online,Delhi,2025-07-03 00:00:00,2,Cash,0.05,DanielGonzales@gmail.com,7541072541,successful
1833,809,Kayla Hart,110,45000.0,MICROWAVE,home appliances,online,Bangalore,2025-08-06 00:00:00,5,UPI,0.35,KaylaHart@yahoo.com,6471326458,successful
1834,999,Elizabeth Brooks,107,50000.0,DINING TABLE,FURN,online,Hyderabad,2025-08-05 00:00:00,2,Cash,0.3,ElizabethBrooks@yahoo.com,8844327706,successful
1835,935,Samantha Brewer,107,50000.0,DINING TABLE,FURN,offline,Mumbai,2025-10-10 00:00:00,3,Cash,0.15,SamanthaBrewer@outlook.com,9234059224,successful
1836,208,Matthew Berry,106,80000.0,sofa,furniture,online,Hyderabad,2026-08-04 00:00:00,3,UPI,0.05,MatthewBerry@gmail.com,8863808727,successful
1837,362,David Wells,106,80000.0,sofa,Furniture,offline,Bangalore,2026-01-23 00:00:00,5,NetBanking,0.2,DavidWells@yahoo.com,7619729722,successful
1838,762,Linda Webb,102,70000.0,phone,Electronics,offline,Mumbai,2026-01-24 00:00:00,2,Card,0.15,LindaWebb@yahoo.com,7051791908,successful
1839,671,Sarah Frederick,104,8000.0,Shoes,CLOTH,offline,Chennai,01-16-2026,4,Cash,0.4,SarahFrederick@outlook.com,6659595538,successful
1840,129,Thomas Wells,101,250000.0,laptop,ELEC,offline,Bangalore,03-30-2026,3,Cash,0.35,ThomasWells@outlook.com,9456737186,successful
1841,651,Ashley Odonnell,110,45000.0,microwave,HOME,offline,Hyderabad,2026-02-25 00:00:00,5,Card,0.15,Ashley23@gmail.com,9784980338,successful
1841,651,Ashley Odonnell,110,45000.0,microwave,HOME,offline,Hyderabad,2026-02-25 00:00:00,5,Card,0.15,Ashley23@gmail.com,9784980338,failed
1842,919,Stephanie White,105,45000.0,Tv,Electronics,offline,Mumbai,2025-10-31 00:00:00,0,NetBanking,0.4,StephanieWhite@gmail.com,7502238517,successful
1843,308,Lori Bowen,104,8000.0,Shoes,clothing,offline,Mumbai,2026-04-03 00:00:00,3,Cash,0.25,LoriBowen@gmail.com,6435037114,successful
1844,752,Mark Hill,110,45000.0,microwave,Home Appliances,offline,Chennai,2025-10-03 00:00:00,5,Cash,0.05,Mark93@gmail.com,8591415046,successful
1845,557,Joseph Cowan,102,70000.0,PHONE,Electronics,online,Hyderabad,2025-07-11 00:00:00,2,Card,0.25,JosephCowan@gmail.com,6442999909,successful
1846,987,Daniel Harper,101,250000.0,Laptop,Electronics,offline,Delhi,2025-01-08 00:00:00,3,NetBanking,0.4,DanielHarper@outlook.com,6165551659,successful
1847,127,Carlos Hickman,105,45000.0,Tv,Electronics,online,Bangalore,2025-02-12 00:00:00,2,UPI,0.3,CarlosHickman@gmail.com,6093093186,successful
1848,977,Gloria Navarro,110,45000.0,MICROWAVE,home appliances,offline,Chennai,2025-07-17 00:00:00,2,Card,0.4,GloriaNavarro@yahoo.com,7212940862,successful
1849,720,Ariel Salinas,103,1300.0,shirt,Clothing,online,Bangalore,2025-09-06 00:00:00,3,NetBanking,0.15,ArielSalinas@outlook.com,6737237407,successful
1850,167,Madison Gentry,110,45000.0,Microwave,HOME,offline,Delhi,2025-12-14 00:00:00,3,UPI,0.35,MadisonGentry@yahoo.com,6300464928,successful
1851,20,John Marshall,107,50000.0,DINING TABLE,FURN,offline,Chennai,07-30-2025,1,UPI,0.1,JohnMarshall@yahoo.com,7232341116,successful
1852,510,Gregory Montgomery,109,65000.0,Refrigerator,Home Appliances,online,Bangalore,2025-11-30 00:00:00,2,NetBanking,0.35,GregoryMontgomery@gmail.com,8270447234,successful
1853,185,Sarah Cohen,103,1300.0,SHIRT,Clothing,offline,Mumbai,2025-11-29 00:00:00,4,UPI,0.25,SarahCohen@outlook.com,8825874728,successful
1854,853,James Guerrero,105,45000.0,Tv,Electronics,online,Mumbai,2026-03-11 00:00:00,1,NetBanking,0.15,JamesGuerrero@gmail.com,6869294649,successful
1855,561,Allison Lee,103,1300.0,shirt,CLOTH,online,Mumbai,2025-09-24 00:00:00,5,Cash,0.1,Allison15@gmail.com,8312564275,successful
1856,258,Larry Taylor,103,1300.0,shirt,CLOTH,offline,Chennai,2026-03-26 00:00:00,3,NetBanking,0.3,LarryTaylor@yahoo.com,9823327795,successful
1856,258,Larry Taylor,103,1300.0,shirt,CLOTH,offline,Chennai,2026-03-26 00:00:00,3,NetBanking,0.3,LarryTaylor@yahoo.com,9823327795,failed
1857,481,Valerie Phillips,108,15000.0,MIXER GRINDER,home appliances,offline,Chennai,08-14-2025,5,Card,0.25,ValeriePhillips@gmail.com,8466406027,successful
1858,264,Kelli Johnson,109,65000.0,REFRIGERATOR,HOME,offline,Bangalore,2025-12-13 00:00:00,3,UPI,0.25,Kelli81@gmail.com,9866676731,successful
1859,274,Joseph Parker,110,45000.0,MICROWAVE,home appliances,online,Bangalore,2025-08-24 00:00:00,5,NetBanking,0.15,JosephParker@gmail.com,7902179206,successful
1860,719,Michelle Bates,110,45000.0,MICROWAVE,Home Appliances,online,Chennai,2025-08-06 00:00:00,2,NetBanking,0.2,Michelle79@gmail.com,7432904312,successful
1861,617,Patrick Rodriguez,102,70000.0,phone,electronics,offline,Delhi,03-23-2026,1,Cash,0.3,PatrickRodriguez@yahoo.com,7367526634,successful
1862,359,Ryan Williams,109,65000.0,refrigerator,Home Appliances,online,Delhi,2025-06-14 00:00:00,1,Cash,0.35,RyanWilliams@gmail.com,6381855599,successful
1863,110,Dale Hughes,108,15000.0,MIXER GRINDER,Home Appliances,online,Delhi,2025-06-02 00:00:00,5,Cash,0.15,Dale57@gmail.com,9722024973,successful
1864,750,Kristi Blackwell,105,45000.0,Tv,Electronics,online,Hyderabad,11-29-2025,4,NetBanking,0.05,KristiBlackwell@yahoo.com,7744513501,successful
1865,904,Audrey Skinner,102,,PHONE,Electronics,online,Bangalore,2025-10-17 00:00:00,4,NetBanking,0.15,AudreySkinner@yahoo.com,6596392073,successful
1866,301,Alexandra Nguyen,108,15000.0,mixer grinder,Home Appliances,online,Delhi,2025-11-01 00:00:00,1,NetBanking,0.15,AlexandraNguyen@gmail.com,6824349566,successful
1867,703,David Austin,106,80000.0,Sofa,Furniture,offline,Delhi,2026-08-04 00:00:00,1,Cash,0.1,DavidAustin@yahoo.com,6814272395,successful
1868,40,Kristina Harrell,104,8000.0,SHOES,CLOTH,offline,Hyderabad,2026-02-01 00:00:00,4,Cash,0.35,KristinaHarrell@outlook.com,7404306674,successful
1869,540,Amy Cruz,110,45000.0,microwave,Home Appliances,online,Delhi,2025-10-12 00:00:00,1,Cash,0.4,AmyCruz@gmail.com,7034946867,successful
1870,212,Russell Day,101,250000.0,LAPTOP,Electronics,offline,Bangalore,01-16-2026,3,Cash,0.3,RussellDay@yahoo.com,7810953203,successful
1871,563,Robert Baird,103,1300.0,shirt,CLOTH,offline,Hyderabad,2025-05-30 00:00:00,3,UPI,0.1,RobertBaird@gmail.com,6493829200,successful
1872,473,Daniel Tapia,103,1300.0,shirt,CLOTH,online,Hyderabad,2026-03-04 00:00:00,4,Cash,0.05,DanielTapia@yahoo.com,9989293308,successful
1873,254,Daniel Santos,109,65000.0,refrigerator,home appliances,offline,Hyderabad,2025-06-13 00:00:00,3,NetBanking,0.25,DanielSantos@yahoo.com,8953397463,successful
1874,887,Robert Brown,104,8000.0,Shoes,CLOTH,offline,Bangalore,2025-04-20 00:00:00,5,NetBanking,0.1,Robert48@gmail.com,9238053326,successful
1875,417,Kristina Lewis,108,15000.0,mixer grinder,HOME,offline,Delhi,2026-03-25 00:00:00,5,Card,0.3,KristinaLewis@gmail.com,7869899732,successful
1876,976,Paula Rogers,101,250000.0,Laptop,ELEC,offline,Chennai,2025-10-08 00:00:00,5,UPI,0.4,Paula39@gmail.com,8769251725,successful
1877,135,Daniel Wallace,109,65000.0,refrigerator,home appliances,offline,Bangalore,2025-05-01 00:00:00,3,Cash,0.25,DanielWallace@yahoo.com,8993443314,successful
1878,808,Brandon Hicks,103,1300.0,Shirt,clothing,online,Mumbai,2025-08-15 00:00:00,4,Cash,0.4,BrandonHicks@yahoo.com,6642210549,successful
1879,69,Pamela Williamson,109,65000.0,refrigerator,HOME,offline,Chennai,2025-08-21 00:00:00,2,NetBanking,0.4,PamelaWilliamson@outlook.com,7090666233,successful
1880,735,Elizabeth Kemp,105,45000.0,Tv,Electronics,online,Bangalore,2025-08-10 00:00:00,1,Card,0.1,ElizabethKemp@yahoo.com,6508791868,successful
1881,979,Amy Cherry,101,250000.0,laptop,electronics,online,Hyderabad,2025-05-06 00:00:00,3,Cash,0.15,AmyCherry@yahoo.com,7282418168,successful
1882,538,Haley Henderson,103,1300.0,shirt,CLOTH,online,Bangalore,2025-12-13 00:00:00,4,UPI,0.3,HaleyHenderson@outlook.com,7116096076,successful
1883,434,Robert Sosa,101,250000.0,Laptop,ELEC,offline,Bangalore,01-27-2026,2,NetBanking,0.3,RobertSosa@yahoo.com,8657472630,successful
1884,361,Daniel Williams,102,70000.0,Phone,Electronics,online,Delhi,07-24-2025,4,Cash,0.2,DanielWilliams@yahoo.com,9858967366,successful
1885,87,Peter Silva,106,80000.0,sofa,FURN,online,Chennai,07-29-2025,2,Card,0.3,PeterSilva@outlook.com,7226480954,successful
1886,338,Lisa Garrison,102,,phone,Electronics,offline,Delhi,2025-07-06 00:00:00,1,UPI,0.3,LisaGarrison@outlook.com,6733039437,successful
1887,473,Daniel Tapia,109,65000.0,Refrigerator,home appliances,online,Hyderabad,2025-06-12 00:00:00,2,NetBanking,0.3,DanielTapia@yahoo.com,9989293308,successful
1888,901,Robert Mccoy,103,1300.0,SHIRT,clothing,online,Mumbai,2026-03-31 00:00:00,4,UPI,0.05,RobertMccoy@gmail.com,6111279632,successful
1889,191,Megan Nguyen,101,250000.0,laptop,Electronics,offline,Bangalore,2026-01-01 00:00:00,4,NetBanking,0.35,MeganNguyen@gmail.com,6764379888,successful
1890,38,Laura Shelton,108,15000.0,MIXER GRINDER,HOME,online,Bangalore,2025-09-27 00:00:00,3,Card,0.3,LauraShelton@gmail.com,6595077405,successful
1891,884,Isaac Byrd,110,45000.0,Microwave,Home Appliances,offline,Delhi,2025-05-05 00:00:00,5,UPI,0.3,IsaacByrd@gmail.com,6341934208,successful
1892,637,Kevin King,102,70000.0,Phone,electronics,offline,Bangalore,2026-02-16 00:00:00,1,Card,0.3,KevinKing@yahoo.com,8955005430,successful
1893,552,Anthony Cox,101,250000.0,laptop,electronics,online,Hyderabad,2025-11-06 00:00:00,0,Card,0.4,AnthonyCox@gmail.com,7725127392,successful
1894,639,James Blankenship,108,15000.0,mixer grinder,HOME,offline,Bangalore,2025-06-20 00:00:00,1,Cash,0.15,JamesBlankenship@gmail.com,8890479394,successful
1895,209,Aaron Mclaughlin,101,,LAPTOP,Electronics,offline,Chennai,02-26-2026,4,Card,0.3,AaronMclaughlin@outlook.com,8765355147,successful
1896,394,Jeffrey Johnson,104,8000.0,Shoes,clothing,offline,Mumbai,2025-03-10 00:00:00,4,Cash,0.3,JeffreyJohnson@yahoo.com,6876875341,successful
1896,394,Jeffrey Johnson,104,8000.0,Shoes,clothing,offline,Mumbai,2025-03-10 00:00:00,4,Cash,0.3,JeffreyJohnson@yahoo.com,6876875341,failed
1897,998,Joseph Perez,107,50000.0,dining table,furniture,offline,Delhi,05-19-2025,3,Card,0.25,Joseph23@gmail.com,6418323136,successful
1898,213,Nancy Lee,103,1300.0,SHIRT,clothing,online,Hyderabad,2025-11-14 00:00:00,3,UPI,0.2,NancyLee@yahoo.com,8856457242,successful
1899,104,Amanda Castillo,106,80000.0,sofa,FURN,offline,Hyderabad,2025-02-12 00:00:00,3,UPI,0.1,AmandaCastillo@yahoo.com,9259539548,successful
1900,182,Kathleen Castro,102,70000.0,PHONE,electronics,offline,Hyderabad,2025-05-17 00:00:00,5,Card,0.1,KathleenCastro@outlook.com,8815269367,successful
1901,984,Janet Long,110,45000.0,Microwave,home appliances,offline,Bangalore,2026-02-09 00:00:00,3,Card,0.2,JanetLong@yahoo.com,9528386095,successful
1901,984,Janet Long,110,45000.0,Microwave,home appliances,offline,Bangalore,2026-02-09 00:00:00,3,Card,0.2,JanetLong@yahoo.com,9528386095,failed
1902,642,Troy Mitchell,101,250000.0,laptop,electronics,online,Bangalore,2025-07-26 00:00:00,1,NetBanking,0.25,Troy60@gmail.com,8385276968,successful
1903,970,William Freeman,108,15000.0,mixer grinder,Home Appliances,offline,Delhi,2025-10-07 00:00:00,1,UPI,0.15,William98@gmail.com,7126139842,successful
1904,67,Jamie Harvey,102,70000.0,phone,Electronics,offline,Chennai,2026-02-02 00:00:00,1,Cash,0.15,Jamie61@gmail.com,7408465928,successful
1905,382,Billy Ramirez,103,1300.0,Shirt,clothing,online,Mumbai,2025-04-09 00:00:00,5,UPI,0.3,BillyRamirez@gmail.com,9713083185,successful
1906,940,Nicole Briggs,107,50000.0,dining table,furniture,online,Chennai,2025-10-23 00:00:00,5,UPI,0.1,Nicole57@gmail.com,6683550293,successful
1907,936,Brian Larson,110,45000.0,microwave,HOME,online,Hyderabad,2025-01-10 00:00:00,1,Card,0.25,BrianLarson@yahoo.com,9082928514,successful
1908,556,Roger Guerrero,109,65000.0,REFRIGERATOR,HOME,offline,Mumbai,12-24-2025,5,UPI,0.1,RogerGuerrero@yahoo.com,8875145988,successful
1909,742,Wesley Davis,101,250000.0,Laptop,Electronics,offline,Delhi,2026-04-04 00:00:00,1,NetBanking,0.2,WesleyDavis@outlook.com,6985349946,successful
1909,742,Wesley Davis,101,250000.0,Laptop,Electronics,offline,Delhi,2026-04-04 00:00:00,1,NetBanking,0.2,WesleyDavis@outlook.com,6985349946,failed
1910,814,Donna Bennett,106,80000.0,sofa,FURN,offline,Hyderabad,07-19-2025,2,UPI,0.2,DonnaBennett@gmail.com,8162482067,successful
1911,431,Tracie Kim,102,70000.0,Phone,electronics,offline,Bangalore,04-23-2025,2,Cash,0.15,TracieKim@yahoo.com,8301285130,successful
1912,933,Zachary Khan,106,80000.0,SOFA,furniture,offline,Bangalore,2026-08-03 00:00:00,4,Cash,0.1,Zachary6@gmail.com,9316003581,successful
1913,681,Heather Williams,110,45000.0,microwave,home appliances,online,Mumbai,2025-05-07 00:00:00,2,Cash,0.25,HeatherWilliams@outlook.com,7511129467,successful
1914,379,Andres Stokes,107,50000.0,DINING TABLE,Furniture,offline,Mumbai,2025-04-25 00:00:00,5,Cash,0.3,AndresStokes@yahoo.com,8106400361,successful
1915,62,Sarah Park,108,15000.0,mixer grinder,HOME,online,Delhi,10-16-2025,1,Card,0.05,Sarah20@gmail.com,6601305051,successful
1916,53,John Bridges,109,65000.0,REFRIGERATOR,HOME,online,Hyderabad,2025-04-16 00:00:00,5,UPI,0.05,JohnBridges@outlook.com,9816578917,successful
1917,745,Jennifer Weeks,110,45000.0,MICROWAVE,home appliances,offline,Hyderabad,01-18-2026,5,UPI,0.35,JenniferWeeks@gmail.com,9263102095,successful
1918,565,Craig Moore,101,250000.0,laptop,ELEC,online,Mumbai,2025-12-02 00:00:00,2,Card,0.15,CraigMoore@gmail.com,9983242911,successful
1918,565,Craig Moore,101,250000.0,laptop,ELEC,online,Mumbai,2025-12-02 00:00:00,2,Card,0.15,CraigMoore@gmail.com,9983242911,failed
1919,888,Jade Garza,106,80000.0,SOFA,furniture,offline,Hyderabad,2025-05-29 00:00:00,1,NetBanking,0.35,JadeGarza@outlook.com,6736205623,successful
1920,842,Amy Quinn,109,65000.0,refrigerator,HOME,offline,Hyderabad,2025-07-15 00:00:00,5,Card,0.05,AmyQuinn@outlook.com,7272163795,successful
1921,728,Lisa Miller,109,65000.0,refrigerator,home appliances,offline,Chennai,2026-04-12 00:00:00,1,UPI,0.05,LisaMiller@gmail.com,8704743795,successful
1922,943,Sharon Smith,101,250000.0,laptop,Electronics,online,Chennai,2025-08-09 00:00:00,1,UPI,0.25,SharonSmith@gmail.com,7612471161,successful
1923,72,Michael Wood,106,80000.0,SOFA,furniture,offline,Chennai,02-24-2026,5,UPI,0.4,Michael77@gmail.com,8385570077,successful
1924,497,Walter Peterson,106,80000.0,sofa,furniture,offline,Mumbai,2025-01-09 00:00:00,4,NetBanking,0.1,WalterPeterson@yahoo.com,7380891460,successful
1925,298,Ryan Massey,108,15000.0,MIXER GRINDER,HOME,online,Delhi,2025-12-14 00:00:00,5,Card,0.15,Ryan8@gmail.com,6449657586,successful
1926,305,Zachary Cabrera,106,80000.0,Sofa,Furniture,offline,Delhi,2025-05-11 00:00:00,3,NetBanking,0.15,ZacharyCabrera@outlook.com,8097133696,successful
1927,122,Sara Chen,103,,SHIRT,clothing,offline,Delhi,2025-07-23 00:00:00,5,NetBanking,0.35,SaraChen@yahoo.com,6902478225,successful
1928,202,Amanda Reed,106,80000.0,sofa,furniture,offline,Delhi,2025-05-12 00:00:00,5,NetBanking,0.05,AmandaReed@yahoo.com,6574367299,successful
1929,197,Gabriel Mills,106,80000.0,Sofa,Furniture,online,Mumbai,2025-11-09 00:00:00,1,UPI,0.2,GabrielMills@gmail.com,8457234137,successful
1930,120,Michael Horton,103,1300.0,shirt,clothing,online,Delhi,2026-02-27 00:00:00,5,Card,0.25,MichaelHorton@gmail.com,7477605729,successful
1931,553,Veronica Davis,108,15000.0,MIXER GRINDER,HOME,offline,Mumbai,2025-12-04 00:00:00,3,UPI,0.3,VeronicaDavis@gmail.com,9657619972,successful
1932,429,Michael Welch,106,80000.0,sofa,FURN,online,Delhi,2025-08-10 00:00:00,2,Card,0.05,MichaelWelch@gmail.com,9639123250,successful
1933,992,William Rose,109,65000.0,refrigerator,Home Appliances,offline,Hyderabad,2025-10-16 00:00:00,-1,NetBanking,0.25,William30@gmail.com,6993050906,successful
1934,184,Katherine Jones,109,65000.0,REFRIGERATOR,HOME,offline,Hyderabad,05-18-2025,2,UPI,0.1,KatherineJones@yahoo.com,8990091838,successful
1935,780,Elizabeth Miller,110,45000.0,MICROWAVE,Home Appliances,offline,Delhi,2025-09-05 00:00:00,4,Card,0.35,ElizabethMiller@yahoo.com,8279569798,successful
1936,776,Erica Moore,108,,MIXER GRINDER,Home Appliances,online,Chennai,2026-04-01 00:00:00,2,Cash,0.15,EricaMoore@gmail.com,7710081731,successful
1937,446,Scott Smith,107,50000.0,dining table,FURN,online,Bangalore,2025-02-05 00:00:00,1,Card,0.1,Scott26@gmail.com,8592390183,successful
1938,450,Matthew Martinez,107,50000.0,dining table,furniture,online,Bangalore,2025-07-28 00:00:00,2,Card,0.25,MatthewMartinez@outlook.com,6157774344,successful
1939,18,Allison Adams,105,45000.0,tv,electronics,offline,Mumbai,2025-09-09 00:00:00,3,UPI,0.4,AllisonAdams@gmail.com,6292758299,successful
1940,979,Amy Cherry,102,70000.0,PHONE,ELEC,online,Hyderabad,2025-12-29 00:00:00,1,Cash,0.15,AmyCherry@yahoo.com,7282418168,successful
1941,32,Shane Carlson,110,45000.0,Microwave,HOME,online,Mumbai,2026-02-27 00:00:00,2,UPI,0.25,Shane51@gmail.com,7842192910,successful
1942,832,Carolyn Miller,106,80000.0,SOFA,FURN,online,Delhi,02-26-2026,1,Card,0.4,CarolynMiller@outlook.com,7032908684,successful
1943,969,Keith Woods,101,250000.0,LAPTOP,electronics,offline,Chennai,2025-09-23 00:00:00,4,UPI,0.3,KeithWoods@yahoo.com,7737305957,successful
1944,120,Michael Horton,110,45000.0,microwave,Home Appliances,online,Delhi,2026-02-04 00:00:00,5,UPI,0.15,MichaelHorton@gmail.com,7477605729,successful
1945,642,Troy Mitchell,102,70000.0,phone,Electronics,online,Bangalore,07-18-2025,5,NetBanking,0.4,Troy60@gmail.com,8385276968,successful
1946,27,Ashley Simpson,109,65000.0,REFRIGERATOR,HOME,offline,Chennai,2025-12-19 00:00:00,3,UPI,0.1,AshleySimpson@outlook.com,8508765505,successful
1946,27,Ashley Simpson,109,65000.0,REFRIGERATOR,HOME,offline,Chennai,2025-12-19 00:00:00,3,UPI,0.1,AshleySimpson@outlook.com,8508765505,failed
1947,44,John Saunders,104,8000.0,Shoes,CLOTH,offline,Mumbai,2025-03-06 00:00:00,3,Cash,0.4,JohnSaunders@outlook.com,9865305526,successful
1948,232,Joel Reid,105,45000.0,tv,ELEC,offline,Chennai,2025-08-18 00:00:00,5,UPI,0.15,JoelReid@gmail.com,8181885220,successful
1949,771,Matthew Greer,102,70000.0,PHONE,Electronics,offline,Bangalore,2025-02-09 00:00:00,4,Card,0.35,MatthewGreer@yahoo.com,8278910012,successful
1950,298,Ryan Massey,107,50000.0,DINING TABLE,furniture,offline,Delhi,2025-07-06 00:00:00,1,UPI,0.25,Ryan8@gmail.com,6449657586,successful
1951,126,Matthew Park,110,45000.0,MICROWAVE,home appliances,online,Hyderabad,2025-08-23 00:00:00,2,Cash,0.3,Matthew50@gmail.com,8398072576,successful
1952,799,Stephanie Dunn,108,15000.0,MIXER GRINDER,home appliances,offline,Delhi,2025-12-31 00:00:00,5,Card,0.4,StephanieDunn@gmail.com,7485500744,successful
1953,445,Steven Byrd,109,65000.0,Refrigerator,Home Appliances,offline,Chennai,2025-05-18 00:00:00,5,Cash,0.3,Steven87@gmail.com,6530696124,successful
1953,445,Steven Byrd,109,65000.0,Refrigerator,Home Appliances,offline,Chennai,2025-05-18 00:00:00,5,Cash,0.3,Steven87@gmail.com,6530696124,failed
1954,710,April Moore,101,,LAPTOP,ELEC,online,Mumbai,2025-11-13 00:00:00,2,NetBanking,0.25,AprilMoore@gmail.com,9772271176,successful
1955,468,Sonya Watts,107,50000.0,DINING TABLE,FURN,online,Mumbai,2025-09-12 00:00:00,1,Card,0.35,SonyaWatts@yahoo.com,9095796164,successful
1955,468,Sonya Watts,107,50000.0,DINING TABLE,FURN,online,Mumbai,2025-09-12 00:00:00,1,Card,0.35,SonyaWatts@yahoo.com,9095796164,failed
1956,862,Lisa Stewart,106,80000.0,sofa,furniture,offline,Chennai,03-15-2026,3,Cash,0.25,Lisa97@gmail.com,7486480095,successful
1957,482,Nathaniel Montes,110,,Microwave,home appliances,online,Chennai,2025-08-06 00:00:00,4,Card,0.1,Nathaniel44@gmail.com,7790273012,successful
1958,922,Isaiah Watson,101,250000.0,Laptop,Electronics,online,Bangalore,12-20-2025,1,NetBanking,0.4,Isaiah53@gmail.com,9177789837,successful
1959,219,Alexander Phillips,102,70000.0,PHONE,ELEC,offline,Mumbai,2026-03-11 00:00:00,3,Cash,0.15,Alexander92@gmail.com,7235649492,successful
1960,580,Meredith Walker,109,,refrigerator,Home Appliances,online,Chennai,2025-08-02 00:00:00,2,NetBanking,0.3,MeredithWalker@yahoo.com,7850497146,successful
1961,925,Steve Ayala,104,8000.0,Shoes,Clothing,offline,Hyderabad,2025-10-12 00:00:00,2,NetBanking,0.3,SteveAyala@gmail.com,9576287018,successful
1962,115,Linda Graham,101,250000.0,laptop,Electronics,offline,Chennai,2025-09-28 00:00:00,1,Card,0.4,LindaGraham@gmail.com,8692481568,successful
1963,158,Tiffany Mitchell,108,15000.0,MIXER GRINDER,home appliances,online,Delhi,2026-03-31 00:00:00,1,Cash,0.1,Tiffany78@gmail.com,7906116316,successful
1964,663,Haley Todd,109,65000.0,Refrigerator,home appliances,online,Hyderabad,2026-02-19 00:00:00,3,NetBanking,0.15,HaleyTodd@outlook.com,8691630835,successful
1965,643,Stacy Hughes,107,50000.0,DINING TABLE,Furniture,offline,Mumbai,2025-09-22 00:00:00,5,NetBanking,0.1,Stacy43@gmail.com,9138059724,successful
1966,789,Bryan Walker,102,70000.0,Phone,electronics,online,Chennai,2025-09-07 00:00:00,1,Card,0.35,Bryan21@gmail.com,7517058567,successful
1967,186,Dawn Garrett,103,1300.0,SHIRT,clothing,offline,Chennai,12-20-2025,2,Cash,0.3,Dawn29@gmail.com,9627230201,successful
1968,372,Brandon Gordon,108,,mixer grinder,Home Appliances,online,Mumbai,2026-01-27 00:00:00,1,NetBanking,0.35,Brandon83@gmail.com,7856541702,successful
1969,332,James Morris,105,45000.0,TV,Electronics,offline,Mumbai,2025-11-02 00:00:00,4,Cash,0.4,JamesMorris@yahoo.com,7907836896,successful
1970,361,Daniel Williams,104,8000.0,shoes,clothing,offline,Delhi,2026-04-09 00:00:00,5,UPI,0.35,DanielWilliams@yahoo.com,9858967366,successful
1971,974,Phillip Rodriguez,109,65000.0,Refrigerator,Home Appliances,online,Bangalore,2025-10-04 00:00:00,5,UPI,0.35,PhillipRodriguez@yahoo.com,8715899416,successful
1972,733,Jessica Lin,101,250000.0,Laptop,ELEC,offline,Delhi,2025-11-12 00:00:00,1,Cash,0.1,Jessica60@gmail.com,8596806363,successful
1973,869,Krystal Hudson,102,,phone,ELEC,online,Mumbai,09-22-2025,2,Card,0.2,KrystalHudson@yahoo.com,9639663079,successful
1974,1,Karen Pollard,105,45000.0,Tv,ELEC,online,Hyderabad,2026-02-21 00:00:00,1,UPI,0.35,KarenPollard@yahoo.com,7148256363,successful
1975,132,Ronald Harrison,108,15000.0,MIXER GRINDER,home appliances,online,Delhi,10-24-2025,4,UPI,0.3,RonaldHarrison@yahoo.com,7238275967,successful
1975,132,Ronald Harrison,108,15000.0,MIXER GRINDER,home appliances,online,Delhi,10-24-2025,4,UPI,0.3,RonaldHarrison@yahoo.com,7238275967,failed
1976,848,Eric Phillips,104,8000.0,Shoes,CLOTH,offline,Hyderabad,2026-02-11 00:00:00,2,Card,0.1,EricPhillips@gmail.com,7686396213,successful
1977,22,James Walters,104,8000.0,shoes,Clothing,offline,Chennai,2025-10-09 00:00:00,4,UPI,0.05,James10@gmail.com,6590464842,successful
1978,316,James Jordan,107,50000.0,dining table,Furniture,online,Delhi,2025-07-09 00:00:00,4,Card,0.25,James19@gmail.com,8508764613,successful
1979,470,Jasmine Harris,101,250000.0,Laptop,ELEC,offline,Mumbai,2026-03-17 00:00:00,5,Cash,0.1,JasmineHarris@gmail.com,7664635355,successful
1980,627,Nicole Allen,108,15000.0,MIXER GRINDER,Home Appliances,offline,Bangalore,2025-06-13 00:00:00,1,Card,0.1,NicoleAllen@gmail.com,6448791056,successful
1981,783,Breanna Gill,103,1300.0,Shirt,CLOTH,online,Hyderabad,2025-10-05 00:00:00,1,UPI,0.3,BreannaGill@outlook.com,7921943064,successful
1982,296,Katherine Frazier,109,65000.0,REFRIGERATOR,home appliances,offline,Bangalore,2026-03-18 00:00:00,1,UPI,0.3,KatherineFrazier@yahoo.com,7255496097,successful
1983,53,John Bridges,106,80000.0,Sofa,FURN,online,Hyderabad,2025-09-09 00:00:00,2,UPI,0.25,JohnBridges@outlook.com,9816578917,successful
1984,776,Erica Moore,107,,dining table,furniture,offline,Chennai,2026-02-01 00:00:00,5,Card,0.35,EricaMoore@gmail.com,7710081731,successful
1985,294,Jared Moreno,101,,LAPTOP,electronics,online,Hyderabad,05-25-2025,3,NetBanking,0.05,Jared21@gmail.com,6639377809,successful
1986,388,Daniel Wilson,102,70000.0,Phone,electronics,online,Bangalore,04-29-2025,1,Card,0.4,DanielWilson@gmail.com,8047330453,successful
1987,530,Mark Fowler,109,65000.0,Refrigerator,Home Appliances,offline,Delhi,2025-11-09 00:00:00,3,UPI,0.25,MarkFowler@outlook.com,6808555263,successful
1988,414,Chase Johnson,106,80000.0,Sofa,FURN,offline,Delhi,2025-08-20 00:00:00,3,Cash,0.05,ChaseJohnson@yahoo.com,6218571815,successful
1989,674,Haley Alvarez,108,,Mixer grinder,HOME,offline,Bangalore,2026-01-26 00:00:00,2,Card,0.35,HaleyAlvarez@outlook.com,9910438272,successful
1990,972,Allen Wright,104,8000.0,SHOES,CLOTH,offline,Bangalore,2026-01-11 00:00:00,3,Card,0.4,Allen57@gmail.com,9274223892,successful
1991,503,Lauren Thomas,107,50000.0,DINING TABLE,FURN,offline,Delhi,06-26-2025,4,UPI,0.4,LaurenThomas@yahoo.com,8890234143,successful
1992,14,Joseph Jones,101,250000.0,Laptop,ELEC,online,Hyderabad,2025-06-12 00:00:00,4,NetBanking,0.15,JosephJones@gmail.com,8900905282,successful
1993,914,Nicholas Mays,102,70000.0,PHONE,electronics,online,Chennai,2025-06-04 00:00:00,4,NetBanking,0.3,NicholasMays@yahoo.com,6594684916,successful
1994,579,Christian Clay,110,45000.0,MICROWAVE,Home Appliances,online,Mumbai,2025-03-05 00:00:00,1,NetBanking,0.15,ChristianClay@yahoo.com,6544682846,successful
1995,982,James Munoz,109,65000.0,refrigerator,HOME,online,Mumbai,2026-02-24 00:00:00,3,Card,0.4,JamesMunoz@outlook.com,6861328023,successful
1996,633,Julie Jackson,108,15000.0,Mixer grinder,home appliances,online,Delhi,2025-04-07 00:00:00,1,Cash,0.35,Julie50@gmail.com,7168243701,successful
1997,840,Veronica Ashley,107,50000.0,DINING TABLE,furniture,online,Delhi,2025-04-30 00:00:00,5,Card,0.05,VeronicaAshley@gmail.com,8286959830,successful
1998,423,Mary Cooke,108,15000.0,MIXER GRINDER,HOME,offline,Hyderabad,2025-10-14 00:00:00,3,UPI,0.25,Mary9@gmail.com,7547238855,successful
1999,190,Heather Martinez,105,45000.0,TV,electronics,offline,Chennai,2025-10-23 00:00:00,3,NetBanking,0.05,HeatherMartinez@gmail.com,9389683476,successful
2000,92,Kelly Chang,103,1300.0,SHIRT,clothing,online,Chennai,2025-03-11 00:00:00,3,Card,0.05,KellyChang@yahoo.com,9459399379,successful
2001,249,Alyssa Henderson,106,80000.0,sofa,FURN,offline,Bangalore,2026-02-16 00:00:00,4,UPI,0.2,Alyssa98@gmail.com,9956125109,successful
2002,854,Dennis Dorsey,105,45000.0,TV,Electronics,offline,Hyderabad,2025-10-08 00:00:00,4,NetBanking,0.2,DennisDorsey@yahoo.com,7070302116,successful
2003,923,George Wilkinson,102,70000.0,PHONE,Electronics,online,Mumbai,2026-01-31 00:00:00,2,UPI,0.35,GeorgeWilkinson@gmail.com,6517059222,successful
2004,518,Alexander Davenport,108,,mixer grinder,Home Appliances,online,Bangalore,2025-06-12 00:00:00,5,UPI,0.2,AlexanderDavenport@yahoo.com,9219449276,successful
2005,724,Kimberly Winters,101,,LAPTOP,electronics,online,Chennai,2026-01-26 00:00:00,4,UPI,0.05,Kimberly55@gmail.com,8442961493,successful
2006,120,Michael Horton,107,50000.0,Dining table,furniture,online,Delhi,2025-06-09 00:00:00,2,NetBanking,0.2,MichaelHorton@gmail.com,7477605729,successful
2007,872,David Miller,102,70000.0,PHONE,ELEC,offline,Mumbai,2026-01-11 00:00:00,5,UPI,0.3,DavidMiller@yahoo.com,8702050205,successful
2008,400,Brenda Johnson,109,65000.0,REFRIGERATOR,Home Appliances,offline,Chennai,2025-11-10 00:00:00,2,Card,0.1,BrendaJohnson@yahoo.com,7955488393,successful
2009,353,Rachel Velasquez,110,45000.0,Microwave,HOME,online,Bangalore,2025-02-07 00:00:00,2,UPI,0.35,RachelVelasquez@outlook.com,6791175596,successful
2010,174,Jeffrey Lamb,105,45000.0,Tv,electronics,offline,Hyderabad,05-20-2025,2,Card,0.1,Jeffrey73@gmail.com,7799529242,successful
2011,850,Zachary Abbott,101,250000.0,Laptop,ELEC,online,Chennai,2025-10-02 00:00:00,4,UPI,0.3,Zachary68@gmail.com,8509774917,successful
2012,282,Tasha Roberson,108,15000.0,MIXER GRINDER,HOME,offline,Hyderabad,12-22-2025,2,Cash,0.1,TashaRoberson@outlook.com,9239123095,successful
2013,620,Alexander Meyer,107,50000.0,Dining table,FURN,online,Mumbai,2025-12-09 00:00:00,3,NetBanking,0.25,AlexanderMeyer@yahoo.com,9589208157,successful
2014,93,Judith Sanchez,107,,Dining table,furniture,online,Mumbai,2025-12-09 00:00:00,3,Card,0.05,JudithSanchez@yahoo.com,8482107676,successful
2015,122,Sara Chen,110,45000.0,MICROWAVE,Home Appliances,online,Delhi,02-20-2026,3,UPI,0.25,SaraChen@yahoo.com,6902478225,successful
2016,391,Catherine Beard,109,,Refrigerator,Home Appliances,offline,Mumbai,2025-08-03 00:00:00,4,Card,0.4,Catherine33@gmail.com,9225547305,successful
2017,201,Lisa Tran,107,50000.0,Dining table,FURN,offline,Bangalore,2025-05-14 00:00:00,4,NetBanking,0.1,LisaTran@yahoo.com,8759272874,successful
2018,775,Roy Chavez,102,70000.0,phone,electronics,online,Chennai,2025-07-24 00:00:00,2,Card,0.3,Roy81@gmail.com,7595966010,successful
2019,275,Edward Beck,106,80000.0,Sofa,FURN,offline,Bangalore,2026-02-04 00:00:00,3,UPI,0.1,EdwardBeck@yahoo.com,8702404934,successful
2020,336,Gregory Mitchell,106,80000.0,Sofa,FURN,online,Chennai,2025-05-11 00:00:00,4,NetBanking,0.35,GregoryMitchell@gmail.com,8677120045,successful
2021,415,Jackson Kaiser,102,70000.0,Phone,ELEC,offline,Delhi,2025-10-06 00:00:00,3,UPI,0.05,JacksonKaiser@gmail.com,8094014305,successful
2022,694,Lori Barrera,102,70000.0,Phone,ELEC,online,Hyderabad,2025-11-27 00:00:00,1,NetBanking,0.2,Lori3@gmail.com,9572854973,successful
2023,976,Paula Rogers,104,8000.0,shoes,Clothing,online,Chennai,2025-09-28 00:00:00,5,Cash,0.35,Paula39@gmail.com,8769251725,successful
2024,733,Jessica Lin,109,65000.0,REFRIGERATOR,HOME,online,Delhi,2025-06-03 00:00:00,4,UPI,0.4,Jessica60@gmail.com,8596806363,successful
2025,653,Jodi Kim,109,,REFRIGERATOR,home appliances,online,Mumbai,2025-04-24 00:00:00,3,NetBanking,0.3,JodiKim@gmail.com,9085253333,successful
2026,641,Andre Rodriguez,106,80000.0,SOFA,FURN,offline,Bangalore,2026-01-03 00:00:00,5,NetBanking,0.05,AndreRodriguez@outlook.com,6047103170,successful
2027,569,Lindsay Levine,108,15000.0,MIXER GRINDER,Home Appliances,offline,Mumbai,2025-05-23 00:00:00,3,NetBanking,0.3,Lindsay32@gmail.com,6194157618,successful
2028,350,Gregory Knapp,103,1300.0,SHIRT,Clothing,offline,Chennai,12-28-2025,1,UPI,0.2,GregoryKnapp@yahoo.com,9371443947,successful
2029,978,Nicole George,101,250000.0,LAPTOP,electronics,online,Delhi,2025-08-28 00:00:00,1,Card,0.3,NicoleGeorge@gmail.com,8315089250,successful
2030,174,Jeffrey Lamb,105,45000.0,Tv,Electronics,online,Hyderabad,2026-03-09 00:00:00,4,Cash,0.05,Jeffrey73@gmail.com,7799529242,successful
2031,88,Alex Mccullough,101,250000.0,Laptop,ELEC,offline,Chennai,2025-11-19 00:00:00,3,UPI,0.2,Alex23@gmail.com,9505984131,successful
2031,88,Alex Mccullough,101,250000.0,Laptop,ELEC,offline,Chennai,2025-11-19 00:00:00,3,UPI,0.2,Alex23@gmail.com,9505984131,failed
2032,356,Larry Mercado,102,70000.0,PHONE,electronics,offline,Hyderabad,2026-02-11 00:00:00,3,Card,0.3,LarryMercado@gmail.com,6907810420,successful
2033,895,Aaron Foster,109,,REFRIGERATOR,Home Appliances,online,Bangalore,06-29-2025,4,UPI,0.35,AaronFoster@gmail.com,6902775793,successful
2034,850,Zachary Abbott,104,8000.0,SHOES,clothing,online,Chennai,2026-02-02 00:00:00,1,NetBanking,0.15,Zachary68@gmail.com,8509774917,successful
2035,814,Donna Bennett,102,70000.0,phone,electronics,online,Hyderabad,2025-09-12 00:00:00,5,UPI,0.25,DonnaBennett@gmail.com,8162482067,successful
2036,884,Isaac Byrd,103,1300.0,Shirt,clothing,online,Delhi,2025-09-22 00:00:00,2,UPI,0.25,IsaacByrd@gmail.com,6341934208,successful
2037,45,Tasha Baker,102,70000.0,PHONE,Electronics,offline,Delhi,2026-01-06 00:00:00,2,Card,0.3,TashaBaker@gmail.com,7562005843,successful
2038,934,Brandi Phillips,105,45000.0,TV,ELEC,offline,Hyderabad,2025-07-10 00:00:00,4,Card,0.25,Brandi77@gmail.com,9692608609,successful
2039,216,Patricia Myers,104,8000.0,Shoes,Clothing,online,Chennai,2026-04-10 00:00:00,3,UPI,0.05,PatriciaMyers@gmail.com,8860395111,successful
2040,57,Charles Henderson,110,,Microwave,home appliances,online,Hyderabad,08-14-2025,5,Cash,0.35,CharlesHenderson@outlook.com,9322915372,successful
2041,814,Donna Bennett,102,70000.0,phone,Electronics,offline,Hyderabad,2025-04-30 00:00:00,2,NetBanking,0.1,DonnaBennett@gmail.com,8162482067,successful
2042,308,Lori Bowen,107,50000.0,Dining table,Furniture,offline,Mumbai,2025-02-10 00:00:00,1,Card,0.05,LoriBowen@gmail.com,6435037114,successful
2043,176,Robin Scott,110,,Microwave,HOME,offline,Chennai,2026-01-30 00:00:00,2,NetBanking,0.35,RobinScott@outlook.com,6102310905,successful
2044,409,Elizabeth Watson,104,8000.0,Shoes,Clothing,offline,Bangalore,2025-06-15 00:00:00,3,Card,0.15,ElizabethWatson@outlook.com,6182625929,successful
2045,804,Tiffany Caldwell,106,80000.0,SOFA,furniture,online,Bangalore,2026-03-23 00:00:00,5,Card,0.4,TiffanyCaldwell@outlook.com,8388097153,successful
2046,166,David Simmons,103,1300.0,shirt,clothing,offline,Bangalore,2026-02-13 00:00:00,4,Cash,0.4,David47@gmail.com,7792492394,successful
2047,189,Melinda Rodriguez,102,70000.0,PHONE,electronics,offline,Chennai,2025-07-29 00:00:00,3,Card,0.05,MelindaRodriguez@outlook.com,8256869897,successful
2048,635,Kelly Anderson,107,50000.0,DINING TABLE,furniture,online,Delhi,08-14-2025,3,Cash,0.2,KellyAnderson@outlook.com,7133131494,successful
2049,325,Theresa Villarreal,102,70000.0,phone,ELEC,online,Bangalore,2025-09-27 00:00:00,5,Cash,0.15,TheresaVillarreal@yahoo.com,7096452924,successful
2050,328,Anna Chase,110,45000.0,microwave,HOME,online,Mumbai,2025-11-02 00:00:00,3,NetBanking,0.2,AnnaChase@outlook.com,6267325697,successful
2051,879,Andrew Johnston,107,50000.0,DINING TABLE,furniture,offline,Mumbai,2025-07-17 00:00:00,4,UPI,0.05,AndrewJohnston@yahoo.com,9290408466,successful
2052,714,Scott Lane,106,80000.0,sofa,FURN,online,Mumbai,2025-09-12 00:00:00,1,Card,0.3,ScottLane@gmail.com,9907024950,successful
2053,86,Rachel Gonzales,107,50000.0,dining table,furniture,offline,Mumbai,2026-02-01 00:00:00,2,NetBanking,0.25,RachelGonzales@yahoo.com,6409395951,successful
2054,180,Chelsea Meyer,106,,sofa,Furniture,offline,Bangalore,2026-04-03 00:00:00,2,NetBanking,0.25,ChelseaMeyer@yahoo.com,6390106560,successful
2055,682,Crystal Mccarthy,101,250000.0,laptop,ELEC,offline,Delhi,10-13-2025,3,NetBanking,0.05,Crystal55@gmail.com,7575758526,successful
2056,713,Jason Griffin,108,15000.0,MIXER GRINDER,HOME,online,Hyderabad,04-26-2025,1,NetBanking,0.35,Jason36@gmail.com,8944628007,successful
2057,541,Melissa Perez,102,,phone,electronics,online,Delhi,2025-10-07 00:00:00,2,NetBanking,0.05,Melissa30@gmail.com,8305757972,successful
2058,825,Jose Rodriguez,101,250000.0,Laptop,Electronics,online,Bangalore,2025-07-06 00:00:00,5,Cash,0.05,JoseRodriguez@outlook.com,9277458368,successful
2058,825,Jose Rodriguez,101,250000.0,Laptop,Electronics,online,Bangalore,2025-07-06 00:00:00,5,Cash,0.05,JoseRodriguez@outlook.com,9277458368,failed
2059,284,Erin Richmond,102,,phone,Electronics,online,Chennai,2025-07-10 00:00:00,1,UPI,0.15,ErinRichmond@gmail.com,9295628578,successful
2060,856,Suzanne Carroll,106,80000.0,SOFA,furniture,online,Bangalore,2025-05-06 00:00:00,4,NetBanking,0.4,SuzanneCarroll@outlook.com,8949371008,successful
2061,858,Kristina Stewart,106,80000.0,Sofa,Furniture,online,Hyderabad,2025-10-02 00:00:00,3,NetBanking,0.1,KristinaStewart@yahoo.com,8517535897,successful
2062,165,Rebecca Hays,102,70000.0,Phone,ELEC,online,Hyderabad,2026-01-08 00:00:00,5,UPI,0.2,RebeccaHays@outlook.com,9357591179,successful
2063,872,David Miller,107,50000.0,DINING TABLE,furniture,offline,Mumbai,2025-09-09 00:00:00,4,Card,0.35,DavidMiller@yahoo.com,8702050205,successful
2064,878,Sarah Brown,101,250000.0,Laptop,ELEC,online,Chennai,12-17-2025,3,Cash,0.25,SarahBrown@yahoo.com,9775172098,successful
2065,134,Marie Thomas,107,50000.0,DINING TABLE,FURN,online,Bangalore,2025-07-18 00:00:00,3,NetBanking,0.25,MarieThomas@outlook.com,7916224377,successful
2066,655,Julie Todd,104,8000.0,shoes,Clothing,offline,Delhi,2026-04-09 00:00:00,4,Cash,0.4,JulieTodd@yahoo.com,9814232456,successful
2067,34,Rachel Ball,104,8000.0,Shoes,Clothing,offline,Hyderabad,2026-06-03 00:00:00,1,UPI,0.3,RachelBall@outlook.com,6307635891,successful
2068,816,Erika Martin,105,45000.0,TV,Electronics,offline,Delhi,2025-06-07 00:00:00,1,Card,0.1,ErikaMartin@yahoo.com,7021501945,successful
2069,791,April Anderson,105,45000.0,TV,Electronics,offline,Hyderabad,2026-01-05 00:00:00,1,UPI,0.4,AprilAnderson@gmail.com,8644446529,successful
2070,283,Anna Bernard,107,50000.0,dining table,FURN,online,Chennai,2025-07-24 00:00:00,2,Cash,0.15,AnnaBernard@gmail.com,7726984842,successful
2071,803,Michelle Lewis,101,250000.0,Laptop,ELEC,online,Chennai,2025-09-14 00:00:00,5,UPI,0.2,MichelleLewis@outlook.com,8505485886,successful
2072,224,Benjamin Reyes,105,45000.0,TV,ELEC,offline,Mumbai,2025-12-08 00:00:00,2,Cash,0.2,Benjamin12@gmail.com,7758231609,successful
2073,137,Kathleen Douglas,107,,Dining table,Furniture,offline,Mumbai,09-27-2025,3,Cash,0.35,KathleenDouglas@yahoo.com,8017596544,successful
2074,168,Joyce Robertson,106,80000.0,Sofa,furniture,online,Mumbai,2025-09-14 00:00:00,4,Card,0.15,JoyceRobertson@yahoo.com,7842890417,successful
2075,935,Samantha Brewer,108,15000.0,MIXER GRINDER,Home Appliances,online,Mumbai,2026-04-03 00:00:00,2,Cash,0.2,SamanthaBrewer@outlook.com,9234059224,successful
2076,821,Margaret Parker,107,50000.0,dining table,Furniture,online,Delhi,2026-03-29 00:00:00,3,UPI,0.25,Margaret32@gmail.com,9826127968,successful
2077,245,Brittany Harris,109,,refrigerator,HOME,online,Delhi,2025-03-10 00:00:00,1,UPI,0.15,Brittany91@gmail.com,8996063697,successful
2078,902,Logan Reyes,101,250000.0,laptop,ELEC,offline,Mumbai,2025-12-16 00:00:00,1,NetBanking,0.3,LoganReyes@outlook.com,9203392031,successful
2079,495,John Cummings,110,45000.0,MICROWAVE,home appliances,online,Hyderabad,2025-09-01 00:00:00,3,UPI,0.25,JohnCummings@yahoo.com,8883507125,successful
2080,109,Michael Walker,104,,SHOES,clothing,online,Mumbai,2025-06-23 00:00:00,4,UPI,0.4,MichaelWalker@yahoo.com,9982367171,successful
2081,495,John Cummings,103,1300.0,SHIRT,Clothing,offline,Hyderabad,2025-11-04 00:00:00,4,NetBanking,0.25,JohnCummings@yahoo.com,8883507125,successful
2082,557,Joseph Cowan,107,50000.0,DINING TABLE,Furniture,online,Hyderabad,2025-08-21 00:00:00,1,NetBanking,0.25,JosephCowan@gmail.com,6442999909,successful
2083,379,Andres Stokes,102,70000.0,Phone,Electronics,online,Mumbai,2025-06-05 00:00:00,2,Cash,0.1,AndresStokes@yahoo.com,8106400361,successful
2084,349,Joel Baker,102,,PHONE,electronics,online,Bangalore,2025-08-28 00:00:00,2,Card,0.3,JoelBaker@outlook.com,8027748393,successful
2085,611,Robert Lucas,106,80000.0,SOFA,FURN,offline,Mumbai,03-31-2026,1,NetBanking,0.25,Robert46@gmail.com,6942116473,successful
2086,402,Patricia Herring,109,65000.0,REFRIGERATOR,HOME,online,Bangalore,2025-08-23 00:00:00,2,Card,0.2,Patricia77@gmail.com,8358185134,successful
2087,530,Mark Fowler,101,250000.0,Laptop,electronics,online,Delhi,2025-12-31 00:00:00,5,NetBanking,0.15,MarkFowler@outlook.com,6808555263,successful
2087,530,Mark Fowler,101,250000.0,Laptop,electronics,online,Delhi,2025-12-31 00:00:00,5,NetBanking,0.15,MarkFowler@outlook.com,6808555263,failed
2088,508,Jesus Decker,104,8000.0,shoes,clothing,online,Bangalore,2026-03-27 00:00:00,3,NetBanking,0.05,JesusDecker@gmail.com,6995878892,successful
2089,141,Brooke Nunez,110,45000.0,Microwave,HOME,online,Bangalore,2025-06-02 00:00:00,1,Card,0.25,Brooke97@gmail.com,8071322705,successful
2090,559,Todd Stevens,103,1300.0,SHIRT,clothing,offline,Hyderabad,06-30-2025,3,NetBanking,0.35,ToddStevens@outlook.com,7434321769,successful
2091,934,Brandi Phillips,106,80000.0,sofa,furniture,offline,Hyderabad,2026-03-08 00:00:00,3,Card,0.05,Brandi77@gmail.com,9692608609,successful
2092,981,Christine Harper,105,,tv,electronics,online,Mumbai,2025-06-21 00:00:00,3,Card,0.25,Christine61@gmail.com,6859295939,successful
2093,81,Michael Wagner,109,65000.0,REFRIGERATOR,HOME,online,Chennai,2025-10-11 00:00:00,4,NetBanking,0.05,MichaelWagner@yahoo.com,9716917974,successful
2094,542,Angela Martin,107,50000.0,DINING TABLE,Furniture,online,Chennai,2025-06-15 00:00:00,1,Card,0.2,AngelaMartin@outlook.com,6677376387,successful
2095,375,Jessica Harrell,108,15000.0,mixer grinder,home appliances,online,Chennai,2025-07-26 00:00:00,4,Card,0.05,JessicaHarrell@gmail.com,6145653067,successful
2096,141,Brooke Nunez,106,80000.0,SOFA,furniture,offline,Bangalore,2025-07-11 00:00:00,1,UPI,0.1,Brooke97@gmail.com,8071322705,successful
2097,703,David Austin,108,15000.0,MIXER GRINDER,Home Appliances,online,Delhi,09-18-2025,1,UPI,0.35,DavidAustin@yahoo.com,6814272395,successful
2098,459,Jason Moreno,104,8000.0,SHOES,clothing,online,Mumbai,01-17-2026,1,UPI,0.35,JasonMoreno@gmail.com,6781402001,successful
2099,938,Mary Rogers,102,70000.0,Phone,ELEC,online,Hyderabad,2025-12-10 00:00:00,1,NetBanking,0.25,MaryRogers@gmail.com,9755893823,successful
2100,667,Kelsey Mendoza,110,45000.0,microwave,home appliances,online,Bangalore,2025-07-23 00:00:00,1,UPI,0.25,KelseyMendoza@outlook.com,7562379912,successful
2101,119,Dana Castro,102,70000.0,Phone,ELEC,online,Delhi,2025-11-16 00:00:00,1,Cash,0.15,DanaCastro@yahoo.com,9736021072,successful
2102,87,Peter Silva,104,8000.0,shoes,Clothing,offline,Chennai,2025-08-27 00:00:00,4,NetBanking,0.25,PeterSilva@outlook.com,7226480954,successful
2103,771,Matthew Greer,108,15000.0,MIXER GRINDER,Home Appliances,online,Bangalore,2025-04-26 00:00:00,3,Card,0.2,MatthewGreer@yahoo.com,8278910012,successful
2104,950,Cheyenne Mason,105,45000.0,tv,electronics,offline,Delhi,2025-04-18 00:00:00,3,UPI,0.05,CheyenneMason@yahoo.com,7344429331,successful
2105,305,Zachary Cabrera,104,8000.0,SHOES,Clothing,online,Delhi,05-28-2025,5,Cash,0.05,ZacharyCabrera@outlook.com,8097133696,successful
2106,550,Raymond Martinez,101,250000.0,LAPTOP,Electronics,offline,Chennai,2025-11-09 00:00:00,2,UPI,0.35,Raymond11@gmail.com,7127699650,successful
2107,415,Jackson Kaiser,106,80000.0,Sofa,FURN,online,Delhi,2025-06-16 00:00:00,5,UPI,0.1,JacksonKaiser@gmail.com,8094014305,successful
2108,778,Angela Park,107,50000.0,Dining table,FURN,online,Mumbai,2026-01-22 00:00:00,2,Card,0.25,AngelaPark@outlook.com,7345361196,successful
2109,616,Misty Gregory,107,50000.0,dining table,FURN,online,Bangalore,2025-12-24 00:00:00,2,UPI,0.25,MistyGregory@gmail.com,7226743156,successful
2110,961,Derek Hall,105,45000.0,TV,electronics,online,Hyderabad,2025-09-27 00:00:00,5,NetBanking,0.15,Derek28@gmail.com,7447088075,successful
2111,620,Alexander Meyer,109,65000.0,refrigerator,HOME,offline,Mumbai,2025-09-30 00:00:00,1,UPI,0.2,AlexanderMeyer@yahoo.com,9589208157,successful
2112,99,Maria Mathews,104,8000.0,shoes,clothing,online,Mumbai,2025-08-31 00:00:00,5,UPI,0.4,MariaMathews@gmail.com,9126818664,successful
2113,334,Brenda Gonzales,108,15000.0,MIXER GRINDER,home appliances,online,Chennai,2026-08-03 00:00:00,4,UPI,0.2,BrendaGonzales@gmail.com,9034621783,successful
2114,182,Kathleen Castro,102,70000.0,PHONE,ELEC,online,Hyderabad,2025-05-05 00:00:00,4,UPI,0.05,KathleenCastro@outlook.com,8815269367,successful
2115,628,Kelly Turner,109,65000.0,REFRIGERATOR,Home Appliances,online,Chennai,2026-02-24 00:00:00,1,UPI,0.1,KellyTurner@gmail.com,8102485626,successful
2116,687,Robert Estrada,103,1300.0,Shirt,clothing,offline,Hyderabad,2025-10-23 00:00:00,3,NetBanking,0.2,RobertEstrada@yahoo.com,8685839773,successful
2117,13,Jay Knight,101,250000.0,LAPTOP,Electronics,online,Bangalore,11-30-2025,3,NetBanking,0.25,JayKnight@gmail.com,6941072670,successful
2118,272,Gary Gilbert,109,65000.0,refrigerator,Home Appliances,offline,Delhi,2026-03-31 00:00:00,1,UPI,0.3,GaryGilbert@gmail.com,8538846225,successful
2119,553,Veronica Davis,107,50000.0,dining table,Furniture,offline,Mumbai,2025-05-02 00:00:00,3,Card,0.25,VeronicaDavis@gmail.com,9657619972,successful
2120,72,Michael Wood,105,45000.0,tv,Electronics,online,Chennai,11-15-2025,4,NetBanking,0.3,Michael77@gmail.com,8385570077,successful
2121,964,Amy Brown,101,250000.0,LAPTOP,electronics,offline,Mumbai,05-18-2025,3,NetBanking,0.35,AmyBrown@yahoo.com,6919540526,successful
2122,890,Holly Mckay,101,,LAPTOP,Electronics,online,Chennai,2026-07-02 00:00:00,4,NetBanking,0.2,HollyMckay@yahoo.com,6608746494,successful
2123,165,Rebecca Hays,104,8000.0,Shoes,clothing,online,Hyderabad,2025-05-18 00:00:00,1,UPI,0.25,RebeccaHays@outlook.com,9357591179,successful
2124,183,Paul Gomez,107,50000.0,dining table,FURN,offline,Hyderabad,06-13-2025,5,NetBanking,0.15,PaulGomez@yahoo.com,8872570750,successful
2125,113,Patricia Carlson,103,1300.0,Shirt,CLOTH,online,Delhi,10-30-2025,4,Cash,0.1,PatriciaCarlson@outlook.com,8588411759,successful
2126,867,Jeffrey Sanders,109,65000.0,Refrigerator,home appliances,offline,Chennai,07-16-2025,2,UPI,0.3,JeffreySanders@gmail.com,9656690432,successful
2127,334,Brenda Gonzales,108,15000.0,MIXER GRINDER,Home Appliances,offline,Chennai,2026-04-05 00:00:00,4,Cash,0.3,BrendaGonzales@gmail.com,9034621783,successful
2128,874,Samuel Patel,105,45000.0,tv,Electronics,online,Mumbai,2025-06-09 00:00:00,2,Cash,0.3,Samuel51@gmail.com,6800413067,successful
2129,3,Marc Carter,110,45000.0,microwave,home appliances,online,Delhi,2025-08-04 00:00:00,2,UPI,0.1,MarcCarter@yahoo.com,8087194372,successful
2130,193,Mary White,106,80000.0,sofa,FURN,offline,Bangalore,2026-03-20 00:00:00,4,UPI,0.15,MaryWhite@yahoo.com,8365367194,successful
2131,712,Laura Rogers,101,250000.0,laptop,electronics,offline,Hyderabad,2025-08-20 00:00:00,4,Card,0.2,LauraRogers@outlook.com,6546785295,successful
2132,981,Christine Harper,110,,Microwave,HOME,online,Mumbai,2026-02-23 00:00:00,1,NetBanking,0.1,Christine61@gmail.com,6859295939,successful
2133,462,Steven Perry,110,,Microwave,Home Appliances,online,Bangalore,2026-12-03 00:00:00,2,Card,0.05,StevenPerry@yahoo.com,6972623279,successful
2134,822,Christine Rivera,104,8000.0,SHOES,CLOTH,offline,Hyderabad,2025-01-11 00:00:00,1,UPI,0.3,ChristineRivera@yahoo.com,6691516621,successful
2134,822,Christine Rivera,104,8000.0,SHOES,CLOTH,offline,Hyderabad,2025-01-11 00:00:00,1,UPI,0.3,ChristineRivera@yahoo.com,6691516621,failed
2135,530,Mark Fowler,108,15000.0,MIXER GRINDER,Home Appliances,offline,Delhi,2025-07-02 00:00:00,3,NetBanking,0.2,MarkFowler@outlook.com,6808555263,successful
2136,146,Jose Thomas,108,15000.0,MIXER GRINDER,HOME,online,Bangalore,06-19-2025,2,Card,0.2,JoseThomas@outlook.com,8398779963,successful
2137,965,Donald Poole,110,45000.0,MICROWAVE,Home Appliances,online,Mumbai,2025-12-26 00:00:00,1,Cash,0.25,DonaldPoole@yahoo.com,7170684135,successful
2138,406,Gregory Nelson,105,45000.0,tv,ELEC,offline,Delhi,2025-09-30 00:00:00,4,Card,0.15,Gregory85@gmail.com,6469174867,successful
2139,68,Stephanie Scott,102,70000.0,Phone,ELEC,offline,Chennai,2025-09-30 00:00:00,1,NetBanking,0.15,Stephanie6@gmail.com,9513920889,successful
2140,636,Christopher Clark,103,1300.0,SHIRT,CLOTH,offline,Mumbai,2026-03-19 00:00:00,5,Card,0.2,Christopher93@gmail.com,7656982866,successful
2141,774,Antonio Evans,107,50000.0,dining table,FURN,offline,Hyderabad,2025-08-12 00:00:00,2,NetBanking,0.1,Antonio94@gmail.com,7199037042,successful
2142,852,Morgan Lewis,105,45000.0,TV,ELEC,online,Mumbai,2025-09-20 00:00:00,1,Card,0.2,Morgan38@gmail.com,6973154387,successful
2143,239,Tyler Greene,106,80000.0,SOFA,furniture,online,Delhi,2025-12-18 00:00:00,4,UPI,0.15,TylerGreene@gmail.com,8110153007,successful
2144,236,Frank Gray,104,8000.0,SHOES,Clothing,online,Bangalore,2026-07-02 00:00:00,3,NetBanking,0.15,Frank33@gmail.com,9866223732,successful
2145,6,Eric Turner,102,70000.0,phone,electronics,online,Hyderabad,2025-10-22 00:00:00,5,NetBanking,0.3,EricTurner@outlook.com,7747196182,successful
2146,735,Elizabeth Kemp,109,65000.0,REFRIGERATOR,Home Appliances,offline,Bangalore,2025-04-27 00:00:00,3,Card,0.1,ElizabethKemp@yahoo.com,6508791868,successful
2147,283,Anna Bernard,109,65000.0,refrigerator,HOME,offline,Chennai,2025-09-16 00:00:00,5,UPI,0.3,AnnaBernard@gmail.com,7726984842,successful
2148,963,Laura Stevenson,103,1300.0,SHIRT,clothing,online,Chennai,2026-02-07 00:00:00,3,Cash,0.3,LauraStevenson@outlook.com,7523734205,successful
2149,1,Karen Pollard,103,,Shirt,clothing,offline,Hyderabad,10-16-2025,4,NetBanking,0.2,KarenPollard@yahoo.com,7148256363,successful
2150,976,Paula Rogers,101,250000.0,laptop,electronics,offline,Chennai,2025-10-15 00:00:00,5,Card,0.15,Paula39@gmail.com,8769251725,successful
2151,79,Tony Jones,104,8000.0,Shoes,clothing,online,Bangalore,2025-05-21 00:00:00,4,Card,0.1,TonyJones@yahoo.com,7100845623,successful
2152,600,James Schaefer,106,80000.0,SOFA,FURN,online,Chennai,2025-12-30 00:00:00,2,UPI,0.35,James62@gmail.com,9201434220,successful
2153,150,Donald Bradley,108,15000.0,MIXER GRINDER,HOME,online,Mumbai,05-17-2025,4,Card,0.3,Donald58@gmail.com,6372599420,successful
2154,216,Patricia Myers,104,8000.0,SHOES,CLOTH,offline,Chennai,2025-05-29 00:00:00,4,NetBanking,0.35,PatriciaMyers@gmail.com,8860395111,successful
2155,504,Victor Hendricks,103,1300.0,SHIRT,CLOTH,online,Mumbai,2025-12-19 00:00:00,5,UPI,0.05,VictorHendricks@gmail.com,6589400307,successful
2156,391,Catherine Beard,101,250000.0,LAPTOP,ELEC,online,Mumbai,2026-03-31 00:00:00,3,NetBanking,0.25,Catherine33@gmail.com,9225547305,successful
2157,902,Logan Reyes,104,8000.0,shoes,CLOTH,offline,Mumbai,2025-07-07 00:00:00,5,NetBanking,0.35,LoganReyes@outlook.com,9203392031,successful
2158,432,Charles Nelson,108,15000.0,mixer grinder,Home Appliances,online,Mumbai,06-26-2025,5,Card,0.1,CharlesNelson@yahoo.com,9047961774,successful
2159,948,Deborah Payne,108,15000.0,mixer grinder,Home Appliances,online,Mumbai,2025-11-25 00:00:00,4,UPI,0.35,DeborahPayne@yahoo.com,6336002428,successful
2160,440,Tracy Sheppard,106,80000.0,sofa,Furniture,online,Hyderabad,2025-08-20 00:00:00,1,UPI,0.4,TracySheppard@gmail.com,6538673396,successful
2161,283,Anna Bernard,103,1300.0,Shirt,clothing,online,Chennai,12-15-2025,2,Cash,0.4,AnnaBernard@gmail.com,7726984842,successful
2162,868,Timothy Henderson,106,80000.0,SOFA,Furniture,online,Hyderabad,2025-11-11 00:00:00,1,Cash,0.35,Timothy78@gmail.com,6565238386,successful
2163,61,John Cruz,103,,SHIRT,Clothing,online,Chennai,2026-02-02 00:00:00,1,NetBanking,0.3,JohnCruz@yahoo.com,6137840922,successful
2164,409,Elizabeth Watson,101,250000.0,laptop,ELEC,offline,Bangalore,2025-09-02 00:00:00,-2,NetBanking,0.35,ElizabethWatson@outlook.com,6182625929,successful
2165,217,Eric Cross,108,15000.0,MIXER GRINDER,Home Appliances,online,Bangalore,2025-09-09 00:00:00,4,NetBanking,0.1,Eric39@gmail.com,6551844796,successful
2166,191,Megan Nguyen,109,65000.0,Refrigerator,Home Appliances,offline,Bangalore,2025-04-17 00:00:00,2,NetBanking,0.4,MeganNguyen@gmail.com,6764379888,successful
2167,560,Anthony Lawrence,103,1300.0,shirt,Clothing,offline,Hyderabad,2026-04-02 00:00:00,3,UPI,0.15,AnthonyLawrence@gmail.com,7569957287,successful
2168,250,Steven Baker,101,,laptop,electronics,online,Mumbai,2025-07-05 00:00:00,3,Card,0.35,StevenBaker@gmail.com,6299345024,successful
2169,699,Kristin Hawkins,108,15000.0,MIXER GRINDER,home appliances,online,Mumbai,2025-09-09 00:00:00,3,Card,0.05,KristinHawkins@yahoo.com,6233553116,successful
2170,172,Daniel Smith,105,45000.0,tv,Electronics,offline,Delhi,2025-07-18 00:00:00,3,Cash,0.3,Daniel30@gmail.com,6589542879,successful
2171,442,Gregory Vazquez,109,65000.0,REFRIGERATOR,home appliances,offline,Chennai,2026-07-02 00:00:00,5,Card,0.35,Gregory21@gmail.com,7301322802,successful
2172,264,Kelli Johnson,104,8000.0,shoes,Clothing,offline,Bangalore,2025-09-10 00:00:00,1,NetBanking,0.35,Kelli81@gmail.com,9866676731,successful
2173,599,David Johnson,102,70000.0,Phone,ELEC,online,Mumbai,2025-04-21 00:00:00,2,UPI,0.15,DavidJohnson@gmail.com,7496294774,successful
2174,104,Amanda Castillo,110,45000.0,Microwave,home appliances,online,Hyderabad,2025-09-12 00:00:00,3,NetBanking,0.4,AmandaCastillo@yahoo.com,9259539548,successful
2175,633,Julie Jackson,102,70000.0,phone,electronics,offline,Delhi,2025-10-07 00:00:00,4,NetBanking,0.05,Julie50@gmail.com,7168243701,successful
2176,66,Jonathan Lewis,102,,PHONE,Electronics,offline,Bangalore,10-30-2025,5,NetBanking,0.15,JonathanLewis@gmail.com,6053764680,successful
2177,962,Sharon Wood,102,70000.0,PHONE,electronics,online,Mumbai,2025-07-23 00:00:00,3,UPI,0.25,Sharon10@gmail.com,6756452684,successful
2178,71,Tina Bowers,109,65000.0,refrigerator,home appliances,online,Bangalore,2025-12-11 00:00:00,4,NetBanking,0.05,TinaBowers@yahoo.com,7411826205,successful
2179,312,James Morales,109,65000.0,REFRIGERATOR,Home Appliances,offline,Bangalore,2025-08-27 00:00:00,5,NetBanking,0.15,JamesMorales@yahoo.com,8188620000,successful
2180,301,Alexandra Nguyen,109,65000.0,Refrigerator,home appliances,online,Delhi,2025-12-06 00:00:00,2,Card,0.05,AlexandraNguyen@gmail.com,6824349566,successful
2181,198,Carrie Houston,101,250000.0,LAPTOP,Electronics,online,Chennai,2025-12-28 00:00:00,3,Card,0.05,CarrieHouston@gmail.com,9351392807,successful
2182,748,Sabrina Hopkins,101,250000.0,LAPTOP,electronics,online,Chennai,2025-12-08 00:00:00,1,Cash,0.1,SabrinaHopkins@yahoo.com,7164714790,successful
2183,585,Clifford Hayes,107,50000.0,dining table,furniture,offline,Delhi,11-13-2025,1,Cash,0.2,CliffordHayes@gmail.com,6579201942,successful
2184,519,Kylie Ferguson,109,65000.0,refrigerator,Home Appliances,offline,Bangalore,2026-03-07 00:00:00,5,Card,0.2,KylieFerguson@yahoo.com,9256896178,successful
2185,71,Tina Bowers,108,15000.0,mixer grinder,home appliances,online,Bangalore,2026-02-19 00:00:00,2,Card,0.3,TinaBowers@yahoo.com,7411826205,successful
2186,409,Elizabeth Watson,110,45000.0,microwave,Home Appliances,offline,Bangalore,2025-11-09 00:00:00,3,Cash,0.2,ElizabethWatson@outlook.com,6182625929,successful
2187,232,Joel Reid,108,15000.0,Mixer grinder,home appliances,online,Chennai,2026-02-03 00:00:00,4,UPI,0.25,JoelReid@gmail.com,8181885220,successful
2188,53,John Bridges,110,45000.0,microwave,HOME,offline,Hyderabad,04-14-2026,5,Card,0.2,JohnBridges@outlook.com,9816578917,successful
2189,534,Deborah Lopez,101,250000.0,Laptop,electronics,online,Delhi,2025-11-06 00:00:00,3,Card,0.2,DeborahLopez@yahoo.com,9151971818,successful
2190,324,Diana King,102,,Phone,Electronics,offline,Chennai,2026-01-13 00:00:00,5,Card,0.05,DianaKing@gmail.com,9014640716,successful
2191,917,Alexandria Marks,107,50000.0,DINING TABLE,Furniture,online,Hyderabad,2025-09-04 00:00:00,1,Card,0.2,AlexandriaMarks@gmail.com,8815523519,successful
2192,221,David Hart,105,45000.0,Tv,electronics,online,Hyderabad,2025-07-17 00:00:00,1,Card,0.25,David97@gmail.com,9763541312,successful
2193,567,Benjamin Peters,109,65000.0,REFRIGERATOR,Home Appliances,offline,Bangalore,2025-04-17 00:00:00,3,Card,0.15,Benjamin60@gmail.com,7804618438,successful
2194,22,James Walters,109,,Refrigerator,Home Appliances,offline,Chennai,2025-03-11 00:00:00,1,Cash,0.35,James10@gmail.com,6590464842,successful
2195,852,Morgan Lewis,105,45000.0,tv,Electronics,offline,Mumbai,2026-01-07 00:00:00,4,Cash,0.1,Morgan38@gmail.com,6973154387,successful
2196,222,Emily Hernandez,108,15000.0,Mixer grinder,HOME,offline,Delhi,2025-01-09 00:00:00,2,Card,0.35,EmilyHernandez@gmail.com,8919398256,successful
2197,176,Robin Scott,103,1300.0,Shirt,CLOTH,online,Chennai,2025-05-22 00:00:00,4,Cash,0.15,RobinScott@outlook.com,6102310905,successful
2198,687,Robert Estrada,101,250000.0,laptop,Electronics,offline,Hyderabad,2026-01-16 00:00:00,4,NetBanking,0.2,RobertEstrada@yahoo.com,8685839773,successful
2199,16,Cesar Dean,105,45000.0,Tv,ELEC,offline,Bangalore,2026-08-02 00:00:00,3,Card,0.15,Cesar32@gmail.com,9230225103,successful
2200,384,Jeffrey Williams,101,250000.0,LAPTOP,Electronics,offline,Mumbai,2025-08-09 00:00:00,5,UPI,0.05,JeffreyWilliams@outlook.com,6639911749,successful
2201,479,Tracy Underwood,109,65000.0,REFRIGERATOR,home appliances,online,Chennai,2025-06-10 00:00:00,4,Cash,0.2,TracyUnderwood@outlook.com,9686965808,successful
2202,17,Duane Hall,102,70000.0,PHONE,Electronics,online,Bangalore,2025-07-08 00:00:00,4,NetBanking,0.35,DuaneHall@outlook.com,7467001149,successful
2203,142,Charles Brown,108,15000.0,MIXER GRINDER,Home Appliances,online,Hyderabad,2025-05-04 00:00:00,2,Card,0.35,Charles7@gmail.com,9980826322,successful
2204,865,Jessica Patterson,104,8000.0,Shoes,Clothing,offline,Hyderabad,2026-10-02 00:00:00,2,UPI,0.35,JessicaPatterson@outlook.com,9396230460,successful
2205,656,Adam White,109,65000.0,refrigerator,home appliances,offline,Hyderabad,2026-06-03 00:00:00,1,NetBanking,0.25,AdamWhite@yahoo.com,9099608407,successful
2206,199,Marissa Cortez,105,45000.0,Tv,electronics,offline,Chennai,07-17-2025,1,NetBanking,0.15,Marissa45@gmail.com,6518480400,successful
2207,345,Kathy Smith,107,50000.0,dining table,furniture,offline,Chennai,2025-05-01 00:00:00,2,Cash,0.05,KathySmith@yahoo.com,9100925171,successful
2208,845,Sara Smith,110,45000.0,Microwave,Home Appliances,online,Chennai,2025-10-28 00:00:00,2,NetBanking,0.25,SaraSmith@outlook.com,6120630226,successful
2209,277,Robert Baker,108,15000.0,Mixer grinder,HOME,offline,Hyderabad,2025-12-21 00:00:00,2,UPI,0.2,RobertBaker@gmail.com,9147949651,successful
2210,52,David Hernandez,106,80000.0,SOFA,furniture,online,Mumbai,06-21-2025,5,Card,0.4,DavidHernandez@gmail.com,9319072999,successful
2211,548,Jesse King,110,45000.0,microwave,HOME,offline,Mumbai,2025-04-28 00:00:00,5,Card,0.4,JesseKing@outlook.com,8141483975,successful
2212,247,David Cherry,102,70000.0,PHONE,electronics,online,Bangalore,2025-04-17 00:00:00,4,UPI,0.2,DavidCherry@yahoo.com,6203059339,successful
2213,363,Leonard Travis,103,1300.0,Shirt,Clothing,offline,Delhi,2025-05-16 00:00:00,1,Card,0.3,LeonardTravis@gmail.com,9034700472,successful
2214,947,Gabriel Golden,102,70000.0,Phone,electronics,offline,Mumbai,2025-08-05 00:00:00,2,Card,0.1,Gabriel55@gmail.com,7538937330,successful
2215,626,Tyler Martinez,107,50000.0,DINING TABLE,FURN,online,Hyderabad,2025-08-26 00:00:00,1,Card,0.05,TylerMartinez@gmail.com,7844237616,successful
2216,608,Amanda Wade,106,80000.0,Sofa,FURN,offline,Delhi,2025-07-26 00:00:00,4,NetBanking,0.2,AmandaWade@gmail.com,6925048038,successful
2217,263,Joshua Anderson,101,250000.0,LAPTOP,Electronics,online,Hyderabad,2026-02-28 00:00:00,2,Card,0.15,JoshuaAnderson@outlook.com,7991578142,successful
2218,657,Carly Lucas,110,,microwave,Home Appliances,online,Hyderabad,2025-09-30 00:00:00,1,Card,0.25,CarlyLucas@yahoo.com,7429202685,successful
2219,917,Alexandria Marks,105,45000.0,TV,ELEC,online,Hyderabad,2025-12-06 00:00:00,2,Card,0.15,AlexandriaMarks@gmail.com,8815523519,successful
2220,761,Larry Yates,103,1300.0,shirt,clothing,offline,Chennai,03-26-2026,2,UPI,0.05,LarryYates@gmail.com,6304241557,successful
2221,618,Alan Torres,110,45000.0,microwave,Home Appliances,online,Chennai,08-20-2025,1,UPI,0.4,AlanTorres@yahoo.com,7353183305,successful
2222,987,Daniel Harper,102,70000.0,phone,ELEC,online,Delhi,2025-08-01 00:00:00,3,Cash,0.35,DanielHarper@outlook.com,6165551659,successful
2223,131,Pamela Peterson,103,1300.0,Shirt,CLOTH,online,Bangalore,2025-07-29 00:00:00,2,Cash,0.2,PamelaPeterson@gmail.com,6535198147,successful
2224,860,Christine Maddox,104,,shoes,CLOTH,offline,Mumbai,2025-07-13 00:00:00,5,Cash,0.35,ChristineMaddox@outlook.com,6583010175,successful
2225,368,Emily Scott,103,1300.0,shirt,CLOTH,online,Mumbai,08-26-2025,3,Cash,0.15,EmilyScott@yahoo.com,9116589634,successful
2226,622,Hannah Bell,110,45000.0,microwave,HOME,offline,Chennai,2025-11-07 00:00:00,2,UPI,0.2,HannahBell@yahoo.com,6327771523,successful
2227,37,Joshua Nunez,105,45000.0,Tv,ELEC,online,Mumbai,2025-07-12 00:00:00,2,Cash,0.35,JoshuaNunez@yahoo.com,8587718785,successful
2228,931,Melissa Lewis,108,,MIXER GRINDER,HOME,online,Mumbai,09-20-2025,5,UPI,0.4,Melissa44@gmail.com,9580587595,successful
2229,310,Lee Brown,109,65000.0,Refrigerator,HOME,online,Mumbai,2025-04-16 00:00:00,2,NetBanking,0.1,LeeBrown@yahoo.com,9557013316,successful
2230,585,Clifford Hayes,103,1300.0,Shirt,CLOTH,online,Delhi,2025-06-23 00:00:00,4,Card,0.4,CliffordHayes@gmail.com,6579201942,successful
2231,886,Ashley Gamble,102,70000.0,PHONE,ELEC,offline,Bangalore,2025-11-05 00:00:00,3,UPI,0.4,AshleyGamble@gmail.com,7217933316,successful
2232,592,Timothy Medina,102,70000.0,phone,Electronics,online,Delhi,2025-10-07 00:00:00,2,Cash,0.2,Timothy8@gmail.com,7059828501,successful
2233,453,Sarah Brown,103,1300.0,SHIRT,CLOTH,offline,Delhi,2025-10-16 00:00:00,4,Card,0.3,Sarah83@gmail.com,9917575841,successful
2233,453,Sarah Brown,103,1300.0,SHIRT,CLOTH,offline,Delhi,2025-10-16 00:00:00,4,Card,0.3,Sarah83@gmail.com,9917575841,failed
2234,899,Whitney Avila,107,50000.0,Dining table,furniture,online,Delhi,11-25-2025,1,Card,0.15,WhitneyAvila@yahoo.com,8468023615,successful
2235,408,Hannah Russell,107,50000.0,DINING TABLE,FURN,online,Hyderabad,2025-07-28 00:00:00,3,Card,0.1,HannahRussell@yahoo.com,9773223608,successful
2236,865,Jessica Patterson,110,45000.0,MICROWAVE,HOME,online,Hyderabad,2025-08-18 00:00:00,5,UPI,0.05,JessicaPatterson@outlook.com,9396230460,successful
2237,100,Thomas Walker,110,45000.0,microwave,Home Appliances,online,Delhi,2025-08-26 00:00:00,2,Cash,0.35,ThomasWalker@yahoo.com,6417134824,successful
2238,767,John Farmer,101,250000.0,laptop,electronics,online,Mumbai,2025-04-27 00:00:00,1,UPI,0.4,JohnFarmer@outlook.com,6262937080,successful
2239,647,Michelle Conway,110,45000.0,microwave,home appliances,online,Chennai,2025-06-11 00:00:00,1,Card,0.1,MichelleConway@yahoo.com,9030419105,successful
2239,647,Michelle Conway,110,45000.0,microwave,home appliances,online,Chennai,2025-06-11 00:00:00,1,Card,0.1,MichelleConway@yahoo.com,9030419105,failed
2240,11,James Leblanc,108,15000.0,mixer grinder,HOME,online,Delhi,2025-06-03 00:00:00,1,UPI,0.4,James92@gmail.com,8278100360,successful
2241,883,Charles David,101,250000.0,Laptop,Electronics,online,Delhi,2026-01-11 00:00:00,5,UPI,0.2,CharlesDavid@yahoo.com,6063347922,successful
2242,488,Kathy Henry,109,65000.0,REFRIGERATOR,Home Appliances,offline,Chennai,2025-07-13 00:00:00,3,NetBanking,0.05,KathyHenry@outlook.com,7370097501,successful
2243,888,Jade Garza,102,70000.0,phone,Electronics,offline,Hyderabad,2025-10-04 00:00:00,2,Card,0.1,JadeGarza@outlook.com,6736205623,successful
2244,348,James Nash,110,45000.0,MICROWAVE,HOME,offline,Chennai,06-20-2025,5,UPI,0.3,James62@gmail.com,7753726437,successful
2245,119,Dana Castro,104,8000.0,shoes,clothing,offline,Delhi,09-16-2025,1,Cash,0.1,DanaCastro@yahoo.com,9736021072,successful
2246,932,Jessica Harrell,105,45000.0,tv,Electronics,offline,Hyderabad,2025-07-08 00:00:00,4,NetBanking,0.1,JessicaHarrell@outlook.com,6985581025,successful
2247,161,Christopher Davis,102,70000.0,phone,Electronics,offline,Mumbai,2025-06-03 00:00:00,3,NetBanking,0.1,ChristopherDavis@gmail.com,8222265633,successful
2247,161,Christopher Davis,102,70000.0,phone,Electronics,offline,Mumbai,2025-06-03 00:00:00,3,NetBanking,0.1,ChristopherDavis@gmail.com,8222265633,failed
2248,988,John Thomas,101,250000.0,LAPTOP,Electronics,online,Delhi,05-17-2025,1,UPI,0.25,John19@gmail.com,9168109139,successful
2249,634,Melissa Marshall,109,,REFRIGERATOR,Home Appliances,online,Mumbai,2026-04-08 00:00:00,2,Cash,0.3,MelissaMarshall@outlook.com,7477179039,successful
2250,701,Dylan Stanley,103,1300.0,shirt,clothing,online,Mumbai,2025-07-05 00:00:00,5,Card,0.2,DylanStanley@gmail.com,8009111562,successful
2251,314,Paul Gonzales,109,65000.0,REFRIGERATOR,HOME,offline,Hyderabad,2025-08-12 00:00:00,5,Card,0.15,Paul48@gmail.com,6497754983,successful
2252,538,Haley Henderson,105,45000.0,Tv,ELEC,online,Bangalore,02-24-2026,5,NetBanking,0.25,HaleyHenderson@outlook.com,7116096076,successful
2253,467,Tommy Brown,108,15000.0,mixer grinder,home appliances,offline,Chennai,2025-05-16 00:00:00,2,Cash,0.05,TommyBrown@outlook.com,6791603392,successful
2254,873,Tracy Bass,105,45000.0,TV,ELEC,online,Hyderabad,2025-05-09 00:00:00,4,Card,0.1,TracyBass@outlook.com,6881058034,successful
2255,198,Carrie Houston,104,8000.0,SHOES,CLOTH,online,Chennai,03-26-2026,3,Cash,0.15,CarrieHouston@gmail.com,9351392807,successful
2256,485,James Harris,109,65000.0,REFRIGERATOR,home appliances,offline,Delhi,2025-04-24 00:00:00,4,Cash,0.15,JamesHarris@yahoo.com,8465057157,successful
2257,819,Daniel Vang,109,65000.0,Refrigerator,home appliances,offline,Chennai,2025-05-29 00:00:00,3,NetBanking,0.15,DanielVang@outlook.com,8622339771,successful
2258,730,Adam Maldonado,109,,refrigerator,HOME,online,Mumbai,2025-08-26 00:00:00,2,UPI,0.4,AdamMaldonado@gmail.com,9782195345,successful
2259,641,Andre Rodriguez,107,50000.0,Dining table,FURN,offline,Bangalore,04-29-2025,4,UPI,0.4,AndreRodriguez@outlook.com,6047103170,successful
2260,444,Diamond King,108,15000.0,MIXER GRINDER,Home Appliances,offline,Bangalore,2025-10-20 00:00:00,1,Card,0.25,DiamondKing@gmail.com,6290021887,successful
2261,77,Robert Diaz,104,8000.0,shoes,clothing,offline,Hyderabad,2026-03-10 00:00:00,4,NetBanking,0.35,RobertDiaz@yahoo.com,6906016645,successful
2262,325,Theresa Villarreal,105,45000.0,TV,ELEC,online,Bangalore,2025-09-04 00:00:00,2,NetBanking,0.35,TheresaVillarreal@yahoo.com,7096452924,successful
2263,130,Bailey Smith,102,70000.0,phone,ELEC,offline,Hyderabad,01-20-2026,2,Cash,0.2,BaileySmith@outlook.com,9583091953,successful
2264,833,Shawn Cooper,101,250000.0,laptop,ELEC,online,Chennai,10-24-2025,2,Card,0.2,ShawnCooper@gmail.com,6896669509,successful
2265,939,Megan Tran,105,45000.0,TV,electronics,online,Hyderabad,2025-10-12 00:00:00,2,Cash,0.3,MeganTran@outlook.com,8531719384,successful
2266,937,Nicole Woods,107,50000.0,Dining table,FURN,online,Mumbai,2025-09-08 00:00:00,4,UPI,0.15,NicoleWoods@yahoo.com,9340979075,successful
2267,802,John Mills,110,45000.0,microwave,HOME,online,Bangalore,2025-07-27 00:00:00,2,Card,0.3,JohnMills@outlook.com,9207958815,successful
2268,280,David Morales,102,70000.0,PHONE,electronics,offline,Delhi,2025-08-06 00:00:00,5,Cash,0.35,DavidMorales@yahoo.com,9250881730,successful
2269,833,Shawn Cooper,107,,Dining table,Furniture,offline,Chennai,2026-03-23 00:00:00,2,NetBanking,0.05,ShawnCooper@gmail.com,6896669509,successful
2270,348,James Nash,104,8000.0,SHOES,CLOTH,online,Chennai,2026-11-04 00:00:00,1,UPI,0.4,James62@gmail.com,7753726437,successful
2271,30,Todd Harding,108,15000.0,MIXER GRINDER,Home Appliances,offline,Hyderabad,2025-07-25 00:00:00,1,NetBanking,0.15,ToddHarding@yahoo.com,7818384621,successful
2272,942,Melissa Wilkerson,101,250000.0,Laptop,electronics,offline,Chennai,2025-08-15 00:00:00,1,Cash,0.4,MelissaWilkerson@yahoo.com,9311070620,successful
2273,746,James Meyer,103,1300.0,shirt,CLOTH,online,Bangalore,2025-06-19 00:00:00,5,Card,0.2,JamesMeyer@outlook.com,7718155357,successful
2274,100,Thomas Walker,110,,MICROWAVE,Home Appliances,online,Delhi,2026-03-27 00:00:00,1,NetBanking,0.15,ThomasWalker@yahoo.com,6417134824,successful
2275,629,Alec Kelly,107,,Dining table,FURN,online,Delhi,05-15-2025,5,NetBanking,0.15,AlecKelly@outlook.com,8924269475,successful
2276,241,James Gonzales,109,65000.0,REFRIGERATOR,HOME,offline,Chennai,2025-07-19 00:00:00,5,Cash,0.3,James93@gmail.com,6076669128,successful
2277,311,Juan Murphy,107,50000.0,Dining table,FURN,online,Bangalore,2025-07-05 00:00:00,5,Cash,0.2,JuanMurphy@yahoo.com,7461687160,successful
2278,35,Guy Walker,107,50000.0,DINING TABLE,furniture,offline,Chennai,2026-02-26 00:00:00,4,UPI,0.15,Guy67@gmail.com,9516010611,successful
2278,35,Guy Walker,107,50000.0,DINING TABLE,furniture,offline,Chennai,2026-02-26 00:00:00,4,UPI,0.15,Guy67@gmail.com,9516010611,failed
2279,788,William Wright,102,70000.0,PHONE,Electronics,offline,Bangalore,2025-05-26 00:00:00,5,Card,0.3,WilliamWright@gmail.com,8502405393,successful
2279,788,William Wright,102,70000.0,PHONE,Electronics,offline,Bangalore,2025-05-26 00:00:00,5,Card,0.3,WilliamWright@gmail.com,8502405393,failed
2280,692,Paige Brown,106,80000.0,Sofa,furniture,online,Bangalore,2026-03-07 00:00:00,5,Cash,0.15,PaigeBrown@outlook.com,6679987367,successful
2281,745,Jennifer Weeks,108,15000.0,Mixer grinder,Home Appliances,offline,Hyderabad,2025-12-04 00:00:00,2,NetBanking,0.4,JenniferWeeks@gmail.com,9263102095,successful
2282,692,Paige Brown,105,45000.0,tv,Electronics,offline,Bangalore,2025-09-17 00:00:00,3,UPI,0.05,PaigeBrown@outlook.com,6679987367,successful
2283,285,Amanda Anderson,105,45000.0,Tv,Electronics,online,Chennai,04-24-2025,5,UPI,0.3,AmandaAnderson@outlook.com,9009070174,successful
2284,772,Katelyn Gregory,102,,PHONE,ELEC,offline,Hyderabad,2026-02-01 00:00:00,4,UPI,0.35,KatelynGregory@outlook.com,8444571958,successful
2285,919,Stephanie White,105,45000.0,tv,Electronics,offline,Mumbai,09-24-2025,1,NetBanking,0.4,StephanieWhite@gmail.com,7502238517,successful
2286,599,David Johnson,108,,mixer grinder,HOME,offline,Mumbai,2026-02-08 00:00:00,4,NetBanking,0.2,DavidJohnson@gmail.com,7496294774,successful
2287,829,Jeffery Perez,108,15000.0,Mixer grinder,home appliances,offline,Mumbai,2025-11-07 00:00:00,2,Card,0.25,JefferyPerez@yahoo.com,9395329348,successful
2288,419,William Taylor,102,70000.0,phone,electronics,offline,Bangalore,2025-05-02 00:00:00,4,Cash,0.3,WilliamTaylor@yahoo.com,8507507668,successful
2289,295,Samuel Decker,104,8000.0,Shoes,clothing,online,Mumbai,10-27-2025,4,NetBanking,0.2,SamuelDecker@yahoo.com,6478394676,successful
2290,119,Dana Castro,106,80000.0,SOFA,furniture,online,Delhi,2025-09-19 00:00:00,3,Cash,0.15,DanaCastro@yahoo.com,9736021072,successful
2291,435,Wendy Robinson,107,50000.0,dining table,furniture,online,Delhi,2026-01-05 00:00:00,1,Card,0.3,WendyRobinson@gmail.com,7891934454,successful
2292,364,Kelly Graves,109,65000.0,refrigerator,HOME,online,Bangalore,2025-07-24 00:00:00,3,UPI,0.4,Kelly10@gmail.com,6221080043,successful
2293,909,Jacqueline Frye,109,65000.0,refrigerator,HOME,offline,Chennai,2025-07-07 00:00:00,2,NetBanking,0.2,JacquelineFrye@gmail.com,6054912895,successful
2294,27,Ashley Simpson,102,70000.0,Phone,Electronics,online,Chennai,2025-07-28 00:00:00,3,UPI,0.1,AshleySimpson@outlook.com,8508765505,successful
2295,798,Amber Murphy,110,45000.0,MICROWAVE,Home Appliances,offline,Hyderabad,2026-03-12 00:00:00,2,Cash,0.3,Amber25@gmail.com,7011149807,successful
2296,131,Pamela Peterson,103,1300.0,shirt,Clothing,offline,Bangalore,2026-03-04 00:00:00,4,Cash,0.25,PamelaPeterson@gmail.com,6535198147,successful
2297,247,David Cherry,106,80000.0,sofa,furniture,online,Bangalore,07-18-2025,1,NetBanking,0.35,DavidCherry@yahoo.com,6203059339,successful
2298,22,James Walters,109,65000.0,refrigerator,home appliances,online,Chennai,2025-10-19 00:00:00,5,Cash,0.1,James10@gmail.com,6590464842,successful
2299,340,Paul Smith,103,1300.0,shirt,clothing,offline,Chennai,2026-06-04 00:00:00,2,UPI,0.35,PaulSmith@yahoo.com,7280629550,successful
2300,958,Joshua West,106,80000.0,SOFA,Furniture,online,Hyderabad,02-20-2026,5,Card,0.4,JoshuaWest@yahoo.com,9613822265,successful
2301,533,Andrew Riggs,109,,Refrigerator,HOME,online,Chennai,2025-05-26 00:00:00,3,Cash,0.2,Andrew21@gmail.com,9408130577,successful
2302,323,Victoria Phillips,110,45000.0,MICROWAVE,home appliances,offline,Hyderabad,01-20-2026,5,UPI,0.25,VictoriaPhillips@gmail.com,6126060994,successful
2303,42,Michael Swanson,105,45000.0,tv,Electronics,offline,Hyderabad,2025-08-14 00:00:00,2,Cash,0.4,MichaelSwanson@outlook.com,8981002466,successful
2304,423,Mary Cooke,105,45000.0,Tv,ELEC,online,Hyderabad,2026-03-07 00:00:00,5,Cash,0.1,Mary9@gmail.com,7547238855,successful
2305,379,Andres Stokes,107,50000.0,dining table,Furniture,online,Mumbai,12-23-2025,5,UPI,0.25,AndresStokes@yahoo.com,8106400361,successful
2306,488,Kathy Henry,101,250000.0,Laptop,Electronics,online,Chennai,2025-11-25 00:00:00,5,NetBanking,0.2,KathyHenry@outlook.com,7370097501,successful
2307,100,Thomas Walker,102,,Phone,electronics,online,Delhi,2025-04-24 00:00:00,4,Cash,0.1,ThomasWalker@yahoo.com,6417134824,successful
2308,975,Jacqueline Doyle,108,15000.0,mixer grinder,Home Appliances,offline,Hyderabad,2025-06-21 00:00:00,3,UPI,0.35,JacquelineDoyle@outlook.com,8114950490,successful
2308,975,Jacqueline Doyle,108,15000.0,mixer grinder,Home Appliances,offline,Hyderabad,2025-06-21 00:00:00,3,UPI,0.35,JacquelineDoyle@outlook.com,8114950490,failed
2309,990,Carmen Bradford,107,50000.0,DINING TABLE,furniture,online,Hyderabad,2025-08-12 00:00:00,5,Card,0.2,CarmenBradford@gmail.com,7317814862,successful
2310,488,Kathy Henry,107,50000.0,Dining table,furniture,offline,Chennai,2025-05-18 00:00:00,2,Cash,0.35,KathyHenry@outlook.com,7370097501,successful
2311,37,Joshua Nunez,107,50000.0,dining table,Furniture,offline,Mumbai,2025-06-01 00:00:00,2,Cash,0.1,JoshuaNunez@yahoo.com,8587718785,successful
2312,691,Clayton Miles,109,65000.0,Refrigerator,home appliances,online,Mumbai,2025-05-03 00:00:00,4,Card,0.4,ClaytonMiles@gmail.com,6887134137,successful
2313,116,Doris Banks,102,70000.0,Phone,electronics,offline,Delhi,2025-12-25 00:00:00,4,Card,0.05,DorisBanks@yahoo.com,9354316106,successful
2313,116,Doris Banks,102,70000.0,Phone,electronics,offline,Delhi,2025-12-25 00:00:00,4,Card,0.05,DorisBanks@yahoo.com,9354316106,failed
2314,144,Amber Boyd,107,,Dining table,furniture,online,Mumbai,2025-12-26 00:00:00,5,NetBanking,0.35,Amber13@gmail.com,9100165581,successful
2315,235,Robyn Rodriguez,103,1300.0,shirt,clothing,offline,Mumbai,2026-01-09 00:00:00,2,Card,0.15,RobynRodriguez@outlook.com,6057149697,successful
2316,885,Alexander Jacobs,106,80000.0,SOFA,FURN,online,Delhi,12-31-2025,1,Card,0.4,AlexanderJacobs@yahoo.com,6336336172,successful
2317,227,Tracey Garcia,110,45000.0,Microwave,Home Appliances,offline,Bangalore,2025-07-26 00:00:00,5,NetBanking,0.3,TraceyGarcia@gmail.com,8252066120,successful
2317,227,Tracey Garcia,110,45000.0,Microwave,Home Appliances,offline,Bangalore,2025-07-26 00:00:00,5,NetBanking,0.3,TraceyGarcia@gmail.com,8252066120,failed
2318,807,Steven Li,101,250000.0,laptop,electronics,offline,Mumbai,11-14-2025,3,NetBanking,0.2,StevenLi@outlook.com,6932032530,successful
2319,192,Nina Robinson,106,80000.0,sofa,furniture,online,Bangalore,2026-01-22 00:00:00,2,Card,0.1,Nina44@gmail.com,6234197116,successful
2319,192,Nina Robinson,106,80000.0,sofa,furniture,online,Bangalore,2026-01-22 00:00:00,2,Card,0.1,Nina44@gmail.com,6234197116,failed
2320,618,Alan Torres,103,1300.0,Shirt,CLOTH,online,Chennai,2026-01-29 00:00:00,1,NetBanking,0.3,AlanTorres@yahoo.com,7353183305,successful
2321,824,Michael Vaughn,102,70000.0,phone,ELEC,online,Chennai,2026-01-12 00:00:00,2,UPI,0.15,MichaelVaughn@outlook.com,8001278745,successful
2322,763,David Howard,104,8000.0,shoes,Clothing,online,Delhi,2025-10-06 00:00:00,1,UPI,0.35,DavidHoward@gmail.com,8607553189,successful
2323,172,Daniel Smith,101,250000.0,Laptop,ELEC,online,Delhi,2025-04-22 00:00:00,4,Card,0.3,Daniel30@gmail.com,6589542879,successful
2324,558,Bryan Phelps,101,250000.0,Laptop,electronics,online,Chennai,2026-03-12 00:00:00,3,UPI,0.2,BryanPhelps@gmail.com,8827603862,successful
2325,560,Anthony Lawrence,101,250000.0,laptop,ELEC,online,Hyderabad,08-19-2025,1,NetBanking,0.2,AnthonyLawrence@gmail.com,7569957287,successful
2326,408,Hannah Russell,102,70000.0,Phone,Electronics,online,Hyderabad,07-18-2025,4,Card,0.1,HannahRussell@yahoo.com,9773223608,successful
2327,187,Timothy Salazar,107,50000.0,dining table,furniture,online,Bangalore,2026-01-19 00:00:00,1,Card,0.2,TimothySalazar@yahoo.com,9987961410,successful
2328,150,Donald Bradley,105,45000.0,tv,ELEC,offline,Mumbai,2025-10-16 00:00:00,5,Cash,0.4,Donald58@gmail.com,6372599420,successful
2329,271,Jake Arnold,106,,Sofa,FURN,online,Bangalore,2025-12-20 00:00:00,4,Cash,0.05,Jake57@gmail.com,9249102782,successful
2330,927,Bradley Sparks,109,65000.0,REFRIGERATOR,HOME,online,Chennai,2025-11-21 00:00:00,1,Card,0.4,BradleySparks@gmail.com,8246590514,successful
2331,550,Raymond Martinez,107,50000.0,DINING TABLE,FURN,online,Chennai,06-21-2025,5,Cash,0.35,Raymond11@gmail.com,7127699650,successful
2332,672,Austin Perez,108,15000.0,MIXER GRINDER,home appliances,offline,Delhi,2025-02-06 00:00:00,5,UPI,0.3,Austin35@gmail.com,6030034218,successful
2333,948,Deborah Payne,102,70000.0,Phone,ELEC,offline,Mumbai,04-24-2025,4,Card,0.3,DeborahPayne@yahoo.com,6336002428,successful
2334,340,Paul Smith,109,65000.0,refrigerator,HOME,offline,Chennai,2025-12-18 00:00:00,5,Card,0.15,PaulSmith@yahoo.com,7280629550,successful
2335,348,James Nash,104,8000.0,Shoes,CLOTH,online,Chennai,2025-08-21 00:00:00,4,Card,0.25,James62@gmail.com,7753726437,successful
2336,428,Michelle Rogers,107,50000.0,Dining table,FURN,offline,Bangalore,2026-01-29 00:00:00,1,Cash,0.25,Michelle25@gmail.com,9287510299,successful
2337,709,Mike Roberts,108,15000.0,mixer grinder,home appliances,offline,Hyderabad,2026-10-04 00:00:00,4,UPI,0.3,MikeRoberts@yahoo.com,7700185792,successful
2338,103,Mathew Perkins,101,250000.0,Laptop,Electronics,online,Delhi,2026-01-20 00:00:00,2,UPI,0.25,MathewPerkins@outlook.com,8271218766,successful
2339,100,Thomas Walker,109,65000.0,Refrigerator,Home Appliances,offline,Delhi,2026-04-16 00:00:00,4,NetBanking,0.4,ThomasWalker@yahoo.com,6417134824,successful
2340,521,Christopher Colon,110,45000.0,microwave,Home Appliances,offline,Hyderabad,2026-12-04 00:00:00,5,NetBanking,0.3,ChristopherColon@gmail.com,9064299928,successful
2340,521,Christopher Colon,110,45000.0,microwave,Home Appliances,offline,Hyderabad,2026-12-04 00:00:00,5,NetBanking,0.3,ChristopherColon@gmail.com,9064299928,failed
2341,457,Cathy Harris,104,8000.0,shoes,CLOTH,offline,Hyderabad,2026-03-31 00:00:00,4,UPI,0.3,Cathy90@gmail.com,8396657576,successful
2342,781,Connor Farrell,110,45000.0,Microwave,home appliances,online,Mumbai,05-14-2025,1,UPI,0.15,Connor17@gmail.com,9301023407,successful
2343,441,Austin Bowman,104,8000.0,shoes,Clothing,online,Bangalore,2025-01-11 00:00:00,2,UPI,0.05,AustinBowman@gmail.com,9503885527,successful
2344,495,John Cummings,109,65000.0,REFRIGERATOR,HOME,online,Hyderabad,06-13-2025,3,Cash,0.3,JohnCummings@yahoo.com,8883507125,successful
2345,890,Holly Mckay,103,1300.0,shirt,clothing,offline,Chennai,2026-01-28 00:00:00,5,Cash,0.3,HollyMckay@yahoo.com,6608746494,successful
2346,533,Andrew Riggs,108,,Mixer grinder,home appliances,online,Chennai,2025-10-08 00:00:00,4,NetBanking,0.3,Andrew21@gmail.com,9408130577,successful
2347,297,Susan Hill,103,1300.0,Shirt,clothing,offline,Delhi,2025-07-26 00:00:00,2,NetBanking,0.05,SusanHill@outlook.com,6962432263,successful
2348,911,Kelly Le,103,1300.0,Shirt,CLOTH,offline,Delhi,2026-01-20 00:00:00,5,Card,0.35,KellyLe@outlook.com,6813665769,successful
2349,98,Cindy Mueller,110,45000.0,MICROWAVE,Home Appliances,online,Chennai,02-22-2026,3,UPI,0.3,CindyMueller@outlook.com,7228634089,successful
2350,864,Cameron Black,110,45000.0,MICROWAVE,Home Appliances,offline,Chennai,2025-05-10 00:00:00,1,Cash,0.05,CameronBlack@yahoo.com,9938169477,successful
2351,135,Daniel Wallace,103,1300.0,shirt,clothing,online,Bangalore,2025-08-25 00:00:00,3,Card,0.15,DanielWallace@yahoo.com,8993443314,successful
2351,135,Daniel Wallace,103,1300.0,shirt,clothing,online,Bangalore,2025-08-25 00:00:00,3,Card,0.15,DanielWallace@yahoo.com,8993443314,failed
2352,160,Eric Richardson,104,8000.0,Shoes,clothing,offline,Bangalore,2025-08-09 00:00:00,4,Card,0.3,EricRichardson@gmail.com,9732629726,successful
2353,631,Colin Holt,103,,SHIRT,CLOTH,online,Bangalore,09-25-2025,5,Cash,0.25,Colin28@gmail.com,7857307740,successful
2354,8,Francisco Suarez,104,8000.0,Shoes,clothing,online,Hyderabad,2025-08-31 00:00:00,2,NetBanking,0.2,FranciscoSuarez@gmail.com,9716873830,successful
2355,238,Zachary Hooper,103,1300.0,shirt,CLOTH,offline,Bangalore,2025-05-05 00:00:00,3,Card,0.25,ZacharyHooper@gmail.com,7936610012,successful
2356,432,Charles Nelson,102,70000.0,PHONE,ELEC,offline,Mumbai,2026-09-03 00:00:00,1,Card,0.3,CharlesNelson@yahoo.com,9047961774,successful
2357,813,John Harris,102,70000.0,Phone,Electronics,offline,Chennai,08-18-2025,3,Card,0.2,JohnHarris@gmail.com,9597553148,successful
2358,657,Carly Lucas,110,45000.0,MICROWAVE,home appliances,offline,Hyderabad,2025-10-09 00:00:00,3,Card,0.2,CarlyLucas@yahoo.com,7429202685,successful
2359,329,William Jackson,108,,mixer grinder,home appliances,offline,Mumbai,2026-01-28 00:00:00,3,Card,0.3,WilliamJackson@outlook.com,7805292206,successful
2360,661,Jennifer Cooper,102,70000.0,Phone,ELEC,online,Chennai,2025-07-28 00:00:00,3,Cash,0.2,JenniferCooper@outlook.com,8051514609,successful
2361,811,Mike Matthews,103,1300.0,shirt,CLOTH,offline,Bangalore,08-30-2025,2,UPI,0.35,Mike25@gmail.com,9818322802,successful
2362,502,Amy Stewart,103,1300.0,SHIRT,clothing,offline,Delhi,2025-08-14 00:00:00,3,Cash,0.05,AmyStewart@gmail.com,9928097862,successful
2363,586,Michael Mason,105,,tv,ELEC,offline,Delhi,2026-01-15 00:00:00,2,NetBanking,0.2,MichaelMason@outlook.com,7068178672,successful
2364,167,Madison Gentry,109,65000.0,REFRIGERATOR,home appliances,offline,Delhi,2025-07-14 00:00:00,4,Cash,0.2,MadisonGentry@yahoo.com,6300464928,successful
2365,477,Willie Mata,101,250000.0,LAPTOP,ELEC,online,Hyderabad,07-24-2025,4,Cash,0.2,WillieMata@outlook.com,8602810729,successful
2366,894,Felicia Rollins,110,45000.0,Microwave,HOME,offline,Bangalore,2026-02-02 00:00:00,4,NetBanking,0.2,FeliciaRollins@yahoo.com,8831488195,successful
2367,347,David Medina,110,45000.0,Microwave,Home Appliances,offline,Delhi,2025-11-03 00:00:00,4,NetBanking,0.2,DavidMedina@outlook.com,9190354389,successful
2368,576,Angela Weiss,108,,mixer grinder,HOME,offline,Delhi,2025-08-11 00:00:00,4,NetBanking,0.15,AngelaWeiss@yahoo.com,6433163539,successful
2369,424,Tiffany Williams,110,45000.0,Microwave,HOME,offline,Chennai,2025-08-22 00:00:00,3,Cash,0.35,Tiffany91@gmail.com,8805972793,successful
2370,886,Ashley Gamble,108,15000.0,MIXER GRINDER,Home Appliances,online,Bangalore,2025-09-24 00:00:00,1,NetBanking,0.1,AshleyGamble@gmail.com,7217933316,successful
2371,854,Dennis Dorsey,103,1300.0,shirt,clothing,online,Hyderabad,08-29-2025,3,Cash,0.35,DennisDorsey@yahoo.com,7070302116,successful
2372,446,Scott Smith,107,50000.0,DINING TABLE,furniture,online,Bangalore,2025-10-31 00:00:00,5,NetBanking,0.3,Scott26@gmail.com,8592390183,successful
2373,549,Jacob Hopkins,110,,MICROWAVE,home appliances,online,Bangalore,2026-04-05 00:00:00,4,Card,0.3,Jacob69@gmail.com,6812496590,successful
2374,657,Carly Lucas,108,15000.0,Mixer grinder,Home Appliances,offline,Hyderabad,2025-11-23 00:00:00,1,Card,0.4,CarlyLucas@yahoo.com,7429202685,successful
2375,290,Megan Carter,107,50000.0,Dining table,Furniture,offline,Chennai,01-24-2026,1,Cash,0.25,MeganCarter@yahoo.com,6205851923,successful
2375,290,Megan Carter,107,50000.0,Dining table,Furniture,offline,Chennai,01-24-2026,1,Cash,0.25,MeganCarter@yahoo.com,6205851923,failed
2376,33,John Sullivan,101,250000.0,LAPTOP,Electronics,offline,Hyderabad,06-17-2025,2,Card,0.3,JohnSullivan@outlook.com,7339669763,successful
2377,727,Rodney Simmons,102,70000.0,phone,ELEC,offline,Bangalore,2025-08-07 00:00:00,2,Cash,0.4,RodneySimmons@outlook.com,7718353682,successful
2377,727,Rodney Simmons,102,70000.0,phone,ELEC,offline,Bangalore,2025-08-07 00:00:00,2,Cash,0.4,RodneySimmons@outlook.com,7718353682,failed
2378,184,Katherine Jones,104,8000.0,SHOES,CLOTH,offline,Hyderabad,2025-06-28 00:00:00,4,Card,0.4,KatherineJones@yahoo.com,8990091838,successful
2379,748,Sabrina Hopkins,105,45000.0,TV,ELEC,offline,Chennai,2025-12-07 00:00:00,4,UPI,0.25,SabrinaHopkins@yahoo.com,7164714790,successful
2380,74,David Alvarez,107,50000.0,Dining table,furniture,online,Delhi,2025-11-10 00:00:00,4,UPI,0.35,DavidAlvarez@yahoo.com,9554845242,successful
2381,72,Michael Wood,107,50000.0,DINING TABLE,Furniture,offline,Chennai,2025-08-29 00:00:00,4,NetBanking,0.4,Michael77@gmail.com,8385570077,successful
2382,624,Hannah Munoz,106,80000.0,SOFA,FURN,online,Chennai,2025-06-09 00:00:00,3,NetBanking,0.35,HannahMunoz@yahoo.com,7662629338,successful
2383,259,Kevin Ramirez,105,45000.0,TV,ELEC,online,Hyderabad,2025-12-27 00:00:00,2,NetBanking,0.2,KevinRamirez@outlook.com,8654718185,successful
2384,162,Kirsten Thomas,109,65000.0,refrigerator,HOME,online,Hyderabad,2025-05-09 00:00:00,3,NetBanking,0.05,KirstenThomas@yahoo.com,9723010018,successful
2385,398,Michele Sanchez,109,65000.0,refrigerator,home appliances,online,Bangalore,2025-08-06 00:00:00,5,Cash,0.4,MicheleSanchez@outlook.com,6047184961,successful
2386,903,Susan Nicholson,108,,mixer grinder,home appliances,online,Mumbai,2025-07-17 00:00:00,1,Card,0.4,SusanNicholson@yahoo.com,9633103859,successful
2387,476,Jill Bryant,109,65000.0,Refrigerator,HOME,online,Hyderabad,2025-08-11 00:00:00,2,Card,0.15,JillBryant@gmail.com,6887759421,successful
2388,872,David Miller,107,50000.0,dining table,furniture,online,Mumbai,02-15-2026,2,NetBanking,0.05,DavidMiller@yahoo.com,8702050205,successful
2388,872,David Miller,107,50000.0,dining table,furniture,online,Mumbai,02-15-2026,2,NetBanking,0.05,DavidMiller@yahoo.com,8702050205,failed
2389,10,Tracy Olson,107,,dining table,Furniture,online,Delhi,02-18-2026,3,UPI,0.3,TracyOlson@yahoo.com,6972129098,successful
2390,400,Brenda Johnson,103,1300.0,shirt,CLOTH,offline,Chennai,2025-08-11 00:00:00,4,UPI,0.25,BrendaJohnson@yahoo.com,7955488393,successful
2391,9,Dillon Harris,109,65000.0,Refrigerator,HOME,online,Mumbai,2025-05-18 00:00:00,4,Cash,0.2,Dillon63@gmail.com,8431965006,successful
2392,825,Jose Rodriguez,105,45000.0,TV,ELEC,offline,Bangalore,2025-05-18 00:00:00,2,UPI,0.1,JoseRodriguez@outlook.com,9277458368,successful
2393,581,Lindsey Tran,108,15000.0,MIXER GRINDER,home appliances,offline,Delhi,2025-11-21 00:00:00,4,Card,0.15,Lindsey58@gmail.com,6225134624,successful
2394,564,Spencer Davis,105,45000.0,tv,electronics,offline,Chennai,2025-06-27 00:00:00,4,UPI,0.15,SpencerDavis@gmail.com,9733850711,successful
2395,564,Spencer Davis,106,80000.0,Sofa,furniture,offline,Chennai,2026-03-14 00:00:00,5,Cash,0.2,SpencerDavis@gmail.com,9733850711,successful
2395,564,Spencer Davis,106,80000.0,Sofa,furniture,offline,Chennai,2026-03-14 00:00:00,5,Cash,0.2,SpencerDavis@gmail.com,9733850711,failed
2396,135,Daniel Wallace,110,45000.0,microwave,home appliances,offline,Bangalore,2025-10-31 00:00:00,3,UPI,0.15,DanielWallace@yahoo.com,8993443314,successful
2397,255,Madison Tate,110,45000.0,MICROWAVE,Home Appliances,offline,Bangalore,11-29-2025,4,Cash,0.05,MadisonTate@yahoo.com,7414976379,successful
2398,208,Matthew Berry,101,250000.0,laptop,electronics,online,Hyderabad,2026-01-02 00:00:00,3,Cash,0.3,MatthewBerry@gmail.com,8863808727,successful
2399,600,James Schaefer,106,80000.0,Sofa,furniture,offline,Chennai,09-20-2025,4,NetBanking,0.25,James62@gmail.com,9201434220,successful
2400,652,Charles Fleming,108,15000.0,MIXER GRINDER,Home Appliances,online,Delhi,2025-09-03 00:00:00,1,Cash,0.15,CharlesFleming@yahoo.com,7387454499,successful
2401,193,Mary White,105,45000.0,TV,Electronics,online,Bangalore,2025-12-19 00:00:00,1,NetBanking,0.1,MaryWhite@yahoo.com,8365367194,successful
2402,133,Christy Stone,108,15000.0,Mixer grinder,home appliances,offline,Chennai,2026-01-02 00:00:00,4,UPI,0.05,ChristyStone@outlook.com,6490965000,successful
2403,384,Jeffrey Williams,101,250000.0,Laptop,Electronics,online,Mumbai,2025-10-19 00:00:00,4,Cash,0.2,JeffreyWilliams@outlook.com,6639911749,successful
2404,302,James Robles,101,250000.0,laptop,ELEC,offline,Bangalore,02-26-2026,2,UPI,0.35,JamesRobles@gmail.com,6180165908,successful
2405,485,James Harris,109,65000.0,refrigerator,home appliances,online,Delhi,06-27-2025,3,NetBanking,0.05,JamesHarris@yahoo.com,8465057157,successful
2406,143,Brian Johnson,106,80000.0,SOFA,FURN,offline,Chennai,2025-11-19 00:00:00,2,NetBanking,0.1,BrianJohnson@yahoo.com,6408880131,successful
2407,869,Krystal Hudson,101,250000.0,LAPTOP,electronics,offline,Mumbai,2025-08-16 00:00:00,3,Cash,0.4,KrystalHudson@yahoo.com,9639663079,successful
2408,337,Cameron Myers,103,1300.0,Shirt,clothing,offline,Chennai,2026-03-02 00:00:00,4,NetBanking,0.2,Cameron63@gmail.com,8961771877,successful
2409,520,Holly Jackson,110,,Microwave,Home Appliances,offline,Mumbai,06-16-2025,1,Cash,0.2,HollyJackson@outlook.com,8013465736,successful
2410,390,Erika Knight,104,8000.0,SHOES,Clothing,offline,Mumbai,12-20-2025,5,NetBanking,0.15,Erika14@gmail.com,8802577025,successful
2411,231,Jason Smith,110,,Microwave,Home Appliances,offline,Hyderabad,2026-08-02 00:00:00,-2,NetBanking,0.4,Jason71@gmail.com,7793301499,successful
2412,89,Joseph Davis,108,15000.0,MIXER GRINDER,HOME,online,Hyderabad,2026-04-03 00:00:00,2,UPI,0.4,JosephDavis@yahoo.com,7335998548,successful
2413,696,Kristen Lloyd,105,45000.0,TV,electronics,online,Mumbai,2025-08-09 00:00:00,2,Card,0.05,KristenLloyd@outlook.com,7284664445,successful
2414,514,Joshua Cummings,101,250000.0,laptop,Electronics,online,Chennai,2026-02-25 00:00:00,3,Cash,0.2,JoshuaCummings@gmail.com,9001958341,successful
2415,375,Jessica Harrell,105,45000.0,tv,ELEC,offline,Chennai,2025-12-23 00:00:00,2,UPI,0.4,JessicaHarrell@gmail.com,6145653067,successful
2416,904,Audrey Skinner,107,50000.0,Dining table,furniture,offline,Bangalore,2026-01-14 00:00:00,2,UPI,0.35,AudreySkinner@yahoo.com,6596392073,successful
2417,153,Stephanie Hanna,102,70000.0,PHONE,electronics,offline,Hyderabad,12-13-2025,1,Cash,0.1,StephanieHanna@outlook.com,9697218701,successful
2418,487,Mark Thompson,104,8000.0,shoes,CLOTH,offline,Hyderabad,2025-08-04 00:00:00,1,NetBanking,0.4,MarkThompson@yahoo.com,6856603888,successful
2419,988,John Thomas,108,15000.0,mixer grinder,Home Appliances,offline,Delhi,2025-10-18 00:00:00,4,UPI,0.35,John19@gmail.com,9168109139,successful
2420,884,Isaac Byrd,105,45000.0,Tv,ELEC,online,Delhi,11-26-2025,4,Card,0.3,IsaacByrd@gmail.com,6341934208,successful
2421,918,Grant Harris,109,65000.0,refrigerator,Home Appliances,offline,Bangalore,2025-12-29 00:00:00,4,Cash,0.15,GrantHarris@outlook.com,9540714421,successful
2421,918,Grant Harris,109,65000.0,refrigerator,Home Appliances,offline,Bangalore,2025-12-29 00:00:00,4,Cash,0.15,GrantHarris@outlook.com,9540714421,failed
2422,330,Don Thompson,109,65000.0,REFRIGERATOR,home appliances,online,Hyderabad,2025-06-02 00:00:00,2,Cash,0.15,DonThompson@outlook.com,8679021714,successful
2423,248,Anthony Henry,106,80000.0,Sofa,furniture,online,Hyderabad,2026-02-20 00:00:00,5,NetBanking,0.3,AnthonyHenry@yahoo.com,7055017330,successful
2424,640,Carrie Jacobson,102,70000.0,PHONE,ELEC,offline,Bangalore,2025-05-15 00:00:00,3,NetBanking,0.05,CarrieJacobson@outlook.com,7271002507,successful
2425,14,Joseph Jones,108,15000.0,Mixer grinder,HOME,offline,Hyderabad,2026-01-02 00:00:00,3,UPI,0.3,JosephJones@gmail.com,8900905282,successful
2426,243,Christian Martin,108,15000.0,Mixer grinder,HOME,offline,Delhi,2026-02-08 00:00:00,4,UPI,0.2,ChristianMartin@yahoo.com,6377411962,successful
2427,621,David Kline,110,45000.0,MICROWAVE,Home Appliances,offline,Delhi,05-21-2025,3,Cash,0.25,DavidKline@outlook.com,8433726381,successful
2428,800,Ricardo Arnold,110,45000.0,MICROWAVE,home appliances,online,Hyderabad,05-25-2025,4,NetBanking,0.25,RicardoArnold@outlook.com,9510528877,successful
2429,724,Kimberly Winters,102,70000.0,PHONE,ELEC,offline,Chennai,2025-05-05 00:00:00,3,NetBanking,0.2,Kimberly55@gmail.com,8442961493,successful
2430,64,Sheri Osborne,104,8000.0,shoes,Clothing,online,Mumbai,2026-09-04 00:00:00,2,UPI,0.1,Sheri53@gmail.com,7564569475,successful
2431,761,Larry Yates,109,65000.0,REFRIGERATOR,Home Appliances,online,Chennai,2026-03-12 00:00:00,1,NetBanking,0.3,LarryYates@gmail.com,6304241557,successful
2432,824,Michael Vaughn,107,50000.0,dining table,furniture,online,Chennai,2026-03-21 00:00:00,2,Card,0.25,MichaelVaughn@outlook.com,8001278745,successful
2433,905,Katie George,110,,Microwave,home appliances,online,Hyderabad,05-19-2025,5,NetBanking,0.25,KatieGeorge@gmail.com,6926102952,successful
2434,361,Daniel Williams,107,50000.0,dining table,Furniture,offline,Delhi,2025-10-03 00:00:00,2,Cash,0.3,DanielWilliams@yahoo.com,9858967366,successful
2435,370,Jessica Moreno,104,8000.0,shoes,CLOTH,online,Delhi,2025-09-19 00:00:00,3,Card,0.4,JessicaMoreno@gmail.com,8989403938,successful
2436,771,Matthew Greer,109,65000.0,REFRIGERATOR,Home Appliances,online,Bangalore,2025-11-24 00:00:00,1,Cash,0.1,MatthewGreer@yahoo.com,8278910012,successful
2437,326,Deborah Reyes,103,1300.0,Shirt,Clothing,offline,Delhi,2025-04-30 00:00:00,3,Card,0.1,DeborahReyes@outlook.com,7352477757,successful
2438,4,Kelly Brown,105,45000.0,Tv,ELEC,online,Chennai,2025-06-27 00:00:00,3,NetBanking,0.05,KellyBrown@gmail.com,6816002599,successful
2439,764,Jody Gardner,110,45000.0,Microwave,HOME,online,Mumbai,06-15-2025,-2,Card,0.05,JodyGardner@outlook.com,8683344567,successful
2440,1,Karen Pollard,108,15000.0,MIXER GRINDER,home appliances,offline,Hyderabad,03-27-2026,5,Card,0.2,KarenPollard@yahoo.com,7148256363,successful
2441,597,Paul Foster,107,50000.0,dining table,Furniture,online,Bangalore,2025-06-18 00:00:00,5,Card,0.1,PaulFoster@gmail.com,8644430674,successful
2442,758,Nichole Jones,105,45000.0,Tv,electronics,online,Chennai,07-23-2025,4,Cash,0.4,NicholeJones@yahoo.com,6141266772,successful
2443,778,Angela Park,108,15000.0,Mixer grinder,HOME,offline,Mumbai,2026-04-05 00:00:00,4,Card,0.05,AngelaPark@outlook.com,7345361196,successful
2444,239,Tyler Greene,106,,Sofa,furniture,online,Delhi,02-17-2026,1,NetBanking,0.4,TylerGreene@gmail.com,8110153007,successful
2445,996,Barbara Morris,106,80000.0,SOFA,Furniture,offline,Hyderabad,06-25-2025,1,NetBanking,0.1,Barbara54@gmail.com,8799907956,successful
2446,611,Robert Lucas,107,50000.0,dining table,furniture,online,Mumbai,2025-10-19 00:00:00,3,Card,0.35,Robert46@gmail.com,6942116473,successful
2447,113,Patricia Carlson,101,250000.0,LAPTOP,electronics,offline,Delhi,2025-05-20 00:00:00,4,Cash,0.4,PatriciaCarlson@outlook.com,8588411759,successful
2448,676,James Sanders,108,15000.0,Mixer grinder,Home Appliances,online,Bangalore,2026-08-03 00:00:00,2,Card,0.15,James43@gmail.com,8747576646,successful
2449,907,Jeffrey Mccall,108,15000.0,mixer grinder,Home Appliances,offline,Hyderabad,2026-03-01 00:00:00,2,NetBanking,0.2,Jeffrey63@gmail.com,6709574650,successful
2450,640,Carrie Jacobson,107,50000.0,DINING TABLE,FURN,online,Bangalore,2025-09-23 00:00:00,4,NetBanking,0.35,CarrieJacobson@outlook.com,7271002507,successful
2451,991,Darlene Chapman,102,,phone,electronics,offline,Hyderabad,2026-01-16 00:00:00,3,NetBanking,0.4,Darlene90@gmail.com,8139250595,successful
2452,574,Carl Barrera,104,8000.0,shoes,Clothing,online,Bangalore,2025-08-14 00:00:00,4,Card,0.35,CarlBarrera@outlook.com,6248556775,successful
2453,707,Andrea Silva,108,15000.0,MIXER GRINDER,home appliances,offline,Delhi,2026-03-11 00:00:00,2,Cash,0.3,Andrea67@gmail.com,6252643815,successful
2454,153,Stephanie Hanna,110,45000.0,MICROWAVE,HOME,online,Hyderabad,2025-08-18 00:00:00,1,Cash,0.05,StephanieHanna@outlook.com,9697218701,successful
2455,880,Miranda Frank,106,80000.0,SOFA,Furniture,online,Chennai,2025-07-30 00:00:00,2,Cash,0.35,MirandaFrank@yahoo.com,7215799940,successful
2456,398,Michele Sanchez,110,45000.0,MICROWAVE,Home Appliances,online,Bangalore,2025-08-12 00:00:00,3,Cash,0.15,MicheleSanchez@outlook.com,6047184961,successful
2457,790,Andrea Jimenez,105,45000.0,tv,electronics,online,Bangalore,2025-09-23 00:00:00,4,NetBanking,0.35,AndreaJimenez@yahoo.com,8658950703,successful
2458,384,Jeffrey Williams,110,45000.0,Microwave,Home Appliances,offline,Mumbai,2026-02-17 00:00:00,5,UPI,0.35,JeffreyWilliams@outlook.com,6639911749,successful
2459,197,Gabriel Mills,101,250000.0,Laptop,Electronics,online,Mumbai,2025-04-19 00:00:00,4,NetBanking,0.4,GabrielMills@gmail.com,8457234137,successful
2460,613,Vanessa Vasquez,109,65000.0,refrigerator,HOME,offline,Hyderabad,10-29-2025,3,UPI,0.3,VanessaVasquez@yahoo.com,9603034380,successful
2460,613,Vanessa Vasquez,109,65000.0,refrigerator,HOME,offline,Hyderabad,10-29-2025,3,UPI,0.3,VanessaVasquez@yahoo.com,9603034380,failed
2461,885,Alexander Jacobs,104,8000.0,SHOES,Clothing,offline,Delhi,2025-04-22 00:00:00,4,NetBanking,0.3,AlexanderJacobs@yahoo.com,6336336172,successful
2462,312,James Morales,110,45000.0,Microwave,home appliances,online,Bangalore,2025-09-10 00:00:00,2,NetBanking,0.4,JamesMorales@yahoo.com,8188620000,successful
2462,312,James Morales,110,45000.0,Microwave,home appliances,online,Bangalore,2025-09-10 00:00:00,2,NetBanking,0.4,JamesMorales@yahoo.com,8188620000,failed
2463,528,Kerri Rodriguez,110,45000.0,MICROWAVE,Home Appliances,offline,Chennai,06-15-2025,3,Card,0.25,Kerri90@gmail.com,7758070493,successful
2464,241,James Gonzales,101,,Laptop,Electronics,offline,Chennai,2025-05-02 00:00:00,4,NetBanking,0.05,James93@gmail.com,6076669128,successful
2465,693,Joseph Maldonado,107,50000.0,dining table,FURN,online,Delhi,2026-03-09 00:00:00,5,UPI,0.4,JosephMaldonado@yahoo.com,8013495157,successful
2466,576,Angela Weiss,108,15000.0,mixer grinder,Home Appliances,online,Delhi,2026-02-09 00:00:00,5,UPI,0.35,AngelaWeiss@yahoo.com,6433163539,successful
2467,798,Amber Murphy,110,45000.0,MICROWAVE,home appliances,offline,Hyderabad,2025-05-05 00:00:00,1,Card,0.15,Amber25@gmail.com,7011149807,successful
2468,601,Mark Herrera,101,250000.0,LAPTOP,electronics,online,Hyderabad,2026-02-04 00:00:00,2,UPI,0.1,MarkHerrera@gmail.com,8322032878,successful
2469,916,Betty Mcdaniel,103,1300.0,shirt,Clothing,online,Chennai,2025-06-12 00:00:00,-1,UPI,0.2,BettyMcdaniel@yahoo.com,7323816268,successful
2470,443,Judy Patton,107,50000.0,dining table,Furniture,offline,Chennai,2026-02-20 00:00:00,3,Cash,0.1,JudyPatton@yahoo.com,6213255429,successful
2471,813,John Harris,108,15000.0,Mixer grinder,home appliances,online,Chennai,2026-02-02 00:00:00,5,Card,0.35,JohnHarris@gmail.com,9597553148,successful
2472,347,David Medina,102,70000.0,Phone,electronics,online,Delhi,2026-02-07 00:00:00,4,UPI,0.3,DavidMedina@outlook.com,9190354389,successful
2473,86,Rachel Gonzales,105,45000.0,Tv,electronics,offline,Mumbai,2025-08-31 00:00:00,5,Cash,0.05,RachelGonzales@yahoo.com,6409395951,successful
2474,664,Catherine Anderson,104,,SHOES,clothing,offline,Bangalore,2026-02-20 00:00:00,2,NetBanking,0.05,Catherine10@gmail.com,9237837801,successful
2475,934,Brandi Phillips,102,70000.0,Phone,electronics,offline,Hyderabad,2025-05-05 00:00:00,1,Card,0.4,Brandi77@gmail.com,9692608609,successful
2476,356,Larry Mercado,103,1300.0,SHIRT,clothing,online,Hyderabad,2025-12-18 00:00:00,4,Card,0.4,LarryMercado@gmail.com,6907810420,successful
2477,590,Christine Brown,105,45000.0,TV,Electronics,offline,Bangalore,2025-05-31 00:00:00,5,NetBanking,0.4,Christine97@gmail.com,9924989553,successful
2478,28,Nicholas Carroll,109,65000.0,refrigerator,home appliances,online,Chennai,2025-11-13 00:00:00,1,UPI,0.3,Nicholas27@gmail.com,9314763542,successful
2478,28,Nicholas Carroll,109,65000.0,refrigerator,home appliances,online,Chennai,2025-11-13 00:00:00,1,UPI,0.3,Nicholas27@gmail.com,9314763542,failed
2479,300,Tiffany Miller,104,8000.0,SHOES,clothing,offline,Hyderabad,2025-09-21 00:00:00,4,UPI,0.05,TiffanyMiller@outlook.com,6828480297,successful
2480,289,Kelly Powell,104,8000.0,Shoes,CLOTH,online,Bangalore,2025-08-25 00:00:00,3,NetBanking,0.25,KellyPowell@gmail.com,9059819444,successful
2481,220,Maria Walker,106,80000.0,SOFA,FURN,online,Bangalore,2025-05-29 00:00:00,2,Cash,0.15,MariaWalker@gmail.com,7332505210,successful
2482,667,Kelsey Mendoza,109,65000.0,refrigerator,HOME,online,Bangalore,2025-10-29 00:00:00,4,NetBanking,0.2,KelseyMendoza@outlook.com,7562379912,successful
2483,482,Nathaniel Montes,101,250000.0,LAPTOP,ELEC,online,Chennai,2025-07-01 00:00:00,3,Card,0.25,Nathaniel44@gmail.com,7790273012,successful
2484,560,Anthony Lawrence,106,80000.0,Sofa,furniture,online,Hyderabad,2026-02-11 00:00:00,3,Cash,0.35,AnthonyLawrence@gmail.com,7569957287,successful
2485,386,Brittney Moreno,106,80000.0,Sofa,furniture,online,Chennai,2026-01-13 00:00:00,3,Cash,0.05,BrittneyMoreno@yahoo.com,9531902269,successful
2486,562,Breanna Fletcher,101,250000.0,Laptop,electronics,offline,Chennai,2026-03-10 00:00:00,3,NetBanking,0.3,BreannaFletcher@outlook.com,7530746207,successful
2487,140,Aaron Black,102,70000.0,Phone,ELEC,online,Chennai,2026-04-10 00:00:00,1,Card,0.2,AaronBlack@gmail.com,6646819959,successful
2488,17,Duane Hall,106,80000.0,SOFA,Furniture,online,Bangalore,2026-03-26 00:00:00,2,Cash,0.4,DuaneHall@outlook.com,7467001149,successful
2489,1000,Shannon Haley,108,15000.0,mixer grinder,home appliances,online,Bangalore,2025-10-29 00:00:00,3,Cash,0.25,Shannon54@gmail.com,7650606701,successful
2490,390,Erika Knight,105,45000.0,TV,electronics,offline,Mumbai,2025-11-30 00:00:00,5,Card,0.05,Erika14@gmail.com,8802577025,successful
2491,463,Kevin Cruz,103,1300.0,shirt,CLOTH,online,Delhi,2025-07-01 00:00:00,5,Card,0.1,KevinCruz@gmail.com,8067854173,successful
2492,937,Nicole Woods,106,80000.0,sofa,Furniture,offline,Mumbai,2025-12-31 00:00:00,4,UPI,0.35,NicoleWoods@yahoo.com,9340979075,successful
2493,879,Andrew Johnston,110,45000.0,Microwave,HOME,offline,Mumbai,03-15-2026,4,Card,0.05,AndrewJohnston@yahoo.com,9290408466,successful
2494,568,Joshua Collins,103,,shirt,clothing,offline,Mumbai,2025-07-07 00:00:00,2,UPI,0.15,Joshua22@gmail.com,8173486949,successful
2495,215,Crystal Aguilar,103,1300.0,Shirt,Clothing,offline,Mumbai,2025-10-12 00:00:00,1,NetBanking,0.1,CrystalAguilar@gmail.com,6161915910,successful
2496,373,William Goodman,108,,mixer grinder,HOME,online,Mumbai,2025-06-18 00:00:00,4,Cash,0.15,WilliamGoodman@outlook.com,8620805153,successful
2497,472,Christian Jennings,109,65000.0,Refrigerator,Home Appliances,offline,Chennai,2026-12-02 00:00:00,2,Card,0.15,ChristianJennings@outlook.com,6788861240,successful
2498,722,Alejandro Wagner,107,50000.0,DINING TABLE,furniture,offline,Bangalore,2026-01-13 00:00:00,2,Cash,0.15,AlejandroWagner@outlook.com,7840847695,successful
2499,60,Kathleen Moreno,110,45000.0,microwave,home appliances,offline,Bangalore,2025-07-14 00:00:00,2,Card,0.05,Kathleen41@gmail.com,9538071955,successful
2500,875,Jennifer Smith,101,250000.0,LAPTOP,Electronics,offline,Delhi,2025-08-05 00:00:00,1,NetBanking,0.05,JenniferSmith@gmail.com,6480657229,successful
2501,435,Wendy Robinson,110,45000.0,MICROWAVE,Home Appliances,online,Delhi,2025-07-07 00:00:00,5,NetBanking,0.3,WendyRobinson@gmail.com,7891934454,successful
2502,453,Sarah Brown,103,1300.0,SHIRT,CLOTH,offline,Delhi,2026-02-27 00:00:00,5,UPI,0.15,Sarah83@gmail.com,9917575841,successful
2503,493,Stacy Bass,105,45000.0,tv,ELEC,offline,Hyderabad,2025-11-14 00:00:00,4,Cash,0.4,StacyBass@yahoo.com,8224081130,successful
2503,493,Stacy Bass,105,45000.0,tv,ELEC,offline,Hyderabad,2025-11-14 00:00:00,4,Cash,0.4,StacyBass@yahoo.com,8224081130,failed
2504,18,Allison Adams,107,50000.0,dining table,furniture,online,Mumbai,02-25-2026,4,NetBanking,0.05,AllisonAdams@gmail.com,6292758299,successful
2505,219,Alexander Phillips,103,1300.0,shirt,Clothing,online,Mumbai,06-24-2025,-2,Cash,0.1,Alexander92@gmail.com,7235649492,successful
2506,349,Joel Baker,110,45000.0,Microwave,HOME,offline,Bangalore,04-16-2026,5,UPI,0.2,JoelBaker@outlook.com,8027748393,successful
2507,280,David Morales,106,80000.0,sofa,furniture,online,Delhi,12-23-2025,1,UPI,0.35,DavidMorales@yahoo.com,9250881730,successful
2508,870,Thomas Morris,104,8000.0,Shoes,clothing,online,Bangalore,2025-08-10 00:00:00,1,Cash,0.3,ThomasMorris@yahoo.com,8185847719,successful
2509,400,Brenda Johnson,101,250000.0,LAPTOP,Electronics,online,Chennai,01-26-2026,5,Card,0.25,BrendaJohnson@yahoo.com,7955488393,successful
2510,949,Madison Goodwin,109,65000.0,REFRIGERATOR,HOME,offline,Bangalore,2025-12-04 00:00:00,4,Cash,0.3,MadisonGoodwin@yahoo.com,8574790493,successful
2511,564,Spencer Davis,108,15000.0,mixer grinder,Home Appliances,online,Chennai,2025-12-04 00:00:00,2,UPI,0.35,SpencerDavis@gmail.com,9733850711,successful
2512,791,April Anderson,104,8000.0,SHOES,clothing,online,Hyderabad,08-17-2025,2,NetBanking,0.35,AprilAnderson@gmail.com,8644446529,successful
2513,649,Carrie Johnson,104,8000.0,Shoes,CLOTH,online,Bangalore,2025-07-12 00:00:00,2,NetBanking,0.35,Carrie70@gmail.com,6137823544,successful
2514,775,Roy Chavez,105,45000.0,tv,ELEC,offline,Chennai,2025-12-11 00:00:00,4,Card,0.2,Roy81@gmail.com,7595966010,successful
2515,609,David Adams,102,70000.0,PHONE,ELEC,online,Delhi,2026-03-06 00:00:00,5,Card,0.35,DavidAdams@outlook.com,9007364422,successful
2516,644,John Parrish,105,,TV,ELEC,online,Delhi,2025-04-26 00:00:00,5,Card,0.3,JohnParrish@gmail.com,7075517481,successful
2517,678,David Barnett,102,70000.0,Phone,ELEC,offline,Delhi,06-16-2025,2,Card,0.4,DavidBarnett@yahoo.com,6189609972,successful
2518,107,Cory Tyler,107,,Dining table,Furniture,online,Chennai,2025-05-27 00:00:00,5,UPI,0.35,CoryTyler@outlook.com,7231357413,successful
2519,515,Amy Lee,110,45000.0,microwave,home appliances,offline,Chennai,2025-04-17 00:00:00,5,UPI,0.15,AmyLee@yahoo.com,6621930756,successful
2519,515,Amy Lee,110,45000.0,microwave,home appliances,offline,Chennai,2025-04-17 00:00:00,5,UPI,0.15,AmyLee@yahoo.com,6621930756,failed
2520,838,Susan Torres,102,70000.0,Phone,ELEC,online,Chennai,2025-05-12 00:00:00,4,UPI,0.1,SusanTorres@outlook.com,8776486426,successful
2521,678,David Barnett,109,,refrigerator,HOME,offline,Delhi,2025-12-12 00:00:00,4,UPI,0.2,DavidBarnett@yahoo.com,6189609972,successful
2522,817,Nicole Ross,110,45000.0,microwave,HOME,online,Chennai,2026-01-08 00:00:00,4,Cash,0.4,Nicole68@gmail.com,8278149866,successful
2523,368,Emily Scott,102,70000.0,Phone,Electronics,online,Mumbai,2025-11-27 00:00:00,5,Cash,0.3,EmilyScott@yahoo.com,9116589634,successful
2524,189,Melinda Rodriguez,104,8000.0,Shoes,Clothing,offline,Chennai,2026-01-28 00:00:00,3,NetBanking,0.1,MelindaRodriguez@outlook.com,8256869897,successful
2525,926,Lisa Reynolds,105,45000.0,Tv,ELEC,online,Hyderabad,2025-09-07 00:00:00,3,NetBanking,0.1,LisaReynolds@gmail.com,8911674840,successful
2526,921,Jessica Taylor,106,80000.0,Sofa,FURN,offline,Mumbai,2026-03-19 00:00:00,2,Card,0.2,JessicaTaylor@outlook.com,9714740882,successful
2527,51,Cory Ellis,109,65000.0,Refrigerator,Home Appliances,offline,Chennai,2025-11-10 00:00:00,3,NetBanking,0.05,CoryEllis@gmail.com,7954633422,successful
2528,377,Michael Black,103,1300.0,Shirt,clothing,offline,Mumbai,2025-11-27 00:00:00,1,Card,0.25,Michael57@gmail.com,6048303502,successful
2529,466,Kyle Morris,105,45000.0,Tv,Electronics,offline,Delhi,2026-01-08 00:00:00,4,Card,0.3,Kyle13@gmail.com,9335736629,successful
2530,186,Dawn Garrett,108,15000.0,MIXER GRINDER,home appliances,offline,Chennai,08-23-2025,5,Cash,0.4,Dawn29@gmail.com,9627230201,successful
2531,374,Brian King,107,50000.0,dining table,Furniture,offline,Mumbai,12-19-2025,4,Cash,0.4,BrianKing@gmail.com,7018727189,successful
2532,17,Duane Hall,102,70000.0,PHONE,ELEC,online,Bangalore,12-23-2025,1,Card,0.4,DuaneHall@outlook.com,7467001149,successful
2533,23,Rebecca Smith,103,1300.0,shirt,clothing,offline,Chennai,2026-04-11 00:00:00,2,Cash,0.4,RebeccaSmith@gmail.com,9729671340,successful
2534,951,Richard Miller,109,65000.0,REFRIGERATOR,HOME,offline,Mumbai,2026-03-20 00:00:00,1,Card,0.2,RichardMiller@yahoo.com,7109726379,successful
2535,358,Jasmin Anderson,107,50000.0,Dining table,Furniture,online,Delhi,2025-04-24 00:00:00,2,Cash,0.1,JasminAnderson@gmail.com,7819452092,successful
2536,853,James Guerrero,107,50000.0,Dining table,Furniture,offline,Mumbai,2025-07-16 00:00:00,1,Cash,0.1,JamesGuerrero@gmail.com,6869294649,successful
2537,45,Tasha Baker,105,45000.0,Tv,electronics,online,Delhi,2025-12-30 00:00:00,2,Card,0.2,TashaBaker@gmail.com,7562005843,successful
2538,862,Lisa Stewart,105,45000.0,TV,electronics,offline,Chennai,2025-06-10 00:00:00,4,Cash,0.35,Lisa97@gmail.com,7486480095,successful
2539,431,Tracie Kim,105,45000.0,tv,electronics,offline,Bangalore,2025-08-04 00:00:00,1,Cash,0.1,TracieKim@yahoo.com,8301285130,successful
2540,693,Joseph Maldonado,106,,sofa,Furniture,online,Delhi,2025-12-10 00:00:00,4,UPI,0.2,JosephMaldonado@yahoo.com,8013495157,successful
2541,43,Jennifer Frye,110,45000.0,Microwave,Home Appliances,offline,Chennai,04-24-2025,5,Card,0.3,JenniferFrye@outlook.com,8475221395,successful
2542,302,James Robles,102,70000.0,Phone,ELEC,offline,Bangalore,2026-03-08 00:00:00,5,NetBanking,0.05,JamesRobles@gmail.com,6180165908,successful
2543,342,Jessica Fowler,104,8000.0,Shoes,CLOTH,online,Hyderabad,2026-04-10 00:00:00,4,NetBanking,0.4,Jessica96@gmail.com,9944290818,successful
2544,81,Michael Wagner,103,1300.0,shirt,clothing,online,Chennai,10-19-2025,1,NetBanking,0.3,MichaelWagner@yahoo.com,9716917974,successful
2545,153,Stephanie Hanna,105,45000.0,TV,electronics,online,Hyderabad,2026-03-27 00:00:00,3,Cash,0.4,StephanieHanna@outlook.com,9697218701,successful
2546,812,Chris Lane,109,65000.0,Refrigerator,Home Appliances,offline,Hyderabad,2025-10-29 00:00:00,4,UPI,0.2,ChrisLane@yahoo.com,6404770684,successful
2547,322,Allison Foster,105,45000.0,TV,electronics,online,Bangalore,03-13-2026,5,Cash,0.15,Allison23@gmail.com,8753827370,successful
2548,975,Jacqueline Doyle,103,,Shirt,Clothing,offline,Hyderabad,03-31-2026,-1,UPI,0.25,JacquelineDoyle@outlook.com,8114950490,successful
2549,299,Megan Harris,110,45000.0,MICROWAVE,HOME,offline,Chennai,04-26-2025,2,UPI,0.1,MeganHarris@gmail.com,6759691134,successful
2550,806,Jacqueline Cantu,102,70000.0,Phone,ELEC,online,Chennai,12-29-2025,2,Card,0.15,Jacqueline4@gmail.com,8698814533,successful
2551,800,Ricardo Arnold,107,50000.0,Dining table,furniture,offline,Hyderabad,2025-06-08 00:00:00,1,UPI,0.15,RicardoArnold@outlook.com,9510528877,successful
2552,223,Jocelyn Peterson,108,15000.0,Mixer grinder,HOME,online,Hyderabad,2025-12-27 00:00:00,3,Card,0.35,JocelynPeterson@outlook.com,8276434540,successful
2553,40,Kristina Harrell,107,50000.0,Dining table,FURN,online,Hyderabad,08-19-2025,3,Card,0.05,KristinaHarrell@outlook.com,7404306674,successful
2554,239,Tyler Greene,102,70000.0,PHONE,ELEC,offline,Delhi,2025-12-28 00:00:00,4,Card,0.3,TylerGreene@gmail.com,8110153007,successful
2555,832,Carolyn Miller,103,1300.0,SHIRT,CLOTH,online,Delhi,2025-10-10 00:00:00,2,Cash,0.25,CarolynMiller@outlook.com,7032908684,successful
2556,660,Jessica Stephenson,102,70000.0,phone,ELEC,online,Hyderabad,2026-03-09 00:00:00,5,NetBanking,0.1,JessicaStephenson@gmail.com,8684231390,successful
2557,798,Amber Murphy,104,8000.0,SHOES,CLOTH,online,Hyderabad,2025-04-30 00:00:00,2,Card,0.3,Amber25@gmail.com,7011149807,successful
2558,541,Melissa Perez,104,8000.0,Shoes,Clothing,offline,Delhi,2025-10-24 00:00:00,1,NetBanking,0.1,Melissa30@gmail.com,8305757972,successful
2559,209,Aaron Mclaughlin,109,65000.0,Refrigerator,Home Appliances,online,Chennai,12-29-2025,5,Card,0.1,AaronMclaughlin@outlook.com,8765355147,successful
2560,18,Allison Adams,107,,Dining table,furniture,offline,Mumbai,2025-11-28 00:00:00,3,Cash,0.05,AllisonAdams@gmail.com,6292758299,successful
2561,728,Lisa Miller,103,1300.0,shirt,CLOTH,online,Chennai,2025-05-16 00:00:00,1,Card,0.1,LisaMiller@gmail.com,8704743795,successful
2562,730,Adam Maldonado,110,45000.0,microwave,Home Appliances,online,Mumbai,2026-04-04 00:00:00,5,Cash,0.4,AdamMaldonado@gmail.com,9782195345,successful
2563,709,Mike Roberts,101,250000.0,LAPTOP,electronics,offline,Hyderabad,2026-03-16 00:00:00,4,UPI,0.25,MikeRoberts@yahoo.com,7700185792,successful
2564,710,April Moore,101,250000.0,LAPTOP,electronics,online,Mumbai,2025-09-10 00:00:00,2,Card,0.1,AprilMoore@gmail.com,9772271176,successful
2565,878,Sarah Brown,101,250000.0,Laptop,ELEC,offline,Chennai,2025-10-20 00:00:00,3,UPI,0.4,SarahBrown@yahoo.com,9775172098,successful
2566,866,Jasmine Guerrero,107,50000.0,Dining table,Furniture,online,Hyderabad,2026-09-04 00:00:00,4,NetBanking,0.2,Jasmine83@gmail.com,8531369366,successful
2567,520,Holly Jackson,103,1300.0,shirt,Clothing,online,Mumbai,2025-05-10 00:00:00,5,NetBanking,0.35,HollyJackson@outlook.com,8013465736,successful
2568,927,Bradley Sparks,110,45000.0,Microwave,home appliances,offline,Chennai,2025-06-02 00:00:00,1,UPI,0.1,BradleySparks@gmail.com,8246590514,successful
2569,814,Donna Bennett,101,250000.0,Laptop,ELEC,online,Hyderabad,2025-02-06 00:00:00,2,UPI,0.3,DonnaBennett@gmail.com,8162482067,successful
2570,595,Jennifer Johnson,108,15000.0,mixer grinder,Home Appliances,online,Hyderabad,2026-10-02 00:00:00,1,UPI,0.25,JenniferJohnson@yahoo.com,7037522512,successful
2571,153,Stephanie Hanna,103,1300.0,shirt,Clothing,offline,Hyderabad,2025-01-10 00:00:00,4,UPI,0.3,StephanieHanna@outlook.com,9697218701,successful
2572,950,Cheyenne Mason,104,8000.0,shoes,clothing,online,Delhi,07-17-2025,2,Card,0.3,CheyenneMason@yahoo.com,7344429331,successful
2573,347,David Medina,107,50000.0,DINING TABLE,Furniture,online,Delhi,2025-09-10 00:00:00,5,Cash,0.3,DavidMedina@outlook.com,9190354389,successful
2574,153,Stephanie Hanna,104,8000.0,SHOES,Clothing,offline,Hyderabad,2026-03-12 00:00:00,5,UPI,0.05,StephanieHanna@outlook.com,9697218701,successful
2575,148,Christopher Shepherd,101,250000.0,laptop,electronics,online,Hyderabad,05-13-2025,4,UPI,0.4,ChristopherShepherd@gmail.com,9815661250,successful
2576,531,Frances Hines,106,80000.0,Sofa,FURN,online,Bangalore,2025-10-05 00:00:00,5,UPI,0.1,FrancesHines@gmail.com,7102243278,successful
2577,375,Jessica Harrell,102,70000.0,phone,electronics,online,Chennai,09-23-2025,3,Cash,0.4,JessicaHarrell@gmail.com,6145653067,successful
2578,885,Alexander Jacobs,108,15000.0,mixer grinder,home appliances,offline,Delhi,2025-06-17 00:00:00,4,Cash,0.35,AlexanderJacobs@yahoo.com,6336336172,successful
2579,773,Gerald Cox,107,50000.0,DINING TABLE,furniture,online,Mumbai,2025-08-14 00:00:00,4,Card,0.25,GeraldCox@gmail.com,7170464312,successful
2580,623,Amanda George,101,250000.0,Laptop,ELEC,online,Chennai,2025-10-28 00:00:00,1,UPI,0.1,Amanda76@gmail.com,7955177000,successful
2580,623,Amanda George,101,250000.0,Laptop,ELEC,online,Chennai,2025-10-28 00:00:00,1,UPI,0.1,Amanda76@gmail.com,7955177000,failed
2581,998,Joseph Perez,104,8000.0,shoes,clothing,online,Delhi,2025-07-06 00:00:00,3,UPI,0.05,Joseph23@gmail.com,6418323136,successful
2582,514,Joshua Cummings,106,80000.0,sofa,furniture,online,Chennai,05-21-2025,4,Cash,0.3,JoshuaCummings@gmail.com,9001958341,successful
2582,514,Joshua Cummings,106,80000.0,sofa,furniture,online,Chennai,05-21-2025,4,Cash,0.3,JoshuaCummings@gmail.com,9001958341,failed
2583,569,Lindsay Levine,104,8000.0,Shoes,Clothing,online,Mumbai,11-23-2025,1,NetBanking,0.35,Lindsay32@gmail.com,6194157618,successful
2584,594,Matthew Miranda,108,15000.0,mixer grinder,home appliances,online,Mumbai,2025-10-10 00:00:00,2,Card,0.35,MatthewMiranda@gmail.com,7462908083,successful
2584,594,Matthew Miranda,108,15000.0,mixer grinder,home appliances,online,Mumbai,2025-10-10 00:00:00,2,Card,0.35,MatthewMiranda@gmail.com,7462908083,failed
2585,242,James Pham,106,,sofa,Furniture,offline,Hyderabad,2025-06-17 00:00:00,3,Cash,0.25,JamesPham@yahoo.com,9712783250,successful
2586,592,Timothy Medina,103,1300.0,SHIRT,clothing,online,Delhi,2025-06-07 00:00:00,5,NetBanking,0.3,Timothy8@gmail.com,7059828501,successful
2587,658,Douglas Sanders,105,45000.0,TV,ELEC,offline,Bangalore,2025-11-20 00:00:00,5,NetBanking,0.3,Douglas14@gmail.com,6302697580,successful
2588,702,Robert Jackson,105,45000.0,TV,electronics,online,Delhi,2026-03-16 00:00:00,2,Card,0.15,RobertJackson@gmail.com,8175096138,successful
2589,904,Audrey Skinner,109,65000.0,refrigerator,Home Appliances,offline,Bangalore,2025-10-16 00:00:00,5,UPI,0.4,AudreySkinner@yahoo.com,6596392073,successful
2590,143,Brian Johnson,105,45000.0,TV,Electronics,offline,Chennai,2025-12-03 00:00:00,2,NetBanking,0.05,BrianJohnson@yahoo.com,6408880131,successful
2591,957,Justin Doyle,110,,microwave,home appliances,offline,Delhi,2025-11-23 00:00:00,5,Card,0.25,JustinDoyle@gmail.com,9307318406,successful
2592,309,Gary Allen,109,65000.0,refrigerator,home appliances,offline,Delhi,2025-05-19 00:00:00,2,NetBanking,0.35,Gary44@gmail.com,8595573177,successful
2593,130,Bailey Smith,106,,SOFA,Furniture,online,Hyderabad,2026-02-10 00:00:00,5,UPI,0.2,BaileySmith@outlook.com,9583091953,successful
2594,705,Amy Brewer,110,45000.0,microwave,Home Appliances,offline,Hyderabad,2025-08-25 00:00:00,2,Cash,0.1,AmyBrewer@yahoo.com,9710911218,successful
2595,371,Janice Morris,109,65000.0,REFRIGERATOR,Home Appliances,online,Mumbai,2025-07-05 00:00:00,1,UPI,0.05,Janice67@gmail.com,9856074660,successful
2596,550,Raymond Martinez,104,8000.0,shoes,Clothing,offline,Chennai,2026-01-08 00:00:00,1,Cash,0.05,Raymond11@gmail.com,7127699650,successful
2597,939,Megan Tran,105,45000.0,Tv,ELEC,offline,Hyderabad,2026-01-05 00:00:00,4,NetBanking,0.3,MeganTran@outlook.com,8531719384,successful
2598,539,Kari Austin,102,70000.0,PHONE,Electronics,offline,Bangalore,2026-03-08 00:00:00,1,Cash,0.4,KariAustin@outlook.com,8841660010,successful
2599,871,Joel Hall,105,45000.0,TV,electronics,online,Chennai,2025-08-07 00:00:00,5,Card,0.15,Joel21@gmail.com,8984815629,successful
2600,16,Cesar Dean,101,250000.0,Laptop,Electronics,online,Bangalore,2025-11-13 00:00:00,5,Cash,0.4,Cesar32@gmail.com,9230225103,successful
2601,681,Heather Williams,106,80000.0,sofa,Furniture,offline,Mumbai,2025-10-08 00:00:00,3,Card,0.35,HeatherWilliams@outlook.com,7511129467,successful
2602,435,Wendy Robinson,108,15000.0,MIXER GRINDER,home appliances,online,Delhi,2026-07-04 00:00:00,3,Cash,0.25,WendyRobinson@gmail.com,7891934454,successful
2603,154,Michael Smith,110,45000.0,Microwave,HOME,offline,Chennai,2025-08-10 00:00:00,5,Cash,0.1,MichaelSmith@yahoo.com,9453724650,successful
2604,644,John Parrish,104,8000.0,SHOES,Clothing,offline,Delhi,2026-03-05 00:00:00,5,Cash,0.35,JohnParrish@gmail.com,7075517481,successful
2605,2,Steven Evans,101,250000.0,LAPTOP,electronics,online,Delhi,01-22-2026,2,Cash,0.15,StevenEvans@gmail.com,9464982287,successful
2606,459,Jason Moreno,109,65000.0,refrigerator,HOME,online,Mumbai,2025-07-10 00:00:00,4,Card,0.05,JasonMoreno@gmail.com,6781402001,successful
2606,459,Jason Moreno,109,65000.0,refrigerator,HOME,online,Mumbai,2025-07-10 00:00:00,4,Card,0.05,JasonMoreno@gmail.com,6781402001,failed
2607,246,Franklin Carlson,103,,Shirt,Clothing,online,Delhi,2026-01-15 00:00:00,3,Card,0.15,FranklinCarlson@yahoo.com,8125595377,successful
2608,275,Edward Beck,102,70000.0,phone,ELEC,online,Bangalore,12-16-2025,5,Card,0.35,EdwardBeck@yahoo.com,8702404934,successful
2609,900,Gary Phillips,104,,shoes,clothing,offline,Bangalore,2025-09-21 00:00:00,3,NetBanking,0.15,GaryPhillips@yahoo.com,8740934646,successful
2610,148,Christopher Shepherd,105,45000.0,Tv,electronics,offline,Hyderabad,2025-10-05 00:00:00,3,NetBanking,0.25,ChristopherShepherd@gmail.com,9815661250,successful
2611,471,Jamie Kelly,104,8000.0,Shoes,Clothing,offline,Chennai,2025-08-06 00:00:00,1,NetBanking,0.4,Jamie55@gmail.com,6555479015,successful
2612,588,Casey Edwards,105,45000.0,tv,Electronics,offline,Delhi,2026-02-23 00:00:00,4,Cash,0.05,CaseyEdwards@gmail.com,6247621845,successful
2613,45,Tasha Baker,102,70000.0,Phone,Electronics,offline,Delhi,2025-06-15 00:00:00,2,Card,0.1,TashaBaker@gmail.com,7562005843,successful
2614,253,Emily Rodriguez,109,65000.0,refrigerator,home appliances,offline,Delhi,2025-12-01 00:00:00,5,UPI,0.1,EmilyRodriguez@gmail.com,9526826545,successful
2615,421,Rebecca Holland,109,65000.0,refrigerator,home appliances,offline,Delhi,2026-05-01 00:00:00,5,Card,0.25,Rebecca15@gmail.com,6166462960,successful
2616,93,Judith Sanchez,107,50000.0,dining table,Furniture,offline,Mumbai,2025-10-16 00:00:00,5,UPI,0.15,JudithSanchez@yahoo.com,8482107676,successful
2617,945,Misty Parker,105,45000.0,tv,electronics,online,Hyderabad,2025-09-03 00:00:00,4,UPI,0.1,Misty47@gmail.com,6061858545,successful
2618,43,Jennifer Frye,103,1300.0,shirt,Clothing,online,Chennai,2025-05-26 00:00:00,3,Cash,0.05,JenniferFrye@outlook.com,8475221395,successful
2619,296,Katherine Frazier,110,45000.0,MICROWAVE,HOME,online,Bangalore,10-31-2025,1,NetBanking,0.1,KatherineFrazier@yahoo.com,7255496097,successful
2620,60,Kathleen Moreno,108,15000.0,Mixer grinder,home appliances,offline,Bangalore,05-20-2025,1,UPI,0.15,Kathleen41@gmail.com,9538071955,successful
2621,967,Brittany Bush,107,50000.0,Dining table,Furniture,online,Hyderabad,10-21-2025,4,Cash,0.05,BrittanyBush@yahoo.com,8867314454,successful
2622,881,Sarah Guerrero,107,50000.0,DINING TABLE,furniture,offline,Bangalore,2025-06-21 00:00:00,3,UPI,0.15,SarahGuerrero@yahoo.com,7147248911,successful
2623,144,Amber Boyd,109,65000.0,REFRIGERATOR,HOME,online,Mumbai,2026-08-03 00:00:00,3,Cash,0.2,Amber13@gmail.com,9100165581,successful
2624,504,Victor Hendricks,102,70000.0,PHONE,electronics,online,Mumbai,2025-06-06 00:00:00,4,NetBanking,0.05,VictorHendricks@gmail.com,6589400307,successful
2625,966,Susan Phillips,110,,MICROWAVE,HOME,offline,Delhi,08-19-2025,1,UPI,0.2,SusanPhillips@gmail.com,8202203718,successful
2626,703,David Austin,109,,refrigerator,HOME,online,Delhi,2026-03-30 00:00:00,4,Cash,0.35,DavidAustin@yahoo.com,6814272395,successful
2627,502,Amy Stewart,104,8000.0,SHOES,CLOTH,offline,Delhi,2025-11-15 00:00:00,3,Cash,0.05,AmyStewart@gmail.com,9928097862,successful
2628,188,Allison Oliver,109,65000.0,refrigerator,HOME,online,Hyderabad,07-18-2025,5,Cash,0.1,AllisonOliver@gmail.com,9833717624,successful
2629,172,Daniel Smith,107,50000.0,DINING TABLE,furniture,online,Delhi,2026-02-06 00:00:00,2,NetBanking,0.1,Daniel30@gmail.com,6589542879,successful
2630,377,Michael Black,110,45000.0,Microwave,Home Appliances,online,Mumbai,2025-12-08 00:00:00,1,UPI,0.05,Michael57@gmail.com,6048303502,successful
2631,888,Jade Garza,104,8000.0,shoes,CLOTH,offline,Hyderabad,2025-08-13 00:00:00,1,Cash,0.4,JadeGarza@outlook.com,6736205623,successful
2632,52,David Hernandez,109,65000.0,REFRIGERATOR,Home Appliances,online,Mumbai,2025-06-09 00:00:00,1,Card,0.35,DavidHernandez@gmail.com,9319072999,successful
2633,465,Heather Walker,107,50000.0,Dining table,Furniture,online,Hyderabad,2025-11-20 00:00:00,2,UPI,0.15,HeatherWalker@gmail.com,8982161402,successful
2634,463,Kevin Cruz,107,50000.0,DINING TABLE,FURN,offline,Delhi,2025-09-05 00:00:00,3,NetBanking,0.2,KevinCruz@gmail.com,8067854173,successful
2635,260,Cynthia Fields,106,80000.0,sofa,furniture,offline,Chennai,2025-03-12 00:00:00,5,NetBanking,0.4,CynthiaFields@gmail.com,6824635111,successful
2636,417,Kristina Lewis,107,50000.0,dining table,FURN,offline,Delhi,03-31-2026,4,Card,0.3,KristinaLewis@gmail.com,7869899732,successful
2637,312,James Morales,110,45000.0,microwave,home appliances,online,Bangalore,2026-04-01 00:00:00,5,UPI,0.2,JamesMorales@yahoo.com,8188620000,successful
2638,281,Ashley Anderson,101,250000.0,Laptop,Electronics,online,Bangalore,02-16-2026,2,UPI,0.15,Ashley63@gmail.com,9915615033,successful
2639,604,Craig Miller,107,50000.0,Dining table,Furniture,offline,Chennai,2026-04-08 00:00:00,3,NetBanking,0.2,CraigMiller@outlook.com,6811872647,successful
2640,277,Robert Baker,101,,laptop,Electronics,online,Hyderabad,2025-04-27 00:00:00,2,Card,0.3,RobertBaker@gmail.com,9147949651,successful
2641,692,Paige Brown,102,70000.0,phone,Electronics,offline,Bangalore,12-20-2025,3,UPI,0.35,PaigeBrown@outlook.com,6679987367,successful
2642,273,John Evans,101,250000.0,Laptop,ELEC,offline,Hyderabad,2026-12-04 00:00:00,4,NetBanking,0.05,JohnEvans@outlook.com,9981751499,successful
2643,647,Michelle Conway,103,1300.0,Shirt,Clothing,offline,Chennai,2025-04-16 00:00:00,2,NetBanking,0.05,MichelleConway@yahoo.com,9030419105,successful
2643,647,Michelle Conway,103,1300.0,Shirt,Clothing,offline,Chennai,2025-04-16 00:00:00,2,NetBanking,0.05,MichelleConway@yahoo.com,9030419105,failed
2644,337,Cameron Myers,106,80000.0,sofa,Furniture,offline,Chennai,2026-04-14 00:00:00,5,NetBanking,0.05,Cameron63@gmail.com,8961771877,successful
2645,680,Benjamin Anderson,106,,sofa,Furniture,offline,Delhi,2025-03-05 00:00:00,3,Card,0.4,BenjaminAnderson@yahoo.com,7059506812,successful
2646,585,Clifford Hayes,104,8000.0,SHOES,Clothing,offline,Delhi,11-14-2025,3,UPI,0.35,CliffordHayes@gmail.com,6579201942,successful
2647,582,Kristin Bradley,106,80000.0,Sofa,Furniture,online,Hyderabad,2025-10-03 00:00:00,3,NetBanking,0.2,Kristin95@gmail.com,7489521944,successful
2648,959,Andrea Bailey,102,70000.0,Phone,electronics,online,Chennai,2025-12-08 00:00:00,3,Card,0.1,AndreaBailey@gmail.com,6729410607,successful
2649,440,Tracy Sheppard,105,45000.0,Tv,ELEC,offline,Hyderabad,2025-07-02 00:00:00,4,NetBanking,0.35,TracySheppard@gmail.com,6538673396,successful
2650,846,Chris Garcia,104,8000.0,shoes,Clothing,offline,Hyderabad,08-23-2025,5,Card,0.05,ChrisGarcia@yahoo.com,8642569191,successful
2651,565,Craig Moore,103,1300.0,shirt,CLOTH,online,Mumbai,2025-11-07 00:00:00,5,Cash,0.05,CraigMoore@gmail.com,9983242911,successful
2652,363,Leonard Travis,106,80000.0,Sofa,Furniture,offline,Delhi,08-30-2025,5,UPI,0.1,LeonardTravis@gmail.com,9034700472,successful
2653,928,Katherine Oneal,110,45000.0,MICROWAVE,HOME,online,Bangalore,2026-01-05 00:00:00,2,Cash,0.4,KatherineOneal@gmail.com,8779890522,successful
2654,288,Darren Parker,106,80000.0,SOFA,FURN,offline,Hyderabad,10-25-2025,2,UPI,0.05,DarrenParker@outlook.com,7734023569,successful
2655,569,Lindsay Levine,106,80000.0,sofa,furniture,online,Mumbai,2025-12-05 00:00:00,4,UPI,0.1,Lindsay32@gmail.com,6194157618,successful
2655,569,Lindsay Levine,106,80000.0,sofa,furniture,online,Mumbai,2025-12-05 00:00:00,4,UPI,0.1,Lindsay32@gmail.com,6194157618,failed
2656,478,Crystal Mejia,104,,SHOES,CLOTH,online,Mumbai,2025-12-15 00:00:00,4,Cash,0.35,CrystalMejia@outlook.com,8434061187,successful
2657,196,Mary Hicks,109,,Refrigerator,home appliances,online,Chennai,2026-03-11 00:00:00,2,NetBanking,0.25,MaryHicks@gmail.com,7873921272,successful
2658,109,Michael Walker,102,70000.0,Phone,electronics,offline,Mumbai,2026-03-11 00:00:00,3,UPI,0.25,MichaelWalker@yahoo.com,9982367171,successful
2659,918,Grant Harris,107,50000.0,dining table,furniture,online,Bangalore,2025-10-31 00:00:00,4,Cash,0.1,GrantHarris@outlook.com,9540714421,successful
2660,735,Elizabeth Kemp,109,,Refrigerator,HOME,offline,Bangalore,2025-10-31 00:00:00,2,Card,0.2,ElizabethKemp@yahoo.com,6508791868,successful
2661,715,Rachel Hogan,108,15000.0,Mixer grinder,home appliances,offline,Delhi,2025-11-06 00:00:00,2,Cash,0.05,RachelHogan@yahoo.com,8130470977,successful
2662,688,Peter Chavez,107,50000.0,Dining table,Furniture,offline,Mumbai,2025-08-12 00:00:00,1,UPI,0.35,PeterChavez@outlook.com,8803152648,successful
2663,44,John Saunders,107,,dining table,Furniture,online,Mumbai,2026-03-10 00:00:00,4,NetBanking,0.4,JohnSaunders@outlook.com,9865305526,successful
2664,29,Leah Dunn,103,1300.0,shirt,clothing,offline,Hyderabad,2025-09-05 00:00:00,3,UPI,0.1,LeahDunn@outlook.com,7728416479,successful
2665,321,Chris Garcia,110,45000.0,Microwave,Home Appliances,offline,Mumbai,2025-01-09 00:00:00,3,Cash,0.1,ChrisGarcia@outlook.com,9828935695,successful
2666,912,Brian Randall,110,45000.0,microwave,Home Appliances,offline,Mumbai,2025-08-08 00:00:00,1,Cash,0.4,BrianRandall@yahoo.com,7614413966,successful
2667,960,Michaela Brown,106,80000.0,sofa,FURN,offline,Delhi,2025-09-27 00:00:00,5,Cash,0.2,MichaelaBrown@yahoo.com,9847649942,successful
2668,11,James Leblanc,106,80000.0,SOFA,FURN,offline,Delhi,2025-08-19 00:00:00,3,Cash,0.1,James92@gmail.com,8278100360,successful
2669,224,Benjamin Reyes,101,250000.0,LAPTOP,ELEC,online,Mumbai,2026-02-20 00:00:00,5,Cash,0.25,Benjamin12@gmail.com,7758231609,successful
2670,750,Kristi Blackwell,101,250000.0,LAPTOP,electronics,offline,Hyderabad,2025-10-28 00:00:00,3,NetBanking,0.4,KristiBlackwell@yahoo.com,7744513501,successful
2671,894,Felicia Rollins,106,80000.0,SOFA,furniture,offline,Bangalore,2025-07-31 00:00:00,1,NetBanking,0.25,FeliciaRollins@yahoo.com,8831488195,successful
2672,652,Charles Fleming,110,45000.0,Microwave,Home Appliances,offline,Delhi,2026-01-21 00:00:00,1,NetBanking,0.2,CharlesFleming@yahoo.com,7387454499,successful
2673,864,Cameron Black,110,45000.0,MICROWAVE,HOME,offline,Chennai,2026-02-22 00:00:00,4,Card,0.25,CameronBlack@yahoo.com,9938169477,successful
2674,81,Michael Wagner,105,45000.0,tv,Electronics,online,Chennai,05-22-2025,5,UPI,0.35,MichaelWagner@yahoo.com,9716917974,successful
2675,504,Victor Hendricks,105,45000.0,Tv,electronics,offline,Mumbai,2025-05-02 00:00:00,3,Cash,0.05,VictorHendricks@gmail.com,6589400307,successful
2676,67,Jamie Harvey,107,50000.0,Dining table,FURN,offline,Chennai,2025-09-21 00:00:00,4,Cash,0.3,Jamie61@gmail.com,7408465928,successful
2677,228,James Hernandez,105,45000.0,tv,electronics,online,Hyderabad,04-24-2025,1,UPI,0.4,JamesHernandez@outlook.com,6846484253,successful
2677,228,James Hernandez,105,45000.0,tv,electronics,online,Hyderabad,04-24-2025,1,UPI,0.4,JamesHernandez@outlook.com,6846484253,failed
2678,542,Angela Martin,109,65000.0,refrigerator,Home Appliances,online,Chennai,2025-12-23 00:00:00,1,NetBanking,0.3,AngelaMartin@outlook.com,6677376387,successful
2679,616,Misty Gregory,103,1300.0,shirt,CLOTH,offline,Bangalore,2025-10-14 00:00:00,4,Card,0.3,MistyGregory@gmail.com,7226743156,successful
2680,640,Carrie Jacobson,106,80000.0,SOFA,furniture,online,Bangalore,2025-05-31 00:00:00,3,Cash,0.1,CarrieJacobson@outlook.com,7271002507,successful
2681,988,John Thomas,109,65000.0,refrigerator,Home Appliances,offline,Delhi,09-21-2025,4,NetBanking,0.4,John19@gmail.com,9168109139,successful
2682,299,Megan Harris,102,,phone,Electronics,offline,Chennai,2026-01-11 00:00:00,4,NetBanking,0.4,MeganHarris@gmail.com,6759691134,successful
2683,259,Kevin Ramirez,107,50000.0,DINING TABLE,Furniture,offline,Hyderabad,2025-05-31 00:00:00,2,Card,0.35,KevinRamirez@outlook.com,8654718185,successful
2684,744,Ashley Hull,101,250000.0,Laptop,ELEC,online,Chennai,06-14-2025,3,NetBanking,0.2,AshleyHull@outlook.com,6712629482,successful
2685,301,Alexandra Nguyen,107,50000.0,dining table,furniture,offline,Delhi,01-18-2026,1,Card,0.35,AlexandraNguyen@gmail.com,6824349566,successful
2686,911,Kelly Le,103,1300.0,shirt,clothing,online,Delhi,2026-04-08 00:00:00,5,Card,0.05,KellyLe@outlook.com,6813665769,successful
2687,940,Nicole Briggs,102,70000.0,phone,electronics,online,Chennai,2025-12-18 00:00:00,2,Card,0.25,Nicole57@gmail.com,6683550293,successful
2688,515,Amy Lee,103,1300.0,Shirt,Clothing,offline,Chennai,2025-04-19 00:00:00,1,Cash,0.05,AmyLee@yahoo.com,6621930756,successful
2689,408,Hannah Russell,103,1300.0,shirt,CLOTH,offline,Hyderabad,2026-01-02 00:00:00,3,Cash,0.3,HannahRussell@yahoo.com,9773223608,successful
2690,302,James Robles,108,15000.0,Mixer grinder,HOME,offline,Bangalore,2025-07-08 00:00:00,4,UPI,0.25,JamesRobles@gmail.com,6180165908,successful
2690,302,James Robles,108,15000.0,Mixer grinder,HOME,offline,Bangalore,2025-07-08 00:00:00,4,UPI,0.25,JamesRobles@gmail.com,6180165908,failed
2691,761,Larry Yates,110,45000.0,MICROWAVE,HOME,offline,Chennai,2025-06-05 00:00:00,5,Cash,0.4,LarryYates@gmail.com,6304241557,successful
2692,432,Charles Nelson,110,,Microwave,Home Appliances,offline,Mumbai,2025-07-28 00:00:00,5,Card,0.05,CharlesNelson@yahoo.com,9047961774,successful
2693,290,Megan Carter,106,80000.0,sofa,Furniture,offline,Chennai,2025-08-28 00:00:00,4,Card,0.25,MeganCarter@yahoo.com,6205851923,successful
2694,193,Mary White,105,45000.0,TV,Electronics,online,Bangalore,2025-08-11 00:00:00,3,UPI,0.35,MaryWhite@yahoo.com,8365367194,successful
2695,199,Marissa Cortez,105,45000.0,Tv,electronics,online,Chennai,11-25-2025,2,Cash,0.25,Marissa45@gmail.com,6518480400,successful
2696,15,Robin Ray,101,250000.0,laptop,ELEC,offline,Chennai,2025-07-21 00:00:00,4,Card,0.1,RobinRay@outlook.com,6680791348,successful
2697,835,Juan Watkins,108,,mixer grinder,HOME,online,Delhi,2025-07-28 00:00:00,3,Card,0.35,JuanWatkins@outlook.com,7972862580,successful
2698,507,Thomas Cameron,106,80000.0,SOFA,Furniture,offline,Delhi,10-24-2025,2,NetBanking,0.2,ThomasCameron@outlook.com,9216552264,successful
2699,234,Kristin Taylor,109,65000.0,refrigerator,HOME,online,Delhi,2025-07-15 00:00:00,3,Card,0.35,KristinTaylor@outlook.com,6166223410,successful
2699,234,Kristin Taylor,109,65000.0,refrigerator,HOME,online,Delhi,2025-07-15 00:00:00,3,Card,0.35,KristinTaylor@outlook.com,6166223410,failed
2700,363,Leonard Travis,109,65000.0,REFRIGERATOR,Home Appliances,online,Delhi,2026-03-24 00:00:00,2,NetBanking,0.15,LeonardTravis@gmail.com,9034700472,successful
2701,186,Dawn Garrett,101,250000.0,laptop,ELEC,online,Chennai,2025-07-22 00:00:00,3,Cash,0.15,Dawn29@gmail.com,9627230201,successful
2702,16,Cesar Dean,110,45000.0,microwave,Home Appliances,online,Bangalore,2025-12-25 00:00:00,4,NetBanking,0.05,Cesar32@gmail.com,9230225103,successful
2703,600,James Schaefer,105,45000.0,TV,Electronics,online,Chennai,02-27-2026,2,NetBanking,0.05,James62@gmail.com,9201434220,successful
2704,539,Kari Austin,102,70000.0,PHONE,ELEC,online,Bangalore,11-20-2025,5,UPI,0.2,KariAustin@outlook.com,8841660010,successful
2705,296,Katherine Frazier,102,70000.0,Phone,Electronics,offline,Bangalore,2025-10-12 00:00:00,3,UPI,0.4,KatherineFrazier@yahoo.com,7255496097,successful
2706,951,Richard Miller,105,45000.0,TV,Electronics,online,Mumbai,2026-02-12 00:00:00,4,Card,0.05,RichardMiller@yahoo.com,7109726379,successful
2707,689,Kevin Davis,102,,phone,ELEC,online,Bangalore,2026-03-06 00:00:00,5,NetBanking,0.35,Kevin28@gmail.com,6174329178,successful
2708,846,Chris Garcia,109,65000.0,refrigerator,Home Appliances,online,Hyderabad,2025-05-11 00:00:00,5,Card,0.35,ChrisGarcia@yahoo.com,8642569191,successful
2709,100,Thomas Walker,104,,Shoes,Clothing,online,Delhi,2025-05-30 00:00:00,5,Card,0.4,ThomasWalker@yahoo.com,6417134824,successful
2710,180,Chelsea Meyer,106,80000.0,SOFA,Furniture,offline,Bangalore,02-18-2026,3,Cash,0.1,ChelseaMeyer@yahoo.com,6390106560,successful
2711,728,Lisa Miller,102,70000.0,phone,Electronics,offline,Chennai,2025-07-09 00:00:00,1,NetBanking,0.05,LisaMiller@gmail.com,8704743795,successful
2712,230,Jose Guerrero,108,15000.0,Mixer grinder,home appliances,offline,Hyderabad,2026-12-03 00:00:00,2,Cash,0.15,Jose24@gmail.com,7235645176,successful
2713,881,Sarah Guerrero,102,,phone,electronics,offline,Bangalore,2026-05-04 00:00:00,5,NetBanking,0.2,SarahGuerrero@yahoo.com,7147248911,successful
2714,894,Felicia Rollins,105,45000.0,tv,Electronics,online,Bangalore,2026-02-16 00:00:00,5,Cash,0.35,FeliciaRollins@yahoo.com,8831488195,successful
2715,106,James Pham,102,70000.0,phone,electronics,offline,Chennai,2025-09-26 00:00:00,3,Card,0.15,JamesPham@gmail.com,8917460047,successful
2716,54,Jessica Hernandez,101,250000.0,LAPTOP,ELEC,offline,Hyderabad,2025-12-14 00:00:00,1,Card,0.4,JessicaHernandez@outlook.com,7144391854,successful
2717,138,Andrea Olson,108,15000.0,MIXER GRINDER,HOME,offline,Bangalore,01-14-2026,3,NetBanking,0.35,AndreaOlson@gmail.com,6075508168,successful
2718,131,Pamela Peterson,103,1300.0,SHIRT,CLOTH,online,Bangalore,2025-10-08 00:00:00,5,Cash,0.35,PamelaPeterson@gmail.com,6535198147,successful
2719,647,Michelle Conway,108,15000.0,MIXER GRINDER,home appliances,online,Chennai,2025-04-16 00:00:00,4,NetBanking,0.3,MichelleConway@yahoo.com,9030419105,successful
2720,933,Zachary Khan,101,250000.0,laptop,ELEC,online,Bangalore,2026-04-03 00:00:00,4,NetBanking,0.15,Zachary6@gmail.com,9316003581,successful
2721,43,Jennifer Frye,101,250000.0,laptop,ELEC,online,Chennai,2026-01-01 00:00:00,4,Card,0.35,JenniferFrye@outlook.com,8475221395,successful
2722,261,Ronnie Martin,110,45000.0,Microwave,Home Appliances,offline,Bangalore,2025-03-05 00:00:00,4,NetBanking,0.05,RonnieMartin@yahoo.com,8466121260,successful
2723,819,Daniel Vang,102,70000.0,Phone,Electronics,online,Chennai,03-21-2026,5,Cash,0.1,DanielVang@outlook.com,8622339771,successful
2724,265,Frederick Ortiz,105,45000.0,TV,ELEC,offline,Bangalore,2025-10-06 00:00:00,4,UPI,0.4,FrederickOrtiz@yahoo.com,8717021554,successful
2725,924,Mikayla Krause,106,80000.0,sofa,FURN,offline,Hyderabad,12-21-2025,1,UPI,0.3,MikaylaKrause@outlook.com,6928627031,successful
2726,296,Katherine Frazier,101,250000.0,Laptop,ELEC,online,Bangalore,2026-01-16 00:00:00,2,UPI,0.35,KatherineFrazier@yahoo.com,7255496097,successful
2727,671,Sarah Frederick,106,80000.0,sofa,Furniture,online,Chennai,01-28-2026,4,UPI,0.15,SarahFrederick@outlook.com,6659595538,successful
2728,779,Daniel Nielsen,105,45000.0,TV,electronics,offline,Chennai,2025-06-11 00:00:00,4,NetBanking,0.4,Daniel87@gmail.com,6210701407,successful
2729,189,Melinda Rodriguez,106,80000.0,Sofa,FURN,offline,Chennai,2025-04-28 00:00:00,4,Card,0.05,MelindaRodriguez@outlook.com,8256869897,successful
2730,845,Sara Smith,108,15000.0,mixer grinder,Home Appliances,online,Chennai,2025-04-26 00:00:00,5,UPI,0.15,SaraSmith@outlook.com,6120630226,successful
2731,422,Patrick Ramirez,108,15000.0,Mixer grinder,home appliances,offline,Delhi,01-22-2026,2,Cash,0.2,Patrick42@gmail.com,6324645459,successful
2732,338,Lisa Garrison,103,1300.0,shirt,CLOTH,online,Delhi,2025-04-26 00:00:00,5,Card,0.35,LisaGarrison@outlook.com,6733039437,successful
2733,822,Christine Rivera,103,1300.0,SHIRT,CLOTH,offline,Hyderabad,2025-05-26 00:00:00,2,Cash,0.05,ChristineRivera@yahoo.com,6691516621,successful
2734,59,Mathew Jackson,102,70000.0,phone,Electronics,offline,Hyderabad,2026-03-22 00:00:00,2,Card,0.15,Mathew53@gmail.com,7446792008,successful
2735,987,Daniel Harper,104,8000.0,shoes,CLOTH,online,Delhi,10-28-2025,5,UPI,0.05,DanielHarper@outlook.com,6165551659,successful
2736,98,Cindy Mueller,109,65000.0,Refrigerator,Home Appliances,offline,Chennai,2026-01-27 00:00:00,1,NetBanking,0.15,CindyMueller@outlook.com,7228634089,successful
2737,727,Rodney Simmons,101,250000.0,Laptop,electronics,offline,Bangalore,2026-03-27 00:00:00,2,Card,0.4,RodneySimmons@outlook.com,7718353682,successful
2738,190,Heather Martinez,107,50000.0,DINING TABLE,FURN,offline,Chennai,2026-03-11 00:00:00,1,UPI,0.35,HeatherMartinez@gmail.com,9389683476,successful
2739,192,Nina Robinson,104,8000.0,Shoes,clothing,online,Bangalore,2026-04-01 00:00:00,4,Card,0.4,Nina44@gmail.com,6234197116,successful
2739,192,Nina Robinson,104,8000.0,Shoes,clothing,online,Bangalore,2026-04-01 00:00:00,4,Card,0.4,Nina44@gmail.com,6234197116,failed
2740,699,Kristin Hawkins,102,70000.0,PHONE,Electronics,online,Mumbai,2026-03-16 00:00:00,4,Card,0.15,KristinHawkins@yahoo.com,6233553116,successful
2741,450,Matthew Martinez,107,50000.0,dining table,FURN,offline,Bangalore,05-23-2025,2,Cash,0.35,MatthewMartinez@outlook.com,6157774344,successful
2742,519,Kylie Ferguson,106,80000.0,Sofa,furniture,online,Bangalore,2026-02-08 00:00:00,3,Card,0.3,KylieFerguson@yahoo.com,9256896178,successful
2743,896,Tara Church,108,15000.0,Mixer grinder,Home Appliances,online,Mumbai,2026-04-09 00:00:00,3,Cash,0.25,TaraChurch@yahoo.com,7251570847,successful
2744,797,Anthony Martinez,102,70000.0,phone,Electronics,online,Bangalore,2025-10-01 00:00:00,5,UPI,0.1,Anthony41@gmail.com,7004300534,successful
2745,425,Lindsay Buchanan,102,70000.0,phone,Electronics,online,Hyderabad,01-20-2026,3,Card,0.4,LindsayBuchanan@outlook.com,8306771779,successful
2746,241,James Gonzales,108,15000.0,Mixer grinder,Home Appliances,offline,Chennai,2025-08-03 00:00:00,1,UPI,0.1,James93@gmail.com,6076669128,successful
2746,241,James Gonzales,108,15000.0,Mixer grinder,Home Appliances,offline,Chennai,2025-08-03 00:00:00,1,UPI,0.1,James93@gmail.com,6076669128,failed
2747,409,Elizabeth Watson,110,45000.0,MICROWAVE,Home Appliances,offline,Bangalore,07-13-2025,5,Card,0.35,ElizabethWatson@outlook.com,6182625929,successful
2748,569,Lindsay Levine,106,,sofa,furniture,online,Mumbai,2025-05-06 00:00:00,5,Cash,0.15,Lindsay32@gmail.com,6194157618,successful
2749,264,Kelli Johnson,108,15000.0,mixer grinder,home appliances,online,Bangalore,12-28-2025,4,UPI,0.1,Kelli81@gmail.com,9866676731,successful
2750,897,Johnathan Fox,103,1300.0,Shirt,clothing,offline,Mumbai,2026-04-08 00:00:00,3,Card,0.15,JohnathanFox@gmail.com,6738144977,successful
2751,501,Tammy Gomez,101,250000.0,Laptop,ELEC,online,Bangalore,2025-05-17 00:00:00,5,Cash,0.2,TammyGomez@yahoo.com,6653151201,successful
2752,140,Aaron Black,102,70000.0,Phone,Electronics,offline,Chennai,2025-07-12 00:00:00,2,UPI,0.3,AaronBlack@gmail.com,6646819959,successful
2753,715,Rachel Hogan,108,15000.0,mixer grinder,home appliances,online,Delhi,2026-02-04 00:00:00,2,UPI,0.15,RachelHogan@yahoo.com,8130470977,successful
2754,628,Kelly Turner,102,70000.0,phone,ELEC,online,Chennai,2026-01-31 00:00:00,4,UPI,0.3,KellyTurner@gmail.com,8102485626,successful
2755,190,Heather Martinez,110,45000.0,MICROWAVE,HOME,online,Chennai,2025-06-22 00:00:00,1,NetBanking,0.1,HeatherMartinez@gmail.com,9389683476,successful
2756,97,Joseph Nolan,101,250000.0,laptop,electronics,offline,Bangalore,2026-03-13 00:00:00,5,UPI,0.4,JosephNolan@outlook.com,9572183593,successful
2757,557,Joseph Cowan,110,45000.0,MICROWAVE,Home Appliances,offline,Hyderabad,2026-03-28 00:00:00,2,UPI,0.35,JosephCowan@gmail.com,6442999909,successful
2758,748,Sabrina Hopkins,104,8000.0,SHOES,CLOTH,online,Chennai,2025-07-11 00:00:00,1,UPI,0.15,SabrinaHopkins@yahoo.com,7164714790,successful
2759,2,Steven Evans,106,80000.0,SOFA,Furniture,online,Delhi,2025-02-12 00:00:00,5,NetBanking,0.25,StevenEvans@gmail.com,9464982287,successful
2759,2,Steven Evans,106,80000.0,SOFA,Furniture,online,Delhi,2025-02-12 00:00:00,5,NetBanking,0.25,StevenEvans@gmail.com,9464982287,failed
2760,895,Aaron Foster,101,250000.0,Laptop,electronics,online,Bangalore,2025-06-29 00:00:00,4,Cash,0.1,AaronFoster@gmail.com,6902775793,successful
2761,128,Ethan Porter,102,70000.0,PHONE,electronics,online,Bangalore,2025-07-18 00:00:00,2,Card,0.3,EthanPorter@yahoo.com,6960954264,successful
2762,142,Charles Brown,110,45000.0,Microwave,home appliances,online,Hyderabad,2025-10-12 00:00:00,4,NetBanking,0.35,Charles7@gmail.com,9980826322,successful
2763,974,Phillip Rodriguez,104,8000.0,shoes,clothing,offline,Bangalore,2025-07-28 00:00:00,4,Cash,0.15,PhillipRodriguez@yahoo.com,8715899416,successful
2764,374,Brian King,106,80000.0,SOFA,FURN,offline,Mumbai,2025-08-13 00:00:00,5,UPI,0.3,BrianKing@gmail.com,7018727189,successful
2765,300,Tiffany Miller,104,8000.0,Shoes,Clothing,online,Hyderabad,12-26-2025,4,Cash,0.2,TiffanyMiller@outlook.com,6828480297,successful
2766,425,Lindsay Buchanan,105,45000.0,tv,Electronics,offline,Hyderabad,2025-10-06 00:00:00,2,NetBanking,0.25,LindsayBuchanan@outlook.com,8306771779,successful
2767,355,Robert Nelson,103,1300.0,shirt,CLOTH,online,Hyderabad,01-26-2026,5,Card,0.25,RobertNelson@outlook.com,9327881462,successful
2768,58,Michelle Barnes,107,50000.0,dining table,Furniture,online,Hyderabad,2025-07-12 00:00:00,1,Card,0.1,Michelle20@gmail.com,7266816620,successful
2769,456,Christopher Williams,110,45000.0,Microwave,HOME,online,Chennai,2026-01-04 00:00:00,1,Cash,0.1,Christopher33@gmail.com,7905121250,successful
2770,588,Casey Edwards,103,1300.0,Shirt,Clothing,online,Delhi,2025-11-14 00:00:00,2,Cash,0.4,CaseyEdwards@gmail.com,6247621845,successful
2771,684,Melissa Cervantes,109,65000.0,Refrigerator,HOME,offline,Mumbai,07-27-2025,2,NetBanking,0.15,MelissaCervantes@outlook.com,8661718839,successful
2772,674,Haley Alvarez,103,1300.0,Shirt,Clothing,offline,Bangalore,05-21-2025,3,UPI,0.3,HaleyAlvarez@outlook.com,9910438272,successful
2773,557,Joseph Cowan,103,1300.0,Shirt,clothing,online,Hyderabad,2026-02-03 00:00:00,3,NetBanking,0.3,JosephCowan@gmail.com,6442999909,successful
2774,999,Elizabeth Brooks,106,,Sofa,furniture,offline,Hyderabad,2026-03-25 00:00:00,1,Cash,0.05,ElizabethBrooks@yahoo.com,8844327706,successful
2775,603,Shawn Roberson,110,45000.0,microwave,Home Appliances,online,Chennai,2025-03-11 00:00:00,2,Card,0.4,ShawnRoberson@gmail.com,6400752575,successful
2776,665,Nicole Gutierrez,102,70000.0,phone,ELEC,online,Delhi,2025-12-16 00:00:00,1,Card,0.25,NicoleGutierrez@gmail.com,9329806956,successful
2777,754,Joshua Chandler,103,1300.0,shirt,CLOTH,offline,Mumbai,2025-12-27 00:00:00,3,NetBanking,0.25,Joshua16@gmail.com,8509597470,successful
2778,672,Austin Perez,108,15000.0,MIXER GRINDER,HOME,online,Delhi,2025-05-03 00:00:00,3,NetBanking,0.35,Austin35@gmail.com,6030034218,successful
2779,279,Lucas Stevens,104,8000.0,Shoes,CLOTH,offline,Hyderabad,2026-02-02 00:00:00,1,Cash,0.15,LucasStevens@outlook.com,6788203687,successful
2780,342,Jessica Fowler,104,8000.0,SHOES,CLOTH,offline,Hyderabad,09-18-2025,4,UPI,0.2,Jessica96@gmail.com,9944290818,successful
2780,342,Jessica Fowler,104,8000.0,SHOES,CLOTH,offline,Hyderabad,09-18-2025,4,UPI,0.2,Jessica96@gmail.com,9944290818,failed
2781,525,Laura Barajas,105,45000.0,Tv,Electronics,offline,Bangalore,2025-07-02 00:00:00,1,Card,0.05,Laura14@gmail.com,8564041400,successful
2782,958,Joshua West,110,45000.0,microwave,HOME,online,Hyderabad,2025-06-30 00:00:00,3,Cash,0.15,JoshuaWest@yahoo.com,9613822265,successful
2783,449,Erin Summers,101,250000.0,Laptop,electronics,online,Delhi,2025-07-20 00:00:00,1,Cash,0.05,ErinSummers@yahoo.com,9659403005,successful
2784,974,Phillip Rodriguez,106,80000.0,SOFA,Furniture,offline,Bangalore,2025-08-03 00:00:00,1,UPI,0.05,PhillipRodriguez@yahoo.com,8715899416,successful
2785,480,Denise Guerra,108,15000.0,mixer grinder,Home Appliances,offline,Hyderabad,11-19-2025,5,NetBanking,0.15,Denise5@gmail.com,7762412109,successful
2786,586,Michael Mason,101,250000.0,laptop,electronics,online,Delhi,2026-03-30 00:00:00,1,UPI,0.4,MichaelMason@outlook.com,7068178672,successful
2787,885,Alexander Jacobs,107,50000.0,dining table,FURN,offline,Delhi,2026-01-31 00:00:00,5,NetBanking,0.2,AlexanderJacobs@yahoo.com,6336336172,successful
2788,791,April Anderson,108,15000.0,mixer grinder,HOME,offline,Hyderabad,2026-01-19 00:00:00,2,Cash,0.1,AprilAnderson@gmail.com,8644446529,successful
2789,785,Michael Russell,104,8000.0,Shoes,CLOTH,offline,Chennai,2025-08-17 00:00:00,1,Cash,0.1,MichaelRussell@outlook.com,7675163407,successful
2790,212,Russell Day,108,15000.0,Mixer grinder,home appliances,offline,Bangalore,2025-06-22 00:00:00,5,NetBanking,0.15,RussellDay@yahoo.com,7810953203,successful
2791,661,Jennifer Cooper,103,1300.0,shirt,clothing,offline,Chennai,02-25-2026,1,Card,0.15,JenniferCooper@outlook.com,8051514609,successful
2792,500,Katelyn Garza,110,,microwave,home appliances,online,Bangalore,2025-12-09 00:00:00,5,Card,0.4,KatelynGarza@yahoo.com,6200950083,successful
2793,611,Robert Lucas,106,80000.0,sofa,Furniture,online,Mumbai,2025-09-01 00:00:00,5,UPI,0.25,Robert46@gmail.com,6942116473,successful
2794,657,Carly Lucas,106,80000.0,SOFA,FURN,online,Hyderabad,2025-06-17 00:00:00,5,UPI,0.3,CarlyLucas@yahoo.com,7429202685,successful
2795,523,Emily Cohen,103,1300.0,Shirt,Clothing,online,Chennai,2025-10-07 00:00:00,5,UPI,0.2,EmilyCohen@gmail.com,9199259627,successful
2796,202,Amanda Reed,105,45000.0,TV,Electronics,online,Delhi,2026-08-04 00:00:00,2,UPI,0.2,AmandaReed@yahoo.com,6574367299,successful
2797,775,Roy Chavez,109,65000.0,refrigerator,Home Appliances,offline,Chennai,2026-02-10 00:00:00,3,Card,0.3,Roy81@gmail.com,7595966010,successful
2798,957,Justin Doyle,104,,SHOES,CLOTH,offline,Delhi,2025-12-17 00:00:00,3,Card,0.3,JustinDoyle@gmail.com,9307318406,successful
2799,704,Susan Thomas,105,45000.0,Tv,electronics,offline,Chennai,09-21-2025,2,Card,0.2,SusanThomas@outlook.com,6067266032,successful
2800,913,Craig Harris,102,70000.0,Phone,Electronics,offline,Delhi,2026-03-26 00:00:00,5,Card,0.4,CraigHarris@yahoo.com,7947583910,successful
2801,877,John Warren,110,45000.0,microwave,home appliances,online,Hyderabad,2025-05-25 00:00:00,4,NetBanking,0.25,John35@gmail.com,8098700546,successful
2802,804,Tiffany Caldwell,102,70000.0,phone,electronics,online,Bangalore,2026-01-10 00:00:00,1,UPI,0.3,TiffanyCaldwell@outlook.com,8388097153,successful
2803,944,Julie Rodriguez,101,250000.0,LAPTOP,Electronics,offline,Delhi,2026-04-14 00:00:00,2,Cash,0.25,JulieRodriguez@yahoo.com,7402770779,successful
2803,944,Julie Rodriguez,101,250000.0,LAPTOP,Electronics,offline,Delhi,2026-04-14 00:00:00,2,Cash,0.25,JulieRodriguez@yahoo.com,7402770779,failed
2804,926,Lisa Reynolds,103,1300.0,Shirt,Clothing,online,Hyderabad,2025-09-15 00:00:00,4,Card,0.15,LisaReynolds@gmail.com,8911674840,successful
2805,923,George Wilkinson,107,50000.0,DINING TABLE,furniture,offline,Mumbai,2025-07-02 00:00:00,3,Card,0.4,GeorgeWilkinson@gmail.com,6517059222,successful
2806,22,James Walters,109,65000.0,refrigerator,Home Appliances,offline,Chennai,10-31-2025,5,Card,0.05,James10@gmail.com,6590464842,successful
2807,260,Cynthia Fields,104,8000.0,Shoes,Clothing,online,Chennai,01-23-2026,1,NetBanking,0.35,CynthiaFields@gmail.com,6824635111,successful
2808,14,Joseph Jones,103,1300.0,Shirt,CLOTH,online,Hyderabad,2025-11-02 00:00:00,1,NetBanking,0.3,JosephJones@gmail.com,8900905282,successful
2809,861,Tim Brock,108,15000.0,Mixer grinder,HOME,online,Bangalore,2026-02-12 00:00:00,4,Card,0.35,TimBrock@outlook.com,8893431491,successful
2809,861,Tim Brock,108,15000.0,Mixer grinder,HOME,online,Bangalore,2026-02-12 00:00:00,4,Card,0.35,TimBrock@outlook.com,8893431491,failed
2810,38,Laura Shelton,110,45000.0,microwave,Home Appliances,online,Bangalore,2026-04-03 00:00:00,1,Card,0.05,LauraShelton@gmail.com,6595077405,successful
2811,508,Jesus Decker,102,70000.0,PHONE,electronics,online,Bangalore,2025-12-16 00:00:00,3,Card,0.3,JesusDecker@gmail.com,6995878892,successful
2812,221,David Hart,103,1300.0,shirt,CLOTH,offline,Hyderabad,02-25-2026,2,Cash,0.05,David97@gmail.com,9763541312,successful
2813,139,Melissa Peterson,101,,LAPTOP,ELEC,online,Mumbai,2025-08-20 00:00:00,1,UPI,0.2,MelissaPeterson@outlook.com,8721382133,successful
2814,258,Larry Taylor,102,70000.0,phone,ELEC,offline,Chennai,2025-05-01 00:00:00,1,Card,0.15,LarryTaylor@yahoo.com,9823327795,successful
2815,207,Tonya Lopez,110,45000.0,microwave,home appliances,offline,Bangalore,04-24-2025,4,UPI,0.15,TonyaLopez@gmail.com,8023940519,successful
2816,874,Samuel Patel,101,,laptop,ELEC,online,Mumbai,2025-10-12 00:00:00,1,NetBanking,0.2,Samuel51@gmail.com,6800413067,successful
2817,388,Daniel Wilson,104,8000.0,shoes,CLOTH,offline,Bangalore,2026-03-29 00:00:00,3,UPI,0.25,DanielWilson@gmail.com,8047330453,successful
2818,893,Taylor Walton,110,45000.0,MICROWAVE,home appliances,offline,Delhi,2026-03-30 00:00:00,2,UPI,0.3,TaylorWalton@outlook.com,7181735386,successful
2819,594,Matthew Miranda,106,80000.0,SOFA,FURN,offline,Mumbai,2026-02-02 00:00:00,-2,UPI,0.3,MatthewMiranda@gmail.com,7462908083,successful
2820,614,Gregory Hernandez,105,45000.0,tv,Electronics,offline,Delhi,2026-03-26 00:00:00,2,Cash,0.4,GregoryHernandez@outlook.com,6910182995,successful
2821,10,Tracy Olson,109,65000.0,REFRIGERATOR,HOME,online,Delhi,2025-04-05 00:00:00,1,Card,0.35,TracyOlson@yahoo.com,6972129098,successful
2822,997,Destiny Fields,102,70000.0,phone,ELEC,offline,Mumbai,2025-11-30 00:00:00,2,UPI,0.1,DestinyFields@yahoo.com,9888482916,successful
2823,956,Christopher Ramos,101,,Laptop,electronics,online,Delhi,2025-11-19 00:00:00,2,NetBanking,0.25,Christopher62@gmail.com,7268196145,successful
2824,303,Derek Rose,101,250000.0,LAPTOP,Electronics,online,Chennai,2025-05-09 00:00:00,3,NetBanking,0.35,Derek21@gmail.com,9660861211,successful
2825,10,Tracy Olson,105,45000.0,TV,ELEC,online,Delhi,12-19-2025,3,Cash,0.3,TracyOlson@yahoo.com,6972129098,successful
2826,703,David Austin,103,1300.0,Shirt,clothing,online,Delhi,04-25-2025,5,Cash,0.4,DavidAustin@yahoo.com,6814272395,successful
2827,195,Janice Berry,110,45000.0,MICROWAVE,HOME,offline,Bangalore,2025-08-28 00:00:00,5,NetBanking,0.3,JaniceBerry@yahoo.com,9106838500,successful
2828,576,Angela Weiss,107,50000.0,Dining table,furniture,online,Delhi,2025-06-18 00:00:00,4,Card,0.2,AngelaWeiss@yahoo.com,6433163539,successful
2829,634,Melissa Marshall,101,250000.0,Laptop,electronics,online,Mumbai,01-23-2026,4,Card,0.15,MelissaMarshall@outlook.com,7477179039,successful
2829,634,Melissa Marshall,101,250000.0,Laptop,electronics,online,Mumbai,01-23-2026,4,Card,0.15,MelissaMarshall@outlook.com,7477179039,failed
2830,922,Isaiah Watson,103,1300.0,shirt,Clothing,offline,Bangalore,2026-03-29 00:00:00,3,UPI,0.3,Isaiah53@gmail.com,9177789837,successful
2831,726,Joshua Walker,107,50000.0,DINING TABLE,Furniture,offline,Mumbai,2025-09-23 00:00:00,3,Cash,0.1,JoshuaWalker@outlook.com,9234629809,successful
2832,713,Jason Griffin,101,250000.0,LAPTOP,electronics,online,Hyderabad,2025-10-09 00:00:00,3,UPI,0.05,Jason36@gmail.com,8944628007,successful
2833,426,Amber Hess,107,50000.0,Dining table,furniture,offline,Bangalore,2025-05-18 00:00:00,5,UPI,0.25,AmberHess@gmail.com,8268625074,successful
2834,585,Clifford Hayes,109,65000.0,REFRIGERATOR,home appliances,offline,Delhi,05-30-2025,2,Card,0.4,CliffordHayes@gmail.com,6579201942,successful
2835,595,Jennifer Johnson,104,8000.0,Shoes,CLOTH,online,Hyderabad,03-27-2026,1,UPI,0.1,JenniferJohnson@yahoo.com,7037522512,successful
2835,595,Jennifer Johnson,104,8000.0,Shoes,CLOTH,online,Hyderabad,03-27-2026,1,UPI,0.1,JenniferJohnson@yahoo.com,7037522512,failed
2836,780,Elizabeth Miller,102,,PHONE,electronics,online,Delhi,2025-07-05 00:00:00,2,NetBanking,0.2,ElizabethMiller@yahoo.com,8279569798,successful
2837,521,Christopher Colon,104,8000.0,SHOES,clothing,online,Hyderabad,2025-07-05 00:00:00,1,UPI,0.4,ChristopherColon@gmail.com,9064299928,successful
2838,52,David Hernandez,104,8000.0,shoes,CLOTH,online,Mumbai,12-25-2025,4,NetBanking,0.4,DavidHernandez@gmail.com,9319072999,successful
2839,226,Shawn Townsend,103,1300.0,SHIRT,Clothing,offline,Delhi,2025-06-11 00:00:00,5,NetBanking,0.25,Shawn4@gmail.com,6013272678,successful
2840,377,Michael Black,110,45000.0,MICROWAVE,HOME,offline,Mumbai,2026-12-01 00:00:00,2,NetBanking,0.05,Michael57@gmail.com,6048303502,successful
2841,868,Timothy Henderson,107,50000.0,Dining table,Furniture,online,Hyderabad,2025-08-16 00:00:00,5,UPI,0.1,Timothy78@gmail.com,6565238386,successful
2842,839,Erik Watson,105,,tv,ELEC,offline,Chennai,03-20-2026,5,Cash,0.15,ErikWatson@outlook.com,7818212146,successful
2843,960,Michaela Brown,101,250000.0,laptop,Electronics,offline,Delhi,2025-08-17 00:00:00,1,Cash,0.2,MichaelaBrown@yahoo.com,9847649942,successful
2844,411,Robin Hernandez,102,70000.0,PHONE,electronics,online,Hyderabad,2025-09-18 00:00:00,4,NetBanking,0.35,RobinHernandez@yahoo.com,6497530606,successful
2845,267,Scott Price,109,65000.0,Refrigerator,home appliances,offline,Delhi,2025-09-11 00:00:00,5,NetBanking,0.4,ScottPrice@yahoo.com,8420160629,successful
2846,763,David Howard,106,,SOFA,FURN,offline,Delhi,2025-09-26 00:00:00,4,UPI,0.05,DavidHoward@gmail.com,8607553189,successful
2847,699,Kristin Hawkins,104,8000.0,SHOES,CLOTH,online,Mumbai,2025-09-13 00:00:00,4,Cash,0.25,KristinHawkins@yahoo.com,6233553116,successful
2848,397,Shelley Garza,106,80000.0,SOFA,furniture,online,Bangalore,2025-10-21 00:00:00,5,Card,0.1,Shelley83@gmail.com,9181382570,successful
2849,661,Jennifer Cooper,104,8000.0,SHOES,clothing,offline,Chennai,2025-02-07 00:00:00,2,Cash,0.4,JenniferCooper@outlook.com,8051514609,successful
2850,826,Ryan Wade,103,1300.0,SHIRT,Clothing,offline,Mumbai,12-24-2025,3,Card,0.35,RyanWade@outlook.com,7368883000,successful
2851,223,Jocelyn Peterson,102,70000.0,PHONE,electronics,offline,Hyderabad,2026-02-02 00:00:00,1,NetBanking,0.25,JocelynPeterson@outlook.com,8276434540,successful
2852,901,Robert Mccoy,106,80000.0,Sofa,Furniture,offline,Mumbai,2025-12-03 00:00:00,5,NetBanking,0.05,RobertMccoy@gmail.com,6111279632,successful
2853,406,Gregory Nelson,107,50000.0,Dining table,FURN,offline,Delhi,2025-06-19 00:00:00,1,UPI,0.25,Gregory85@gmail.com,6469174867,successful
2854,627,Nicole Allen,104,8000.0,shoes,Clothing,online,Bangalore,2025-08-27 00:00:00,2,UPI,0.15,NicoleAllen@gmail.com,6448791056,successful
2854,627,Nicole Allen,104,8000.0,shoes,Clothing,online,Bangalore,2025-08-27 00:00:00,2,UPI,0.15,NicoleAllen@gmail.com,6448791056,failed
2855,810,Mary Martin,108,15000.0,mixer grinder,home appliances,online,Delhi,2025-07-16 00:00:00,1,Cash,0.15,Mary75@gmail.com,6534273960,successful
2856,446,Scott Smith,107,50000.0,Dining table,Furniture,offline,Bangalore,2026-04-08 00:00:00,3,NetBanking,0.2,Scott26@gmail.com,8592390183,successful
2857,207,Tonya Lopez,106,80000.0,Sofa,FURN,offline,Bangalore,2026-03-31 00:00:00,3,UPI,0.25,TonyaLopez@gmail.com,8023940519,successful
2858,714,Scott Lane,108,15000.0,MIXER GRINDER,home appliances,offline,Mumbai,06-23-2025,1,UPI,0.05,ScottLane@gmail.com,9907024950,successful
2859,149,Ashley Mejia,101,250000.0,LAPTOP,ELEC,offline,Chennai,2025-09-11 00:00:00,1,Card,0.1,AshleyMejia@outlook.com,6877766443,successful
2860,632,Paula Reed,101,250000.0,laptop,ELEC,offline,Hyderabad,2026-02-14 00:00:00,4,Cash,0.1,Paula11@gmail.com,8192870764,successful
2861,964,Amy Brown,104,8000.0,shoes,CLOTH,online,Mumbai,2026-09-04 00:00:00,1,Cash,0.25,AmyBrown@yahoo.com,6919540526,successful
2862,754,Joshua Chandler,101,250000.0,Laptop,ELEC,online,Mumbai,2025-10-12 00:00:00,2,Cash,0.2,Joshua16@gmail.com,8509597470,successful
2863,292,Brenda Reilly,102,70000.0,PHONE,electronics,offline,Delhi,04-17-2025,5,Cash,0.1,BrendaReilly@yahoo.com,6251601549,successful
2864,288,Darren Parker,101,250000.0,laptop,Electronics,offline,Hyderabad,2026-04-13 00:00:00,3,UPI,0.3,DarrenParker@outlook.com,7734023569,successful
2865,310,Lee Brown,104,,shoes,clothing,online,Mumbai,12-30-2025,4,NetBanking,0.35,LeeBrown@yahoo.com,9557013316,successful
2866,577,John Johnson,108,15000.0,Mixer grinder,home appliances,offline,Hyderabad,2026-03-20 00:00:00,5,NetBanking,0.1,JohnJohnson@gmail.com,8896397120,successful
2867,423,Mary Cooke,102,70000.0,phone,Electronics,offline,Hyderabad,2026-03-31 00:00:00,2,NetBanking,0.15,Mary9@gmail.com,7547238855,successful
2868,322,Allison Foster,110,45000.0,MICROWAVE,home appliances,online,Bangalore,2025-08-12 00:00:00,2,Card,0.2,Allison23@gmail.com,8753827370,successful
2869,677,Mario Evans,109,65000.0,Refrigerator,Home Appliances,offline,Mumbai,2025-09-09 00:00:00,5,NetBanking,0.15,MarioEvans@yahoo.com,7002150125,successful
2870,692,Paige Brown,106,80000.0,sofa,furniture,offline,Bangalore,2025-10-24 00:00:00,5,Card,0.25,PaigeBrown@outlook.com,6679987367,successful
2871,198,Carrie Houston,110,45000.0,Microwave,HOME,online,Chennai,2025-12-12 00:00:00,3,Cash,0.15,CarrieHouston@gmail.com,9351392807,successful
2872,953,Adam Taylor,103,,shirt,clothing,online,Bangalore,2025-11-14 00:00:00,1,UPI,0.05,Adam83@gmail.com,9115270391,successful
2873,524,Derek Garza,102,70000.0,PHONE,electronics,offline,Mumbai,04-19-2025,2,NetBanking,0.2,DerekGarza@outlook.com,9725219288,successful
2874,891,Natalie Hammond,105,,tv,ELEC,offline,Hyderabad,2025-09-09 00:00:00,3,UPI,0.3,NatalieHammond@yahoo.com,7063704743,successful
2875,549,Jacob Hopkins,104,8000.0,Shoes,clothing,offline,Bangalore,2026-03-23 00:00:00,2,Cash,0.25,Jacob69@gmail.com,6812496590,successful
2876,930,Jason Hubbard,104,8000.0,shoes,clothing,offline,Chennai,2025-11-08 00:00:00,1,NetBanking,0.25,JasonHubbard@gmail.com,7072875628,successful
2876,930,Jason Hubbard,104,8000.0,shoes,clothing,offline,Chennai,2025-11-08 00:00:00,1,NetBanking,0.25,JasonHubbard@gmail.com,7072875628,failed
2877,547,Melinda Brown,102,70000.0,Phone,ELEC,online,Bangalore,2025-11-25 00:00:00,2,Card,0.25,Melinda88@gmail.com,7079088347,successful
2878,51,Cory Ellis,104,8000.0,SHOES,Clothing,offline,Chennai,2025-10-19 00:00:00,5,Cash,0.25,CoryEllis@gmail.com,7954633422,successful
2878,51,Cory Ellis,104,8000.0,SHOES,Clothing,offline,Chennai,2025-10-19 00:00:00,5,Cash,0.25,CoryEllis@gmail.com,7954633422,failed
2879,714,Scott Lane,102,70000.0,phone,electronics,offline,Mumbai,2025-10-30 00:00:00,2,Cash,0.1,ScottLane@gmail.com,9907024950,successful
2880,935,Samantha Brewer,109,65000.0,refrigerator,HOME,online,Mumbai,2025-05-23 00:00:00,5,UPI,0.1,SamanthaBrewer@outlook.com,9234059224,successful
2881,993,Julie Wade,101,250000.0,laptop,Electronics,offline,Bangalore,2025-07-08 00:00:00,4,UPI,0.05,JulieWade@outlook.com,7427719325,successful
2882,266,Nicole Diaz,109,65000.0,refrigerator,Home Appliances,offline,Mumbai,2026-01-21 00:00:00,3,Card,0.15,NicoleDiaz@gmail.com,8468663174,successful
2883,247,David Cherry,107,50000.0,Dining table,furniture,offline,Bangalore,2026-01-07 00:00:00,2,Cash,0.05,DavidCherry@yahoo.com,6203059339,successful
2884,145,Michael Hendrix,107,50000.0,DINING TABLE,FURN,offline,Delhi,2025-11-05 00:00:00,3,Cash,0.3,MichaelHendrix@outlook.com,6964491396,successful
2885,748,Sabrina Hopkins,105,45000.0,TV,electronics,offline,Chennai,2025-06-21 00:00:00,1,UPI,0.35,SabrinaHopkins@yahoo.com,7164714790,successful
2886,223,Jocelyn Peterson,110,45000.0,microwave,HOME,online,Hyderabad,10-17-2025,2,Cash,0.05,JocelynPeterson@outlook.com,8276434540,successful
2887,261,Ronnie Martin,103,,SHIRT,CLOTH,online,Bangalore,2025-11-09 00:00:00,2,UPI,0.4,RonnieMartin@yahoo.com,8466121260,successful
2888,544,Charles Weaver,102,70000.0,PHONE,electronics,offline,Mumbai,2026-02-15 00:00:00,2,Card,0.2,CharlesWeaver@outlook.com,8908841294,successful
2889,929,Charles Key,106,,Sofa,Furniture,offline,Delhi,12-28-2025,2,Cash,0.4,Charles2@gmail.com,7319365346,successful
2890,728,Lisa Miller,101,250000.0,laptop,ELEC,offline,Chennai,2025-06-29 00:00:00,4,NetBanking,0.05,LisaMiller@gmail.com,8704743795,successful
2891,253,Emily Rodriguez,109,65000.0,Refrigerator,HOME,offline,Delhi,2025-11-14 00:00:00,2,Card,0.3,EmilyRodriguez@gmail.com,9526826545,successful
2892,298,Ryan Massey,101,250000.0,Laptop,Electronics,offline,Delhi,2026-02-18 00:00:00,4,Cash,0.25,Ryan8@gmail.com,6449657586,successful
2893,786,Jeremiah Simmons,102,70000.0,Phone,Electronics,offline,Chennai,2025-12-23 00:00:00,1,NetBanking,0.3,JeremiahSimmons@outlook.com,7139465116,successful
2894,951,Richard Miller,107,50000.0,DINING TABLE,FURN,offline,Mumbai,2026-08-03 00:00:00,5,NetBanking,0.4,RichardMiller@yahoo.com,7109726379,successful
2895,367,Joshua Tate,105,45000.0,Tv,ELEC,online,Delhi,2025-12-18 00:00:00,4,Cash,0.15,JoshuaTate@outlook.com,9891343716,successful
2896,636,Christopher Clark,106,80000.0,SOFA,furniture,online,Mumbai,2025-05-20 00:00:00,1,UPI,0.15,Christopher93@gmail.com,7656982866,successful
2897,750,Kristi Blackwell,104,8000.0,Shoes,CLOTH,online,Hyderabad,2026-02-05 00:00:00,2,Cash,0.1,KristiBlackwell@yahoo.com,7744513501,successful
2898,660,Jessica Stephenson,101,250000.0,LAPTOP,ELEC,offline,Hyderabad,2026-03-06 00:00:00,2,UPI,0.15,JessicaStephenson@gmail.com,8684231390,successful
2899,753,Kelly Ball,109,65000.0,refrigerator,HOME,online,Delhi,2026-03-01 00:00:00,2,Card,0.05,KellyBall@gmail.com,6595322869,successful
2900,256,Nicole Williams,103,1300.0,shirt,CLOTH,offline,Chennai,2025-07-09 00:00:00,4,NetBanking,0.2,Nicole72@gmail.com,9261161732,successful
2901,297,Susan Hill,106,,SOFA,FURN,online,Delhi,2025-10-12 00:00:00,5,Card,0.25,SusanHill@outlook.com,6962432263,successful
2902,819,Daniel Vang,107,50000.0,Dining table,Furniture,offline,Chennai,12-28-2025,5,UPI,0.2,DanielVang@outlook.com,8622339771,successful
2903,763,David Howard,106,80000.0,SOFA,FURN,online,Delhi,07-17-2025,1,Card,0.15,DavidHoward@gmail.com,8607553189,successful
2904,607,Robert Rodriguez,104,8000.0,shoes,Clothing,offline,Hyderabad,2025-01-10 00:00:00,3,Cash,0.25,Robert7@gmail.com,8027927205,successful
2905,825,Jose Rodriguez,109,65000.0,Refrigerator,Home Appliances,online,Bangalore,2026-02-22 00:00:00,1,Cash,0.2,JoseRodriguez@outlook.com,9277458368,successful
2906,920,Gary Thomas,110,45000.0,MICROWAVE,Home Appliances,online,Chennai,2026-01-26 00:00:00,5,NetBanking,0.05,GaryThomas@gmail.com,6953375267,successful
2907,645,Joshua Burton,105,45000.0,tv,electronics,online,Mumbai,2026-02-03 00:00:00,5,NetBanking,0.4,JoshuaBurton@outlook.com,6702016788,successful
2908,431,Tracie Kim,103,1300.0,SHIRT,Clothing,online,Bangalore,2026-12-03 00:00:00,3,UPI,0.25,TracieKim@yahoo.com,8301285130,successful
2909,274,Joseph Parker,108,15000.0,MIXER GRINDER,Home Appliances,online,Bangalore,2025-05-11 00:00:00,4,UPI,0.35,JosephParker@gmail.com,7902179206,successful
2910,933,Zachary Khan,103,1300.0,shirt,CLOTH,online,Bangalore,09-26-2025,5,Card,0.05,Zachary6@gmail.com,9316003581,successful
2911,458,Jared Lane,107,50000.0,DINING TABLE,furniture,online,Hyderabad,2026-03-25 00:00:00,2,NetBanking,0.15,JaredLane@gmail.com,7421522658,successful
2912,643,Stacy Hughes,106,80000.0,SOFA,FURN,online,Mumbai,2026-02-11 00:00:00,5,NetBanking,0.25,Stacy43@gmail.com,9138059724,successful
2913,809,Kayla Hart,108,15000.0,mixer grinder,HOME,online,Bangalore,2025-10-11 00:00:00,2,NetBanking,0.1,KaylaHart@yahoo.com,6471326458,successful
2914,903,Susan Nicholson,107,50000.0,DINING TABLE,FURN,offline,Mumbai,2025-05-29 00:00:00,3,Card,0.05,SusanNicholson@yahoo.com,9633103859,successful
2915,861,Tim Brock,108,15000.0,Mixer grinder,Home Appliances,offline,Bangalore,2025-12-26 00:00:00,1,NetBanking,0.25,TimBrock@outlook.com,8893431491,successful
2916,171,Michael Church,110,45000.0,microwave,Home Appliances,offline,Hyderabad,2025-12-09 00:00:00,3,UPI,0.4,Michael61@gmail.com,8675254681,successful
2917,372,Brandon Gordon,103,1300.0,shirt,CLOTH,online,Mumbai,2025-05-12 00:00:00,3,Cash,0.25,Brandon83@gmail.com,7856541702,successful
2918,528,Kerri Rodriguez,106,80000.0,SOFA,Furniture,offline,Chennai,05-21-2025,5,UPI,0.1,Kerri90@gmail.com,7758070493,successful
2919,659,Jason Liu,106,80000.0,Sofa,furniture,online,Chennai,2025-09-23 00:00:00,2,UPI,0.4,JasonLiu@outlook.com,8855601592,successful
2920,709,Mike Roberts,102,70000.0,PHONE,Electronics,offline,Hyderabad,2025-09-20 00:00:00,4,Cash,0.25,MikeRoberts@yahoo.com,7700185792,successful
2921,508,Jesus Decker,109,65000.0,REFRIGERATOR,home appliances,online,Bangalore,2026-01-11 00:00:00,2,NetBanking,0.4,JesusDecker@gmail.com,6995878892,successful
2922,348,James Nash,105,45000.0,tv,ELEC,offline,Chennai,08-16-2025,3,NetBanking,0.15,James62@gmail.com,7753726437,successful
2923,833,Shawn Cooper,109,65000.0,Refrigerator,Home Appliances,offline,Chennai,08-29-2025,4,NetBanking,0.15,ShawnCooper@gmail.com,6896669509,successful
2924,237,Jamie Casey,108,15000.0,mixer grinder,home appliances,offline,Mumbai,2026-03-23 00:00:00,5,UPI,0.2,JamieCasey@yahoo.com,8424239410,successful
2925,366,Kelsey Shelton,106,80000.0,sofa,furniture,offline,Mumbai,2025-10-31 00:00:00,1,Cash,0.35,KelseyShelton@gmail.com,8643965351,successful
2925,366,Kelsey Shelton,106,80000.0,sofa,furniture,offline,Mumbai,2025-10-31 00:00:00,1,Cash,0.35,KelseyShelton@gmail.com,8643965351,failed
2926,641,Andre Rodriguez,102,70000.0,Phone,electronics,online,Bangalore,2025-06-08 00:00:00,2,NetBanking,0.2,AndreRodriguez@outlook.com,6047103170,successful
2926,641,Andre Rodriguez,102,70000.0,Phone,electronics,online,Bangalore,2025-06-08 00:00:00,2,NetBanking,0.2,AndreRodriguez@outlook.com,6047103170,failed
2927,274,Joseph Parker,107,50000.0,DINING TABLE,FURN,offline,Bangalore,03-13-2026,3,NetBanking,0.15,JosephParker@gmail.com,7902179206,successful
2927,274,Joseph Parker,107,50000.0,DINING TABLE,FURN,offline,Bangalore,03-13-2026,3,NetBanking,0.15,JosephParker@gmail.com,7902179206,failed
2928,71,Tina Bowers,108,15000.0,Mixer grinder,home appliances,offline,Bangalore,08-23-2025,2,NetBanking,0.05,TinaBowers@yahoo.com,7411826205,successful
2929,597,Paul Foster,105,45000.0,tv,ELEC,offline,Bangalore,2026-01-26 00:00:00,4,NetBanking,0.2,PaulFoster@gmail.com,8644430674,successful
2930,65,Sarah Jackson,109,65000.0,REFRIGERATOR,home appliances,offline,Mumbai,01-17-2026,5,Card,0.15,SarahJackson@gmail.com,7520827407,successful
2931,93,Judith Sanchez,104,8000.0,SHOES,CLOTH,offline,Mumbai,2025-06-07 00:00:00,3,NetBanking,0.1,JudithSanchez@yahoo.com,8482107676,successful
2932,592,Timothy Medina,110,45000.0,Microwave,HOME,offline,Delhi,2026-01-08 00:00:00,5,UPI,0.35,Timothy8@gmail.com,7059828501,successful
2933,964,Amy Brown,109,65000.0,refrigerator,Home Appliances,offline,Mumbai,2026-03-17 00:00:00,5,NetBanking,0.4,AmyBrown@yahoo.com,6919540526,successful
2934,202,Amanda Reed,101,250000.0,LAPTOP,Electronics,online,Delhi,2025-04-29 00:00:00,5,NetBanking,0.15,AmandaReed@yahoo.com,6574367299,successful
2935,518,Alexander Davenport,109,65000.0,refrigerator,home appliances,offline,Bangalore,2025-08-16 00:00:00,3,Card,0.35,AlexanderDavenport@yahoo.com,9219449276,successful
2936,153,Stephanie Hanna,105,45000.0,tv,electronics,online,Hyderabad,2026-03-27 00:00:00,3,NetBanking,0.1,StephanieHanna@outlook.com,9697218701,successful
2937,124,Sarah Rios,102,70000.0,phone,ELEC,offline,Mumbai,2026-01-03 00:00:00,4,Cash,0.35,SarahRios@outlook.com,7979234148,successful
2937,124,Sarah Rios,102,70000.0,phone,ELEC,offline,Mumbai,2026-01-03 00:00:00,4,Cash,0.35,SarahRios@outlook.com,7979234148,failed
2938,457,Cathy Harris,102,70000.0,phone,electronics,offline,Hyderabad,2025-06-11 00:00:00,3,NetBanking,0.35,Cathy90@gmail.com,8396657576,successful
2939,27,Ashley Simpson,101,250000.0,Laptop,electronics,offline,Chennai,2026-01-28 00:00:00,4,Card,0.3,AshleySimpson@outlook.com,8508765505,successful
2940,404,Julian Cox,108,15000.0,MIXER GRINDER,home appliances,online,Delhi,2025-07-22 00:00:00,2,Cash,0.25,JulianCox@outlook.com,9942453039,successful
2941,391,Catherine Beard,107,50000.0,DINING TABLE,Furniture,online,Mumbai,2025-10-05 00:00:00,5,NetBanking,0.35,Catherine33@gmail.com,9225547305,successful
2942,768,Melissa Washington,106,80000.0,SOFA,FURN,online,Chennai,2025-08-31 00:00:00,3,Cash,0.3,MelissaWashington@outlook.com,6997837527,successful
2943,476,Jill Bryant,110,45000.0,microwave,home appliances,offline,Hyderabad,2026-03-03 00:00:00,4,Cash,0.25,JillBryant@gmail.com,6887759421,successful
2944,876,David Whitaker,106,80000.0,sofa,FURN,offline,Chennai,2026-02-22 00:00:00,1,NetBanking,0.35,DavidWhitaker@gmail.com,9010543557,successful
2945,625,Elizabeth Duran,109,65000.0,refrigerator,Home Appliances,offline,Mumbai,03-29-2026,2,NetBanking,0.05,ElizabethDuran@gmail.com,7848866997,successful
2946,857,Daniel Gutierrez,105,45000.0,Tv,ELEC,online,Bangalore,2025-08-06 00:00:00,5,Cash,0.2,DanielGutierrez@outlook.com,7313730246,successful
2947,370,Jessica Moreno,108,,MIXER GRINDER,Home Appliances,offline,Delhi,2025-07-03 00:00:00,5,Cash,0.4,JessicaMoreno@gmail.com,8989403938,successful
2948,54,Jessica Hernandez,103,1300.0,shirt,Clothing,online,Hyderabad,2025-10-04 00:00:00,3,UPI,0.4,JessicaHernandez@outlook.com,7144391854,successful
2949,905,Katie George,103,1300.0,Shirt,CLOTH,offline,Hyderabad,2025-11-17 00:00:00,5,Card,0.25,KatieGeorge@gmail.com,6926102952,successful
2949,905,Katie George,103,1300.0,Shirt,CLOTH,offline,Hyderabad,2025-11-17 00:00:00,5,Card,0.25,KatieGeorge@gmail.com,6926102952,failed
2950,18,Allison Adams,104,8000.0,SHOES,CLOTH,online,Mumbai,2026-01-03 00:00:00,5,Card,0.35,AllisonAdams@gmail.com,6292758299,successful
2951,822,Christine Rivera,103,1300.0,Shirt,clothing,offline,Hyderabad,2025-09-09 00:00:00,2,Cash,0.25,ChristineRivera@yahoo.com,6691516621,successful
2952,302,James Robles,101,250000.0,Laptop,ELEC,offline,Bangalore,2025-09-17 00:00:00,5,Cash,0.35,JamesRobles@gmail.com,6180165908,successful
2953,657,Carly Lucas,104,,Shoes,clothing,online,Hyderabad,2025-11-13 00:00:00,5,Cash,0.2,CarlyLucas@yahoo.com,7429202685,successful
2954,947,Gabriel Golden,104,8000.0,shoes,Clothing,offline,Mumbai,2025-08-10 00:00:00,5,Card,0.4,Gabriel55@gmail.com,7538937330,successful
2955,733,Jessica Lin,108,15000.0,Mixer grinder,home appliances,offline,Delhi,2025-11-05 00:00:00,5,Cash,0.35,Jessica60@gmail.com,8596806363,successful
2956,173,Joshua Smith,102,,PHONE,Electronics,offline,Delhi,12-30-2025,5,UPI,0.05,JoshuaSmith@outlook.com,9374137378,successful
2957,366,Kelsey Shelton,108,15000.0,MIXER GRINDER,home appliances,online,Mumbai,08-31-2025,3,NetBanking,0.2,KelseyShelton@gmail.com,8643965351,successful
2958,806,Jacqueline Cantu,105,45000.0,tv,electronics,online,Chennai,2025-08-14 00:00:00,3,Card,0.05,Jacqueline4@gmail.com,8698814533,successful
2959,67,Jamie Harvey,103,1300.0,shirt,Clothing,offline,Chennai,2025-07-13 00:00:00,2,Cash,0.35,Jamie61@gmail.com,7408465928,successful
2959,67,Jamie Harvey,103,1300.0,shirt,Clothing,offline,Chennai,2025-07-13 00:00:00,2,Cash,0.35,Jamie61@gmail.com,7408465928,failed
2960,76,Cindy Lewis,105,45000.0,tv,Electronics,offline,Chennai,04-13-2026,4,NetBanking,0.2,CindyLewis@outlook.com,6646839866,successful
2960,76,Cindy Lewis,105,45000.0,tv,Electronics,offline,Chennai,04-13-2026,4,NetBanking,0.2,CindyLewis@outlook.com,6646839866,failed
2961,396,Connie Edwards,104,8000.0,SHOES,Clothing,online,Hyderabad,2025-09-06 00:00:00,4,Card,0.1,Connie96@gmail.com,8297615987,successful
2962,437,Carrie Landry,108,15000.0,mixer grinder,Home Appliances,online,Delhi,2025-05-05 00:00:00,2,Card,0.15,CarrieLandry@outlook.com,9913542206,successful
2963,599,David Johnson,107,50000.0,dining table,FURN,online,Mumbai,2025-06-18 00:00:00,2,Card,0.15,DavidJohnson@gmail.com,7496294774,successful
2964,567,Benjamin Peters,105,45000.0,TV,ELEC,offline,Bangalore,2025-11-05 00:00:00,3,NetBanking,0.1,Benjamin60@gmail.com,7804618438,successful
2965,500,Katelyn Garza,108,,mixer grinder,Home Appliances,online,Bangalore,2025-06-15 00:00:00,3,UPI,0.15,KatelynGarza@yahoo.com,6200950083,successful
2966,142,Charles Brown,110,45000.0,MICROWAVE,HOME,offline,Hyderabad,2025-06-26 00:00:00,5,Cash,0.3,Charles7@gmail.com,9980826322,successful
2967,955,Jake Davis,105,45000.0,Tv,Electronics,offline,Bangalore,2025-07-28 00:00:00,3,NetBanking,0.25,JakeDavis@yahoo.com,7071458620,successful
2968,628,Kelly Turner,108,15000.0,MIXER GRINDER,Home Appliances,online,Chennai,2025-06-25 00:00:00,5,Cash,0.1,KellyTurner@gmail.com,8102485626,successful
2969,198,Carrie Houston,103,1300.0,shirt,Clothing,online,Chennai,2025-04-21 00:00:00,5,UPI,0.1,CarrieHouston@gmail.com,9351392807,successful
2970,141,Brooke Nunez,104,8000.0,SHOES,Clothing,online,Bangalore,2025-09-12 00:00:00,5,UPI,0.2,Brooke97@gmail.com,8071322705,successful
2971,617,Patrick Rodriguez,110,45000.0,Microwave,HOME,offline,Delhi,2025-12-11 00:00:00,5,UPI,0.15,PatrickRodriguez@yahoo.com,7367526634,successful
2972,144,Amber Boyd,110,45000.0,MICROWAVE,HOME,online,Mumbai,2025-11-03 00:00:00,3,UPI,0.3,Amber13@gmail.com,9100165581,successful
2973,408,Hannah Russell,104,8000.0,SHOES,CLOTH,offline,Hyderabad,2025-07-09 00:00:00,3,UPI,0.35,HannahRussell@yahoo.com,9773223608,successful
2974,800,Ricardo Arnold,106,80000.0,sofa,Furniture,offline,Hyderabad,2025-05-29 00:00:00,4,Cash,0.2,RicardoArnold@outlook.com,9510528877,successful
2975,962,Sharon Wood,104,8000.0,Shoes,clothing,offline,Mumbai,02-25-2026,3,UPI,0.05,Sharon10@gmail.com,6756452684,successful
2975,962,Sharon Wood,104,8000.0,Shoes,clothing,offline,Mumbai,02-25-2026,3,UPI,0.05,Sharon10@gmail.com,6756452684,failed
2976,644,John Parrish,101,250000.0,LAPTOP,Electronics,online,Delhi,2025-07-30 00:00:00,1,NetBanking,0.1,JohnParrish@gmail.com,7075517481,successful
2977,968,Keith Davis,108,15000.0,mixer grinder,Home Appliances,online,Hyderabad,2026-03-02 00:00:00,4,NetBanking,0.4,KeithDavis@yahoo.com,6310144512,successful
2978,456,Christopher Williams,101,250000.0,laptop,electronics,online,Chennai,2026-03-03 00:00:00,1,Cash,0.05,Christopher33@gmail.com,7905121250,successful
2979,306,Margaret Gordon,109,65000.0,Refrigerator,home appliances,offline,Chennai,11-20-2025,1,NetBanking,0.35,MargaretGordon@gmail.com,8932172521,successful
2980,594,Matthew Miranda,104,8000.0,SHOES,clothing,online,Mumbai,2026-01-16 00:00:00,2,NetBanking,0.25,MatthewMiranda@gmail.com,7462908083,successful
2981,396,Connie Edwards,102,70000.0,Phone,electronics,online,Hyderabad,2026-01-23 00:00:00,2,Cash,0.25,Connie96@gmail.com,8297615987,successful
2982,293,Luke Cummings,110,45000.0,Microwave,home appliances,offline,Hyderabad,2026-01-04 00:00:00,5,NetBanking,0.25,LukeCummings@gmail.com,8835564761,successful
2983,994,Amy Edwards,106,80000.0,sofa,FURN,offline,Mumbai,2025-09-09 00:00:00,3,Cash,0.1,AmyEdwards@outlook.com,8835590933,successful
2984,771,Matthew Greer,102,70000.0,phone,electronics,offline,Bangalore,2026-02-02 00:00:00,3,Cash,0.4,MatthewGreer@yahoo.com,8278910012,successful
2985,798,Amber Murphy,108,15000.0,mixer grinder,home appliances,online,Hyderabad,2026-01-28 00:00:00,2,Cash,0.3,Amber25@gmail.com,7011149807,successful
2985,798,Amber Murphy,108,15000.0,mixer grinder,home appliances,online,Hyderabad,2026-01-28 00:00:00,2,Cash,0.3,Amber25@gmail.com,7011149807,failed
2986,489,Jennifer Bell,110,,microwave,home appliances,online,Hyderabad,2025-12-28 00:00:00,5,NetBanking,0.3,Jennifer4@gmail.com,6019082318,successful
2987,284,Erin Richmond,103,1300.0,Shirt,clothing,online,Chennai,2025-06-25 00:00:00,3,Card,0.4,ErinRichmond@gmail.com,9295628578,successful
2987,284,Erin Richmond,103,1300.0,Shirt,clothing,online,Chennai,2025-06-25 00:00:00,3,Card,0.4,ErinRichmond@gmail.com,9295628578,failed
2988,625,Elizabeth Duran,103,1300.0,SHIRT,clothing,offline,Mumbai,2026-01-02 00:00:00,1,UPI,0.3,ElizabethDuran@gmail.com,7848866997,successful
2989,666,Emily Griffith,104,8000.0,shoes,clothing,offline,Mumbai,2025-05-10 00:00:00,5,Card,0.2,EmilyGriffith@gmail.com,9486424680,successful
2990,800,Ricardo Arnold,103,1300.0,SHIRT,Clothing,offline,Hyderabad,2025-10-29 00:00:00,2,Card,0.35,RicardoArnold@outlook.com,9510528877,successful
2991,893,Taylor Walton,101,250000.0,Laptop,Electronics,offline,Delhi,2026-04-14 00:00:00,5,NetBanking,0.2,TaylorWalton@outlook.com,7181735386,successful
2992,282,Tasha Roberson,108,,mixer grinder,HOME,offline,Hyderabad,2025-12-17 00:00:00,3,Cash,0.2,TashaRoberson@outlook.com,9239123095,successful
2993,806,Jacqueline Cantu,105,45000.0,TV,electronics,online,Chennai,2025-08-12 00:00:00,4,Card,0.2,Jacqueline4@gmail.com,8698814533,successful
2994,896,Tara Church,107,50000.0,Dining table,FURN,online,Mumbai,2025-04-08 00:00:00,5,Cash,0.15,TaraChurch@yahoo.com,7251570847,successful
2994,896,Tara Church,107,50000.0,Dining table,FURN,online,Mumbai,2025-04-08 00:00:00,5,Cash,0.15,TaraChurch@yahoo.com,7251570847,failed
2995,819,Daniel Vang,105,45000.0,Tv,Electronics,offline,Chennai,2026-01-06 00:00:00,1,Cash,0.15,DanielVang@outlook.com,8622339771,successful
2996,782,Monique Davis,101,250000.0,LAPTOP,Electronics,offline,Chennai,2025-07-08 00:00:00,2,UPI,0.1,MoniqueDavis@gmail.com,6797654485,successful
2997,104,Amanda Castillo,109,65000.0,REFRIGERATOR,Home Appliances,online,Hyderabad,2025-05-24 00:00:00,2,Cash,0.1,AmandaCastillo@yahoo.com,9259539548,successful
2998,525,Laura Barajas,109,,Refrigerator,HOME,offline,Bangalore,2025-11-02 00:00:00,5,NetBanking,0.35,Laura14@gmail.com,8564041400,successful
2999,760,Teresa Ochoa,105,45000.0,Tv,electronics,online,Mumbai,2025-05-02 00:00:00,5,NetBanking,0.3,TeresaOchoa@yahoo.com,8933471762,successful
3000,487,Mark Thompson,107,50000.0,DINING TABLE,furniture,offline,Hyderabad,2025-11-11 00:00:00,2,NetBanking,0.25,MarkThompson@yahoo.com,6856603888,successful
3001,352,Daniel Gonzales,103,,SHIRT,clothing,online,Delhi,2025-02-07 00:00:00,1,Card,0.1,DanielGonzales@gmail.com,7541072541,successful
3002,698,Jennifer Mendoza,103,1300.0,shirt,Clothing,offline,Chennai,2026-02-14 00:00:00,2,UPI,0.4,JenniferMendoza@outlook.com,8547623194,successful
3003,636,Christopher Clark,106,80000.0,Sofa,furniture,online,Mumbai,2026-02-03 00:00:00,3,UPI,0.1,Christopher93@gmail.com,7656982866,successful
3004,711,Jennifer Carlson,101,250000.0,Laptop,ELEC,online,Hyderabad,10-17-2025,3,Cash,0.05,JenniferCarlson@gmail.com,9625168568,successful
3005,857,Daniel Gutierrez,106,80000.0,SOFA,FURN,online,Bangalore,2025-06-07 00:00:00,5,NetBanking,0.35,DanielGutierrez@outlook.com,7313730246,successful
3006,998,Joseph Perez,105,45000.0,TV,Electronics,online,Delhi,2025-07-30 00:00:00,3,UPI,0.25,Joseph23@gmail.com,6418323136,successful
3007,454,Larry Perkins,101,250000.0,LAPTOP,ELEC,offline,Mumbai,2025-12-31 00:00:00,-2,UPI,0.3,LarryPerkins@yahoo.com,7903065336,successful
3008,320,Stephen Tyler,108,15000.0,mixer grinder,HOME,online,Hyderabad,2025-08-27 00:00:00,5,Card,0.4,StephenTyler@yahoo.com,8061706167,successful
3009,607,Robert Rodriguez,106,80000.0,SOFA,FURN,offline,Hyderabad,2025-06-15 00:00:00,5,NetBanking,0.3,Robert7@gmail.com,8027927205,successful
3010,739,Brian Fuller,110,45000.0,MICROWAVE,HOME,offline,Delhi,2025-10-07 00:00:00,1,UPI,0.1,BrianFuller@yahoo.com,7761307238,successful
3011,528,Kerri Rodriguez,109,65000.0,REFRIGERATOR,home appliances,offline,Chennai,2025-09-15 00:00:00,5,UPI,0.2,Kerri90@gmail.com,7758070493,successful
3011,528,Kerri Rodriguez,109,65000.0,REFRIGERATOR,home appliances,offline,Chennai,2025-09-15 00:00:00,5,UPI,0.2,Kerri90@gmail.com,7758070493,failed
3012,526,Paul Fields,101,250000.0,LAPTOP,Electronics,offline,Chennai,2025-08-21 00:00:00,2,UPI,0.1,Paul23@gmail.com,9018641606,successful
3013,673,Nicole Davis,102,70000.0,PHONE,ELEC,online,Mumbai,2025-12-28 00:00:00,1,Card,0.4,Nicole33@gmail.com,9730703301,successful
3014,536,Nicole Steele,103,,shirt,Clothing,offline,Delhi,2025-05-12 00:00:00,3,Cash,0.2,Nicole23@gmail.com,7605303854,successful
3015,217,Eric Cross,107,50000.0,dining table,furniture,offline,Bangalore,02-25-2026,5,UPI,0.15,Eric39@gmail.com,6551844796,successful
3016,934,Brandi Phillips,103,,Shirt,CLOTH,offline,Hyderabad,2025-04-07 00:00:00,2,Card,0.1,Brandi77@gmail.com,9692608609,successful
3017,104,Amanda Castillo,107,50000.0,Dining table,FURN,online,Hyderabad,2025-11-01 00:00:00,1,Card,0.2,AmandaCastillo@yahoo.com,9259539548,successful
3018,708,David Gibson,101,250000.0,laptop,Electronics,online,Mumbai,2025-12-16 00:00:00,4,Cash,0.2,DavidGibson@gmail.com,8580549116,successful
3019,747,Laura Edwards,107,50000.0,Dining table,Furniture,offline,Bangalore,11-26-2025,4,UPI,0.25,LauraEdwards@yahoo.com,6975755369,successful
3020,421,Rebecca Holland,107,50000.0,DINING TABLE,furniture,online,Delhi,2025-09-03 00:00:00,3,NetBanking,0.15,Rebecca15@gmail.com,6166462960,successful
3021,256,Nicole Williams,102,70000.0,phone,ELEC,offline,Chennai,2025-10-14 00:00:00,1,Card,0.2,Nicole72@gmail.com,9261161732,successful
3022,331,Jordan May,110,45000.0,Microwave,home appliances,online,Chennai,2025-04-12 00:00:00,3,UPI,0.15,JordanMay@gmail.com,9654448000,successful
3023,861,Tim Brock,106,,SOFA,FURN,online,Bangalore,2025-10-28 00:00:00,1,Cash,0.15,TimBrock@outlook.com,8893431491,successful
3024,931,Melissa Lewis,105,45000.0,tv,ELEC,offline,Mumbai,09-26-2025,2,NetBanking,0.3,Melissa44@gmail.com,9580587595,successful
3025,902,Logan Reyes,105,45000.0,tv,Electronics,online,Mumbai,2026-04-08 00:00:00,5,NetBanking,0.05,LoganReyes@outlook.com,9203392031,successful
3026,538,Haley Henderson,109,65000.0,refrigerator,Home Appliances,offline,Bangalore,2025-08-28 00:00:00,5,Cash,0.15,HaleyHenderson@outlook.com,7116096076,successful
3027,843,Chelsea Hester,105,45000.0,Tv,Electronics,offline,Bangalore,2025-12-12 00:00:00,2,UPI,0.2,ChelseaHester@gmail.com,8104088861,successful
3028,838,Susan Torres,104,,shoes,CLOTH,offline,Chennai,2025-07-15 00:00:00,1,Card,0.25,SusanTorres@outlook.com,8776486426,successful
3029,873,Tracy Bass,110,45000.0,Microwave,home appliances,offline,Hyderabad,2025-10-02 00:00:00,4,Cash,0.25,TracyBass@outlook.com,6881058034,successful
3030,77,Robert Diaz,104,,Shoes,CLOTH,online,Hyderabad,12-16-2025,1,NetBanking,0.25,RobertDiaz@yahoo.com,6906016645,successful
3031,741,Carla Spencer,104,8000.0,Shoes,CLOTH,offline,Hyderabad,08-29-2025,3,NetBanking,0.1,CarlaSpencer@yahoo.com,8602226102,successful
3032,984,Janet Long,106,80000.0,Sofa,FURN,offline,Bangalore,11-27-2025,4,Cash,0.35,JanetLong@yahoo.com,9528386095,successful
3033,627,Nicole Allen,108,15000.0,MIXER GRINDER,Home Appliances,offline,Bangalore,2025-04-27 00:00:00,4,NetBanking,0.25,NicoleAllen@gmail.com,6448791056,successful
3033,627,Nicole Allen,108,15000.0,MIXER GRINDER,Home Appliances,offline,Bangalore,2025-04-27 00:00:00,4,NetBanking,0.25,NicoleAllen@gmail.com,6448791056,failed
3034,17,Duane Hall,105,45000.0,TV,electronics,offline,Bangalore,2026-04-10 00:00:00,2,Cash,0.05,DuaneHall@outlook.com,7467001149,successful
3035,926,Lisa Reynolds,108,15000.0,Mixer grinder,Home Appliances,online,Hyderabad,2025-11-15 00:00:00,2,Card,0.1,LisaReynolds@gmail.com,8911674840,successful
3036,889,Robert Carlson,104,8000.0,SHOES,Clothing,offline,Delhi,2025-01-08 00:00:00,2,UPI,0.1,Robert40@gmail.com,9576398201,successful
3037,84,Paul Pacheco,108,15000.0,Mixer grinder,home appliances,offline,Bangalore,2025-12-11 00:00:00,5,UPI,0.15,PaulPacheco@outlook.com,6774884257,successful
3038,917,Alexandria Marks,109,65000.0,REFRIGERATOR,HOME,offline,Hyderabad,2026-03-22 00:00:00,5,UPI,0.35,AlexandriaMarks@gmail.com,8815523519,successful
3039,305,Zachary Cabrera,107,50000.0,DINING TABLE,FURN,online,Delhi,2025-05-31 00:00:00,2,Card,0.4,ZacharyCabrera@outlook.com,8097133696,successful
3039,305,Zachary Cabrera,107,50000.0,DINING TABLE,FURN,online,Delhi,2025-05-31 00:00:00,2,Card,0.4,ZacharyCabrera@outlook.com,8097133696,failed
3040,123,Trevor Sharp,107,50000.0,Dining table,furniture,offline,Mumbai,2025-05-04 00:00:00,3,Card,0.2,TrevorSharp@yahoo.com,6132558457,successful
3041,953,Adam Taylor,102,70000.0,Phone,Electronics,online,Bangalore,2025-11-08 00:00:00,2,UPI,0.25,Adam83@gmail.com,9115270391,successful
3042,997,Destiny Fields,106,80000.0,Sofa,Furniture,online,Mumbai,07-20-2025,4,Card,0.1,DestinyFields@yahoo.com,9888482916,successful
3043,179,Joshua Spencer,106,80000.0,Sofa,furniture,online,Delhi,2026-02-01 00:00:00,2,UPI,0.2,JoshuaSpencer@yahoo.com,7416780290,successful
3044,918,Grant Harris,107,50000.0,Dining table,FURN,offline,Bangalore,2026-01-23 00:00:00,5,UPI,0.25,GrantHarris@outlook.com,9540714421,successful
3045,726,Joshua Walker,109,65000.0,Refrigerator,HOME,online,Mumbai,11-13-2025,5,Cash,0.05,JoshuaWalker@outlook.com,9234629809,successful
3045,726,Joshua Walker,109,65000.0,Refrigerator,HOME,online,Mumbai,11-13-2025,5,Cash,0.05,JoshuaWalker@outlook.com,9234629809,failed
3046,807,Steven Li,101,250000.0,Laptop,Electronics,offline,Mumbai,2025-11-01 00:00:00,1,UPI,0.35,StevenLi@outlook.com,6932032530,successful
3047,88,Alex Mccullough,110,45000.0,Microwave,home appliances,online,Chennai,2025-11-10 00:00:00,5,NetBanking,0.3,Alex23@gmail.com,9505984131,successful
3048,565,Craig Moore,103,1300.0,Shirt,CLOTH,offline,Mumbai,2025-12-28 00:00:00,2,Cash,0.2,CraigMoore@gmail.com,9983242911,successful
3049,259,Kevin Ramirez,109,65000.0,REFRIGERATOR,Home Appliances,online,Hyderabad,2026-03-25 00:00:00,4,UPI,0.15,KevinRamirez@outlook.com,8654718185,successful
3049,259,Kevin Ramirez,109,65000.0,REFRIGERATOR,Home Appliances,online,Hyderabad,2026-03-25 00:00:00,4,UPI,0.15,KevinRamirez@outlook.com,8654718185,failed
3050,648,Samantha Barrett,108,,mixer grinder,Home Appliances,offline,Hyderabad,2025-07-27 00:00:00,5,Card,0.35,SamanthaBarrett@outlook.com,9246408096,successful
3051,387,Kenneth Rocha,105,45000.0,tv,Electronics,online,Mumbai,2025-11-01 00:00:00,3,Card,0.25,KennethRocha@outlook.com,6385183283,successful
3052,747,Laura Edwards,104,8000.0,shoes,Clothing,online,Bangalore,2025-10-28 00:00:00,3,NetBanking,0.1,LauraEdwards@yahoo.com,6975755369,successful
3053,391,Catherine Beard,101,250000.0,LAPTOP,Electronics,offline,Mumbai,08-15-2025,3,NetBanking,0.1,Catherine33@gmail.com,9225547305,successful
3054,92,Kelly Chang,108,15000.0,mixer grinder,home appliances,online,Chennai,2025-07-17 00:00:00,1,Cash,0.25,KellyChang@yahoo.com,9459399379,successful
3055,63,Joseph Little,101,250000.0,laptop,electronics,offline,Mumbai,2025-11-26 00:00:00,4,Card,0.1,JosephLittle@yahoo.com,7793820553,successful
3055,63,Joseph Little,101,250000.0,laptop,electronics,offline,Mumbai,2025-11-26 00:00:00,4,Card,0.1,JosephLittle@yahoo.com,7793820553,failed
3056,557,Joseph Cowan,102,70000.0,PHONE,electronics,online,Hyderabad,2025-09-25 00:00:00,5,UPI,0.25,JosephCowan@gmail.com,6442999909,successful
3057,820,Mary Goodwin,105,45000.0,TV,electronics,online,Delhi,04-15-2026,2,Card,0.3,MaryGoodwin@yahoo.com,8576869201,successful
3058,357,Kimberly Adams,107,50000.0,Dining table,furniture,offline,Hyderabad,2025-05-11 00:00:00,2,Cash,0.15,KimberlyAdams@gmail.com,8706657851,successful
3059,734,Melissa Smith,109,65000.0,Refrigerator,home appliances,offline,Chennai,2025-04-30 00:00:00,2,NetBanking,0.2,MelissaSmith@outlook.com,6711938703,successful
3060,199,Marissa Cortez,101,250000.0,laptop,ELEC,offline,Chennai,01-25-2026,4,Card,0.05,Marissa45@gmail.com,6518480400,successful
3060,199,Marissa Cortez,101,250000.0,laptop,ELEC,offline,Chennai,01-25-2026,4,Card,0.05,Marissa45@gmail.com,6518480400,failed
3061,203,Samantha Wells,109,65000.0,Refrigerator,home appliances,offline,Hyderabad,2025-05-15 00:00:00,4,NetBanking,0.05,SamanthaWells@gmail.com,6754042545,successful
3062,765,Eric Gaines,107,50000.0,DINING TABLE,Furniture,online,Bangalore,2025-08-03 00:00:00,2,NetBanking,0.05,EricGaines@yahoo.com,7665911327,successful
3063,698,Jennifer Mendoza,110,45000.0,microwave,Home Appliances,online,Chennai,2025-05-15 00:00:00,1,Cash,0.4,JenniferMendoza@outlook.com,8547623194,successful
3064,568,Joshua Collins,107,50000.0,Dining table,furniture,offline,Mumbai,2026-03-06 00:00:00,1,Card,0.25,Joshua22@gmail.com,8173486949,successful
3065,242,James Pham,109,65000.0,refrigerator,Home Appliances,online,Hyderabad,2025-06-06 00:00:00,4,Card,0.3,JamesPham@yahoo.com,9712783250,successful
3066,277,Robert Baker,101,250000.0,LAPTOP,ELEC,offline,Hyderabad,2025-05-31 00:00:00,2,Cash,0.2,RobertBaker@gmail.com,9147949651,successful
3067,475,Natalie Andrews,105,45000.0,tv,ELEC,offline,Mumbai,02-14-2026,1,NetBanking,0.25,NatalieAndrews@outlook.com,7458709248,successful
3068,662,James Osborn,105,45000.0,tv,electronics,online,Bangalore,2026-03-17 00:00:00,3,Card,0.4,JamesOsborn@yahoo.com,9922710493,successful
3069,941,Chelsea Wallace,102,70000.0,PHONE,Electronics,online,Bangalore,2026-01-04 00:00:00,2,Card,0.05,ChelseaWallace@outlook.com,9617601736,successful
3069,941,Chelsea Wallace,102,70000.0,PHONE,Electronics,online,Bangalore,2026-01-04 00:00:00,2,Card,0.05,ChelseaWallace@outlook.com,9617601736,failed
3070,173,Joshua Smith,101,250000.0,laptop,ELEC,online,Delhi,2025-07-20 00:00:00,1,Cash,0.2,JoshuaSmith@outlook.com,9374137378,successful
3071,86,Rachel Gonzales,109,65000.0,Refrigerator,Home Appliances,offline,Mumbai,2025-06-14 00:00:00,2,UPI,0.1,RachelGonzales@yahoo.com,6409395951,successful
3072,335,Jacob Evans,104,8000.0,SHOES,CLOTH,offline,Mumbai,12-13-2025,5,Card,0.05,JacobEvans@yahoo.com,6483959310,successful
3073,303,Derek Rose,109,65000.0,REFRIGERATOR,HOME,offline,Chennai,2025-04-23 00:00:00,5,UPI,0.3,Derek21@gmail.com,9660861211,successful
3074,294,Jared Moreno,109,65000.0,REFRIGERATOR,HOME,online,Hyderabad,2025-06-28 00:00:00,2,Cash,0.3,Jared21@gmail.com,6639377809,successful
3075,513,Brandon Sims,106,80000.0,sofa,furniture,offline,Chennai,2025-09-27 00:00:00,5,NetBanking,0.2,BrandonSims@outlook.com,7025827219,successful
3076,888,Jade Garza,103,1300.0,shirt,Clothing,online,Hyderabad,2025-06-08 00:00:00,3,Cash,0.1,JadeGarza@outlook.com,6736205623,successful
3077,386,Brittney Moreno,105,45000.0,Tv,ELEC,online,Chennai,2026-02-17 00:00:00,5,Card,0.25,BrittneyMoreno@yahoo.com,9531902269,successful
3078,436,Jesse Conway,108,15000.0,MIXER GRINDER,HOME,online,Hyderabad,2026-01-25 00:00:00,1,Cash,0.25,JesseConway@gmail.com,8500568681,successful
3079,231,Jason Smith,101,250000.0,LAPTOP,ELEC,online,Hyderabad,2025-05-30 00:00:00,5,Card,0.1,Jason71@gmail.com,7793301499,successful
3080,137,Kathleen Douglas,105,,Tv,electronics,online,Mumbai,2025-10-02 00:00:00,1,Cash,0.2,KathleenDouglas@yahoo.com,8017596544,successful
3081,760,Teresa Ochoa,108,15000.0,MIXER GRINDER,HOME,offline,Mumbai,2026-04-05 00:00:00,1,NetBanking,0.15,TeresaOchoa@yahoo.com,8933471762,successful
3082,479,Tracy Underwood,101,,laptop,electronics,offline,Chennai,11-16-2025,2,UPI,0.2,TracyUnderwood@outlook.com,9686965808,successful
3083,127,Carlos Hickman,105,45000.0,Tv,ELEC,online,Bangalore,2026-08-02 00:00:00,2,Cash,0.2,CarlosHickman@gmail.com,6093093186,successful
3084,575,Willie Holloway,103,1300.0,shirt,Clothing,offline,Chennai,2025-08-17 00:00:00,4,NetBanking,0.4,Willie14@gmail.com,7400435939,successful
3084,575,Willie Holloway,103,1300.0,shirt,Clothing,offline,Chennai,2025-08-17 00:00:00,4,NetBanking,0.4,Willie14@gmail.com,7400435939,failed
3085,259,Kevin Ramirez,106,,sofa,furniture,offline,Hyderabad,2025-05-25 00:00:00,5,Card,0.35,KevinRamirez@outlook.com,8654718185,successful
3086,469,Michael Garcia,109,65000.0,REFRIGERATOR,home appliances,offline,Delhi,2025-10-06 00:00:00,2,NetBanking,0.35,Michael3@gmail.com,7570939516,successful
3087,540,Amy Cruz,110,45000.0,Microwave,Home Appliances,offline,Delhi,2026-02-16 00:00:00,5,NetBanking,0.1,AmyCruz@gmail.com,7034946867,successful
3087,540,Amy Cruz,110,45000.0,Microwave,Home Appliances,offline,Delhi,2026-02-16 00:00:00,5,NetBanking,0.1,AmyCruz@gmail.com,7034946867,failed
3088,502,Amy Stewart,108,15000.0,mixer grinder,Home Appliances,online,Delhi,2025-11-19 00:00:00,5,NetBanking,0.05,AmyStewart@gmail.com,9928097862,successful
3089,987,Daniel Harper,109,,Refrigerator,Home Appliances,offline,Delhi,2025-05-10 00:00:00,3,Cash,0.2,DanielHarper@outlook.com,6165551659,successful
3090,42,Michael Swanson,103,1300.0,shirt,clothing,offline,Hyderabad,2025-09-11 00:00:00,4,Cash,0.3,MichaelSwanson@outlook.com,8981002466,successful
3091,208,Matthew Berry,105,45000.0,Tv,ELEC,offline,Hyderabad,2025-04-20 00:00:00,4,Card,0.3,MatthewBerry@gmail.com,8863808727,successful
3092,596,Douglas Johnson,102,70000.0,PHONE,ELEC,online,Chennai,2025-12-26 00:00:00,3,NetBanking,0.35,Douglas2@gmail.com,8525371050,successful
3093,329,William Jackson,103,1300.0,Shirt,CLOTH,online,Mumbai,2025-11-25 00:00:00,2,Card,0.25,WilliamJackson@outlook.com,7805292206,successful
3094,724,Kimberly Winters,107,50000.0,Dining table,Furniture,online,Chennai,2025-11-03 00:00:00,4,NetBanking,0.05,Kimberly55@gmail.com,8442961493,successful
3095,459,Jason Moreno,104,8000.0,shoes,clothing,offline,Mumbai,2025-07-06 00:00:00,1,Card,0.35,JasonMoreno@gmail.com,6781402001,successful
3095,459,Jason Moreno,104,8000.0,shoes,clothing,offline,Mumbai,2025-07-06 00:00:00,1,Card,0.35,JasonMoreno@gmail.com,6781402001,failed
3096,342,Jessica Fowler,108,,Mixer grinder,HOME,online,Hyderabad,2025-08-29 00:00:00,1,UPI,0.25,Jessica96@gmail.com,9944290818,successful
3097,587,Lucas Acosta,104,8000.0,shoes,CLOTH,offline,Mumbai,2025-09-16 00:00:00,4,Card,0.35,LucasAcosta@yahoo.com,8069515493,successful
3098,390,Erika Knight,107,50000.0,Dining table,FURN,online,Mumbai,2025-06-03 00:00:00,3,Card,0.25,Erika14@gmail.com,8802577025,successful
3099,381,Melissa Garza,110,45000.0,MICROWAVE,Home Appliances,offline,Hyderabad,2026-03-12 00:00:00,-1,Card,0.15,MelissaGarza@gmail.com,6928004306,successful
3100,563,Robert Baird,109,65000.0,REFRIGERATOR,home appliances,online,Hyderabad,2025-09-12 00:00:00,2,NetBanking,0.2,RobertBaird@gmail.com,6493829200,successful
3101,30,Todd Harding,106,,SOFA,FURN,offline,Hyderabad,2026-02-26 00:00:00,5,UPI,0.05,ToddHarding@yahoo.com,7818384621,successful
3102,417,Kristina Lewis,101,,Laptop,electronics,offline,Delhi,2025-07-21 00:00:00,3,NetBanking,0.15,KristinaLewis@gmail.com,7869899732,successful
3103,963,Laura Stevenson,107,50000.0,dining table,Furniture,online,Chennai,10-13-2025,1,UPI,0.05,LauraStevenson@outlook.com,7523734205,successful
3104,820,Mary Goodwin,104,8000.0,Shoes,Clothing,online,Delhi,2026-11-01 00:00:00,1,NetBanking,0.2,MaryGoodwin@yahoo.com,8576869201,successful
3105,231,Jason Smith,104,8000.0,shoes,clothing,offline,Hyderabad,2025-08-09 00:00:00,1,NetBanking,0.4,Jason71@gmail.com,7793301499,successful
3106,51,Cory Ellis,103,1300.0,SHIRT,Clothing,offline,Chennai,11-18-2025,2,Cash,0.15,CoryEllis@gmail.com,7954633422,successful
3107,196,Mary Hicks,101,250000.0,laptop,electronics,online,Chennai,2025-08-04 00:00:00,1,NetBanking,0.25,MaryHicks@gmail.com,7873921272,successful
3108,39,Megan Jones,109,65000.0,Refrigerator,Home Appliances,offline,Hyderabad,2026-03-30 00:00:00,0,UPI,0.05,MeganJones@gmail.com,7279430686,successful
3109,45,Tasha Baker,105,45000.0,tv,Electronics,online,Delhi,2026-01-26 00:00:00,2,UPI,0.05,TashaBaker@gmail.com,7562005843,successful
3109,45,Tasha Baker,105,45000.0,tv,Electronics,online,Delhi,2026-01-26 00:00:00,2,UPI,0.05,TashaBaker@gmail.com,7562005843,failed
3110,788,William Wright,104,8000.0,SHOES,CLOTH,offline,Bangalore,03-24-2026,4,NetBanking,0.2,WilliamWright@gmail.com,8502405393,successful
3111,929,Charles Key,108,,mixer grinder,Home Appliances,offline,Delhi,2025-10-10 00:00:00,0,UPI,0.4,Charles2@gmail.com,7319365346,successful
3112,362,David Wells,108,,Mixer grinder,HOME,offline,Bangalore,2025-08-05 00:00:00,3,NetBanking,0.25,DavidWells@yahoo.com,7619729722,successful
3113,64,Sheri Osborne,105,45000.0,Tv,ELEC,online,Mumbai,2025-07-15 00:00:00,1,Cash,0.4,Sheri53@gmail.com,7564569475,successful
3114,892,Logan Hayes,107,50000.0,dining table,Furniture,online,Mumbai,2026-02-25 00:00:00,1,NetBanking,0.15,LoganHayes@yahoo.com,6461520803,successful
3115,190,Heather Martinez,104,8000.0,SHOES,clothing,online,Chennai,2025-08-02 00:00:00,2,UPI,0.1,HeatherMartinez@gmail.com,9389683476,successful
3116,910,Cindy Price,103,1300.0,SHIRT,Clothing,offline,Bangalore,2025-05-22 00:00:00,5,UPI,0.2,CindyPrice@outlook.com,9747501764,successful
3117,745,Jennifer Weeks,102,70000.0,phone,electronics,offline,Hyderabad,2025-09-27 00:00:00,4,UPI,0.1,JenniferWeeks@gmail.com,9263102095,successful
3118,297,Susan Hill,102,70000.0,Phone,ELEC,online,Delhi,2025-12-03 00:00:00,1,Cash,0.25,SusanHill@outlook.com,6962432263,successful
3118,297,Susan Hill,102,70000.0,Phone,ELEC,online,Delhi,2025-12-03 00:00:00,1,Cash,0.25,SusanHill@outlook.com,6962432263,failed
3119,563,Robert Baird,104,8000.0,shoes,Clothing,online,Hyderabad,03-26-2026,5,UPI,0.05,RobertBaird@gmail.com,6493829200,successful
3120,996,Barbara Morris,103,1300.0,shirt,Clothing,offline,Hyderabad,11-23-2025,1,Card,0.25,Barbara54@gmail.com,8799907956,successful
3121,252,Shannon Dennis,102,70000.0,Phone,electronics,offline,Hyderabad,2025-08-19 00:00:00,5,Cash,0.4,Shannon37@gmail.com,6229767631,successful
3122,877,John Warren,102,70000.0,phone,ELEC,offline,Hyderabad,2025-07-12 00:00:00,1,UPI,0.2,John35@gmail.com,8098700546,successful
3123,313,Mary Lowe,108,15000.0,mixer grinder,Home Appliances,online,Delhi,2025-06-26 00:00:00,4,UPI,0.2,MaryLowe@outlook.com,6672302640,successful
3124,642,Troy Mitchell,105,45000.0,Tv,electronics,online,Bangalore,01-20-2026,4,NetBanking,0.4,Troy60@gmail.com,8385276968,successful
3125,565,Craig Moore,107,50000.0,dining table,furniture,offline,Mumbai,2025-12-04 00:00:00,3,Card,0.05,CraigMoore@gmail.com,9983242911,successful
3126,264,Kelli Johnson,110,45000.0,Microwave,Home Appliances,online,Bangalore,2026-11-01 00:00:00,1,Cash,0.1,Kelli81@gmail.com,9866676731,successful
3127,237,Jamie Casey,109,65000.0,REFRIGERATOR,Home Appliances,online,Mumbai,03-22-2026,4,NetBanking,0.1,JamieCasey@yahoo.com,8424239410,successful
3128,396,Connie Edwards,110,45000.0,MICROWAVE,HOME,offline,Hyderabad,2025-11-08 00:00:00,1,Cash,0.05,Connie96@gmail.com,8297615987,successful
3129,912,Brian Randall,108,15000.0,Mixer grinder,home appliances,online,Mumbai,10-27-2025,5,Cash,0.05,BrianRandall@yahoo.com,7614413966,successful
3130,879,Andrew Johnston,105,45000.0,TV,ELEC,offline,Mumbai,2026-03-04 00:00:00,3,UPI,0.3,AndrewJohnston@yahoo.com,9290408466,successful
3130,879,Andrew Johnston,105,45000.0,TV,ELEC,offline,Mumbai,2026-03-04 00:00:00,3,UPI,0.3,AndrewJohnston@yahoo.com,9290408466,failed
3131,796,Jasmine Lopez,102,70000.0,phone,ELEC,online,Bangalore,09-22-2025,4,Cash,0.4,JasmineLopez@outlook.com,9109427917,successful
3132,362,David Wells,110,45000.0,microwave,HOME,online,Bangalore,2025-10-13 00:00:00,1,Cash,0.2,DavidWells@yahoo.com,7619729722,successful
3133,788,William Wright,108,15000.0,mixer grinder,HOME,offline,Bangalore,2026-03-19 00:00:00,3,Cash,0.25,WilliamWright@gmail.com,8502405393,successful
3134,205,Renee Harris,101,250000.0,Laptop,ELEC,online,Mumbai,2026-09-04 00:00:00,1,Cash,0.1,ReneeHarris@gmail.com,9467171150,successful
3135,385,Austin Love,103,1300.0,shirt,CLOTH,offline,Hyderabad,2025-10-15 00:00:00,3,Cash,0.3,AustinLove@gmail.com,7223017684,successful
3136,284,Erin Richmond,110,45000.0,microwave,HOME,offline,Chennai,2026-01-05 00:00:00,2,UPI,0.05,ErinRichmond@gmail.com,9295628578,successful
3137,182,Kathleen Castro,107,50000.0,Dining table,furniture,online,Hyderabad,2026-11-01 00:00:00,3,UPI,0.25,KathleenCastro@outlook.com,8815269367,successful
3138,998,Joseph Perez,108,15000.0,MIXER GRINDER,HOME,online,Delhi,2025-08-18 00:00:00,5,NetBanking,0.2,Joseph23@gmail.com,6418323136,successful
3139,169,Angela Dixon,104,8000.0,Shoes,clothing,online,Mumbai,2026-12-04 00:00:00,4,NetBanking,0.1,AngelaDixon@gmail.com,9766717904,successful
3140,391,Catherine Beard,101,250000.0,LAPTOP,ELEC,offline,Mumbai,03-30-2026,5,NetBanking,0.3,Catherine33@gmail.com,9225547305,successful
3141,62,Sarah Park,108,15000.0,MIXER GRINDER,Home Appliances,offline,Delhi,2026-02-25 00:00:00,3,UPI,0.4,Sarah20@gmail.com,6601305051,successful
3141,62,Sarah Park,108,15000.0,MIXER GRINDER,Home Appliances,offline,Delhi,2026-02-25 00:00:00,3,UPI,0.4,Sarah20@gmail.com,6601305051,failed
3142,181,Maria Robinson,102,70000.0,Phone,Electronics,online,Delhi,09-14-2025,3,Cash,0.2,MariaRobinson@gmail.com,8794772717,successful
3143,216,Patricia Myers,102,,Phone,Electronics,online,Chennai,2025-04-16 00:00:00,4,UPI,0.1,PatriciaMyers@gmail.com,8860395111,successful
3144,35,Guy Walker,110,45000.0,Microwave,HOME,online,Chennai,2025-10-27 00:00:00,1,UPI,0.4,Guy67@gmail.com,9516010611,successful
3144,35,Guy Walker,110,45000.0,Microwave,HOME,online,Chennai,2025-10-27 00:00:00,1,UPI,0.4,Guy67@gmail.com,9516010611,failed
3145,355,Robert Nelson,108,15000.0,MIXER GRINDER,Home Appliances,offline,Hyderabad,2026-02-07 00:00:00,1,UPI,0.15,RobertNelson@outlook.com,9327881462,successful
3146,363,Leonard Travis,110,,Microwave,Home Appliances,online,Delhi,2025-04-12 00:00:00,2,Cash,0.05,LeonardTravis@gmail.com,9034700472,successful
3147,176,Robin Scott,101,250000.0,laptop,electronics,offline,Chennai,2026-03-24 00:00:00,5,UPI,0.1,RobinScott@outlook.com,6102310905,successful
3148,892,Logan Hayes,110,45000.0,microwave,Home Appliances,online,Mumbai,2025-09-02 00:00:00,4,Card,0.15,LoganHayes@yahoo.com,6461520803,successful
3149,919,Stephanie White,103,1300.0,Shirt,Clothing,offline,Mumbai,10-25-2025,1,NetBanking,0.25,StephanieWhite@gmail.com,7502238517,successful
3150,756,Juan Mata,104,8000.0,shoes,CLOTH,online,Bangalore,2025-08-15 00:00:00,2,Cash,0.4,JuanMata@yahoo.com,6819524818,successful
3151,31,Lisa Velazquez,110,45000.0,MICROWAVE,Home Appliances,online,Bangalore,03-25-2026,5,Cash,0.25,LisaVelazquez@yahoo.com,7553035435,successful
3152,127,Carlos Hickman,109,65000.0,refrigerator,Home Appliances,online,Bangalore,2026-11-03 00:00:00,5,Cash,0.35,CarlosHickman@gmail.com,6093093186,successful
3153,989,Jason Huerta,107,50000.0,Dining table,furniture,offline,Chennai,2025-04-28 00:00:00,2,NetBanking,0.3,JasonHuerta@yahoo.com,9500144162,successful
3154,40,Kristina Harrell,110,45000.0,MICROWAVE,HOME,online,Hyderabad,2025-07-03 00:00:00,4,UPI,0.1,KristinaHarrell@outlook.com,7404306674,successful
3155,898,Joseph Tyler,105,45000.0,TV,Electronics,online,Hyderabad,09-22-2025,1,Cash,0.35,JosephTyler@gmail.com,6140222797,successful
3156,845,Sara Smith,104,8000.0,shoes,clothing,offline,Chennai,12-25-2025,1,Card,0.05,SaraSmith@outlook.com,6120630226,successful
3157,156,Sara Romero,105,45000.0,tv,ELEC,offline,Chennai,2026-01-17 00:00:00,1,Cash,0.2,SaraRomero@gmail.com,9107680162,successful
3158,63,Joseph Little,103,1300.0,Shirt,clothing,online,Mumbai,2026-03-16 00:00:00,4,Card,0.3,JosephLittle@yahoo.com,7793820553,successful
3158,63,Joseph Little,103,1300.0,Shirt,clothing,online,Mumbai,2026-03-16 00:00:00,4,Card,0.3,JosephLittle@yahoo.com,7793820553,failed
3159,293,Luke Cummings,107,50000.0,Dining table,furniture,online,Hyderabad,2026-11-01 00:00:00,5,NetBanking,0.25,LukeCummings@gmail.com,8835564761,successful
3160,695,Jillian Rodgers,109,65000.0,refrigerator,Home Appliances,online,Hyderabad,2025-06-10 00:00:00,1,Card,0.3,JillianRodgers@gmail.com,8442671711,successful
3161,941,Chelsea Wallace,107,50000.0,DINING TABLE,FURN,offline,Bangalore,12-15-2025,1,NetBanking,0.3,ChelseaWallace@outlook.com,9617601736,successful
3161,941,Chelsea Wallace,107,50000.0,DINING TABLE,FURN,offline,Bangalore,12-15-2025,1,NetBanking,0.3,ChelseaWallace@outlook.com,9617601736,failed
3162,279,Lucas Stevens,106,80000.0,Sofa,Furniture,online,Hyderabad,2025-04-12 00:00:00,5,Cash,0.3,LucasStevens@outlook.com,6788203687,successful
3163,813,John Harris,109,65000.0,refrigerator,home appliances,offline,Chennai,2026-12-02 00:00:00,1,UPI,0.05,JohnHarris@gmail.com,9597553148,successful
3164,388,Daniel Wilson,104,8000.0,Shoes,Clothing,offline,Bangalore,2025-11-12 00:00:00,3,UPI,0.1,DanielWilson@gmail.com,8047330453,successful
3165,882,Megan Kelley,104,8000.0,Shoes,Clothing,offline,Chennai,08-26-2025,2,Card,0.1,MeganKelley@yahoo.com,9265471948,successful
3166,669,Joseph Moses,103,1300.0,Shirt,Clothing,offline,Chennai,09-25-2025,4,Card,0.4,JosephMoses@outlook.com,9588051125,successful
3167,526,Paul Fields,109,65000.0,REFRIGERATOR,Home Appliances,offline,Chennai,2025-10-01 00:00:00,1,Cash,0.25,Paul23@gmail.com,9018641606,successful
3168,55,Patrick Velez,105,45000.0,Tv,electronics,offline,Bangalore,2026-04-06 00:00:00,4,Card,0.15,PatrickVelez@gmail.com,6162389585,successful
3169,62,Sarah Park,108,15000.0,mixer grinder,home appliances,online,Delhi,2025-11-27 00:00:00,4,Card,0.05,Sarah20@gmail.com,6601305051,successful
3170,910,Cindy Price,107,50000.0,DINING TABLE,furniture,offline,Bangalore,2025-08-18 00:00:00,3,UPI,0.25,CindyPrice@outlook.com,9747501764,successful
3171,299,Megan Harris,106,80000.0,sofa,FURN,online,Chennai,2025-07-12 00:00:00,4,UPI,0.4,MeganHarris@gmail.com,6759691134,successful
3172,261,Ronnie Martin,107,50000.0,Dining table,Furniture,online,Bangalore,2025-04-29 00:00:00,1,Card,0.05,RonnieMartin@yahoo.com,8466121260,successful
3173,968,Keith Davis,110,45000.0,MICROWAVE,Home Appliances,offline,Hyderabad,12-23-2025,4,Card,0.2,KeithDavis@yahoo.com,6310144512,successful
3174,212,Russell Day,104,8000.0,SHOES,CLOTH,online,Bangalore,2026-11-02 00:00:00,2,UPI,0.2,RussellDay@yahoo.com,7810953203,successful
3175,418,Michael Knapp,101,250000.0,LAPTOP,electronics,online,Hyderabad,2025-06-15 00:00:00,0,NetBanking,0.2,MichaelKnapp@gmail.com,9322699274,successful
3176,995,Anthony Holloway,103,1300.0,Shirt,CLOTH,online,Chennai,2026-03-27 00:00:00,4,Card,0.1,AnthonyHolloway@yahoo.com,7115278077,successful
3177,364,Kelly Graves,106,80000.0,SOFA,FURN,online,Bangalore,2025-08-03 00:00:00,1,UPI,0.05,Kelly10@gmail.com,6221080043,successful
3178,927,Bradley Sparks,106,,Sofa,furniture,offline,Chennai,2025-09-03 00:00:00,1,UPI,0.2,BradleySparks@gmail.com,8246590514,successful
3179,87,Peter Silva,108,15000.0,mixer grinder,home appliances,online,Chennai,06-24-2025,5,Cash,0.3,PeterSilva@outlook.com,7226480954,successful
3180,602,Jeanne Stewart,104,,SHOES,CLOTH,offline,Mumbai,2025-04-27 00:00:00,5,Cash,0.15,JeanneStewart@gmail.com,9996367045,successful
3181,146,Jose Thomas,104,8000.0,shoes,CLOTH,offline,Bangalore,2025-12-17 00:00:00,3,Cash,0.3,JoseThomas@outlook.com,8398779963,successful
3182,71,Tina Bowers,110,45000.0,MICROWAVE,home appliances,online,Bangalore,2025-11-27 00:00:00,4,Card,0.35,TinaBowers@yahoo.com,7411826205,successful
3183,435,Wendy Robinson,101,250000.0,laptop,Electronics,offline,Delhi,11-29-2025,5,Cash,0.35,WendyRobinson@gmail.com,7891934454,successful
3184,486,Juan Rios,102,70000.0,Phone,ELEC,online,Chennai,2025-10-15 00:00:00,5,Card,0.2,JuanRios@yahoo.com,6342924898,successful
3185,352,Daniel Gonzales,102,70000.0,Phone,electronics,online,Delhi,03-21-2026,5,Card,0.1,DanielGonzales@gmail.com,7541072541,successful
3186,370,Jessica Moreno,105,45000.0,Tv,electronics,offline,Delhi,2025-11-04 00:00:00,1,Card,0.35,JessicaMoreno@gmail.com,8989403938,successful
3187,452,Cory Humphrey,101,250000.0,laptop,ELEC,offline,Hyderabad,2026-04-01 00:00:00,3,Card,0.35,CoryHumphrey@gmail.com,9921587438,successful
3188,63,Joseph Little,105,45000.0,tv,Electronics,offline,Mumbai,2025-02-11 00:00:00,4,Cash,0.2,JosephLittle@yahoo.com,7793820553,successful
3189,118,Tammy Harding,110,45000.0,MICROWAVE,Home Appliances,online,Mumbai,2025-10-05 00:00:00,3,NetBanking,0.3,Tammy26@gmail.com,8707360733,successful
3190,971,Larry Ramos,106,80000.0,Sofa,furniture,offline,Chennai,2025-12-13 00:00:00,4,NetBanking,0.35,Larry38@gmail.com,8961305114,successful
3191,729,Elizabeth Hunt,110,45000.0,MICROWAVE,home appliances,offline,Mumbai,2025-07-05 00:00:00,5,UPI,0.1,ElizabethHunt@outlook.com,8909629121,successful
3191,729,Elizabeth Hunt,110,45000.0,MICROWAVE,home appliances,offline,Mumbai,2025-07-05 00:00:00,5,UPI,0.1,ElizabethHunt@outlook.com,8909629121,failed
3192,913,Craig Harris,109,,refrigerator,home appliances,offline,Delhi,09-23-2025,4,Cash,0.3,CraigHarris@yahoo.com,7947583910,successful
3193,529,Justin Brown,107,50000.0,Dining table,FURN,online,Bangalore,2025-08-12 00:00:00,2,NetBanking,0.05,JustinBrown@outlook.com,7589009082,successful
3194,368,Emily Scott,103,1300.0,SHIRT,CLOTH,online,Mumbai,2025-05-29 00:00:00,1,UPI,0.15,EmilyScott@yahoo.com,9116589634,successful
3195,204,Kevin Osborne,109,65000.0,refrigerator,HOME,offline,Chennai,2026-04-15 00:00:00,5,Cash,0.4,Kevin1@gmail.com,6283888034,successful
3196,219,Alexander Phillips,108,15000.0,mixer grinder,Home Appliances,offline,Mumbai,2025-12-10 00:00:00,1,NetBanking,0.1,Alexander92@gmail.com,7235649492,successful
3197,550,Raymond Martinez,110,45000.0,MICROWAVE,Home Appliances,online,Chennai,2025-09-29 00:00:00,3,Card,0.35,Raymond11@gmail.com,7127699650,successful
3198,858,Kristina Stewart,110,45000.0,microwave,home appliances,online,Hyderabad,2025-07-02 00:00:00,1,NetBanking,0.05,KristinaStewart@yahoo.com,8517535897,successful
3199,742,Wesley Davis,105,,tv,electronics,offline,Delhi,2025-12-15 00:00:00,5,NetBanking,0.05,WesleyDavis@outlook.com,6985349946,successful
3200,491,John Olson,102,,Phone,electronics,online,Hyderabad,2025-10-31 00:00:00,1,Cash,0.25,JohnOlson@yahoo.com,8271777825,successful
3201,106,James Pham,105,45000.0,Tv,ELEC,offline,Chennai,2026-02-24 00:00:00,2,Card,0.1,JamesPham@gmail.com,8917460047,successful
3202,258,Larry Taylor,101,250000.0,LAPTOP,ELEC,offline,Chennai,2025-11-10 00:00:00,1,UPI,0.1,LarryTaylor@yahoo.com,9823327795,successful
3203,578,Kristi Wilson,105,45000.0,Tv,Electronics,online,Chennai,2025-05-21 00:00:00,2,Cash,0.25,KristiWilson@yahoo.com,6043009323,successful
3204,139,Melissa Peterson,110,45000.0,MICROWAVE,home appliances,online,Mumbai,2025-06-09 00:00:00,5,NetBanking,0.15,MelissaPeterson@outlook.com,8721382133,successful
3204,139,Melissa Peterson,110,45000.0,MICROWAVE,home appliances,online,Mumbai,2025-06-09 00:00:00,5,NetBanking,0.15,MelissaPeterson@outlook.com,8721382133,failed
3205,116,Doris Banks,102,70000.0,phone,electronics,offline,Delhi,2025-01-09 00:00:00,2,NetBanking,0.1,DorisBanks@yahoo.com,9354316106,successful
3206,742,Wesley Davis,106,80000.0,sofa,furniture,online,Delhi,2026-04-02 00:00:00,3,UPI,0.3,WesleyDavis@outlook.com,6985349946,successful
3207,626,Tyler Martinez,106,,Sofa,furniture,online,Hyderabad,03-16-2026,4,Card,0.35,TylerMartinez@gmail.com,7844237616,successful
3208,262,Michael Elliott,102,70000.0,phone,Electronics,offline,Mumbai,2026-03-02 00:00:00,4,Cash,0.4,MichaelElliott@yahoo.com,6646881322,successful
3209,428,Michelle Rogers,108,15000.0,mixer grinder,HOME,online,Bangalore,2026-02-12 00:00:00,2,NetBanking,0.15,Michelle25@gmail.com,9287510299,successful
3210,360,Lindsey Yang,101,250000.0,laptop,Electronics,offline,Hyderabad,2025-07-28 00:00:00,4,Card,0.35,LindseyYang@gmail.com,9898894192,successful
3211,243,Christian Martin,105,,TV,ELEC,online,Delhi,02-15-2026,2,UPI,0.15,ChristianMartin@yahoo.com,6377411962,successful
3212,672,Austin Perez,109,,refrigerator,Home Appliances,online,Delhi,2025-03-08 00:00:00,2,NetBanking,0.3,Austin35@gmail.com,6030034218,successful
3213,688,Peter Chavez,105,,TV,ELEC,online,Mumbai,08-24-2025,5,Cash,0.1,PeterChavez@outlook.com,8803152648,successful
3214,185,Sarah Cohen,101,,Laptop,Electronics,online,Mumbai,2025-08-09 00:00:00,2,UPI,0.35,SarahCohen@outlook.com,8825874728,successful
3215,160,Eric Richardson,106,,sofa,Furniture,online,Bangalore,2025-09-21 00:00:00,3,UPI,0.2,EricRichardson@gmail.com,9732629726,successful
3216,570,Donald Carter,107,50000.0,DINING TABLE,Furniture,online,Chennai,2026-01-30 00:00:00,1,UPI,0.2,Donald21@gmail.com,7944230219,successful
3217,177,Barbara Weber,110,45000.0,microwave,Home Appliances,online,Chennai,2025-07-28 00:00:00,3,UPI,0.4,Barbara59@gmail.com,6212820042,successful
3218,215,Crystal Aguilar,101,250000.0,Laptop,electronics,offline,Mumbai,2025-08-06 00:00:00,3,Cash,0.4,CrystalAguilar@gmail.com,6161915910,successful
3219,787,Lauren Wallace,107,50000.0,dining table,Furniture,offline,Hyderabad,2025-11-14 00:00:00,3,Cash,0.4,LaurenWallace@gmail.com,9890679267,successful
3220,243,Christian Martin,110,45000.0,Microwave,home appliances,online,Delhi,2025-07-03 00:00:00,1,UPI,0.25,ChristianMartin@yahoo.com,6377411962,successful
3221,45,Tasha Baker,107,50000.0,Dining table,furniture,offline,Delhi,2025-12-11 00:00:00,1,UPI,0.2,TashaBaker@gmail.com,7562005843,successful
3222,186,Dawn Garrett,102,70000.0,PHONE,ELEC,online,Chennai,05-16-2025,3,Card,0.1,Dawn29@gmail.com,9627230201,successful
3223,169,Angela Dixon,106,,Sofa,Furniture,offline,Mumbai,12-31-2025,2,NetBanking,0.35,AngelaDixon@gmail.com,9766717904,successful
3224,2,Steven Evans,102,70000.0,PHONE,Electronics,offline,Delhi,2025-07-22 00:00:00,4,Cash,0.2,StevenEvans@gmail.com,9464982287,successful
3225,552,Anthony Cox,109,65000.0,REFRIGERATOR,HOME,offline,Hyderabad,2025-05-16 00:00:00,3,UPI,0.15,AnthonyCox@gmail.com,7725127392,successful
3225,552,Anthony Cox,109,65000.0,REFRIGERATOR,HOME,offline,Hyderabad,2025-05-16 00:00:00,3,UPI,0.15,AnthonyCox@gmail.com,7725127392,failed
3226,173,Joshua Smith,101,250000.0,Laptop,ELEC,offline,Delhi,2025-12-05 00:00:00,4,NetBanking,0.4,JoshuaSmith@outlook.com,9374137378,successful
3227,671,Sarah Frederick,107,50000.0,Dining table,furniture,offline,Chennai,01-27-2026,-2,Cash,0.25,SarahFrederick@outlook.com,6659595538,successful
3227,671,Sarah Frederick,107,50000.0,Dining table,furniture,offline,Chennai,01-27-2026,-2,Cash,0.25,SarahFrederick@outlook.com,6659595538,failed
3228,905,Katie George,102,70000.0,Phone,Electronics,offline,Hyderabad,2026-03-07 00:00:00,2,Cash,0.35,KatieGeorge@gmail.com,6926102952,successful
3229,892,Logan Hayes,101,250000.0,laptop,electronics,online,Mumbai,2025-08-18 00:00:00,3,NetBanking,0.05,LoganHayes@yahoo.com,6461520803,successful
3230,664,Catherine Anderson,104,8000.0,Shoes,Clothing,online,Bangalore,2026-06-03 00:00:00,3,NetBanking,0.05,Catherine10@gmail.com,9237837801,successful
3231,30,Todd Harding,110,45000.0,MICROWAVE,home appliances,online,Hyderabad,2025-10-16 00:00:00,3,Cash,0.1,ToddHarding@yahoo.com,7818384621,successful
3232,713,Jason Griffin,109,65000.0,refrigerator,home appliances,online,Hyderabad,2025-04-09 00:00:00,3,Cash,0.05,Jason36@gmail.com,8944628007,successful
3233,359,Ryan Williams,107,50000.0,Dining table,Furniture,offline,Delhi,2025-11-06 00:00:00,1,UPI,0.35,RyanWilliams@gmail.com,6381855599,successful
3234,117,Brent Clark,101,250000.0,laptop,electronics,offline,Delhi,11-29-2025,1,NetBanking,0.35,BrentClark@gmail.com,9054087598,successful
3235,432,Charles Nelson,103,1300.0,SHIRT,clothing,online,Mumbai,2025-07-10 00:00:00,4,UPI,0.2,CharlesNelson@yahoo.com,9047961774,successful
3236,656,Adam White,108,15000.0,Mixer grinder,HOME,offline,Hyderabad,2025-09-07 00:00:00,4,NetBanking,0.15,AdamWhite@yahoo.com,9099608407,successful
3237,282,Tasha Roberson,105,45000.0,TV,ELEC,offline,Hyderabad,2025-07-11 00:00:00,5,Card,0.15,TashaRoberson@outlook.com,9239123095,successful
3238,843,Chelsea Hester,110,45000.0,microwave,Home Appliances,online,Bangalore,2025-08-01 00:00:00,4,NetBanking,0.05,ChelseaHester@gmail.com,8104088861,successful
3239,481,Valerie Phillips,109,,REFRIGERATOR,home appliances,online,Chennai,10-13-2025,5,NetBanking,0.3,ValeriePhillips@gmail.com,8466406027,successful
3240,301,Alexandra Nguyen,108,15000.0,MIXER GRINDER,home appliances,offline,Delhi,2025-08-12 00:00:00,3,Cash,0.2,AlexandraNguyen@gmail.com,6824349566,successful
3241,766,Stacey Jones,105,45000.0,TV,electronics,online,Mumbai,08-14-2025,4,NetBanking,0.15,StaceyJones@outlook.com,8058935577,successful
3241,766,Stacey Jones,105,45000.0,TV,electronics,online,Mumbai,08-14-2025,4,NetBanking,0.15,StaceyJones@outlook.com,8058935577,failed
3242,858,Kristina Stewart,109,65000.0,refrigerator,HOME,online,Hyderabad,2025-09-05 00:00:00,3,Cash,0.05,KristinaStewart@yahoo.com,8517535897,successful
3243,633,Julie Jackson,107,,dining table,FURN,online,Delhi,2025-10-18 00:00:00,4,Cash,0.4,Julie50@gmail.com,7168243701,successful
3244,392,Jeffery Wallace,101,250000.0,Laptop,Electronics,online,Hyderabad,2025-06-23 00:00:00,1,Cash,0.3,JefferyWallace@gmail.com,8334016777,successful
3245,441,Austin Bowman,106,80000.0,sofa,furniture,offline,Bangalore,03-19-2026,5,UPI,0.35,AustinBowman@gmail.com,9503885527,successful
3246,704,Susan Thomas,102,70000.0,Phone,Electronics,online,Chennai,2025-07-24 00:00:00,2,UPI,0.4,SusanThomas@outlook.com,6067266032,successful
3247,988,John Thomas,107,50000.0,Dining table,Furniture,online,Delhi,2026-03-19 00:00:00,2,Card,0.35,John19@gmail.com,9168109139,successful
3248,53,John Bridges,109,65000.0,REFRIGERATOR,HOME,online,Hyderabad,2025-06-02 00:00:00,5,Card,0.2,JohnBridges@outlook.com,9816578917,successful
3249,538,Haley Henderson,102,70000.0,phone,Electronics,online,Bangalore,05-20-2025,2,Cash,0.3,HaleyHenderson@outlook.com,7116096076,successful
3250,156,Sara Romero,106,80000.0,Sofa,Furniture,offline,Chennai,2025-07-10 00:00:00,-2,NetBanking,0.3,SaraRomero@gmail.com,9107680162,successful
3251,808,Brandon Hicks,109,65000.0,REFRIGERATOR,Home Appliances,offline,Mumbai,2025-05-07 00:00:00,5,Card,0.2,BrandonHicks@yahoo.com,6642210549,successful
3252,767,John Farmer,109,65000.0,refrigerator,Home Appliances,offline,Mumbai,2025-12-03 00:00:00,3,NetBanking,0.2,JohnFarmer@outlook.com,6262937080,successful
3253,101,Craig Ray,109,65000.0,refrigerator,Home Appliances,online,Delhi,2025-10-22 00:00:00,1,Cash,0.35,CraigRay@gmail.com,8307595516,successful
3254,669,Joseph Moses,109,65000.0,refrigerator,Home Appliances,online,Chennai,2025-12-29 00:00:00,4,Card,0.2,JosephMoses@outlook.com,9588051125,successful
3255,219,Alexander Phillips,103,1300.0,shirt,Clothing,offline,Mumbai,2026-01-06 00:00:00,4,Card,0.3,Alexander92@gmail.com,7235649492,successful
3256,586,Michael Mason,105,45000.0,tv,electronics,online,Delhi,2025-11-24 00:00:00,2,Card,0.1,MichaelMason@outlook.com,7068178672,successful
3257,562,Breanna Fletcher,106,80000.0,Sofa,Furniture,offline,Chennai,10-19-2025,1,Cash,0.05,BreannaFletcher@outlook.com,7530746207,successful
3258,479,Tracy Underwood,105,45000.0,TV,ELEC,online,Chennai,2025-06-16 00:00:00,2,Card,0.3,TracyUnderwood@outlook.com,9686965808,successful
3259,312,James Morales,101,,Laptop,Electronics,online,Bangalore,2025-03-10 00:00:00,5,Card,0.4,JamesMorales@yahoo.com,8188620000,successful
3260,738,Brent Smith,108,15000.0,MIXER GRINDER,HOME,offline,Chennai,2025-07-05 00:00:00,5,UPI,0.3,Brent73@gmail.com,7753142144,successful
3261,674,Haley Alvarez,102,,Phone,ELEC,online,Bangalore,2025-12-12 00:00:00,4,NetBanking,0.25,HaleyAlvarez@outlook.com,9910438272,successful
3262,202,Amanda Reed,106,80000.0,Sofa,furniture,offline,Delhi,06-24-2025,1,Card,0.2,AmandaReed@yahoo.com,6574367299,successful
3263,127,Carlos Hickman,105,45000.0,TV,Electronics,online,Bangalore,2026-01-26 00:00:00,4,Cash,0.35,CarlosHickman@gmail.com,6093093186,successful
3263,127,Carlos Hickman,105,45000.0,TV,Electronics,online,Bangalore,2026-01-26 00:00:00,4,Cash,0.35,CarlosHickman@gmail.com,6093093186,failed
3264,878,Sarah Brown,103,1300.0,SHIRT,Clothing,offline,Chennai,2026-02-20 00:00:00,4,Cash,0.2,SarahBrown@yahoo.com,9775172098,successful
3265,802,John Mills,103,1300.0,shirt,clothing,offline,Bangalore,2026-03-03 00:00:00,1,Card,0.35,JohnMills@outlook.com,9207958815,successful
3266,429,Michael Welch,103,1300.0,SHIRT,Clothing,online,Delhi,06-30-2025,1,Card,0.35,MichaelWelch@gmail.com,9639123250,successful
3267,820,Mary Goodwin,109,65000.0,REFRIGERATOR,home appliances,offline,Delhi,2026-03-08 00:00:00,2,UPI,0.15,MaryGoodwin@yahoo.com,8576869201,successful
3268,892,Logan Hayes,110,45000.0,Microwave,HOME,online,Mumbai,2025-12-06 00:00:00,4,Card,0.3,LoganHayes@yahoo.com,6461520803,successful
3269,508,Jesus Decker,104,8000.0,Shoes,CLOTH,online,Bangalore,2025-10-11 00:00:00,4,Card,0.2,JesusDecker@gmail.com,6995878892,successful
3270,701,Dylan Stanley,103,1300.0,SHIRT,Clothing,online,Mumbai,08-14-2025,1,Cash,0.4,DylanStanley@gmail.com,8009111562,successful
3271,799,Stephanie Dunn,102,70000.0,Phone,ELEC,online,Delhi,2025-05-10 00:00:00,2,Cash,0.2,StephanieDunn@gmail.com,7485500744,successful
3272,584,Stacie Jones,109,65000.0,REFRIGERATOR,Home Appliances,online,Chennai,10-22-2025,2,NetBanking,0.25,StacieJones@gmail.com,9671322693,successful
3273,239,Tyler Greene,107,50000.0,dining table,Furniture,online,Delhi,2025-11-09 00:00:00,1,NetBanking,0.2,TylerGreene@gmail.com,8110153007,successful
3274,287,Cory Howell,105,,Tv,ELEC,online,Delhi,03-27-2026,3,Card,0.35,Cory93@gmail.com,6894154787,successful
3275,546,Angel Gibson,101,250000.0,Laptop,Electronics,offline,Mumbai,2025-04-16 00:00:00,4,NetBanking,0.05,AngelGibson@outlook.com,8859591227,successful
3276,39,Megan Jones,105,45000.0,Tv,ELEC,offline,Hyderabad,07-20-2025,2,Cash,0.3,MeganJones@gmail.com,7279430686,successful
3277,527,Terri Williams,106,,SOFA,furniture,online,Delhi,2026-12-01 00:00:00,0,Card,0.1,TerriWilliams@outlook.com,7745141462,successful
3278,286,Carmen Sanders,103,,Shirt,Clothing,offline,Hyderabad,2025-05-02 00:00:00,4,Card,0.4,Carmen60@gmail.com,8828050019,successful
3279,384,Jeffrey Williams,102,70000.0,PHONE,ELEC,online,Mumbai,11-27-2025,2,NetBanking,0.2,JeffreyWilliams@outlook.com,6639911749,successful
3280,261,Ronnie Martin,105,45000.0,TV,electronics,offline,Bangalore,2025-07-14 00:00:00,3,Cash,0.15,RonnieMartin@yahoo.com,8466121260,successful
3281,5,Kathleen Olson,105,45000.0,TV,electronics,offline,Hyderabad,2025-07-26 00:00:00,5,NetBanking,0.1,KathleenOlson@gmail.com,6401699805,successful
3282,843,Chelsea Hester,105,45000.0,TV,electronics,online,Bangalore,2025-04-30 00:00:00,3,Cash,0.15,ChelseaHester@gmail.com,8104088861,successful
3283,541,Melissa Perez,105,45000.0,TV,electronics,offline,Delhi,2026-01-13 00:00:00,2,Cash,0.15,Melissa30@gmail.com,8305757972,successful
3284,214,Megan Hall,106,80000.0,sofa,Furniture,offline,Mumbai,2026-03-02 00:00:00,4,Card,0.15,MeganHall@yahoo.com,6986753684,successful
3285,252,Shannon Dennis,104,8000.0,shoes,clothing,online,Hyderabad,03-20-2026,4,NetBanking,0.35,Shannon37@gmail.com,6229767631,successful
3286,73,Anthony Gonzalez,105,45000.0,Tv,ELEC,online,Mumbai,2025-11-13 00:00:00,1,Cash,0.4,AnthonyGonzalez@yahoo.com,9583189312,successful
3287,953,Adam Taylor,108,15000.0,mixer grinder,HOME,offline,Bangalore,2026-03-03 00:00:00,2,NetBanking,0.05,Adam83@gmail.com,9115270391,successful
3288,597,Paul Foster,110,45000.0,MICROWAVE,HOME,online,Bangalore,2025-09-07 00:00:00,5,Card,0.05,PaulFoster@gmail.com,8644430674,successful
3289,750,Kristi Blackwell,108,15000.0,Mixer grinder,Home Appliances,online,Hyderabad,2025-08-01 00:00:00,3,NetBanking,0.35,KristiBlackwell@yahoo.com,7744513501,successful
3289,750,Kristi Blackwell,108,15000.0,Mixer grinder,Home Appliances,online,Hyderabad,2025-08-01 00:00:00,3,NetBanking,0.35,KristiBlackwell@yahoo.com,7744513501,failed
3290,432,Charles Nelson,104,8000.0,shoes,CLOTH,offline,Mumbai,07-22-2025,3,Card,0.3,CharlesNelson@yahoo.com,9047961774,successful
3291,726,Joshua Walker,108,15000.0,mixer grinder,home appliances,online,Mumbai,2026-03-11 00:00:00,3,UPI,0.3,JoshuaWalker@outlook.com,9234629809,successful
3292,833,Shawn Cooper,106,80000.0,SOFA,furniture,online,Chennai,04-18-2025,1,Card,0.35,ShawnCooper@gmail.com,6896669509,successful
3293,420,Marcus Wilkinson,108,,Mixer grinder,HOME,offline,Hyderabad,2025-05-17 00:00:00,3,UPI,0.4,MarcusWilkinson@yahoo.com,7506061410,successful
3294,927,Bradley Sparks,105,45000.0,TV,electronics,offline,Chennai,2025-08-11 00:00:00,4,Card,0.35,BradleySparks@gmail.com,8246590514,successful
3295,764,Jody Gardner,110,45000.0,MICROWAVE,Home Appliances,offline,Mumbai,2026-01-30 00:00:00,2,Card,0.05,JodyGardner@outlook.com,8683344567,successful
3296,258,Larry Taylor,104,8000.0,Shoes,clothing,online,Chennai,2025-06-30 00:00:00,3,Cash,0.25,LarryTaylor@yahoo.com,9823327795,successful
3297,529,Justin Brown,101,250000.0,Laptop,ELEC,online,Bangalore,2025-08-30 00:00:00,2,UPI,0.25,JustinBrown@outlook.com,7589009082,successful
3298,183,Paul Gomez,104,8000.0,SHOES,CLOTH,online,Hyderabad,2026-03-23 00:00:00,1,UPI,0.05,PaulGomez@yahoo.com,8872570750,successful
3299,321,Chris Garcia,106,80000.0,SOFA,FURN,online,Mumbai,2025-10-07 00:00:00,3,Card,0.25,ChrisGarcia@outlook.com,9828935695,successful
3300,254,Daniel Santos,108,15000.0,MIXER GRINDER,HOME,offline,Hyderabad,2025-04-25 00:00:00,5,NetBanking,0.3,DanielSantos@yahoo.com,8953397463,successful
3301,236,Frank Gray,109,65000.0,REFRIGERATOR,home appliances,online,Bangalore,2026-04-02 00:00:00,2,NetBanking,0.15,Frank33@gmail.com,9866223732,successful
3302,292,Brenda Reilly,105,45000.0,Tv,ELEC,offline,Delhi,2025-09-19 00:00:00,4,UPI,0.15,BrendaReilly@yahoo.com,6251601549,successful
3303,18,Allison Adams,105,45000.0,Tv,Electronics,offline,Mumbai,2025-07-02 00:00:00,3,UPI,0.3,AllisonAdams@gmail.com,6292758299,successful
3304,916,Betty Mcdaniel,108,15000.0,mixer grinder,HOME,online,Chennai,2025-05-29 00:00:00,2,Cash,0.15,BettyMcdaniel@yahoo.com,7323816268,successful
3305,573,Erin Duncan,101,250000.0,Laptop,Electronics,online,Chennai,2025-05-11 00:00:00,5,Cash,0.2,Erin80@gmail.com,7915262715,successful
3306,362,David Wells,110,45000.0,MICROWAVE,home appliances,online,Bangalore,12-14-2025,2,Cash,0.2,DavidWells@yahoo.com,7619729722,successful
3307,8,Francisco Suarez,103,1300.0,SHIRT,clothing,offline,Hyderabad,2025-11-10 00:00:00,4,UPI,0.4,FranciscoSuarez@gmail.com,9716873830,successful
3308,364,Kelly Graves,110,45000.0,MICROWAVE,HOME,online,Bangalore,2025-01-09 00:00:00,2,Card,0.35,Kelly10@gmail.com,6221080043,successful
3309,947,Gabriel Golden,110,45000.0,MICROWAVE,Home Appliances,online,Mumbai,2026-03-13 00:00:00,2,UPI,0.25,Gabriel55@gmail.com,7538937330,successful
3310,217,Eric Cross,109,65000.0,refrigerator,Home Appliances,offline,Bangalore,2026-01-25 00:00:00,2,NetBanking,0.35,Eric39@gmail.com,6551844796,successful
3311,625,Elizabeth Duran,102,70000.0,phone,ELEC,online,Mumbai,2026-01-19 00:00:00,4,Card,0.2,ElizabethDuran@gmail.com,7848866997,successful
3312,313,Mary Lowe,106,,Sofa,Furniture,online,Delhi,2025-06-21 00:00:00,4,Card,0.1,MaryLowe@outlook.com,6672302640,successful
3313,75,Jacob Mathis,102,70000.0,phone,Electronics,offline,Mumbai,2025-04-21 00:00:00,2,Card,0.2,Jacob18@gmail.com,9174406187,successful
3314,917,Alexandria Marks,109,65000.0,Refrigerator,home appliances,offline,Hyderabad,2025-12-07 00:00:00,2,NetBanking,0.4,AlexandriaMarks@gmail.com,8815523519,successful
3315,2,Steven Evans,102,70000.0,PHONE,Electronics,offline,Delhi,08-14-2025,4,NetBanking,0.3,StevenEvans@gmail.com,9464982287,successful
3316,642,Troy Mitchell,103,1300.0,shirt,CLOTH,offline,Bangalore,2025-07-18 00:00:00,4,Card,0.15,Troy60@gmail.com,8385276968,successful
3317,339,Stacy Hernandez,107,50000.0,Dining table,furniture,online,Delhi,2025-06-12 00:00:00,5,Cash,0.1,StacyHernandez@yahoo.com,7639794384,successful
3318,989,Jason Huerta,109,65000.0,refrigerator,Home Appliances,offline,Chennai,2026-07-03 00:00:00,3,Card,0.1,JasonHuerta@yahoo.com,9500144162,successful
3319,621,David Kline,107,50000.0,Dining table,furniture,online,Delhi,2025-09-02 00:00:00,4,Cash,0.3,DavidKline@outlook.com,8433726381,successful
3320,615,Carolyn Torres,106,,SOFA,FURN,online,Mumbai,2025-06-22 00:00:00,1,NetBanking,0.2,CarolynTorres@gmail.com,6634885838,successful
3321,674,Haley Alvarez,106,80000.0,SOFA,FURN,offline,Bangalore,05-19-2025,4,Card,0.2,HaleyAlvarez@outlook.com,9910438272,successful
3322,360,Lindsey Yang,104,8000.0,Shoes,Clothing,online,Hyderabad,2025-12-12 00:00:00,1,NetBanking,0.15,LindseyYang@gmail.com,9898894192,successful
3323,411,Robin Hernandez,103,1300.0,SHIRT,CLOTH,online,Hyderabad,2025-09-03 00:00:00,3,NetBanking,0.3,RobinHernandez@yahoo.com,6497530606,successful
3324,85,Suzanne Estes,107,50000.0,Dining table,FURN,offline,Delhi,2025-12-12 00:00:00,4,NetBanking,0.1,Suzanne95@gmail.com,8067152653,successful
3324,85,Suzanne Estes,107,50000.0,Dining table,FURN,offline,Delhi,2025-12-12 00:00:00,4,NetBanking,0.1,Suzanne95@gmail.com,8067152653,failed
3325,560,Anthony Lawrence,101,250000.0,laptop,electronics,online,Hyderabad,12-13-2025,4,Cash,0.35,AnthonyLawrence@gmail.com,7569957287,successful
3326,736,Lisa Lee,107,50000.0,DINING TABLE,furniture,online,Delhi,2025-07-31 00:00:00,3,Card,0.05,Lisa63@gmail.com,7056446221,successful
3327,610,Melissa Jones,106,80000.0,Sofa,furniture,online,Chennai,2025-08-17 00:00:00,5,UPI,0.15,MelissaJones@gmail.com,8641239133,successful
3328,452,Cory Humphrey,110,45000.0,microwave,HOME,offline,Hyderabad,2025-04-10 00:00:00,2,UPI,0.15,CoryHumphrey@gmail.com,9921587438,successful
3329,772,Katelyn Gregory,105,45000.0,tv,electronics,offline,Hyderabad,06-15-2025,1,Cash,0.35,KatelynGregory@outlook.com,8444571958,successful
3330,534,Deborah Lopez,102,70000.0,phone,ELEC,online,Delhi,2025-11-10 00:00:00,3,UPI,0.05,DeborahLopez@yahoo.com,9151971818,successful
3331,11,James Leblanc,106,80000.0,sofa,furniture,offline,Delhi,03-30-2026,4,Cash,0.25,James92@gmail.com,8278100360,successful
3332,4,Kelly Brown,102,,Phone,ELEC,online,Chennai,2025-07-21 00:00:00,4,UPI,0.35,KellyBrown@gmail.com,6816002599,successful
3333,921,Jessica Taylor,107,50000.0,DINING TABLE,Furniture,offline,Mumbai,2025-11-03 00:00:00,5,UPI,0.3,JessicaTaylor@outlook.com,9714740882,successful
3334,816,Erika Martin,103,1300.0,SHIRT,CLOTH,online,Delhi,2026-07-03 00:00:00,2,NetBanking,0.05,ErikaMartin@yahoo.com,7021501945,successful
3335,606,Carol Arnold,107,50000.0,Dining table,furniture,online,Mumbai,07-20-2025,5,UPI,0.25,CarolArnold@gmail.com,6562141970,successful
3336,326,Deborah Reyes,102,70000.0,PHONE,ELEC,online,Delhi,2026-02-02 00:00:00,3,UPI,0.05,DeborahReyes@outlook.com,7352477757,successful
3337,646,Pamela Bennett,110,45000.0,microwave,HOME,online,Mumbai,2026-03-19 00:00:00,2,Cash,0.25,PamelaBennett@outlook.com,9795981461,successful
3338,820,Mary Goodwin,107,50000.0,dining table,Furniture,offline,Delhi,2025-11-16 00:00:00,4,UPI,0.4,MaryGoodwin@yahoo.com,8576869201,successful
3339,476,Jill Bryant,102,70000.0,PHONE,Electronics,offline,Hyderabad,09-24-2025,4,NetBanking,0.1,JillBryant@gmail.com,6887759421,successful
3340,901,Robert Mccoy,105,45000.0,TV,Electronics,online,Mumbai,2025-11-28 00:00:00,5,UPI,0.2,RobertMccoy@gmail.com,6111279632,successful
3340,901,Robert Mccoy,105,45000.0,TV,Electronics,online,Mumbai,2025-11-28 00:00:00,5,UPI,0.2,RobertMccoy@gmail.com,6111279632,failed
3341,514,Joshua Cummings,104,8000.0,shoes,Clothing,offline,Chennai,2025-07-15 00:00:00,1,Cash,0.2,JoshuaCummings@gmail.com,9001958341,successful
3342,33,John Sullivan,105,45000.0,TV,Electronics,online,Hyderabad,2026-01-26 00:00:00,1,UPI,0.4,JohnSullivan@outlook.com,7339669763,successful
3343,144,Amber Boyd,102,70000.0,phone,electronics,offline,Mumbai,2025-11-26 00:00:00,4,UPI,0.1,Amber13@gmail.com,9100165581,successful
3344,890,Holly Mckay,110,45000.0,Microwave,home appliances,offline,Chennai,05-23-2025,1,UPI,0.15,HollyMckay@yahoo.com,6608746494,successful
3345,19,Jessica Osborne,106,80000.0,SOFA,Furniture,online,Mumbai,09-15-2025,5,Card,0.2,JessicaOsborne@outlook.com,8664830000,successful
3346,775,Roy Chavez,107,50000.0,dining table,furniture,online,Chennai,2025-05-21 00:00:00,1,UPI,0.4,Roy81@gmail.com,7595966010,successful
3347,376,Traci Floyd,104,8000.0,Shoes,Clothing,offline,Chennai,2025-07-28 00:00:00,4,UPI,0.15,TraciFloyd@outlook.com,7891980816,successful
3348,618,Alan Torres,110,45000.0,Microwave,home appliances,online,Chennai,2025-08-16 00:00:00,4,Card,0.25,AlanTorres@yahoo.com,7353183305,successful
3348,618,Alan Torres,110,45000.0,Microwave,home appliances,online,Chennai,2025-08-16 00:00:00,4,Card,0.25,AlanTorres@yahoo.com,7353183305,failed
3349,722,Alejandro Wagner,106,80000.0,sofa,furniture,offline,Bangalore,2025-10-30 00:00:00,3,Card,0.25,AlejandroWagner@outlook.com,7840847695,successful
3350,949,Madison Goodwin,106,80000.0,sofa,furniture,offline,Bangalore,2026-12-02 00:00:00,1,Cash,0.2,MadisonGoodwin@yahoo.com,8574790493,successful
3351,728,Lisa Miller,104,8000.0,SHOES,clothing,online,Chennai,2026-04-06 00:00:00,1,Cash,0.1,LisaMiller@gmail.com,8704743795,successful
3352,733,Jessica Lin,107,,dining table,Furniture,online,Delhi,2025-10-08 00:00:00,4,Cash,0.4,Jessica60@gmail.com,8596806363,successful
3353,95,John Jacobs,107,,Dining table,FURN,offline,Bangalore,2026-02-24 00:00:00,4,Card,0.4,John5@gmail.com,6404887560,successful
3354,386,Brittney Moreno,109,65000.0,REFRIGERATOR,Home Appliances,online,Chennai,2026-04-15 00:00:00,4,UPI,0.15,BrittneyMoreno@yahoo.com,9531902269,successful
3355,959,Andrea Bailey,109,65000.0,refrigerator,home appliances,online,Chennai,2026-02-05 00:00:00,-2,Card,0.3,AndreaBailey@gmail.com,6729410607,successful
3356,162,Kirsten Thomas,101,,laptop,ELEC,online,Hyderabad,2025-09-15 00:00:00,5,UPI,0.35,KirstenThomas@yahoo.com,9723010018,successful
3357,199,Marissa Cortez,107,50000.0,DINING TABLE,Furniture,offline,Chennai,08-16-2025,4,Card,0.3,Marissa45@gmail.com,6518480400,successful
3358,410,Briana Greene,103,1300.0,SHIRT,clothing,online,Mumbai,2025-12-03 00:00:00,5,Cash,0.35,BrianaGreene@yahoo.com,7390555615,successful
3358,410,Briana Greene,103,1300.0,SHIRT,clothing,online,Mumbai,2025-12-03 00:00:00,5,Cash,0.35,BrianaGreene@yahoo.com,7390555615,failed
3359,237,Jamie Casey,104,,SHOES,Clothing,online,Mumbai,05-14-2025,1,Cash,0.25,JamieCasey@yahoo.com,8424239410,successful
3360,113,Patricia Carlson,109,65000.0,refrigerator,HOME,offline,Delhi,2026-03-24 00:00:00,1,Cash,0.4,PatriciaCarlson@outlook.com,8588411759,successful
3361,381,Melissa Garza,108,15000.0,MIXER GRINDER,Home Appliances,online,Hyderabad,2026-09-02 00:00:00,5,Card,0.15,MelissaGarza@gmail.com,6928004306,successful
3362,903,Susan Nicholson,106,,SOFA,FURN,offline,Mumbai,2025-06-10 00:00:00,1,NetBanking,0.25,SusanNicholson@yahoo.com,9633103859,successful
3363,299,Megan Harris,105,45000.0,tv,Electronics,offline,Chennai,2025-09-07 00:00:00,3,Cash,0.15,MeganHarris@gmail.com,6759691134,successful
3364,218,Brian Hoffman,108,,Mixer grinder,Home Appliances,offline,Chennai,11-23-2025,1,Card,0.35,BrianHoffman@outlook.com,8837345068,successful
3365,97,Joseph Nolan,109,65000.0,refrigerator,HOME,offline,Bangalore,2025-06-10 00:00:00,2,NetBanking,0.4,JosephNolan@outlook.com,9572183593,successful
3366,231,Jason Smith,106,80000.0,Sofa,Furniture,offline,Hyderabad,2025-08-07 00:00:00,5,UPI,0.05,Jason71@gmail.com,7793301499,successful
3367,292,Brenda Reilly,105,45000.0,Tv,Electronics,offline,Delhi,2025-06-10 00:00:00,4,NetBanking,0.05,BrendaReilly@yahoo.com,6251601549,successful
3368,68,Stephanie Scott,108,15000.0,Mixer grinder,HOME,online,Chennai,2025-05-14 00:00:00,3,Cash,0.3,Stephanie6@gmail.com,9513920889,successful
3369,109,Michael Walker,104,8000.0,SHOES,Clothing,online,Mumbai,2025-08-27 00:00:00,4,NetBanking,0.3,MichaelWalker@yahoo.com,9982367171,successful
3370,182,Kathleen Castro,101,,Laptop,ELEC,offline,Hyderabad,2025-04-20 00:00:00,1,Card,0.05,KathleenCastro@outlook.com,8815269367,successful
3371,839,Erik Watson,102,70000.0,phone,Electronics,offline,Chennai,2026-01-28 00:00:00,1,UPI,0.35,ErikWatson@outlook.com,7818212146,successful
3372,225,Caitlin Contreras,101,250000.0,Laptop,electronics,online,Chennai,2025-09-11 00:00:00,3,Cash,0.25,CaitlinContreras@yahoo.com,7971343584,successful
3373,104,Amanda Castillo,109,65000.0,Refrigerator,Home Appliances,offline,Hyderabad,2026-01-16 00:00:00,1,UPI,0.1,AmandaCastillo@yahoo.com,9259539548,successful
3374,258,Larry Taylor,102,70000.0,PHONE,ELEC,online,Chennai,2025-09-17 00:00:00,4,Card,0.4,LarryTaylor@yahoo.com,9823327795,successful
3375,666,Emily Griffith,106,,sofa,Furniture,online,Mumbai,2026-02-07 00:00:00,2,Card,0.2,EmilyGriffith@gmail.com,9486424680,successful
3376,981,Christine Harper,103,1300.0,SHIRT,Clothing,online,Mumbai,2026-10-04 00:00:00,2,UPI,0.3,Christine61@gmail.com,6859295939,successful
3377,912,Brian Randall,106,,sofa,FURN,online,Mumbai,2025-04-11 00:00:00,4,Cash,0.2,BrianRandall@yahoo.com,7614413966,successful
3378,611,Robert Lucas,107,50000.0,Dining table,FURN,offline,Mumbai,2025-06-05 00:00:00,4,UPI,0.3,Robert46@gmail.com,6942116473,successful
3379,399,Rebecca French,101,250000.0,Laptop,ELEC,offline,Chennai,2025-08-03 00:00:00,5,Card,0.2,RebeccaFrench@gmail.com,7999059649,successful
3380,309,Gary Allen,101,250000.0,Laptop,electronics,offline,Delhi,2025-09-13 00:00:00,2,Cash,0.4,Gary44@gmail.com,8595573177,successful
3380,309,Gary Allen,101,250000.0,Laptop,electronics,offline,Delhi,2025-09-13 00:00:00,2,Cash,0.4,Gary44@gmail.com,8595573177,failed
3381,264,Kelli Johnson,110,45000.0,Microwave,home appliances,online,Bangalore,05-24-2025,4,Cash,0.15,Kelli81@gmail.com,9866676731,successful
3382,492,Kelsey Torres,101,250000.0,LAPTOP,ELEC,offline,Bangalore,2026-02-02 00:00:00,4,NetBanking,0.35,KelseyTorres@outlook.com,6003830167,successful
3383,973,Allen Gilbert,107,50000.0,DINING TABLE,furniture,offline,Mumbai,2025-06-15 00:00:00,3,Card,0.2,AllenGilbert@outlook.com,7543149731,successful
3384,399,Rebecca French,107,50000.0,dining table,FURN,offline,Chennai,2025-07-11 00:00:00,3,Cash,0.3,RebeccaFrench@gmail.com,7999059649,successful
3385,703,David Austin,108,15000.0,Mixer grinder,HOME,offline,Delhi,08-17-2025,2,NetBanking,0.35,DavidAustin@yahoo.com,6814272395,successful
3386,932,Jessica Harrell,109,65000.0,Refrigerator,HOME,offline,Hyderabad,2025-11-20 00:00:00,2,Cash,0.05,JessicaHarrell@outlook.com,6985581025,successful
3387,98,Cindy Mueller,101,250000.0,Laptop,electronics,offline,Chennai,2025-12-07 00:00:00,2,Cash,0.35,CindyMueller@outlook.com,7228634089,successful
3388,530,Mark Fowler,105,,tv,electronics,online,Delhi,2026-06-03 00:00:00,3,Cash,0.25,MarkFowler@outlook.com,6808555263,successful
3389,542,Angela Martin,105,,tv,Electronics,online,Chennai,2025-09-29 00:00:00,2,Cash,0.35,AngelaMartin@outlook.com,6677376387,successful
3390,268,Megan Little,110,45000.0,MICROWAVE,home appliances,offline,Mumbai,2026-03-31 00:00:00,5,UPI,0.2,MeganLittle@gmail.com,8628721331,successful
3391,677,Mario Evans,103,,SHIRT,clothing,offline,Mumbai,12-18-2025,1,UPI,0.1,MarioEvans@yahoo.com,7002150125,successful
3392,588,Casey Edwards,102,70000.0,phone,electronics,offline,Delhi,03-19-2026,1,Card,0.1,CaseyEdwards@gmail.com,6247621845,successful
3393,956,Christopher Ramos,101,250000.0,LAPTOP,electronics,offline,Delhi,01-22-2026,2,NetBanking,0.3,Christopher62@gmail.com,7268196145,successful
3394,680,Benjamin Anderson,102,70000.0,PHONE,Electronics,online,Delhi,05-28-2025,3,NetBanking,0.2,BenjaminAnderson@yahoo.com,7059506812,successful
3395,714,Scott Lane,109,65000.0,REFRIGERATOR,home appliances,offline,Mumbai,2026-01-19 00:00:00,1,Cash,0.4,ScottLane@gmail.com,9907024950,successful
3396,148,Christopher Shepherd,102,70000.0,phone,Electronics,offline,Hyderabad,2025-10-01 00:00:00,2,UPI,0.25,ChristopherShepherd@gmail.com,9815661250,successful
3397,73,Anthony Gonzalez,109,65000.0,refrigerator,home appliances,online,Mumbai,2025-09-29 00:00:00,5,UPI,0.15,AnthonyGonzalez@yahoo.com,9583189312,successful
3398,269,Christina Conrad,103,1300.0,SHIRT,clothing,offline,Chennai,2025-10-09 00:00:00,5,Cash,0.3,ChristinaConrad@yahoo.com,8372681847,successful
3399,870,Thomas Morris,104,8000.0,Shoes,CLOTH,offline,Bangalore,2026-12-02 00:00:00,3,NetBanking,0.05,ThomasMorris@yahoo.com,8185847719,successful
3400,868,Timothy Henderson,102,70000.0,PHONE,ELEC,online,Hyderabad,2025-07-04 00:00:00,2,UPI,0.2,Timothy78@gmail.com,6565238386,successful
3401,604,Craig Miller,104,8000.0,Shoes,Clothing,online,Chennai,2026-04-04 00:00:00,1,NetBanking,0.15,CraigMiller@outlook.com,6811872647,successful
3402,567,Benjamin Peters,105,45000.0,TV,Electronics,offline,Bangalore,2025-09-06 00:00:00,4,Cash,0.1,Benjamin60@gmail.com,7804618438,successful
3403,643,Stacy Hughes,108,15000.0,Mixer grinder,Home Appliances,online,Mumbai,2026-03-13 00:00:00,1,Card,0.35,Stacy43@gmail.com,9138059724,successful
3404,226,Shawn Townsend,106,80000.0,SOFA,FURN,offline,Delhi,2025-06-22 00:00:00,1,Card,0.15,Shawn4@gmail.com,6013272678,successful
3405,552,Anthony Cox,104,8000.0,shoes,CLOTH,online,Hyderabad,2025-05-04 00:00:00,2,Cash,0.2,AnthonyCox@gmail.com,7725127392,successful
3406,747,Laura Edwards,101,250000.0,LAPTOP,Electronics,online,Bangalore,2026-11-03 00:00:00,2,UPI,0.2,LauraEdwards@yahoo.com,6975755369,successful
3407,6,Eric Turner,108,15000.0,Mixer grinder,home appliances,online,Hyderabad,2025-09-09 00:00:00,5,Cash,0.25,EricTurner@outlook.com,7747196182,successful
3408,252,Shannon Dennis,105,45000.0,Tv,electronics,offline,Hyderabad,2025-11-17 00:00:00,4,Cash,0.15,Shannon37@gmail.com,6229767631,successful
3409,158,Tiffany Mitchell,106,80000.0,SOFA,FURN,online,Delhi,12-19-2025,3,NetBanking,0.2,Tiffany78@gmail.com,7906116316,successful
3409,158,Tiffany Mitchell,106,80000.0,SOFA,FURN,online,Delhi,12-19-2025,3,NetBanking,0.2,Tiffany78@gmail.com,7906116316,failed
3410,18,Allison Adams,104,8000.0,Shoes,Clothing,offline,Mumbai,2026-01-12 00:00:00,3,UPI,0.4,AllisonAdams@gmail.com,6292758299,successful
3411,888,Jade Garza,107,50000.0,Dining table,furniture,online,Hyderabad,2025-11-20 00:00:00,3,Card,0.3,JadeGarza@outlook.com,6736205623,successful
3412,36,Brian Martinez,108,15000.0,Mixer grinder,HOME,offline,Chennai,2026-03-12 00:00:00,4,Card,0.1,Brian28@gmail.com,7151424804,successful
3413,756,Juan Mata,101,250000.0,Laptop,electronics,online,Bangalore,2025-05-22 00:00:00,2,NetBanking,0.25,JuanMata@yahoo.com,6819524818,successful
3414,912,Brian Randall,107,,dining table,Furniture,offline,Mumbai,2025-04-17 00:00:00,4,UPI,0.35,BrianRandall@yahoo.com,7614413966,successful
3415,726,Joshua Walker,107,50000.0,Dining table,Furniture,online,Mumbai,05-23-2025,1,Card,0.1,JoshuaWalker@outlook.com,9234629809,successful
3416,186,Dawn Garrett,109,65000.0,Refrigerator,HOME,offline,Chennai,2026-04-08 00:00:00,3,UPI,0.05,Dawn29@gmail.com,9627230201,successful
3417,788,William Wright,101,250000.0,Laptop,ELEC,offline,Bangalore,2026-02-12 00:00:00,4,Cash,0.25,WilliamWright@gmail.com,8502405393,successful
3418,218,Brian Hoffman,102,,phone,Electronics,offline,Chennai,2025-08-17 00:00:00,2,Card,0.2,BrianHoffman@outlook.com,8837345068,successful
3419,745,Jennifer Weeks,110,45000.0,Microwave,home appliances,online,Hyderabad,02-27-2026,5,NetBanking,0.15,JenniferWeeks@gmail.com,9263102095,successful
3420,91,Christopher Martin,101,250000.0,laptop,ELEC,online,Bangalore,06-26-2025,1,NetBanking,0.1,ChristopherMartin@outlook.com,8340618811,successful
3421,799,Stephanie Dunn,105,45000.0,Tv,ELEC,online,Delhi,2025-06-08 00:00:00,5,Card,0.3,StephanieDunn@gmail.com,7485500744,successful
3422,121,Deborah Vang,106,80000.0,SOFA,Furniture,offline,Delhi,2025-11-24 00:00:00,4,Card,0.15,DeborahVang@gmail.com,8257597407,successful
3423,665,Nicole Gutierrez,105,45000.0,Tv,electronics,online,Delhi,2025-07-20 00:00:00,1,UPI,0.3,NicoleGutierrez@gmail.com,9329806956,successful
3424,691,Clayton Miles,106,80000.0,Sofa,Furniture,online,Mumbai,2025-02-07 00:00:00,1,Cash,0.2,ClaytonMiles@gmail.com,6887134137,successful
3425,336,Gregory Mitchell,103,,SHIRT,CLOTH,online,Chennai,2025-08-16 00:00:00,4,Card,0.1,GregoryMitchell@gmail.com,8677120045,successful
3426,498,Russell Crawford,107,50000.0,Dining table,furniture,offline,Hyderabad,2025-04-28 00:00:00,4,NetBanking,0.25,RussellCrawford@gmail.com,9835751675,successful
3427,389,Tyler Kim,105,,tv,ELEC,offline,Bangalore,2025-07-11 00:00:00,5,NetBanking,0.1,TylerKim@yahoo.com,8275595816,successful
3428,129,Thomas Wells,103,1300.0,Shirt,CLOTH,online,Bangalore,2026-01-26 00:00:00,1,UPI,0.3,ThomasWells@outlook.com,9456737186,successful
3429,982,James Munoz,109,65000.0,refrigerator,home appliances,online,Mumbai,2026-02-04 00:00:00,2,NetBanking,0.05,JamesMunoz@outlook.com,6861328023,successful
3430,290,Megan Carter,103,1300.0,Shirt,clothing,online,Chennai,08-24-2025,2,UPI,0.2,MeganCarter@yahoo.com,6205851923,successful
3431,580,Meredith Walker,101,250000.0,LAPTOP,ELEC,offline,Chennai,2025-06-17 00:00:00,2,NetBanking,0.2,MeredithWalker@yahoo.com,7850497146,successful
3432,15,Robin Ray,101,250000.0,LAPTOP,Electronics,offline,Chennai,10-26-2025,2,Cash,0.2,RobinRay@outlook.com,6680791348,successful
3433,508,Jesus Decker,106,80000.0,Sofa,furniture,online,Bangalore,2025-07-21 00:00:00,3,Cash,0.35,JesusDecker@gmail.com,6995878892,successful
3434,78,Manuel Cortez,106,80000.0,SOFA,FURN,online,Chennai,2025-11-03 00:00:00,2,UPI,0.25,Manuel4@gmail.com,8852546981,successful
3435,656,Adam White,105,45000.0,tv,ELEC,offline,Hyderabad,2025-12-20 00:00:00,1,UPI,0.2,AdamWhite@yahoo.com,9099608407,successful
3436,169,Angela Dixon,107,50000.0,Dining table,FURN,offline,Mumbai,2025-07-31 00:00:00,5,UPI,0.25,AngelaDixon@gmail.com,9766717904,successful
3437,456,Christopher Williams,107,50000.0,DINING TABLE,furniture,offline,Chennai,05-17-2025,4,UPI,0.1,Christopher33@gmail.com,7905121250,successful
3438,194,Leonard Taylor,107,50000.0,dining table,furniture,online,Chennai,2025-10-11 00:00:00,2,Cash,0.4,Leonard55@gmail.com,8870238398,successful
3438,194,Leonard Taylor,107,50000.0,dining table,furniture,online,Chennai,2025-10-11 00:00:00,2,Cash,0.4,Leonard55@gmail.com,8870238398,failed
3439,468,Sonya Watts,101,250000.0,LAPTOP,electronics,offline,Mumbai,2025-11-23 00:00:00,5,Card,0.15,SonyaWatts@yahoo.com,9095796164,successful
3439,468,Sonya Watts,101,250000.0,LAPTOP,electronics,offline,Mumbai,2025-11-23 00:00:00,5,Card,0.15,SonyaWatts@yahoo.com,9095796164,failed
3440,843,Chelsea Hester,101,250000.0,LAPTOP,ELEC,online,Bangalore,06-29-2025,3,UPI,0.25,ChelseaHester@gmail.com,8104088861,successful
3441,764,Jody Gardner,107,50000.0,dining table,furniture,offline,Mumbai,2025-11-26 00:00:00,4,UPI,0.35,JodyGardner@outlook.com,8683344567,successful
3442,3,Marc Carter,103,1300.0,SHIRT,CLOTH,online,Delhi,2025-06-24 00:00:00,0,UPI,0.3,MarcCarter@yahoo.com,8087194372,successful
3443,57,Charles Henderson,106,80000.0,SOFA,Furniture,online,Hyderabad,2025-07-22 00:00:00,4,Cash,0.05,CharlesHenderson@outlook.com,9322915372,successful
3444,844,Philip Cervantes,105,45000.0,tv,ELEC,offline,Delhi,02-23-2026,4,UPI,0.05,PhilipCervantes@gmail.com,9843657742,successful
3445,631,Colin Holt,104,,shoes,clothing,online,Bangalore,2025-07-31 00:00:00,5,NetBanking,0.15,Colin28@gmail.com,7857307740,successful
3446,686,Brandon Jenkins,110,45000.0,microwave,Home Appliances,online,Bangalore,2026-02-28 00:00:00,2,UPI,0.2,BrandonJenkins@yahoo.com,6816672657,successful
3447,950,Cheyenne Mason,110,45000.0,Microwave,Home Appliances,online,Delhi,03-23-2026,1,Card,0.3,CheyenneMason@yahoo.com,7344429331,successful
3448,911,Kelly Le,103,1300.0,shirt,clothing,online,Delhi,2025-12-09 00:00:00,2,UPI,0.2,KellyLe@outlook.com,6813665769,successful
3449,565,Craig Moore,105,45000.0,Tv,electronics,offline,Mumbai,2025-12-28 00:00:00,5,NetBanking,0.15,CraigMoore@gmail.com,9983242911,successful
3450,134,Marie Thomas,107,50000.0,Dining table,Furniture,offline,Bangalore,2025-08-12 00:00:00,5,Card,0.15,MarieThomas@outlook.com,7916224377,successful
3451,270,Katherine Shaw,108,,Mixer grinder,home appliances,offline,Chennai,2025-10-09 00:00:00,3,Card,0.35,KatherineShaw@yahoo.com,9069927908,successful
3452,988,John Thomas,101,250000.0,LAPTOP,ELEC,online,Delhi,2025-06-18 00:00:00,1,NetBanking,0.2,John19@gmail.com,9168109139,successful
3453,477,Willie Mata,101,,laptop,ELEC,offline,Hyderabad,2025-07-21 00:00:00,5,Card,0.15,WillieMata@outlook.com,8602810729,successful
3454,357,Kimberly Adams,102,70000.0,PHONE,Electronics,offline,Hyderabad,2025-07-02 00:00:00,2,Cash,0.2,KimberlyAdams@gmail.com,8706657851,successful
3455,710,April Moore,110,45000.0,MICROWAVE,home appliances,offline,Mumbai,2026-07-02 00:00:00,4,UPI,0.2,AprilMoore@gmail.com,9772271176,successful
3456,405,Tina Olson,103,1300.0,Shirt,CLOTH,online,Bangalore,2025-06-05 00:00:00,2,Cash,0.35,Tina84@gmail.com,9983143492,successful
3456,405,Tina Olson,103,1300.0,Shirt,CLOTH,online,Bangalore,2025-06-05 00:00:00,2,Cash,0.35,Tina84@gmail.com,9983143492,failed
3457,564,Spencer Davis,110,45000.0,MICROWAVE,home appliances,online,Chennai,2025-06-29 00:00:00,3,Cash,0.35,SpencerDavis@gmail.com,9733850711,successful
3458,323,Victoria Phillips,105,45000.0,Tv,ELEC,offline,Hyderabad,2025-04-11 00:00:00,4,Cash,0.05,VictoriaPhillips@gmail.com,6126060994,successful
3459,708,David Gibson,105,45000.0,TV,Electronics,online,Mumbai,2026-02-27 00:00:00,2,UPI,0.05,DavidGibson@gmail.com,8580549116,successful
3459,708,David Gibson,105,45000.0,TV,Electronics,online,Mumbai,2026-02-27 00:00:00,2,UPI,0.05,DavidGibson@gmail.com,8580549116,failed
3460,963,Laura Stevenson,103,1300.0,Shirt,Clothing,offline,Chennai,2025-11-19 00:00:00,2,UPI,0.1,LauraStevenson@outlook.com,7523734205,successful
3461,36,Brian Martinez,103,1300.0,Shirt,CLOTH,online,Chennai,2025-12-09 00:00:00,4,UPI,0.15,Brian28@gmail.com,7151424804,successful
3462,535,Jamie Mann,102,70000.0,Phone,electronics,online,Bangalore,2026-05-03 00:00:00,3,Card,0.25,Jamie16@gmail.com,9294987972,successful
3463,338,Lisa Garrison,106,,SOFA,Furniture,online,Delhi,02-25-2026,3,Cash,0.25,LisaGarrison@outlook.com,6733039437,successful
3464,40,Kristina Harrell,106,,Sofa,FURN,offline,Hyderabad,2025-05-31 00:00:00,4,NetBanking,0.15,KristinaHarrell@outlook.com,7404306674,successful
3465,879,Andrew Johnston,101,250000.0,laptop,ELEC,online,Mumbai,2026-01-11 00:00:00,3,UPI,0.15,AndrewJohnston@yahoo.com,9290408466,successful
3465,879,Andrew Johnston,101,250000.0,laptop,ELEC,online,Mumbai,2026-01-11 00:00:00,3,UPI,0.15,AndrewJohnston@yahoo.com,9290408466,failed
3466,491,John Olson,108,,mixer grinder,home appliances,offline,Hyderabad,2025-09-09 00:00:00,1,Cash,0.1,JohnOlson@yahoo.com,8271777825,successful
3467,983,Mike Peck,104,8000.0,SHOES,clothing,online,Delhi,2025-09-15 00:00:00,5,Cash,0.2,MikePeck@yahoo.com,9186241707,successful
3468,958,Joshua West,103,1300.0,shirt,clothing,offline,Hyderabad,2025-11-11 00:00:00,1,NetBanking,0.15,JoshuaWest@yahoo.com,9613822265,successful
3469,813,John Harris,104,8000.0,shoes,clothing,offline,Chennai,05-26-2025,1,Cash,0.3,JohnHarris@gmail.com,9597553148,successful
3470,432,Charles Nelson,108,15000.0,MIXER GRINDER,home appliances,offline,Mumbai,2025-11-14 00:00:00,2,Card,0.2,CharlesNelson@yahoo.com,9047961774,successful
3471,393,Shannon Alvarez,109,65000.0,REFRIGERATOR,home appliances,online,Mumbai,2025-06-03 00:00:00,3,UPI,0.1,ShannonAlvarez@gmail.com,9564682230,successful
3472,874,Samuel Patel,108,15000.0,MIXER GRINDER,Home Appliances,offline,Mumbai,2025-12-29 00:00:00,3,NetBanking,0.15,Samuel51@gmail.com,6800413067,successful
3473,909,Jacqueline Frye,104,8000.0,shoes,clothing,offline,Chennai,06-23-2025,3,Cash,0.15,JacquelineFrye@gmail.com,6054912895,successful
3474,115,Linda Graham,108,15000.0,Mixer grinder,HOME,offline,Chennai,2025-11-07 00:00:00,3,NetBanking,0.3,LindaGraham@gmail.com,8692481568,successful
3475,826,Ryan Wade,110,45000.0,Microwave,HOME,offline,Mumbai,2025-10-12 00:00:00,2,UPI,0.4,RyanWade@outlook.com,7368883000,successful
3476,426,Amber Hess,102,70000.0,PHONE,Electronics,online,Bangalore,2025-10-16 00:00:00,4,UPI,0.4,AmberHess@gmail.com,8268625074,successful
3477,88,Alex Mccullough,104,8000.0,SHOES,CLOTH,online,Chennai,2025-11-27 00:00:00,4,NetBanking,0.3,Alex23@gmail.com,9505984131,successful
3478,1,Karen Pollard,102,70000.0,PHONE,electronics,offline,Hyderabad,2026-01-03 00:00:00,3,NetBanking,0.4,KarenPollard@yahoo.com,7148256363,successful
3479,980,Alexis Andrews,109,65000.0,refrigerator,home appliances,online,Delhi,08-23-2025,5,Card,0.25,Alexis8@gmail.com,9601673841,successful
3480,952,Jennifer Franklin,103,1300.0,shirt,CLOTH,offline,Chennai,2026-12-03 00:00:00,3,Cash,0.2,JenniferFranklin@gmail.com,6825119414,successful
3481,244,Frederick Gonzalez,103,1300.0,shirt,CLOTH,offline,Chennai,2025-08-22 00:00:00,1,UPI,0.1,FrederickGonzalez@outlook.com,7865581750,successful
3481,244,Frederick Gonzalez,103,1300.0,shirt,CLOTH,offline,Chennai,2025-08-22 00:00:00,1,UPI,0.1,FrederickGonzalez@outlook.com,7865581750,failed
3482,459,Jason Moreno,107,50000.0,Dining table,FURN,offline,Mumbai,2025-12-09 00:00:00,4,Cash,0.25,JasonMoreno@gmail.com,6781402001,successful
3483,673,Nicole Davis,110,45000.0,microwave,home appliances,offline,Mumbai,2025-06-30 00:00:00,2,NetBanking,0.05,Nicole33@gmail.com,9730703301,successful
3484,384,Jeffrey Williams,108,15000.0,MIXER GRINDER,Home Appliances,online,Mumbai,2025-06-17 00:00:00,1,Card,0.35,JeffreyWilliams@outlook.com,6639911749,successful
3485,305,Zachary Cabrera,105,45000.0,TV,ELEC,offline,Delhi,2026-01-06 00:00:00,1,UPI,0.2,ZacharyCabrera@outlook.com,8097133696,successful
3486,602,Jeanne Stewart,102,70000.0,phone,electronics,online,Mumbai,2026-02-15 00:00:00,5,Cash,0.05,JeanneStewart@gmail.com,9996367045,successful
3487,372,Brandon Gordon,103,1300.0,SHIRT,CLOTH,offline,Mumbai,2026-04-07 00:00:00,3,Card,0.1,Brandon83@gmail.com,7856541702,successful
3488,268,Megan Little,103,1300.0,SHIRT,clothing,offline,Mumbai,2026-02-11 00:00:00,1,NetBanking,0.15,MeganLittle@gmail.com,8628721331,successful
3489,349,Joel Baker,104,8000.0,SHOES,Clothing,online,Bangalore,02-28-2026,4,NetBanking,0.05,JoelBaker@outlook.com,8027748393,successful
3490,197,Gabriel Mills,102,70000.0,phone,ELEC,offline,Mumbai,2025-07-02 00:00:00,2,Card,0.1,GabrielMills@gmail.com,8457234137,successful
3491,627,Nicole Allen,107,50000.0,DINING TABLE,Furniture,offline,Bangalore,2025-06-06 00:00:00,2,UPI,0.35,NicoleAllen@gmail.com,6448791056,successful
3492,24,Donald Blevins,103,1300.0,SHIRT,Clothing,offline,Chennai,2026-01-01 00:00:00,5,UPI,0.25,Donald34@gmail.com,8167731556,successful
3493,956,Christopher Ramos,105,,tv,Electronics,offline,Delhi,2025-09-07 00:00:00,2,Cash,0.05,Christopher62@gmail.com,7268196145,successful
3494,536,Nicole Steele,102,70000.0,Phone,Electronics,offline,Delhi,2025-07-06 00:00:00,-2,NetBanking,0.2,Nicole23@gmail.com,7605303854,successful
3495,942,Melissa Wilkerson,101,250000.0,laptop,electronics,offline,Chennai,2026-03-17 00:00:00,3,Card,0.35,MelissaWilkerson@yahoo.com,9311070620,successful
3496,685,David Mcgee,105,45000.0,tv,ELEC,online,Chennai,2025-12-13 00:00:00,1,Cash,0.1,David38@gmail.com,9760301121,successful
3497,74,David Alvarez,107,50000.0,dining table,Furniture,online,Delhi,07-17-2025,1,NetBanking,0.05,DavidAlvarez@yahoo.com,9554845242,successful
3498,372,Brandon Gordon,106,80000.0,sofa,furniture,offline,Mumbai,2025-11-21 00:00:00,3,UPI,0.2,Brandon83@gmail.com,7856541702,successful
3499,104,Amanda Castillo,107,50000.0,dining table,Furniture,online,Hyderabad,06-13-2025,3,Card,0.05,AmandaCastillo@yahoo.com,9259539548,successful
3500,556,Roger Guerrero,102,70000.0,PHONE,ELEC,online,Mumbai,2026-02-12 00:00:00,1,Cash,0.25,RogerGuerrero@yahoo.com,8875145988,successful
3501,480,Denise Guerra,108,15000.0,MIXER GRINDER,HOME,offline,Hyderabad,09-25-2025,2,Cash,0.25,Denise5@gmail.com,7762412109,successful
3502,423,Mary Cooke,106,80000.0,SOFA,FURN,online,Hyderabad,2025-06-30 00:00:00,1,Cash,0.25,Mary9@gmail.com,7547238855,successful
3503,477,Willie Mata,110,45000.0,Microwave,HOME,online,Hyderabad,2025-08-19 00:00:00,5,Cash,0.35,WillieMata@outlook.com,8602810729,successful
3504,307,Evelyn Bridges,108,15000.0,Mixer grinder,home appliances,offline,Chennai,12-16-2025,5,Card,0.25,EvelynBridges@gmail.com,9141467428,successful
3505,174,Jeffrey Lamb,110,45000.0,microwave,HOME,offline,Hyderabad,2026-03-19 00:00:00,4,Cash,0.3,Jeffrey73@gmail.com,7799529242,successful
3506,671,Sarah Frederick,104,8000.0,Shoes,Clothing,online,Chennai,2025-10-26 00:00:00,2,NetBanking,0.2,SarahFrederick@outlook.com,6659595538,successful
3507,736,Lisa Lee,105,45000.0,Tv,electronics,offline,Delhi,2026-04-09 00:00:00,4,Cash,0.2,Lisa63@gmail.com,7056446221,successful
3508,876,David Whitaker,107,50000.0,Dining table,Furniture,offline,Chennai,2025-08-11 00:00:00,5,NetBanking,0.35,DavidWhitaker@gmail.com,9010543557,successful
3509,131,Pamela Peterson,105,45000.0,TV,electronics,online,Bangalore,04-29-2025,4,NetBanking,0.4,PamelaPeterson@gmail.com,6535198147,successful
3510,20,John Marshall,109,65000.0,REFRIGERATOR,Home Appliances,online,Chennai,2025-05-19 00:00:00,4,NetBanking,0.25,JohnMarshall@yahoo.com,7232341116,successful
3511,111,Alyssa Mitchell,110,45000.0,microwave,home appliances,offline,Hyderabad,2025-12-02 00:00:00,3,UPI,0.05,AlyssaMitchell@gmail.com,9343932386,successful
3512,656,Adam White,106,80000.0,Sofa,FURN,online,Hyderabad,2025-10-10 00:00:00,4,NetBanking,0.1,AdamWhite@yahoo.com,9099608407,successful
3513,576,Angela Weiss,104,8000.0,shoes,Clothing,online,Delhi,2025-11-07 00:00:00,2,UPI,0.05,AngelaWeiss@yahoo.com,6433163539,successful
3514,396,Connie Edwards,107,50000.0,Dining table,FURN,online,Hyderabad,2026-04-12 00:00:00,2,Card,0.25,Connie96@gmail.com,8297615987,successful
3515,765,Eric Gaines,103,1300.0,shirt,CLOTH,online,Bangalore,2025-08-27 00:00:00,5,UPI,0.25,EricGaines@yahoo.com,7665911327,successful
3516,838,Susan Torres,103,1300.0,SHIRT,CLOTH,online,Chennai,07-23-2025,3,UPI,0.35,SusanTorres@outlook.com,8776486426,successful
3517,31,Lisa Velazquez,106,80000.0,SOFA,furniture,online,Bangalore,2025-04-26 00:00:00,5,Cash,0.15,LisaVelazquez@yahoo.com,7553035435,successful
3518,515,Amy Lee,102,70000.0,Phone,Electronics,offline,Chennai,10-29-2025,4,NetBanking,0.05,AmyLee@yahoo.com,6621930756,successful
3519,494,Russell Estes,108,15000.0,mixer grinder,Home Appliances,online,Chennai,2025-04-16 00:00:00,1,Card,0.15,RussellEstes@yahoo.com,6730828527,successful
3520,744,Ashley Hull,102,70000.0,phone,Electronics,online,Chennai,2025-07-02 00:00:00,5,NetBanking,0.05,AshleyHull@outlook.com,6712629482,successful
3521,528,Kerri Rodriguez,110,45000.0,MICROWAVE,HOME,offline,Chennai,2025-05-11 00:00:00,-1,Cash,0.4,Kerri90@gmail.com,7758070493,successful
3521,528,Kerri Rodriguez,110,45000.0,MICROWAVE,HOME,offline,Chennai,2025-05-11 00:00:00,-1,Cash,0.4,Kerri90@gmail.com,7758070493,failed
3522,356,Larry Mercado,107,50000.0,Dining table,FURN,offline,Hyderabad,12-13-2025,4,Cash,0.25,LarryMercado@gmail.com,6907810420,successful
3523,389,Tyler Kim,106,80000.0,Sofa,Furniture,offline,Bangalore,2026-02-15 00:00:00,2,UPI,0.1,TylerKim@yahoo.com,8275595816,successful
3524,477,Willie Mata,103,,SHIRT,Clothing,online,Hyderabad,2026-01-26 00:00:00,5,UPI,0.3,WillieMata@outlook.com,8602810729,successful
3525,601,Mark Herrera,107,50000.0,DINING TABLE,Furniture,offline,Hyderabad,2026-07-04 00:00:00,3,Card,0.2,MarkHerrera@gmail.com,8322032878,successful
3526,580,Meredith Walker,110,45000.0,Microwave,Home Appliances,offline,Chennai,2025-05-22 00:00:00,4,NetBanking,0.1,MeredithWalker@yahoo.com,7850497146,successful
3527,568,Joshua Collins,108,,mixer grinder,Home Appliances,offline,Mumbai,2026-03-26 00:00:00,4,NetBanking,0.15,Joshua22@gmail.com,8173486949,successful
3528,586,Michael Mason,103,1300.0,Shirt,CLOTH,online,Delhi,2026-01-24 00:00:00,3,Cash,0.15,MichaelMason@outlook.com,7068178672,successful
3529,964,Amy Brown,102,70000.0,PHONE,Electronics,online,Mumbai,2025-08-22 00:00:00,1,Card,0.3,AmyBrown@yahoo.com,6919540526,successful
3530,685,David Mcgee,109,65000.0,refrigerator,HOME,online,Chennai,02-25-2026,2,UPI,0.05,David38@gmail.com,9760301121,successful
3531,565,Craig Moore,107,50000.0,Dining table,FURN,offline,Mumbai,09-16-2025,1,Cash,0.05,CraigMoore@gmail.com,9983242911,successful
3532,52,David Hernandez,106,80000.0,Sofa,FURN,online,Mumbai,08-23-2025,3,UPI,0.05,DavidHernandez@gmail.com,9319072999,successful
3533,721,Robert Villa,104,8000.0,shoes,clothing,offline,Mumbai,2025-11-10 00:00:00,3,NetBanking,0.2,RobertVilla@yahoo.com,8265101453,successful
3534,893,Taylor Walton,106,80000.0,SOFA,FURN,offline,Delhi,2025-07-21 00:00:00,2,Cash,0.2,TaylorWalton@outlook.com,7181735386,successful
3535,892,Logan Hayes,110,45000.0,microwave,Home Appliances,online,Mumbai,04-16-2026,5,UPI,0.4,LoganHayes@yahoo.com,6461520803,successful
3536,493,Stacy Bass,104,8000.0,SHOES,Clothing,offline,Hyderabad,03-13-2026,3,UPI,0.3,StacyBass@yahoo.com,8224081130,successful
3537,948,Deborah Payne,108,15000.0,mixer grinder,Home Appliances,online,Mumbai,2026-02-03 00:00:00,4,NetBanking,0.15,DeborahPayne@yahoo.com,6336002428,successful
3538,64,Sheri Osborne,109,65000.0,refrigerator,home appliances,online,Mumbai,03-20-2026,5,Card,0.2,Sheri53@gmail.com,7564569475,successful
3539,969,Keith Woods,105,45000.0,Tv,ELEC,offline,Chennai,2025-12-22 00:00:00,2,NetBanking,0.2,KeithWoods@yahoo.com,7737305957,successful
3540,607,Robert Rodriguez,104,8000.0,shoes,Clothing,online,Hyderabad,2025-08-16 00:00:00,4,Card,0.1,Robert7@gmail.com,8027927205,successful
3541,258,Larry Taylor,104,8000.0,SHOES,clothing,offline,Chennai,2026-01-05 00:00:00,3,Card,0.05,LarryTaylor@yahoo.com,9823327795,successful
3542,66,Jonathan Lewis,105,45000.0,Tv,electronics,offline,Bangalore,2025-04-21 00:00:00,2,Cash,0.3,JonathanLewis@gmail.com,6053764680,successful
3543,662,James Osborn,110,45000.0,Microwave,home appliances,online,Bangalore,2026-01-18 00:00:00,3,Cash,0.15,JamesOsborn@yahoo.com,9922710493,successful
3544,428,Michelle Rogers,110,45000.0,microwave,HOME,offline,Bangalore,09-26-2025,1,Cash,0.3,Michelle25@gmail.com,9287510299,successful
3545,811,Mike Matthews,106,80000.0,Sofa,furniture,online,Bangalore,2026-02-10 00:00:00,3,Cash,0.35,Mike25@gmail.com,9818322802,successful
3546,558,Bryan Phelps,107,50000.0,dining table,furniture,online,Chennai,2025-05-10 00:00:00,2,UPI,0.15,BryanPhelps@gmail.com,8827603862,successful
3547,482,Nathaniel Montes,106,80000.0,SOFA,furniture,offline,Chennai,2026-11-02 00:00:00,1,UPI,0.3,Nathaniel44@gmail.com,7790273012,successful
3548,694,Lori Barrera,104,8000.0,Shoes,clothing,offline,Hyderabad,2026-01-03 00:00:00,4,Cash,0.25,Lori3@gmail.com,9572854973,successful
3549,887,Robert Brown,102,70000.0,PHONE,Electronics,online,Bangalore,2025-09-19 00:00:00,4,Card,0.1,Robert48@gmail.com,9238053326,successful
3550,625,Elizabeth Duran,109,65000.0,REFRIGERATOR,home appliances,online,Mumbai,07-24-2025,2,Card,0.1,ElizabethDuran@gmail.com,7848866997,successful
3550,625,Elizabeth Duran,109,65000.0,REFRIGERATOR,home appliances,online,Mumbai,07-24-2025,2,Card,0.1,ElizabethDuran@gmail.com,7848866997,failed
3551,876,David Whitaker,105,45000.0,TV,ELEC,online,Chennai,2026-08-03 00:00:00,5,UPI,0.2,DavidWhitaker@gmail.com,9010543557,successful
3552,276,Kelly Montgomery,102,70000.0,Phone,Electronics,online,Delhi,2026-01-03 00:00:00,5,NetBanking,0.1,KellyMontgomery@gmail.com,9055563046,successful
3553,469,Michael Garcia,106,80000.0,Sofa,furniture,offline,Delhi,2026-02-15 00:00:00,5,NetBanking,0.1,Michael3@gmail.com,7570939516,successful
3554,559,Todd Stevens,108,15000.0,mixer grinder,Home Appliances,offline,Hyderabad,07-31-2025,2,NetBanking,0.25,ToddStevens@outlook.com,7434321769,successful
3555,973,Allen Gilbert,110,45000.0,Microwave,home appliances,online,Mumbai,09-13-2025,5,Cash,0.2,AllenGilbert@outlook.com,7543149731,successful
3556,383,Debra Parker,101,250000.0,laptop,electronics,offline,Mumbai,11-15-2025,3,Cash,0.1,DebraParker@outlook.com,8344565109,successful
3557,775,Roy Chavez,102,70000.0,Phone,electronics,online,Chennai,08-16-2025,5,Cash,0.4,Roy81@gmail.com,7595966010,successful
3558,539,Kari Austin,101,250000.0,laptop,ELEC,offline,Bangalore,2025-10-08 00:00:00,3,Card,0.1,KariAustin@outlook.com,8841660010,successful
3559,442,Gregory Vazquez,110,45000.0,Microwave,home appliances,online,Chennai,01-31-2026,4,NetBanking,0.2,Gregory21@gmail.com,7301322802,successful
3560,435,Wendy Robinson,102,70000.0,PHONE,electronics,online,Delhi,2025-11-01 00:00:00,2,Cash,0.05,WendyRobinson@gmail.com,7891934454,successful
3561,353,Rachel Velasquez,105,45000.0,Tv,electronics,online,Bangalore,2025-06-09 00:00:00,2,NetBanking,0.05,RachelVelasquez@outlook.com,6791175596,successful
3562,640,Carrie Jacobson,107,50000.0,dining table,FURN,online,Bangalore,2025-06-05 00:00:00,3,NetBanking,0.05,CarrieJacobson@outlook.com,7271002507,successful
3563,390,Erika Knight,105,,Tv,Electronics,offline,Mumbai,2025-11-04 00:00:00,3,NetBanking,0.3,Erika14@gmail.com,8802577025,successful
3564,674,Haley Alvarez,110,45000.0,Microwave,HOME,offline,Bangalore,2025-05-18 00:00:00,1,NetBanking,0.3,HaleyAlvarez@outlook.com,9910438272,successful
3565,592,Timothy Medina,105,45000.0,TV,Electronics,online,Delhi,2025-08-14 00:00:00,2,Cash,0.05,Timothy8@gmail.com,7059828501,successful
3566,123,Trevor Sharp,110,,microwave,home appliances,offline,Mumbai,2025-04-06 00:00:00,5,UPI,0.05,TrevorSharp@yahoo.com,6132558457,successful
3567,95,John Jacobs,110,45000.0,Microwave,home appliances,online,Bangalore,2025-08-07 00:00:00,1,NetBanking,0.3,John5@gmail.com,6404887560,successful
3568,303,Derek Rose,108,15000.0,Mixer grinder,Home Appliances,offline,Chennai,08-29-2025,2,NetBanking,0.2,Derek21@gmail.com,9660861211,successful
3569,951,Richard Miller,108,15000.0,mixer grinder,Home Appliances,online,Mumbai,2025-11-07 00:00:00,5,Cash,0.1,RichardMiller@yahoo.com,7109726379,successful
3570,584,Stacie Jones,105,45000.0,Tv,electronics,offline,Chennai,2025-05-23 00:00:00,3,Cash,0.05,StacieJones@gmail.com,9671322693,successful
3571,346,Erin Frye,110,,microwave,home appliances,offline,Bangalore,2025-06-08 00:00:00,3,Cash,0.05,ErinFrye@yahoo.com,6265675711,successful
3572,775,Roy Chavez,107,50000.0,dining table,FURN,online,Chennai,2025-06-15 00:00:00,5,Card,0.2,Roy81@gmail.com,7595966010,successful
3573,700,Thomas Navarro,102,70000.0,phone,ELEC,online,Hyderabad,09-24-2025,2,Cash,0.2,ThomasNavarro@yahoo.com,7673080014,successful
3574,961,Derek Hall,102,70000.0,Phone,electronics,online,Hyderabad,10-20-2025,2,UPI,0.4,Derek28@gmail.com,7447088075,successful
3575,626,Tyler Martinez,103,1300.0,SHIRT,clothing,online,Hyderabad,2025-08-02 00:00:00,4,Cash,0.4,TylerMartinez@gmail.com,7844237616,successful
3576,907,Jeffrey Mccall,102,70000.0,Phone,electronics,offline,Hyderabad,01-22-2026,4,Cash,0.4,Jeffrey63@gmail.com,6709574650,successful
3577,352,Daniel Gonzales,109,65000.0,REFRIGERATOR,Home Appliances,online,Delhi,2025-07-17 00:00:00,4,Cash,0.2,DanielGonzales@gmail.com,7541072541,successful
3578,432,Charles Nelson,110,45000.0,Microwave,Home Appliances,online,Mumbai,2025-02-07 00:00:00,3,UPI,0.1,CharlesNelson@yahoo.com,9047961774,successful
3579,297,Susan Hill,101,250000.0,laptop,Electronics,offline,Delhi,2025-09-06 00:00:00,2,UPI,0.25,SusanHill@outlook.com,6962432263,successful
3580,759,Lisa Butler,105,45000.0,TV,Electronics,offline,Hyderabad,2025-04-20 00:00:00,5,UPI,0.4,Lisa15@gmail.com,8805550071,successful
3581,761,Larry Yates,103,1300.0,shirt,CLOTH,offline,Chennai,09-19-2025,2,Cash,0.4,LarryYates@gmail.com,6304241557,successful
3582,789,Bryan Walker,108,15000.0,mixer grinder,home appliances,online,Chennai,2026-01-12 00:00:00,3,Card,0.35,Bryan21@gmail.com,7517058567,successful
3583,643,Stacy Hughes,110,,MICROWAVE,HOME,offline,Mumbai,2026-01-10 00:00:00,1,Cash,0.4,Stacy43@gmail.com,9138059724,successful
3584,449,Erin Summers,103,1300.0,shirt,Clothing,offline,Delhi,2026-01-24 00:00:00,1,UPI,0.25,ErinSummers@yahoo.com,9659403005,successful
3585,170,Jasmine Ortega,106,80000.0,SOFA,furniture,online,Mumbai,2025-03-11 00:00:00,2,Cash,0.05,JasmineOrtega@gmail.com,9686635670,successful
3586,227,Tracey Garcia,106,80000.0,Sofa,FURN,online,Bangalore,10-14-2025,3,NetBanking,0.1,TraceyGarcia@gmail.com,8252066120,successful
3587,942,Melissa Wilkerson,102,70000.0,Phone,ELEC,offline,Chennai,2026-01-02 00:00:00,1,NetBanking,0.4,MelissaWilkerson@yahoo.com,9311070620,successful
3588,936,Brian Larson,101,250000.0,Laptop,electronics,offline,Hyderabad,2025-09-05 00:00:00,4,NetBanking,0.3,BrianLarson@yahoo.com,9082928514,successful
3589,819,Daniel Vang,110,45000.0,Microwave,Home Appliances,online,Chennai,2025-11-14 00:00:00,3,Card,0.05,DanielVang@outlook.com,8622339771,successful
3590,991,Darlene Chapman,108,15000.0,Mixer grinder,home appliances,online,Hyderabad,2026-01-20 00:00:00,5,NetBanking,0.25,Darlene90@gmail.com,8139250595,successful
3591,43,Jennifer Frye,110,45000.0,Microwave,home appliances,offline,Chennai,2026-03-31 00:00:00,1,UPI,0.2,JenniferFrye@outlook.com,8475221395,successful
3592,695,Jillian Rodgers,106,80000.0,sofa,furniture,offline,Hyderabad,2025-05-26 00:00:00,1,NetBanking,0.3,JillianRodgers@gmail.com,8442671711,successful
3593,17,Duane Hall,109,65000.0,REFRIGERATOR,Home Appliances,online,Bangalore,2025-06-03 00:00:00,4,Cash,0.35,DuaneHall@outlook.com,7467001149,successful
3594,349,Joel Baker,104,8000.0,shoes,clothing,offline,Bangalore,2026-02-09 00:00:00,4,Cash,0.35,JoelBaker@outlook.com,8027748393,successful
3595,124,Sarah Rios,106,80000.0,sofa,furniture,offline,Mumbai,2025-05-09 00:00:00,2,NetBanking,0.3,SarahRios@outlook.com,7979234148,successful
3596,783,Breanna Gill,109,,refrigerator,home appliances,offline,Hyderabad,2025-11-27 00:00:00,4,NetBanking,0.2,BreannaGill@outlook.com,7921943064,successful
3597,398,Michele Sanchez,109,65000.0,refrigerator,Home Appliances,online,Bangalore,12-23-2025,3,UPI,0.4,MicheleSanchez@outlook.com,6047184961,successful
3598,311,Juan Murphy,106,80000.0,Sofa,furniture,offline,Bangalore,2025-10-02 00:00:00,4,UPI,0.25,JuanMurphy@yahoo.com,7461687160,successful
3599,104,Amanda Castillo,101,250000.0,Laptop,ELEC,offline,Hyderabad,2026-02-06 00:00:00,1,NetBanking,0.2,AmandaCastillo@yahoo.com,9259539548,successful
3600,786,Jeremiah Simmons,105,45000.0,Tv,ELEC,online,Chennai,2025-05-15 00:00:00,1,Cash,0.2,JeremiahSimmons@outlook.com,7139465116,successful
3601,112,Bill Maldonado,107,50000.0,dining table,FURN,online,Mumbai,2025-12-12 00:00:00,3,Cash,0.2,BillMaldonado@gmail.com,9749291130,successful
3602,43,Jennifer Frye,104,8000.0,shoes,Clothing,online,Chennai,2025-10-19 00:00:00,1,Card,0.3,JenniferFrye@outlook.com,8475221395,successful
3603,475,Natalie Andrews,104,8000.0,SHOES,Clothing,offline,Mumbai,2025-09-02 00:00:00,1,Card,0.15,NatalieAndrews@outlook.com,7458709248,successful
3604,747,Laura Edwards,105,45000.0,TV,electronics,offline,Bangalore,06-26-2025,4,Card,0.25,LauraEdwards@yahoo.com,6975755369,successful
3605,891,Natalie Hammond,105,45000.0,TV,electronics,online,Hyderabad,2025-12-23 00:00:00,3,UPI,0.15,NatalieHammond@yahoo.com,7063704743,successful
3606,869,Krystal Hudson,104,8000.0,SHOES,CLOTH,offline,Mumbai,2025-12-05 00:00:00,2,NetBanking,0.15,KrystalHudson@yahoo.com,9639663079,successful
3607,145,Michael Hendrix,109,65000.0,Refrigerator,Home Appliances,offline,Delhi,2026-02-05 00:00:00,5,Cash,0.3,MichaelHendrix@outlook.com,6964491396,successful
3608,256,Nicole Williams,101,250000.0,laptop,Electronics,offline,Chennai,2026-05-04 00:00:00,1,NetBanking,0.2,Nicole72@gmail.com,9261161732,successful
3609,22,James Walters,105,45000.0,TV,ELEC,offline,Chennai,2025-09-04 00:00:00,3,NetBanking,0.15,James10@gmail.com,6590464842,successful
3610,622,Hannah Bell,105,45000.0,TV,ELEC,online,Chennai,2025-06-28 00:00:00,3,Cash,0.15,HannahBell@yahoo.com,6327771523,successful
3611,715,Rachel Hogan,105,45000.0,tv,ELEC,online,Delhi,2025-11-10 00:00:00,2,Card,0.1,RachelHogan@yahoo.com,8130470977,successful
3612,902,Logan Reyes,110,45000.0,microwave,Home Appliances,online,Mumbai,2025-05-02 00:00:00,4,Card,0.05,LoganReyes@outlook.com,9203392031,successful
3613,343,Allen Mcdowell,102,70000.0,PHONE,ELEC,online,Bangalore,03-17-2026,4,Cash,0.2,AllenMcdowell@yahoo.com,7592071170,successful
3614,733,Jessica Lin,101,250000.0,laptop,ELEC,online,Delhi,2025-06-09 00:00:00,1,UPI,0.05,Jessica60@gmail.com,8596806363,successful
3615,874,Samuel Patel,109,,Refrigerator,home appliances,online,Mumbai,2026-03-04 00:00:00,3,UPI,0.1,Samuel51@gmail.com,6800413067,successful
3616,104,Amanda Castillo,108,15000.0,MIXER GRINDER,home appliances,online,Hyderabad,2025-08-08 00:00:00,2,UPI,0.05,AmandaCastillo@yahoo.com,9259539548,successful
3617,657,Carly Lucas,108,15000.0,mixer grinder,home appliances,online,Hyderabad,2025-08-30 00:00:00,4,UPI,0.4,CarlyLucas@yahoo.com,7429202685,successful
3618,615,Carolyn Torres,106,80000.0,Sofa,furniture,offline,Mumbai,03-25-2026,2,NetBanking,0.15,CarolynTorres@gmail.com,6634885838,successful
3619,557,Joseph Cowan,109,65000.0,refrigerator,HOME,offline,Hyderabad,2025-02-07 00:00:00,5,Card,0.1,JosephCowan@gmail.com,6442999909,successful
3620,555,Christopher Cruz,104,8000.0,SHOES,CLOTH,online,Bangalore,2025-06-20 00:00:00,4,UPI,0.3,ChristopherCruz@gmail.com,9704230569,successful
3621,435,Wendy Robinson,103,1300.0,shirt,clothing,online,Delhi,05-15-2025,4,NetBanking,0.15,WendyRobinson@gmail.com,7891934454,successful
3622,628,Kelly Turner,102,70000.0,PHONE,ELEC,offline,Chennai,01-17-2026,1,Card,0.05,KellyTurner@gmail.com,8102485626,successful
3623,859,Tiffany Chapman,108,,mixer grinder,Home Appliances,offline,Delhi,2025-05-05 00:00:00,4,UPI,0.4,Tiffany12@gmail.com,9835018684,successful
3624,781,Connor Farrell,110,45000.0,MICROWAVE,Home Appliances,online,Mumbai,08-27-2025,4,NetBanking,0.05,Connor17@gmail.com,9301023407,successful
3625,25,Kenneth Johnson,103,1300.0,SHIRT,CLOTH,offline,Delhi,2025-05-26 00:00:00,2,UPI,0.35,KennethJohnson@gmail.com,6819746503,successful
3626,372,Brandon Gordon,110,45000.0,microwave,Home Appliances,offline,Mumbai,2025-07-28 00:00:00,3,UPI,0.1,Brandon83@gmail.com,7856541702,successful
3627,507,Thomas Cameron,102,70000.0,Phone,electronics,online,Delhi,2025-05-05 00:00:00,4,UPI,0.3,ThomasCameron@outlook.com,9216552264,successful
3628,930,Jason Hubbard,104,8000.0,SHOES,clothing,online,Chennai,2025-05-05 00:00:00,1,NetBanking,0.4,JasonHubbard@gmail.com,7072875628,successful
3629,124,Sarah Rios,103,1300.0,Shirt,CLOTH,online,Mumbai,2026-02-20 00:00:00,5,NetBanking,0.2,SarahRios@outlook.com,7979234148,successful
3630,192,Nina Robinson,103,1300.0,shirt,clothing,online,Bangalore,2025-06-18 00:00:00,0,Card,0.05,Nina44@gmail.com,6234197116,successful
3631,934,Brandi Phillips,106,80000.0,sofa,furniture,online,Hyderabad,2025-08-17 00:00:00,5,Cash,0.15,Brandi77@gmail.com,9692608609,successful
3632,906,Ronald House,106,80000.0,SOFA,Furniture,offline,Mumbai,2026-02-14 00:00:00,2,NetBanking,0.05,Ronald68@gmail.com,6586539868,successful
3633,40,Kristina Harrell,108,15000.0,mixer grinder,HOME,online,Hyderabad,05-22-2025,4,Card,0.05,KristinaHarrell@outlook.com,7404306674,successful
3634,951,Richard Miller,108,15000.0,Mixer grinder,Home Appliances,online,Mumbai,2025-10-08 00:00:00,2,UPI,0.2,RichardMiller@yahoo.com,7109726379,successful
3635,933,Zachary Khan,110,,microwave,HOME,online,Bangalore,06-24-2025,4,UPI,0.2,Zachary6@gmail.com,9316003581,successful
3636,625,Elizabeth Duran,101,250000.0,laptop,ELEC,offline,Mumbai,2025-11-06 00:00:00,2,UPI,0.15,ElizabethDuran@gmail.com,7848866997,successful
3637,363,Leonard Travis,106,80000.0,SOFA,Furniture,online,Delhi,2025-01-05 00:00:00,2,UPI,0.15,LeonardTravis@gmail.com,9034700472,successful
3638,193,Mary White,104,8000.0,SHOES,clothing,offline,Bangalore,08-27-2025,5,Card,0.25,MaryWhite@yahoo.com,8365367194,successful
3639,458,Jared Lane,102,70000.0,Phone,electronics,online,Hyderabad,11-20-2025,5,Card,0.1,JaredLane@gmail.com,7421522658,successful
3640,123,Trevor Sharp,105,45000.0,tv,ELEC,offline,Mumbai,2025-10-07 00:00:00,2,UPI,0.1,TrevorSharp@yahoo.com,6132558457,successful
3641,753,Kelly Ball,108,15000.0,mixer grinder,Home Appliances,offline,Delhi,06-16-2025,3,UPI,0.3,KellyBall@gmail.com,6595322869,successful
3642,49,Dominique Jones,106,80000.0,Sofa,furniture,offline,Delhi,2025-10-09 00:00:00,1,Card,0.2,DominiqueJones@gmail.com,7456632605,successful
3643,900,Gary Phillips,103,1300.0,SHIRT,Clothing,online,Bangalore,2026-12-02 00:00:00,1,Cash,0.4,GaryPhillips@yahoo.com,8740934646,successful
3644,39,Megan Jones,107,50000.0,Dining table,Furniture,offline,Hyderabad,03-30-2026,2,UPI,0.25,MeganJones@gmail.com,7279430686,successful
3645,256,Nicole Williams,101,250000.0,Laptop,ELEC,offline,Chennai,2025-10-27 00:00:00,1,Cash,0.05,Nicole72@gmail.com,9261161732,successful
3646,345,Kathy Smith,110,45000.0,microwave,HOME,online,Chennai,2025-05-26 00:00:00,3,UPI,0.4,KathySmith@yahoo.com,9100925171,successful
3647,853,James Guerrero,110,45000.0,MICROWAVE,home appliances,online,Mumbai,09-19-2025,1,NetBanking,0.25,JamesGuerrero@gmail.com,6869294649,successful
3648,278,Daniel Stevens,106,80000.0,sofa,furniture,offline,Delhi,03-21-2026,2,NetBanking,0.15,DanielStevens@yahoo.com,6541075034,successful
3649,131,Pamela Peterson,102,70000.0,PHONE,electronics,offline,Bangalore,2026-02-26 00:00:00,5,Cash,0.3,PamelaPeterson@gmail.com,6535198147,successful
3650,606,Carol Arnold,104,8000.0,shoes,clothing,offline,Mumbai,03-20-2026,4,NetBanking,0.15,CarolArnold@gmail.com,6562141970,successful
3651,776,Erica Moore,108,15000.0,mixer grinder,Home Appliances,online,Chennai,2025-05-14 00:00:00,5,Cash,0.35,EricaMoore@gmail.com,7710081731,successful
3652,796,Jasmine Lopez,102,70000.0,phone,Electronics,offline,Bangalore,2026-03-06 00:00:00,1,Cash,0.2,JasmineLopez@outlook.com,9109427917,successful
3653,916,Betty Mcdaniel,106,80000.0,Sofa,Furniture,offline,Chennai,2025-01-10 00:00:00,5,NetBanking,0.15,BettyMcdaniel@yahoo.com,7323816268,successful
3654,211,Arthur Lopez,108,15000.0,MIXER GRINDER,Home Appliances,offline,Hyderabad,2025-10-19 00:00:00,4,Card,0.2,ArthurLopez@yahoo.com,8570743529,successful
3655,345,Kathy Smith,108,15000.0,mixer grinder,home appliances,offline,Chennai,2025-12-13 00:00:00,3,UPI,0.05,KathySmith@yahoo.com,9100925171,successful
3656,883,Charles David,103,1300.0,shirt,clothing,offline,Delhi,2025-05-11 00:00:00,1,Cash,0.25,CharlesDavid@yahoo.com,6063347922,successful
3657,578,Kristi Wilson,108,15000.0,mixer grinder,home appliances,online,Chennai,2025-08-28 00:00:00,3,UPI,0.3,KristiWilson@yahoo.com,6043009323,successful
3658,825,Jose Rodriguez,104,8000.0,shoes,CLOTH,online,Bangalore,04-23-2025,1,NetBanking,0.35,JoseRodriguez@outlook.com,9277458368,successful
3659,890,Holly Mckay,101,,Laptop,ELEC,offline,Chennai,2026-01-14 00:00:00,4,Cash,0.1,HollyMckay@yahoo.com,6608746494,successful
3660,50,Stacey Henderson,109,65000.0,refrigerator,HOME,offline,Mumbai,07-15-2025,2,NetBanking,0.05,Stacey33@gmail.com,6033182385,successful
3661,745,Jennifer Weeks,106,80000.0,sofa,Furniture,offline,Hyderabad,2025-12-11 00:00:00,1,NetBanking,0.25,JenniferWeeks@gmail.com,9263102095,successful
3662,414,Chase Johnson,104,8000.0,shoes,clothing,offline,Delhi,01-14-2026,1,Card,0.2,ChaseJohnson@yahoo.com,6218571815,successful
3662,414,Chase Johnson,104,8000.0,shoes,clothing,offline,Delhi,01-14-2026,1,Card,0.2,ChaseJohnson@yahoo.com,6218571815,failed
3663,949,Madison Goodwin,110,45000.0,microwave,HOME,offline,Bangalore,2025-08-08 00:00:00,5,Cash,0.25,MadisonGoodwin@yahoo.com,8574790493,successful
3664,553,Veronica Davis,101,250000.0,laptop,Electronics,offline,Mumbai,2025-06-04 00:00:00,4,Card,0.15,VeronicaDavis@gmail.com,9657619972,successful
3664,553,Veronica Davis,101,250000.0,laptop,Electronics,offline,Mumbai,2025-06-04 00:00:00,4,Card,0.15,VeronicaDavis@gmail.com,9657619972,failed
3665,323,Victoria Phillips,101,250000.0,Laptop,Electronics,offline,Hyderabad,2025-11-09 00:00:00,2,NetBanking,0.25,VictoriaPhillips@gmail.com,6126060994,successful
3666,936,Brian Larson,107,50000.0,DINING TABLE,Furniture,offline,Hyderabad,2026-04-14 00:00:00,1,Card,0.3,BrianLarson@yahoo.com,9082928514,successful
3667,298,Ryan Massey,109,65000.0,refrigerator,Home Appliances,offline,Delhi,2025-06-25 00:00:00,2,NetBanking,0.1,Ryan8@gmail.com,6449657586,successful
3668,155,James Fleming,101,250000.0,Laptop,Electronics,offline,Hyderabad,2025-05-06 00:00:00,1,UPI,0.2,James47@gmail.com,6050128486,successful
3669,697,Kimberly Hodges,106,80000.0,sofa,FURN,online,Bangalore,2025-12-09 00:00:00,1,NetBanking,0.05,Kimberly57@gmail.com,9168983119,successful
3670,25,Kenneth Johnson,102,70000.0,Phone,ELEC,online,Delhi,05-16-2025,5,Card,0.15,KennethJohnson@gmail.com,6819746503,successful
3671,398,Michele Sanchez,110,45000.0,Microwave,Home Appliances,online,Bangalore,11-23-2025,3,Card,0.35,MicheleSanchez@outlook.com,6047184961,successful
3672,702,Robert Jackson,104,8000.0,Shoes,CLOTH,online,Delhi,2025-07-18 00:00:00,1,Card,0.35,RobertJackson@gmail.com,8175096138,successful
3673,853,James Guerrero,110,45000.0,MICROWAVE,home appliances,offline,Mumbai,2025-04-25 00:00:00,3,UPI,0.2,JamesGuerrero@gmail.com,6869294649,successful
3674,877,John Warren,106,80000.0,SOFA,Furniture,online,Hyderabad,2025-05-04 00:00:00,4,UPI,0.4,John35@gmail.com,8098700546,successful
3675,584,Stacie Jones,103,1300.0,SHIRT,clothing,offline,Chennai,2025-04-06 00:00:00,2,Cash,0.2,StacieJones@gmail.com,9671322693,successful
3676,254,Daniel Santos,110,45000.0,Microwave,home appliances,offline,Hyderabad,09-20-2025,4,Cash,0.2,DanielSantos@yahoo.com,8953397463,successful
3677,827,Jonathan Sandoval,106,80000.0,sofa,FURN,offline,Delhi,2025-02-10 00:00:00,1,Card,0.35,JonathanSandoval@yahoo.com,8749776234,successful
3678,51,Cory Ellis,110,45000.0,Microwave,Home Appliances,online,Chennai,2025-10-09 00:00:00,4,UPI,0.3,CoryEllis@gmail.com,7954633422,successful
3679,716,John Mitchell,109,,refrigerator,home appliances,online,Delhi,11-19-2025,3,Card,0.2,JohnMitchell@outlook.com,7564242427,successful
3680,837,Peter Maxwell,108,15000.0,Mixer grinder,HOME,online,Mumbai,2025-07-26 00:00:00,1,NetBanking,0.1,PeterMaxwell@yahoo.com,8723896608,successful
3681,230,Jose Guerrero,102,70000.0,Phone,Electronics,online,Hyderabad,2026-08-02 00:00:00,5,Cash,0.4,Jose24@gmail.com,7235645176,successful
3682,632,Paula Reed,101,250000.0,laptop,electronics,online,Hyderabad,2025-10-29 00:00:00,4,Card,0.15,Paula11@gmail.com,8192870764,successful
3683,248,Anthony Henry,106,80000.0,SOFA,Furniture,online,Hyderabad,2026-04-02 00:00:00,3,Card,0.2,AnthonyHenry@yahoo.com,7055017330,successful
3683,248,Anthony Henry,106,80000.0,SOFA,Furniture,online,Hyderabad,2026-04-02 00:00:00,3,Card,0.2,AnthonyHenry@yahoo.com,7055017330,failed
3684,428,Michelle Rogers,109,65000.0,Refrigerator,home appliances,offline,Bangalore,2025-08-28 00:00:00,4,UPI,0.4,Michelle25@gmail.com,9287510299,successful
3685,484,Eric Cabrera,103,1300.0,shirt,clothing,offline,Bangalore,2025-10-12 00:00:00,1,UPI,0.35,EricCabrera@gmail.com,6116978733,successful
3686,965,Donald Poole,104,,shoes,Clothing,offline,Mumbai,2025-05-30 00:00:00,5,UPI,0.15,DonaldPoole@yahoo.com,7170684135,successful
3687,364,Kelly Graves,105,45000.0,tv,ELEC,offline,Bangalore,2025-06-11 00:00:00,4,UPI,0.15,Kelly10@gmail.com,6221080043,successful
3688,395,John Lee,108,15000.0,mixer grinder,home appliances,online,Mumbai,08-29-2025,2,Card,0.15,JohnLee@yahoo.com,6536232921,successful
3689,471,Jamie Kelly,102,70000.0,Phone,Electronics,online,Chennai,2025-11-11 00:00:00,2,UPI,0.3,Jamie55@gmail.com,6555479015,successful
3690,564,Spencer Davis,104,8000.0,shoes,CLOTH,online,Chennai,2025-08-28 00:00:00,5,UPI,0.3,SpencerDavis@gmail.com,9733850711,successful
3691,209,Aaron Mclaughlin,102,70000.0,phone,electronics,online,Chennai,2025-06-21 00:00:00,1,Cash,0.2,AaronMclaughlin@outlook.com,8765355147,successful
3692,404,Julian Cox,106,80000.0,SOFA,furniture,offline,Delhi,2025-08-12 00:00:00,4,NetBanking,0.4,JulianCox@outlook.com,9942453039,successful
3693,130,Bailey Smith,101,250000.0,LAPTOP,Electronics,offline,Hyderabad,01-21-2026,4,Card,0.2,BaileySmith@outlook.com,9583091953,successful
3694,577,John Johnson,102,70000.0,PHONE,ELEC,offline,Hyderabad,2025-05-21 00:00:00,1,UPI,0.2,JohnJohnson@gmail.com,8896397120,successful
3695,509,Valerie Brooks,103,1300.0,Shirt,clothing,online,Chennai,2026-02-26 00:00:00,2,NetBanking,0.4,Valerie69@gmail.com,7736225947,successful
3696,329,William Jackson,107,50000.0,dining table,FURN,offline,Mumbai,12-19-2025,3,Card,0.4,WilliamJackson@outlook.com,7805292206,successful
3697,766,Stacey Jones,102,70000.0,phone,electronics,online,Mumbai,04-15-2026,4,Card,0.15,StaceyJones@outlook.com,8058935577,successful
3698,969,Keith Woods,102,70000.0,PHONE,Electronics,online,Chennai,2026-04-03 00:00:00,4,Card,0.4,KeithWoods@yahoo.com,7737305957,successful
3699,633,Julie Jackson,108,15000.0,MIXER GRINDER,HOME,online,Delhi,10-16-2025,3,NetBanking,0.35,Julie50@gmail.com,7168243701,successful
3700,818,Patty Carlson,110,,microwave,Home Appliances,offline,Mumbai,2026-02-02 00:00:00,2,NetBanking,0.1,PattyCarlson@yahoo.com,9067783842,successful
3701,20,John Marshall,110,45000.0,Microwave,HOME,offline,Chennai,2025-03-10 00:00:00,3,Card,0.15,JohnMarshall@yahoo.com,7232341116,successful
3702,472,Christian Jennings,103,1300.0,SHIRT,CLOTH,offline,Chennai,2025-12-07 00:00:00,3,UPI,0.1,ChristianJennings@outlook.com,6788861240,successful
3703,754,Joshua Chandler,103,1300.0,Shirt,clothing,offline,Mumbai,10-13-2025,5,NetBanking,0.3,Joshua16@gmail.com,8509597470,successful
3704,782,Monique Davis,108,15000.0,Mixer grinder,HOME,offline,Chennai,2025-12-18 00:00:00,2,UPI,0.2,MoniqueDavis@gmail.com,6797654485,successful
3705,285,Amanda Anderson,106,80000.0,SOFA,furniture,offline,Chennai,2025-04-17 00:00:00,4,NetBanking,0.15,AmandaAnderson@outlook.com,9009070174,successful
3706,58,Michelle Barnes,106,80000.0,SOFA,FURN,offline,Hyderabad,2025-11-08 00:00:00,1,Card,0.35,Michelle20@gmail.com,7266816620,successful
3707,607,Robert Rodriguez,109,65000.0,refrigerator,HOME,offline,Hyderabad,2025-06-15 00:00:00,3,UPI,0.2,Robert7@gmail.com,8027927205,successful
3707,607,Robert Rodriguez,109,65000.0,refrigerator,HOME,offline,Hyderabad,2025-06-15 00:00:00,3,UPI,0.2,Robert7@gmail.com,8027927205,failed
3708,705,Amy Brewer,106,80000.0,sofa,FURN,offline,Hyderabad,2025-10-25 00:00:00,2,Cash,0.3,AmyBrewer@yahoo.com,9710911218,successful
3709,961,Derek Hall,102,70000.0,Phone,electronics,online,Hyderabad,09-30-2025,3,UPI,0.3,Derek28@gmail.com,7447088075,successful
3710,278,Daniel Stevens,107,50000.0,Dining table,FURN,offline,Delhi,2025-05-17 00:00:00,2,UPI,0.25,DanielStevens@yahoo.com,6541075034,successful
3710,278,Daniel Stevens,107,50000.0,Dining table,FURN,offline,Delhi,2025-05-17 00:00:00,2,UPI,0.25,DanielStevens@yahoo.com,6541075034,failed
3711,540,Amy Cruz,101,250000.0,laptop,Electronics,offline,Delhi,2025-06-24 00:00:00,-1,Cash,0.4,AmyCruz@gmail.com,7034946867,successful
3712,912,Brian Randall,107,50000.0,Dining table,FURN,online,Mumbai,12-24-2025,3,UPI,0.35,BrianRandall@yahoo.com,7614413966,successful
3713,840,Veronica Ashley,109,65000.0,refrigerator,Home Appliances,online,Delhi,11-16-2025,5,NetBanking,0.2,VeronicaAshley@gmail.com,8286959830,successful
3714,709,Mike Roberts,101,250000.0,LAPTOP,Electronics,online,Hyderabad,2025-07-07 00:00:00,4,NetBanking,0.05,MikeRoberts@yahoo.com,7700185792,successful
3715,855,Linda Shelton,105,,tv,ELEC,online,Delhi,11-29-2025,4,UPI,0.05,LindaShelton@outlook.com,9051785453,successful
3716,854,Dennis Dorsey,107,50000.0,Dining table,furniture,offline,Hyderabad,03-27-2026,2,NetBanking,0.25,DennisDorsey@yahoo.com,7070302116,successful
3717,260,Cynthia Fields,101,250000.0,laptop,Electronics,offline,Chennai,2025-06-16 00:00:00,4,Cash,0.1,CynthiaFields@gmail.com,6824635111,successful
3718,741,Carla Spencer,107,50000.0,DINING TABLE,FURN,online,Hyderabad,03-23-2026,5,UPI,0.25,CarlaSpencer@yahoo.com,8602226102,successful
3718,741,Carla Spencer,107,50000.0,DINING TABLE,FURN,online,Hyderabad,03-23-2026,5,UPI,0.25,CarlaSpencer@yahoo.com,8602226102,failed
3719,996,Barbara Morris,106,,SOFA,FURN,online,Hyderabad,03-22-2026,1,Cash,0.3,Barbara54@gmail.com,8799907956,successful
3720,139,Melissa Peterson,105,45000.0,TV,electronics,offline,Mumbai,2026-03-17 00:00:00,4,Card,0.1,MelissaPeterson@outlook.com,8721382133,successful
3721,818,Patty Carlson,109,65000.0,REFRIGERATOR,HOME,online,Mumbai,2026-01-18 00:00:00,5,Cash,0.35,PattyCarlson@yahoo.com,9067783842,successful
3722,842,Amy Quinn,110,45000.0,Microwave,Home Appliances,online,Hyderabad,2025-12-23 00:00:00,5,UPI,0.2,AmyQuinn@outlook.com,7272163795,successful
3723,269,Christina Conrad,105,45000.0,Tv,ELEC,offline,Chennai,2026-01-22 00:00:00,2,Cash,0.05,ChristinaConrad@yahoo.com,8372681847,successful
3724,24,Donald Blevins,108,15000.0,mixer grinder,home appliances,online,Chennai,2025-07-20 00:00:00,1,Cash,0.2,Donald34@gmail.com,8167731556,successful
3725,29,Leah Dunn,110,45000.0,Microwave,home appliances,offline,Hyderabad,2025-10-15 00:00:00,3,Cash,0.1,LeahDunn@outlook.com,7728416479,successful
3726,281,Ashley Anderson,101,250000.0,laptop,Electronics,offline,Bangalore,2026-04-09 00:00:00,3,Card,0.1,Ashley63@gmail.com,9915615033,successful
3727,804,Tiffany Caldwell,101,250000.0,laptop,Electronics,online,Bangalore,08-31-2025,3,NetBanking,0.2,TiffanyCaldwell@outlook.com,8388097153,successful
3728,347,David Medina,101,250000.0,LAPTOP,ELEC,offline,Delhi,2025-04-25 00:00:00,1,UPI,0.4,DavidMedina@outlook.com,9190354389,successful
3729,446,Scott Smith,102,70000.0,Phone,electronics,offline,Bangalore,2025-07-04 00:00:00,2,NetBanking,0.15,Scott26@gmail.com,8592390183,successful
3730,238,Zachary Hooper,102,70000.0,phone,Electronics,online,Bangalore,2025-09-06 00:00:00,4,UPI,0.3,ZacharyHooper@gmail.com,7936610012,successful
3731,89,Joseph Davis,105,45000.0,tv,ELEC,offline,Hyderabad,2025-07-21 00:00:00,1,UPI,0.1,JosephDavis@yahoo.com,7335998548,successful
3732,770,Paul Jarvis,110,45000.0,Microwave,Home Appliances,offline,Mumbai,2025-09-09 00:00:00,4,NetBanking,0.05,PaulJarvis@gmail.com,9653336027,successful
3732,770,Paul Jarvis,110,45000.0,Microwave,Home Appliances,offline,Mumbai,2025-09-09 00:00:00,4,NetBanking,0.05,PaulJarvis@gmail.com,9653336027,failed
3733,929,Charles Key,103,1300.0,Shirt,Clothing,offline,Delhi,2025-11-10 00:00:00,2,Cash,0.35,Charles2@gmail.com,7319365346,successful
3734,250,Steven Baker,105,45000.0,TV,electronics,online,Mumbai,05-27-2025,4,NetBanking,0.05,StevenBaker@gmail.com,6299345024,successful
3735,947,Gabriel Golden,101,250000.0,laptop,electronics,offline,Mumbai,2025-05-04 00:00:00,2,Cash,0.2,Gabriel55@gmail.com,7538937330,successful
3736,239,Tyler Greene,105,45000.0,tv,electronics,online,Delhi,2026-01-19 00:00:00,2,Card,0.05,TylerGreene@gmail.com,8110153007,successful
3737,938,Mary Rogers,103,1300.0,shirt,clothing,online,Hyderabad,02-14-2026,2,UPI,0.3,MaryRogers@gmail.com,9755893823,successful
3738,69,Pamela Williamson,106,80000.0,sofa,Furniture,offline,Chennai,2025-05-23 00:00:00,2,UPI,0.1,PamelaWilliamson@outlook.com,7090666233,successful
3739,553,Veronica Davis,109,65000.0,Refrigerator,Home Appliances,online,Mumbai,10-19-2025,5,NetBanking,0.35,VeronicaDavis@gmail.com,9657619972,successful
3740,676,James Sanders,110,45000.0,MICROWAVE,HOME,online,Bangalore,2026-02-19 00:00:00,2,Cash,0.2,James43@gmail.com,8747576646,successful
3741,424,Tiffany Williams,101,250000.0,laptop,electronics,online,Chennai,2025-11-19 00:00:00,3,Card,0.25,Tiffany91@gmail.com,8805972793,successful
3742,446,Scott Smith,108,15000.0,MIXER GRINDER,Home Appliances,online,Bangalore,02-20-2026,3,Card,0.2,Scott26@gmail.com,8592390183,successful
3743,870,Thomas Morris,103,1300.0,SHIRT,clothing,online,Bangalore,2025-08-27 00:00:00,2,NetBanking,0.1,ThomasMorris@yahoo.com,8185847719,successful
3744,946,Lisa Cochran,110,45000.0,Microwave,home appliances,offline,Delhi,2025-04-20 00:00:00,2,UPI,0.35,LisaCochran@gmail.com,8354440319,successful
3745,759,Lisa Butler,101,250000.0,LAPTOP,ELEC,online,Hyderabad,2025-05-09 00:00:00,3,Card,0.15,Lisa15@gmail.com,8805550071,successful
3746,774,Antonio Evans,108,15000.0,MIXER GRINDER,Home Appliances,online,Hyderabad,11-23-2025,3,Card,0.4,Antonio94@gmail.com,7199037042,successful
3747,860,Christine Maddox,106,80000.0,SOFA,FURN,online,Mumbai,2026-03-24 00:00:00,0,NetBanking,0.4,ChristineMaddox@outlook.com,6583010175,successful
3748,660,Jessica Stephenson,106,80000.0,SOFA,furniture,offline,Hyderabad,2025-06-14 00:00:00,5,NetBanking,0.1,JessicaStephenson@gmail.com,8684231390,successful
3749,185,Sarah Cohen,106,80000.0,sofa,furniture,offline,Mumbai,2026-01-05 00:00:00,3,Cash,0.05,SarahCohen@outlook.com,8825874728,successful
3749,185,Sarah Cohen,106,80000.0,sofa,furniture,offline,Mumbai,2026-01-05 00:00:00,3,Cash,0.05,SarahCohen@outlook.com,8825874728,failed
3750,482,Nathaniel Montes,109,65000.0,REFRIGERATOR,home appliances,offline,Chennai,04-21-2025,1,Cash,0.2,Nathaniel44@gmail.com,7790273012,successful
3751,495,John Cummings,110,45000.0,microwave,Home Appliances,online,Hyderabad,2026-10-03 00:00:00,4,NetBanking,0.35,JohnCummings@yahoo.com,8883507125,successful
3751,495,John Cummings,110,45000.0,microwave,Home Appliances,online,Hyderabad,2026-10-03 00:00:00,4,NetBanking,0.35,JohnCummings@yahoo.com,8883507125,failed
3752,389,Tyler Kim,101,250000.0,laptop,electronics,offline,Bangalore,2025-07-30 00:00:00,2,UPI,0.15,TylerKim@yahoo.com,8275595816,successful
3753,288,Darren Parker,110,45000.0,microwave,HOME,online,Hyderabad,2025-10-18 00:00:00,2,NetBanking,0.4,DarrenParker@outlook.com,7734023569,successful
3754,46,Mallory Boyd,101,250000.0,Laptop,ELEC,online,Delhi,2025-12-11 00:00:00,1,Cash,0.2,Mallory7@gmail.com,6910302449,successful
3755,280,David Morales,107,50000.0,dining table,FURN,online,Delhi,12-26-2025,5,NetBanking,0.2,DavidMorales@yahoo.com,9250881730,successful
3756,951,Richard Miller,101,250000.0,laptop,Electronics,offline,Mumbai,2026-02-07 00:00:00,-2,Cash,0.25,RichardMiller@yahoo.com,7109726379,successful
3757,943,Sharon Smith,103,1300.0,shirt,clothing,offline,Chennai,2025-09-20 00:00:00,4,Cash,0.1,SharonSmith@gmail.com,7612471161,successful
3758,109,Michael Walker,106,80000.0,Sofa,furniture,offline,Mumbai,02-28-2026,4,UPI,0.35,MichaelWalker@yahoo.com,9982367171,successful
3759,671,Sarah Frederick,106,,SOFA,furniture,online,Chennai,2025-11-27 00:00:00,1,Cash,0.15,SarahFrederick@outlook.com,6659595538,successful
3760,156,Sara Romero,106,80000.0,SOFA,FURN,offline,Chennai,2025-01-09 00:00:00,3,Cash,0.2,SaraRomero@gmail.com,9107680162,successful
3761,913,Craig Harris,102,70000.0,phone,electronics,offline,Delhi,2026-09-02 00:00:00,2,UPI,0.35,CraigHarris@yahoo.com,7947583910,successful
3762,523,Emily Cohen,106,80000.0,sofa,Furniture,online,Chennai,2025-06-29 00:00:00,1,NetBanking,0.1,EmilyCohen@gmail.com,9199259627,successful
3763,276,Kelly Montgomery,103,1300.0,SHIRT,CLOTH,online,Delhi,09-22-2025,1,NetBanking,0.15,KellyMontgomery@gmail.com,9055563046,successful
3764,633,Julie Jackson,106,80000.0,Sofa,FURN,online,Delhi,07-23-2025,2,Card,0.05,Julie50@gmail.com,7168243701,successful
3765,168,Joyce Robertson,105,45000.0,TV,Electronics,offline,Mumbai,2025-05-14 00:00:00,4,UPI,0.35,JoyceRobertson@yahoo.com,7842890417,successful
3766,646,Pamela Bennett,110,45000.0,MICROWAVE,Home Appliances,offline,Mumbai,04-26-2025,5,Card,0.1,PamelaBennett@outlook.com,9795981461,successful
3767,368,Emily Scott,107,50000.0,DINING TABLE,furniture,online,Mumbai,2025-08-15 00:00:00,5,Card,0.4,EmilyScott@yahoo.com,9116589634,successful
3768,15,Robin Ray,108,15000.0,MIXER GRINDER,HOME,online,Chennai,2025-10-24 00:00:00,1,Cash,0.3,RobinRay@outlook.com,6680791348,successful
3769,615,Carolyn Torres,105,45000.0,Tv,Electronics,offline,Mumbai,11-14-2025,3,Cash,0.1,CarolynTorres@gmail.com,6634885838,successful
3770,37,Joshua Nunez,104,,Shoes,CLOTH,online,Mumbai,2025-05-16 00:00:00,5,UPI,0.1,JoshuaNunez@yahoo.com,8587718785,successful
3771,619,Angelica Wood,103,1300.0,Shirt,Clothing,offline,Mumbai,2026-01-12 00:00:00,4,Card,0.2,AngelicaWood@outlook.com,9231454769,successful
3772,47,Jason Jones,106,80000.0,sofa,Furniture,online,Bangalore,2026-03-28 00:00:00,2,NetBanking,0.35,JasonJones@outlook.com,8971282145,successful
3773,359,Ryan Williams,105,45000.0,Tv,Electronics,online,Delhi,2025-05-23 00:00:00,2,UPI,0.25,RyanWilliams@gmail.com,6381855599,successful
3774,220,Maria Walker,110,45000.0,Microwave,Home Appliances,online,Bangalore,2025-08-24 00:00:00,4,NetBanking,0.3,MariaWalker@gmail.com,7332505210,successful
3775,788,William Wright,102,70000.0,Phone,Electronics,offline,Bangalore,07-14-2025,5,UPI,0.4,WilliamWright@gmail.com,8502405393,successful
3776,569,Lindsay Levine,110,45000.0,Microwave,home appliances,offline,Mumbai,06-24-2025,5,NetBanking,0.15,Lindsay32@gmail.com,6194157618,successful
3777,240,Traci Farmer,109,65000.0,refrigerator,home appliances,offline,Bangalore,12-31-2025,1,Card,0.35,Traci27@gmail.com,8610931925,successful
3778,104,Amanda Castillo,104,8000.0,shoes,Clothing,offline,Hyderabad,2025-10-08 00:00:00,1,Card,0.05,AmandaCastillo@yahoo.com,9259539548,successful
3779,303,Derek Rose,110,45000.0,MICROWAVE,HOME,online,Chennai,2025-09-14 00:00:00,2,NetBanking,0.1,Derek21@gmail.com,9660861211,successful
3780,2,Steven Evans,106,80000.0,sofa,FURN,online,Delhi,2025-11-09 00:00:00,5,Cash,0.15,StevenEvans@gmail.com,9464982287,successful
3781,661,Jennifer Cooper,105,45000.0,TV,Electronics,offline,Chennai,2025-09-14 00:00:00,2,Card,0.25,JenniferCooper@outlook.com,8051514609,successful
3782,77,Robert Diaz,106,80000.0,SOFA,Furniture,online,Hyderabad,2025-10-31 00:00:00,4,Cash,0.05,RobertDiaz@yahoo.com,6906016645,successful
3783,2,Steven Evans,101,250000.0,Laptop,Electronics,offline,Delhi,2026-01-25 00:00:00,4,Card,0.15,StevenEvans@gmail.com,9464982287,successful
3784,177,Barbara Weber,102,,Phone,ELEC,online,Chennai,2025-06-11 00:00:00,5,NetBanking,0.25,Barbara59@gmail.com,6212820042,successful
3785,310,Lee Brown,101,250000.0,laptop,ELEC,offline,Mumbai,2025-05-03 00:00:00,2,UPI,0.2,LeeBrown@yahoo.com,9557013316,successful
3786,297,Susan Hill,104,8000.0,SHOES,clothing,offline,Delhi,2025-11-01 00:00:00,5,Cash,0.15,SusanHill@outlook.com,6962432263,successful
3787,612,Jay Hunter,103,1300.0,Shirt,Clothing,online,Bangalore,2025-12-20 00:00:00,5,UPI,0.15,JayHunter@gmail.com,9904745398,successful
3788,817,Nicole Ross,109,65000.0,refrigerator,HOME,online,Chennai,2025-12-25 00:00:00,4,Card,0.15,Nicole68@gmail.com,8278149866,successful
3789,427,Kelly Mccormick,110,,Microwave,HOME,online,Delhi,2025-08-21 00:00:00,2,Cash,0.2,KellyMccormick@outlook.com,6077306970,successful
3790,955,Jake Davis,106,80000.0,Sofa,furniture,offline,Bangalore,03-18-2026,3,Card,0.35,JakeDavis@yahoo.com,7071458620,successful
3791,161,Christopher Davis,102,70000.0,phone,electronics,offline,Mumbai,2026-01-03 00:00:00,5,Cash,0.3,ChristopherDavis@gmail.com,8222265633,successful
3792,414,Chase Johnson,103,1300.0,shirt,CLOTH,online,Delhi,2025-10-17 00:00:00,3,NetBanking,0.1,ChaseJohnson@yahoo.com,6218571815,successful
3793,921,Jessica Taylor,101,250000.0,laptop,electronics,offline,Mumbai,2025-11-16 00:00:00,4,NetBanking,0.3,JessicaTaylor@outlook.com,9714740882,successful
3794,982,James Munoz,105,45000.0,TV,Electronics,online,Mumbai,2026-12-01 00:00:00,5,UPI,0.05,JamesMunoz@outlook.com,6861328023,successful
3795,508,Jesus Decker,108,15000.0,Mixer grinder,Home Appliances,online,Bangalore,2025-12-27 00:00:00,2,NetBanking,0.05,JesusDecker@gmail.com,6995878892,successful
3796,288,Darren Parker,105,45000.0,TV,electronics,online,Hyderabad,2025-11-11 00:00:00,1,Card,0.4,DarrenParker@outlook.com,7734023569,successful
3797,507,Thomas Cameron,109,65000.0,Refrigerator,HOME,online,Delhi,2025-10-05 00:00:00,2,NetBanking,0.2,ThomasCameron@outlook.com,9216552264,successful
3798,253,Emily Rodriguez,104,8000.0,shoes,Clothing,online,Delhi,10-27-2025,1,UPI,0.05,EmilyRodriguez@gmail.com,9526826545,successful
3799,239,Tyler Greene,109,,Refrigerator,HOME,online,Delhi,06-21-2025,4,Card,0.2,TylerGreene@gmail.com,8110153007,successful
3800,296,Katherine Frazier,104,8000.0,Shoes,clothing,offline,Bangalore,2026-04-02 00:00:00,4,Card,0.05,KatherineFrazier@yahoo.com,7255496097,successful
3801,10,Tracy Olson,101,250000.0,LAPTOP,electronics,online,Delhi,12-28-2025,5,Card,0.4,TracyOlson@yahoo.com,6972129098,successful
3802,980,Alexis Andrews,109,65000.0,Refrigerator,HOME,offline,Delhi,2025-10-31 00:00:00,2,Cash,0.05,Alexis8@gmail.com,9601673841,successful
3803,866,Jasmine Guerrero,103,1300.0,shirt,Clothing,offline,Hyderabad,2026-01-03 00:00:00,5,NetBanking,0.1,Jasmine83@gmail.com,8531369366,successful
3804,549,Jacob Hopkins,102,70000.0,phone,Electronics,online,Bangalore,2026-01-17 00:00:00,5,NetBanking,0.3,Jacob69@gmail.com,6812496590,successful
3805,137,Kathleen Douglas,102,70000.0,Phone,ELEC,offline,Mumbai,2025-10-09 00:00:00,3,UPI,0.25,KathleenDouglas@yahoo.com,8017596544,successful
3806,525,Laura Barajas,110,45000.0,Microwave,HOME,online,Bangalore,2025-11-09 00:00:00,4,NetBanking,0.2,Laura14@gmail.com,8564041400,successful
3807,585,Clifford Hayes,104,8000.0,SHOES,Clothing,offline,Delhi,2025-05-18 00:00:00,1,NetBanking,0.15,CliffordHayes@gmail.com,6579201942,successful
3808,963,Laura Stevenson,103,1300.0,Shirt,clothing,online,Chennai,2025-10-17 00:00:00,2,NetBanking,0.05,LauraStevenson@outlook.com,7523734205,successful
3809,404,Julian Cox,110,45000.0,Microwave,home appliances,offline,Delhi,12-26-2025,2,UPI,0.2,JulianCox@outlook.com,9942453039,successful
3810,565,Craig Moore,105,,Tv,ELEC,online,Mumbai,2025-12-15 00:00:00,4,NetBanking,0.4,CraigMoore@gmail.com,9983242911,successful
3811,615,Carolyn Torres,108,15000.0,Mixer grinder,HOME,online,Mumbai,10-29-2025,4,UPI,0.1,CarolynTorres@gmail.com,6634885838,successful
3811,615,Carolyn Torres,108,15000.0,Mixer grinder,HOME,online,Mumbai,10-29-2025,4,UPI,0.1,CarolynTorres@gmail.com,6634885838,failed
3812,937,Nicole Woods,107,50000.0,DINING TABLE,Furniture,offline,Mumbai,2025-08-02 00:00:00,5,Card,0.3,NicoleWoods@yahoo.com,9340979075,successful
3813,398,Michele Sanchez,106,80000.0,sofa,furniture,online,Bangalore,09-20-2025,5,Cash,0.05,MicheleSanchez@outlook.com,6047184961,successful
3814,270,Katherine Shaw,102,70000.0,Phone,electronics,offline,Chennai,2026-03-28 00:00:00,2,UPI,0.2,KatherineShaw@yahoo.com,9069927908,successful
3815,865,Jessica Patterson,105,45000.0,Tv,Electronics,offline,Hyderabad,2025-01-07 00:00:00,3,UPI,0.25,JessicaPatterson@outlook.com,9396230460,successful
3815,865,Jessica Patterson,105,45000.0,Tv,Electronics,offline,Hyderabad,2025-01-07 00:00:00,3,UPI,0.25,JessicaPatterson@outlook.com,9396230460,failed
3816,669,Joseph Moses,104,,SHOES,Clothing,offline,Chennai,2025-10-12 00:00:00,4,UPI,0.15,JosephMoses@outlook.com,9588051125,successful
3817,930,Jason Hubbard,103,1300.0,shirt,Clothing,online,Chennai,2025-07-06 00:00:00,5,Cash,0.05,JasonHubbard@gmail.com,7072875628,successful
3818,149,Ashley Mejia,103,1300.0,Shirt,Clothing,online,Chennai,2025-08-31 00:00:00,2,UPI,0.15,AshleyMejia@outlook.com,6877766443,successful
3819,181,Maria Robinson,106,80000.0,sofa,FURN,offline,Delhi,08-31-2025,3,NetBanking,0.05,MariaRobinson@gmail.com,8794772717,successful
3820,726,Joshua Walker,106,,sofa,FURN,online,Mumbai,2026-02-23 00:00:00,5,Cash,0.2,JoshuaWalker@outlook.com,9234629809,successful
3821,316,James Jordan,105,45000.0,Tv,electronics,offline,Delhi,2026-02-01 00:00:00,3,Cash,0.3,James19@gmail.com,8508764613,successful
3821,316,James Jordan,105,45000.0,Tv,electronics,offline,Delhi,2026-02-01 00:00:00,3,Cash,0.3,James19@gmail.com,8508764613,failed
3822,365,Lynn Chavez,107,50000.0,dining table,Furniture,offline,Mumbai,2026-10-04 00:00:00,1,UPI,0.1,Lynn29@gmail.com,9944934171,successful
3823,539,Kari Austin,102,70000.0,phone,ELEC,offline,Bangalore,05-15-2025,4,Cash,0.15,KariAustin@outlook.com,8841660010,successful
3824,350,Gregory Knapp,104,,shoes,CLOTH,online,Chennai,2025-04-27 00:00:00,1,Cash,0.2,GregoryKnapp@yahoo.com,9371443947,successful
3825,295,Samuel Decker,109,65000.0,Refrigerator,HOME,online,Mumbai,2025-12-11 00:00:00,2,Card,0.05,SamuelDecker@yahoo.com,6478394676,successful
3826,701,Dylan Stanley,103,1300.0,SHIRT,CLOTH,online,Mumbai,2025-11-02 00:00:00,1,Cash,0.05,DylanStanley@gmail.com,8009111562,successful
3827,322,Allison Foster,101,250000.0,Laptop,ELEC,offline,Bangalore,2025-07-11 00:00:00,1,NetBanking,0.15,Allison23@gmail.com,8753827370,successful
3828,638,Kaitlyn Reed,109,65000.0,REFRIGERATOR,HOME,offline,Bangalore,2025-09-19 00:00:00,5,UPI,0.1,KaitlynReed@gmail.com,6867302113,successful
3829,778,Angela Park,110,45000.0,MICROWAVE,Home Appliances,online,Mumbai,2025-04-30 00:00:00,4,UPI,0.25,AngelaPark@outlook.com,7345361196,successful
3830,344,Brian Wells,108,15000.0,MIXER GRINDER,Home Appliances,online,Chennai,05-29-2025,2,NetBanking,0.05,Brian46@gmail.com,8434229708,successful
3831,574,Carl Barrera,109,65000.0,refrigerator,HOME,offline,Bangalore,2025-05-26 00:00:00,4,NetBanking,0.15,CarlBarrera@outlook.com,6248556775,successful
3832,828,Anthony Garner,104,8000.0,Shoes,clothing,online,Hyderabad,2026-10-02 00:00:00,3,Cash,0.35,AnthonyGarner@gmail.com,7349394149,successful
3833,881,Sarah Guerrero,104,8000.0,shoes,Clothing,online,Bangalore,2025-05-04 00:00:00,3,UPI,0.05,SarahGuerrero@yahoo.com,7147248911,successful
3834,759,Lisa Butler,101,250000.0,Laptop,ELEC,online,Hyderabad,2025-09-27 00:00:00,5,NetBanking,0.15,Lisa15@gmail.com,8805550071,successful
3835,806,Jacqueline Cantu,108,,mixer grinder,home appliances,offline,Chennai,2025-11-11 00:00:00,1,NetBanking,0.15,Jacqueline4@gmail.com,8698814533,successful
3836,678,David Barnett,106,80000.0,sofa,FURN,online,Delhi,2025-07-13 00:00:00,2,UPI,0.2,DavidBarnett@yahoo.com,6189609972,successful
3837,359,Ryan Williams,105,45000.0,Tv,ELEC,offline,Delhi,09-22-2025,2,UPI,0.1,RyanWilliams@gmail.com,6381855599,successful
3837,359,Ryan Williams,105,45000.0,Tv,ELEC,offline,Delhi,09-22-2025,2,UPI,0.1,RyanWilliams@gmail.com,6381855599,failed
3838,620,Alexander Meyer,108,15000.0,Mixer grinder,Home Appliances,offline,Mumbai,2025-12-16 00:00:00,3,Card,0.15,AlexanderMeyer@yahoo.com,9589208157,successful
3839,119,Dana Castro,101,250000.0,LAPTOP,Electronics,online,Delhi,2025-09-12 00:00:00,1,UPI,0.05,DanaCastro@yahoo.com,9736021072,successful
3840,580,Meredith Walker,104,8000.0,Shoes,CLOTH,online,Chennai,2025-08-31 00:00:00,5,UPI,0.3,MeredithWalker@yahoo.com,7850497146,successful
3841,757,Yvette Clark,110,,microwave,Home Appliances,online,Hyderabad,08-27-2025,4,Cash,0.4,YvetteClark@gmail.com,6025126334,successful
3842,155,James Fleming,101,250000.0,Laptop,electronics,offline,Hyderabad,2025-10-16 00:00:00,1,NetBanking,0.3,James47@gmail.com,6050128486,successful
3843,694,Lori Barrera,105,45000.0,TV,ELEC,offline,Hyderabad,2025-12-14 00:00:00,3,NetBanking,0.05,Lori3@gmail.com,9572854973,successful
3844,402,Patricia Herring,109,65000.0,refrigerator,Home Appliances,online,Bangalore,2025-08-27 00:00:00,1,UPI,0.1,Patricia77@gmail.com,8358185134,successful
3845,200,Miguel Proctor,102,70000.0,PHONE,Electronics,online,Delhi,2025-07-19 00:00:00,2,UPI,0.15,MiguelProctor@gmail.com,8148175835,successful
3846,935,Samantha Brewer,106,80000.0,SOFA,furniture,online,Mumbai,2025-09-24 00:00:00,2,Cash,0.05,SamanthaBrewer@outlook.com,9234059224,successful
3847,988,John Thomas,102,,phone,ELEC,offline,Delhi,2025-08-18 00:00:00,1,Card,0.4,John19@gmail.com,9168109139,successful
3848,674,Haley Alvarez,104,8000.0,shoes,clothing,offline,Bangalore,2025-06-24 00:00:00,5,Card,0.15,HaleyAlvarez@outlook.com,9910438272,successful
3849,285,Amanda Anderson,102,70000.0,Phone,ELEC,offline,Chennai,2026-09-03 00:00:00,1,Cash,0.15,AmandaAnderson@outlook.com,9009070174,successful
3850,454,Larry Perkins,103,1300.0,shirt,CLOTH,online,Mumbai,2026-04-15 00:00:00,4,Card,0.25,LarryPerkins@yahoo.com,7903065336,successful
3851,810,Mary Martin,102,70000.0,PHONE,Electronics,online,Delhi,01-14-2026,5,Card,0.05,Mary75@gmail.com,6534273960,successful
3852,759,Lisa Butler,101,250000.0,laptop,ELEC,offline,Hyderabad,2025-12-15 00:00:00,1,Card,0.35,Lisa15@gmail.com,8805550071,successful
3853,495,John Cummings,101,250000.0,laptop,ELEC,online,Hyderabad,2025-06-17 00:00:00,1,Card,0.2,JohnCummings@yahoo.com,8883507125,successful
3854,394,Jeffrey Johnson,105,45000.0,Tv,electronics,offline,Mumbai,2026-11-04 00:00:00,5,UPI,0.35,JeffreyJohnson@yahoo.com,6876875341,successful
3854,394,Jeffrey Johnson,105,45000.0,Tv,electronics,offline,Mumbai,2026-11-04 00:00:00,5,UPI,0.35,JeffreyJohnson@yahoo.com,6876875341,failed
3855,188,Allison Oliver,107,50000.0,DINING TABLE,furniture,online,Hyderabad,2025-12-12 00:00:00,5,UPI,0.05,AllisonOliver@gmail.com,9833717624,successful
3856,494,Russell Estes,107,50000.0,Dining table,furniture,offline,Chennai,2026-07-02 00:00:00,1,Card,0.25,RussellEstes@yahoo.com,6730828527,successful
3857,699,Kristin Hawkins,106,80000.0,Sofa,FURN,offline,Mumbai,2026-04-08 00:00:00,4,Cash,0.4,KristinHawkins@yahoo.com,6233553116,successful
3858,550,Raymond Martinez,105,45000.0,tv,ELEC,offline,Chennai,06-24-2025,3,Cash,0.25,Raymond11@gmail.com,7127699650,successful
3859,994,Amy Edwards,106,80000.0,Sofa,furniture,offline,Mumbai,2025-06-28 00:00:00,1,NetBanking,0.3,AmyEdwards@outlook.com,8835590933,successful
3860,911,Kelly Le,108,15000.0,mixer grinder,HOME,offline,Delhi,2025-11-21 00:00:00,5,Cash,0.35,KellyLe@outlook.com,6813665769,successful
3861,284,Erin Richmond,101,250000.0,LAPTOP,Electronics,offline,Chennai,2026-07-03 00:00:00,5,UPI,0.05,ErinRichmond@gmail.com,9295628578,successful
3862,285,Amanda Anderson,106,80000.0,sofa,FURN,online,Chennai,2026-04-07 00:00:00,4,Cash,0.3,AmandaAnderson@outlook.com,9009070174,successful
3863,131,Pamela Peterson,101,250000.0,LAPTOP,ELEC,online,Bangalore,01-31-2026,5,Cash,0.3,PamelaPeterson@gmail.com,6535198147,successful
3864,27,Ashley Simpson,105,45000.0,Tv,Electronics,offline,Chennai,2026-01-12 00:00:00,2,NetBanking,0.35,AshleySimpson@outlook.com,8508765505,successful
3865,70,David Parker,101,250000.0,Laptop,ELEC,offline,Delhi,2026-03-04 00:00:00,2,NetBanking,0.2,DavidParker@gmail.com,8033772107,successful
3866,323,Victoria Phillips,110,45000.0,microwave,Home Appliances,offline,Hyderabad,2026-03-08 00:00:00,5,UPI,0.25,VictoriaPhillips@gmail.com,6126060994,successful
3867,613,Vanessa Vasquez,106,80000.0,Sofa,FURN,offline,Hyderabad,2026-02-16 00:00:00,5,UPI,0.15,VanessaVasquez@yahoo.com,9603034380,successful
3868,960,Michaela Brown,110,45000.0,Microwave,HOME,offline,Delhi,06-25-2025,4,NetBanking,0.25,MichaelaBrown@yahoo.com,9847649942,successful
3869,501,Tammy Gomez,110,45000.0,MICROWAVE,home appliances,offline,Bangalore,10-13-2025,5,Cash,0.1,TammyGomez@yahoo.com,6653151201,successful
3870,242,James Pham,108,15000.0,MIXER GRINDER,Home Appliances,offline,Hyderabad,2025-05-03 00:00:00,3,Cash,0.35,JamesPham@yahoo.com,9712783250,successful
3871,899,Whitney Avila,101,250000.0,Laptop,Electronics,offline,Delhi,03-25-2026,1,NetBanking,0.4,WhitneyAvila@yahoo.com,8468023615,successful
3872,11,James Leblanc,102,70000.0,phone,Electronics,offline,Delhi,2026-03-14 00:00:00,3,UPI,0.05,James92@gmail.com,8278100360,successful
3873,458,Jared Lane,107,50000.0,dining table,FURN,offline,Hyderabad,2026-02-01 00:00:00,3,NetBanking,0.25,JaredLane@gmail.com,7421522658,successful
3874,836,Jennifer Ross,109,65000.0,REFRIGERATOR,Home Appliances,offline,Chennai,03-16-2026,1,NetBanking,0.4,JenniferRoss@gmail.com,9759981995,successful
3875,916,Betty Mcdaniel,109,65000.0,REFRIGERATOR,home appliances,offline,Chennai,2025-09-08 00:00:00,3,Cash,0.3,BettyMcdaniel@yahoo.com,7323816268,successful
3875,916,Betty Mcdaniel,109,65000.0,REFRIGERATOR,home appliances,offline,Chennai,2025-09-08 00:00:00,3,Cash,0.3,BettyMcdaniel@yahoo.com,7323816268,failed
3876,42,Michael Swanson,103,1300.0,Shirt,Clothing,online,Hyderabad,11-24-2025,4,Cash,0.05,MichaelSwanson@outlook.com,8981002466,successful
3877,387,Kenneth Rocha,105,45000.0,tv,Electronics,online,Mumbai,2025-05-09 00:00:00,3,NetBanking,0.35,KennethRocha@outlook.com,6385183283,successful
3878,835,Juan Watkins,102,70000.0,Phone,ELEC,offline,Delhi,2026-11-04 00:00:00,1,NetBanking,0.3,JuanWatkins@outlook.com,7972862580,successful
3879,307,Evelyn Bridges,103,1300.0,shirt,Clothing,online,Chennai,03-17-2026,3,Cash,0.15,EvelynBridges@gmail.com,9141467428,successful
3880,237,Jamie Casey,102,70000.0,Phone,ELEC,online,Mumbai,2026-03-30 00:00:00,5,Cash,0.05,JamieCasey@yahoo.com,8424239410,successful
3881,476,Jill Bryant,107,50000.0,Dining table,Furniture,offline,Hyderabad,2026-02-03 00:00:00,2,UPI,0.2,JillBryant@gmail.com,6887759421,successful
3882,490,Ian Cummings,104,8000.0,Shoes,Clothing,offline,Chennai,12-29-2025,3,NetBanking,0.4,IanCummings@outlook.com,9163307175,successful
3883,460,Cynthia Schultz,108,15000.0,Mixer grinder,HOME,offline,Bangalore,07-21-2025,1,Cash,0.3,CynthiaSchultz@yahoo.com,6491130781,successful
3884,489,Jennifer Bell,101,250000.0,Laptop,ELEC,online,Hyderabad,2025-09-06 00:00:00,3,UPI,0.1,Jennifer4@gmail.com,6019082318,successful
3885,687,Robert Estrada,107,50000.0,DINING TABLE,furniture,online,Hyderabad,2026-04-04 00:00:00,5,NetBanking,0.2,RobertEstrada@yahoo.com,8685839773,successful
3886,335,Jacob Evans,101,250000.0,laptop,Electronics,offline,Mumbai,2025-09-20 00:00:00,3,Cash,0.05,JacobEvans@yahoo.com,6483959310,successful
3887,368,Emily Scott,104,8000.0,shoes,clothing,online,Mumbai,2025-08-01 00:00:00,4,UPI,0.2,EmilyScott@yahoo.com,9116589634,successful
3888,712,Laura Rogers,102,70000.0,PHONE,ELEC,offline,Hyderabad,2026-02-22 00:00:00,5,Cash,0.35,LauraRogers@outlook.com,6546785295,successful
3888,712,Laura Rogers,102,70000.0,PHONE,ELEC,offline,Hyderabad,2026-02-22 00:00:00,5,Cash,0.35,LauraRogers@outlook.com,6546785295,failed
3889,257,Courtney Terrell,106,80000.0,sofa,Furniture,offline,Mumbai,07-27-2025,2,Card,0.1,CourtneyTerrell@gmail.com,8124821354,successful
3890,88,Alex Mccullough,110,,microwave,home appliances,offline,Chennai,2025-06-16 00:00:00,1,NetBanking,0.3,Alex23@gmail.com,9505984131,successful
3891,316,James Jordan,106,80000.0,Sofa,FURN,offline,Delhi,2026-02-18 00:00:00,5,Cash,0.35,James19@gmail.com,8508764613,successful
3892,721,Robert Villa,106,80000.0,SOFA,furniture,online,Mumbai,2026-02-11 00:00:00,4,UPI,0.3,RobertVilla@yahoo.com,8265101453,successful
3893,846,Chris Garcia,109,65000.0,refrigerator,Home Appliances,offline,Hyderabad,2026-03-12 00:00:00,1,UPI,0.2,ChrisGarcia@yahoo.com,8642569191,successful
3894,80,Cynthia Petersen,103,,Shirt,clothing,offline,Delhi,01-22-2026,2,UPI,0.4,Cynthia86@gmail.com,7923188715,successful
3895,792,Jeff Norris,102,70000.0,Phone,electronics,online,Delhi,2026-02-26 00:00:00,4,Cash,0.4,Jeff52@gmail.com,8032186966,successful
3896,149,Ashley Mejia,104,,shoes,CLOTH,offline,Chennai,2026-04-14 00:00:00,1,UPI,0.25,AshleyMejia@outlook.com,6877766443,successful
3897,658,Douglas Sanders,110,45000.0,microwave,HOME,online,Bangalore,2025-09-12 00:00:00,5,UPI,0.3,Douglas14@gmail.com,6302697580,successful
3898,481,Valerie Phillips,101,,Laptop,electronics,offline,Chennai,2025-11-10 00:00:00,1,Card,0.15,ValeriePhillips@gmail.com,8466406027,successful
3899,82,Brittney Watkins,105,45000.0,Tv,ELEC,offline,Hyderabad,2025-06-07 00:00:00,3,Card,0.1,BrittneyWatkins@outlook.com,8113163667,successful
3900,609,David Adams,110,45000.0,Microwave,home appliances,online,Delhi,09-22-2025,1,Cash,0.2,DavidAdams@outlook.com,9007364422,successful
3901,313,Mary Lowe,110,45000.0,microwave,HOME,online,Delhi,03-13-2026,1,Cash,0.35,MaryLowe@outlook.com,6672302640,successful
3902,593,William Taylor,108,15000.0,MIXER GRINDER,HOME,online,Delhi,2025-12-25 00:00:00,4,UPI,0.05,WilliamTaylor@yahoo.com,6951341384,successful
3902,593,William Taylor,108,15000.0,MIXER GRINDER,HOME,online,Delhi,2025-12-25 00:00:00,4,UPI,0.05,WilliamTaylor@yahoo.com,6951341384,failed
3903,950,Cheyenne Mason,110,45000.0,Microwave,home appliances,online,Delhi,2026-03-07 00:00:00,4,UPI,0.4,CheyenneMason@yahoo.com,7344429331,successful
3904,879,Andrew Johnston,102,70000.0,PHONE,Electronics,offline,Mumbai,2025-04-30 00:00:00,4,Cash,0.3,AndrewJohnston@yahoo.com,9290408466,successful
3905,279,Lucas Stevens,108,15000.0,mixer grinder,HOME,offline,Hyderabad,2025-09-08 00:00:00,5,UPI,0.1,LucasStevens@outlook.com,6788203687,successful
3906,554,Jason Myers,101,250000.0,Laptop,Electronics,online,Bangalore,11-13-2025,2,Cash,0.15,Jason68@gmail.com,7188203840,successful
3907,797,Anthony Martinez,106,80000.0,SOFA,Furniture,online,Bangalore,2025-03-08 00:00:00,5,Card,0.05,Anthony41@gmail.com,7004300534,successful
3908,838,Susan Torres,102,70000.0,phone,electronics,online,Chennai,2025-06-07 00:00:00,1,Card,0.05,SusanTorres@outlook.com,8776486426,successful
3909,516,Brittany Roberts,101,250000.0,LAPTOP,electronics,online,Hyderabad,2026-01-06 00:00:00,2,Cash,0.1,BrittanyRoberts@outlook.com,8493897057,successful
3910,501,Tammy Gomez,105,45000.0,TV,electronics,online,Bangalore,2025-08-18 00:00:00,4,UPI,0.1,TammyGomez@yahoo.com,6653151201,successful
3911,67,Jamie Harvey,108,15000.0,Mixer grinder,HOME,online,Chennai,2026-02-05 00:00:00,2,NetBanking,0.3,Jamie61@gmail.com,7408465928,successful
3912,253,Emily Rodriguez,106,80000.0,sofa,Furniture,offline,Delhi,06-28-2025,5,UPI,0.05,EmilyRodriguez@gmail.com,9526826545,successful
3913,558,Bryan Phelps,109,65000.0,refrigerator,home appliances,online,Chennai,07-20-2025,5,Card,0.3,BryanPhelps@gmail.com,8827603862,successful
3914,70,David Parker,105,45000.0,TV,Electronics,online,Delhi,2026-01-21 00:00:00,1,UPI,0.35,DavidParker@gmail.com,8033772107,successful
3915,652,Charles Fleming,108,,Mixer grinder,HOME,offline,Delhi,2025-09-17 00:00:00,2,Card,0.35,CharlesFleming@yahoo.com,7387454499,successful
3916,215,Crystal Aguilar,107,50000.0,dining table,Furniture,offline,Mumbai,05-15-2025,3,Cash,0.05,CrystalAguilar@gmail.com,6161915910,successful
3917,751,Christina Brown,109,65000.0,REFRIGERATOR,Home Appliances,offline,Hyderabad,04-26-2025,1,NetBanking,0.2,ChristinaBrown@yahoo.com,9575660383,successful
3918,54,Jessica Hernandez,105,45000.0,TV,Electronics,online,Hyderabad,2025-06-17 00:00:00,5,UPI,0.35,JessicaHernandez@outlook.com,7144391854,successful
3919,776,Erica Moore,103,1300.0,SHIRT,Clothing,online,Chennai,2025-04-16 00:00:00,4,NetBanking,0.15,EricaMoore@gmail.com,7710081731,successful
3920,935,Samantha Brewer,103,1300.0,shirt,CLOTH,online,Mumbai,2025-10-17 00:00:00,3,NetBanking,0.15,SamanthaBrewer@outlook.com,9234059224,successful
3921,946,Lisa Cochran,102,70000.0,PHONE,Electronics,online,Delhi,2025-12-26 00:00:00,5,Cash,0.2,LisaCochran@gmail.com,8354440319,successful
3922,338,Lisa Garrison,109,65000.0,refrigerator,home appliances,online,Delhi,2025-12-12 00:00:00,5,UPI,0.1,LisaGarrison@outlook.com,6733039437,successful
3923,397,Shelley Garza,102,70000.0,Phone,electronics,offline,Bangalore,06-22-2025,2,UPI,0.1,Shelley83@gmail.com,9181382570,successful
3924,740,Shirley Garcia,101,,LAPTOP,Electronics,online,Hyderabad,07-21-2025,1,NetBanking,0.1,Shirley78@gmail.com,9978864748,successful
3925,650,Michael Haynes,105,,tv,Electronics,online,Hyderabad,2026-02-17 00:00:00,3,Card,0.15,MichaelHaynes@yahoo.com,6045946833,successful
3926,207,Tonya Lopez,101,250000.0,LAPTOP,ELEC,online,Bangalore,2025-09-09 00:00:00,4,Cash,0.15,TonyaLopez@gmail.com,8023940519,successful
3927,161,Christopher Davis,103,1300.0,shirt,Clothing,offline,Mumbai,2026-03-14 00:00:00,1,NetBanking,0.25,ChristopherDavis@gmail.com,8222265633,successful
3928,424,Tiffany Williams,110,45000.0,MICROWAVE,HOME,offline,Chennai,2026-02-18 00:00:00,1,Cash,0.05,Tiffany91@gmail.com,8805972793,successful
3928,424,Tiffany Williams,110,45000.0,MICROWAVE,HOME,offline,Chennai,2026-02-18 00:00:00,1,Cash,0.05,Tiffany91@gmail.com,8805972793,failed
3929,723,Christopher Walter,103,1300.0,Shirt,CLOTH,online,Hyderabad,2025-12-06 00:00:00,5,Card,0.3,ChristopherWalter@gmail.com,9036645707,successful
3930,172,Daniel Smith,104,8000.0,SHOES,Clothing,online,Delhi,2026-05-01 00:00:00,5,NetBanking,0.05,Daniel30@gmail.com,6589542879,successful
3931,37,Joshua Nunez,110,45000.0,microwave,home appliances,online,Mumbai,2025-09-25 00:00:00,4,Cash,0.2,JoshuaNunez@yahoo.com,8587718785,successful
3932,815,Kimberly Taylor,101,250000.0,LAPTOP,Electronics,online,Mumbai,2025-07-22 00:00:00,2,UPI,0.4,Kimberly8@gmail.com,9314044428,successful
3933,370,Jessica Moreno,104,8000.0,Shoes,CLOTH,offline,Delhi,2025-12-29 00:00:00,2,Cash,0.05,JessicaMoreno@gmail.com,8989403938,successful
3934,60,Kathleen Moreno,109,,REFRIGERATOR,home appliances,offline,Bangalore,05-30-2025,1,Card,0.25,Kathleen41@gmail.com,9538071955,successful
3935,505,Samantha Hull,108,15000.0,Mixer grinder,HOME,offline,Chennai,05-24-2025,1,NetBanking,0.15,SamanthaHull@outlook.com,7415321565,successful
3936,771,Matthew Greer,106,80000.0,Sofa,furniture,offline,Bangalore,2026-03-21 00:00:00,2,Card,0.15,MatthewGreer@yahoo.com,8278910012,successful
3937,91,Christopher Martin,102,70000.0,PHONE,electronics,offline,Bangalore,2025-11-22 00:00:00,1,Cash,0.35,ChristopherMartin@outlook.com,8340618811,successful
3937,91,Christopher Martin,102,70000.0,PHONE,electronics,offline,Bangalore,2025-11-22 00:00:00,1,Cash,0.35,ChristopherMartin@outlook.com,8340618811,failed
3938,177,Barbara Weber,105,45000.0,tv,ELEC,online,Chennai,2026-08-04 00:00:00,1,NetBanking,0.3,Barbara59@gmail.com,6212820042,successful
3939,618,Alan Torres,109,65000.0,refrigerator,Home Appliances,online,Chennai,2026-03-04 00:00:00,2,UPI,0.3,AlanTorres@yahoo.com,7353183305,successful
3940,923,George Wilkinson,104,8000.0,Shoes,clothing,online,Mumbai,05-29-2025,1,Cash,0.1,GeorgeWilkinson@gmail.com,6517059222,successful
3941,130,Bailey Smith,106,80000.0,SOFA,Furniture,offline,Hyderabad,2025-09-28 00:00:00,5,Card,0.15,BaileySmith@outlook.com,9583091953,successful
3942,566,Tina Chung,101,250000.0,LAPTOP,Electronics,online,Mumbai,08-21-2025,5,UPI,0.3,Tina71@gmail.com,6779966511,successful
3943,774,Antonio Evans,106,80000.0,Sofa,FURN,offline,Hyderabad,09-28-2025,4,Cash,0.05,Antonio94@gmail.com,7199037042,successful
3943,774,Antonio Evans,106,80000.0,Sofa,FURN,offline,Hyderabad,09-28-2025,4,Cash,0.05,Antonio94@gmail.com,7199037042,failed
3944,845,Sara Smith,101,250000.0,LAPTOP,ELEC,online,Chennai,2026-03-01 00:00:00,3,UPI,0.4,SaraSmith@outlook.com,6120630226,successful
3945,417,Kristina Lewis,101,250000.0,laptop,electronics,offline,Delhi,03-28-2026,2,UPI,0.35,KristinaLewis@gmail.com,7869899732,successful
3946,504,Victor Hendricks,102,70000.0,Phone,ELEC,offline,Mumbai,2026-01-21 00:00:00,4,Card,0.3,VictorHendricks@gmail.com,6589400307,successful
3946,504,Victor Hendricks,102,70000.0,Phone,ELEC,offline,Mumbai,2026-01-21 00:00:00,4,Card,0.3,VictorHendricks@gmail.com,6589400307,failed
3947,394,Jeffrey Johnson,105,45000.0,Tv,Electronics,online,Mumbai,2025-11-24 00:00:00,3,NetBanking,0.35,JeffreyJohnson@yahoo.com,6876875341,successful
3948,836,Jennifer Ross,109,65000.0,REFRIGERATOR,HOME,online,Chennai,2025-07-02 00:00:00,2,NetBanking,0.3,JenniferRoss@gmail.com,9759981995,successful
3949,828,Anthony Garner,108,15000.0,mixer grinder,home appliances,offline,Hyderabad,2026-01-03 00:00:00,1,Cash,0.1,AnthonyGarner@gmail.com,7349394149,successful
3950,909,Jacqueline Frye,110,45000.0,MICROWAVE,Home Appliances,offline,Chennai,09-26-2025,2,NetBanking,0.05,JacquelineFrye@gmail.com,6054912895,successful
3951,335,Jacob Evans,104,8000.0,Shoes,Clothing,offline,Mumbai,2025-10-15 00:00:00,2,Cash,0.15,JacobEvans@yahoo.com,6483959310,successful
3952,932,Jessica Harrell,110,45000.0,Microwave,HOME,online,Hyderabad,2025-07-23 00:00:00,2,Cash,0.1,JessicaHarrell@outlook.com,6985581025,successful
3953,847,Eric Mejia,108,15000.0,mixer grinder,home appliances,offline,Delhi,2025-05-17 00:00:00,4,UPI,0.25,EricMejia@gmail.com,9155621886,successful
3954,513,Brandon Sims,101,250000.0,Laptop,ELEC,offline,Chennai,2026-02-25 00:00:00,5,NetBanking,0.1,BrandonSims@outlook.com,7025827219,successful
3955,395,John Lee,108,,MIXER GRINDER,Home Appliances,online,Mumbai,2025-06-10 00:00:00,5,Cash,0.05,JohnLee@yahoo.com,6536232921,successful
3956,421,Rebecca Holland,107,50000.0,DINING TABLE,Furniture,online,Delhi,2026-02-21 00:00:00,3,NetBanking,0.15,Rebecca15@gmail.com,6166462960,successful
3957,797,Anthony Martinez,103,1300.0,Shirt,CLOTH,offline,Bangalore,11-17-2025,5,Cash,0.15,Anthony41@gmail.com,7004300534,successful
3958,742,Wesley Davis,110,45000.0,MICROWAVE,Home Appliances,online,Delhi,2025-05-12 00:00:00,4,UPI,0.15,WesleyDavis@outlook.com,6985349946,successful
3959,930,Jason Hubbard,105,45000.0,Tv,Electronics,online,Chennai,2026-04-07 00:00:00,5,Card,0.2,JasonHubbard@gmail.com,7072875628,successful
3960,736,Lisa Lee,106,80000.0,SOFA,FURN,offline,Delhi,2025-10-23 00:00:00,3,NetBanking,0.4,Lisa63@gmail.com,7056446221,successful
3961,505,Samantha Hull,104,8000.0,SHOES,Clothing,online,Chennai,2026-02-07 00:00:00,1,NetBanking,0.4,SamanthaHull@outlook.com,7415321565,successful
3962,920,Gary Thomas,110,45000.0,Microwave,home appliances,online,Chennai,11-29-2025,2,NetBanking,0.25,GaryThomas@gmail.com,6953375267,successful
3963,129,Thomas Wells,106,80000.0,SOFA,FURN,offline,Bangalore,11-25-2025,2,NetBanking,0.05,ThomasWells@outlook.com,9456737186,successful
3964,141,Brooke Nunez,102,70000.0,PHONE,Electronics,offline,Bangalore,2025-07-19 00:00:00,4,UPI,0.3,Brooke97@gmail.com,8071322705,successful
3965,370,Jessica Moreno,104,8000.0,shoes,clothing,online,Delhi,2025-06-08 00:00:00,3,Cash,0.1,JessicaMoreno@gmail.com,8989403938,successful
3966,766,Stacey Jones,105,45000.0,tv,Electronics,offline,Mumbai,2026-02-20 00:00:00,4,UPI,0.1,StaceyJones@outlook.com,8058935577,successful
3967,334,Brenda Gonzales,104,8000.0,SHOES,Clothing,offline,Chennai,2025-11-04 00:00:00,2,NetBanking,0.25,BrendaGonzales@gmail.com,9034621783,successful
3968,253,Emily Rodriguez,109,65000.0,REFRIGERATOR,Home Appliances,offline,Delhi,2025-08-07 00:00:00,4,NetBanking,0.15,EmilyRodriguez@gmail.com,9526826545,successful
3969,876,David Whitaker,108,15000.0,mixer grinder,HOME,offline,Chennai,2025-09-19 00:00:00,3,Cash,0.3,DavidWhitaker@gmail.com,9010543557,successful
3970,640,Carrie Jacobson,104,8000.0,Shoes,Clothing,online,Bangalore,07-26-2025,1,Card,0.2,CarrieJacobson@outlook.com,7271002507,successful
3971,387,Kenneth Rocha,103,1300.0,SHIRT,Clothing,offline,Mumbai,2025-05-01 00:00:00,-2,Card,0.3,KennethRocha@outlook.com,6385183283,successful
3972,288,Darren Parker,110,45000.0,MICROWAVE,Home Appliances,online,Hyderabad,2025-11-18 00:00:00,4,Cash,0.4,DarrenParker@outlook.com,7734023569,successful
3973,114,Mark Baird,102,70000.0,Phone,electronics,offline,Mumbai,2025-07-18 00:00:00,1,UPI,0.1,MarkBaird@outlook.com,6372851774,successful
3974,445,Steven Byrd,102,70000.0,Phone,ELEC,online,Chennai,2025-08-06 00:00:00,5,NetBanking,0.35,Steven87@gmail.com,6530696124,successful
3975,627,Nicole Allen,106,80000.0,Sofa,Furniture,offline,Bangalore,2025-09-11 00:00:00,2,Card,0.15,NicoleAllen@gmail.com,6448791056,successful
3976,792,Jeff Norris,101,250000.0,LAPTOP,ELEC,offline,Delhi,2025-08-01 00:00:00,5,NetBanking,0.2,Jeff52@gmail.com,8032186966,successful
3977,849,Mark Carson,101,250000.0,laptop,ELEC,online,Bangalore,2025-08-28 00:00:00,5,UPI,0.05,MarkCarson@yahoo.com,9463263725,successful
3978,534,Deborah Lopez,102,70000.0,Phone,ELEC,online,Delhi,2026-01-09 00:00:00,4,UPI,0.2,DeborahLopez@yahoo.com,9151971818,successful
3979,239,Tyler Greene,106,80000.0,SOFA,furniture,online,Delhi,2025-10-11 00:00:00,5,Card,0.3,TylerGreene@gmail.com,8110153007,successful
3980,336,Gregory Mitchell,101,250000.0,LAPTOP,Electronics,online,Chennai,2025-10-30 00:00:00,4,NetBanking,0.2,GregoryMitchell@gmail.com,8677120045,successful
3981,721,Robert Villa,103,1300.0,Shirt,Clothing,online,Mumbai,2025-04-25 00:00:00,2,UPI,0.1,RobertVilla@yahoo.com,8265101453,successful
3982,364,Kelly Graves,108,15000.0,Mixer grinder,Home Appliances,online,Bangalore,2026-01-15 00:00:00,4,Cash,0.35,Kelly10@gmail.com,6221080043,successful
3983,264,Kelli Johnson,110,45000.0,microwave,HOME,offline,Bangalore,2025-05-21 00:00:00,5,Cash,0.1,Kelli81@gmail.com,9866676731,successful
3984,257,Courtney Terrell,109,65000.0,refrigerator,home appliances,online,Mumbai,2025-05-26 00:00:00,4,Cash,0.2,CourtneyTerrell@gmail.com,8124821354,successful
3985,923,George Wilkinson,102,70000.0,PHONE,Electronics,online,Mumbai,05-13-2025,2,Card,0.05,GeorgeWilkinson@gmail.com,6517059222,successful
3986,404,Julian Cox,106,80000.0,sofa,FURN,offline,Delhi,2025-06-23 00:00:00,3,Card,0.15,JulianCox@outlook.com,9942453039,successful
3987,691,Clayton Miles,108,15000.0,mixer grinder,home appliances,online,Mumbai,2025-09-21 00:00:00,3,Cash,0.35,ClaytonMiles@gmail.com,6887134137,successful
3988,933,Zachary Khan,104,8000.0,shoes,CLOTH,online,Bangalore,2025-06-28 00:00:00,4,Cash,0.05,Zachary6@gmail.com,9316003581,successful
3988,933,Zachary Khan,104,8000.0,shoes,CLOTH,online,Bangalore,2025-06-28 00:00:00,4,Cash,0.05,Zachary6@gmail.com,9316003581,failed
3989,940,Nicole Briggs,104,8000.0,SHOES,CLOTH,online,Chennai,2026-03-15 00:00:00,3,Card,0.15,Nicole57@gmail.com,6683550293,successful
3990,275,Edward Beck,109,65000.0,refrigerator,HOME,offline,Bangalore,2025-04-19 00:00:00,3,Cash,0.25,EdwardBeck@yahoo.com,8702404934,successful
3991,950,Cheyenne Mason,107,50000.0,DINING TABLE,Furniture,online,Delhi,2026-04-04 00:00:00,1,UPI,0.35,CheyenneMason@yahoo.com,7344429331,successful
3992,551,Joel Coleman,109,65000.0,refrigerator,home appliances,online,Bangalore,2025-03-09 00:00:00,4,UPI,0.1,Joel64@gmail.com,8943361740,successful
3993,694,Lori Barrera,107,50000.0,dining table,furniture,offline,Hyderabad,2025-06-15 00:00:00,2,NetBanking,0.25,Lori3@gmail.com,9572854973,successful
3994,417,Kristina Lewis,102,70000.0,PHONE,ELEC,offline,Delhi,2026-01-05 00:00:00,5,NetBanking,0.4,KristinaLewis@gmail.com,7869899732,successful
3995,966,Susan Phillips,102,70000.0,phone,Electronics,offline,Delhi,04-22-2025,5,Card,0.1,SusanPhillips@gmail.com,8202203718,successful
3996,173,Joshua Smith,105,45000.0,tv,ELEC,offline,Delhi,2025-05-01 00:00:00,3,UPI,0.1,JoshuaSmith@outlook.com,9374137378,successful
3997,654,Amy Ramos,105,45000.0,Tv,Electronics,offline,Chennai,2026-02-18 00:00:00,4,UPI,0.1,Amy47@gmail.com,8316772859,successful
3998,751,Christina Brown,105,,TV,ELEC,offline,Hyderabad,2025-07-11 00:00:00,1,Cash,0.35,ChristinaBrown@yahoo.com,9575660383,successful
3999,727,Rodney Simmons,107,50000.0,Dining table,FURN,online,Bangalore,2025-12-08 00:00:00,3,Cash,0.05,RodneySimmons@outlook.com,7718353682,successful
4000,184,Katherine Jones,107,,DINING TABLE,Furniture,offline,Hyderabad,01-18-2026,5,NetBanking,0.15,KatherineJones@yahoo.com,8990091838,successful
