transaction_id,customer_id,customer_name,product_id,price,product_name,category,purchase_location,city,transaction_date,quantity,payment_method,discount,email,phone,payment_status
1,642,Troy Mitchell,108,15000.0,mixer grinder,home appliances,offline,Bangalore,2025-12-06,3,UPI,0.1,40a175d94b67c5b138751e12e16c6ea52cdbc0ab22559fe806ac2eeca13b7f76,XXXXXX6968,successful
2,881,Sarah Guerrero,102,70000.0,phone,electronics,online,Bangalore,2025-07-21,5,Card,0.35,24ebfd46331edd85d7f408a907f7a6b0f75b1204bb7ca18fa01cb69fe9629578,XXXXXX8911,successful
3,505,Samantha Hull,109,65000.0,refrigerator,home appliances,offline,Chennai,2025-07-11,2,UPI,0.05,a591c2c7e3daa665f8db77a6444c0bdd92d4891127dfdf478b5d89494fe8860a,XXXXXX1565,successful
4,794,Gerald Cooper,106,80000.0,sofa,furniture,offline,Chennai,2025-10-06,2,UPI,0.05,48f7c7da0f1149d18db2ff590fcd581d208473f5e9164d4e892a313d7ee3e354,XXXXXX4201,successful
5,864,Cameron Black,108,15000.0,mixer grinder,home appliances,offline,Chennai,2025-12-12,1,Cash,0.05,f842de5fc6e0b75b586d413b7f3d48e6dc07751f2385c2bd38e503377b43b861,XXXXXX9477,successful
6,181,Maria Robinson,101,250000.0,laptop,electronics,online,Delhi,2025-07-25,5,NetBanking,0.35,35422c1d429d29fd2762fbd57ed7705b3be3f22ec4f67a573b7f5bb5321a12fa,XXXXXX2717,successful
7,142,Charles Brown,101,250000.0,laptop,electronics,online,Hyderabad,2026-03-03,2,UPI,0.05,dd8e7e1212fb3dadf7d88f50f3662b130bb9658196408112c7b3c2319d2f2159,XXXXXX6322,successful
8,457,Cathy Harris,102,70000.0,phone,electronics,online,Hyderabad,2026-02-19,1,Card,0.05,50ae2f3087f040cb08fb469964bd35e3fda48e18b7f834d2fa7e982e7593b5ba,XXXXXX7576,successful
10,146,Jose Thomas,102,70000.0,phone,electronics,offline,Bangalore,2025-12-16,2,UPI,0.4,abd7e3dafa4e2a5244ee3c32d8cbf9a1693aa8e69bd4931a3d3be98d6776180f,XXXXXX9963,successful
11,946,Lisa Cochran,104,8000.0,shoes,clothing,offline,Delhi,2025-12-15,4,Card,0.3,de0b75129679b50c6e972d740b5d620d1096d3feed03f8ab772ec191ca6ea6e4,XXXXXX0319,successful
12,757,Yvette Clark,106,80000.0,sofa,furniture,online,Hyderabad,2025-06-30,3,UPI,0.25,fb83e27ab1213d4d5e5851d2d484c4c7ccf0287f07aa72434328697fb67265cc,XXXXXX6334,successful
13,838,Susan Torres,109,65000.0,refrigerator,home appliances,offline,Chennai,2025-06-14,5,Cash,0.35,d963ec958fe698223197322410b345061770c0599a9638fd33e321690a5f8ae6,XXXXXX6426,successful
14,117,Brent Clark,109,65000.0,refrigerator,home appliances,offline,Delhi,2026-02-24,5,Card,0.2,c5f829302296e1c2e9c8ce7f4a59fa56e01d59488851053529fb66a3ad5061dd,XXXXXX7598,successful
15,923,George Wilkinson,109,65000.0,refrigerator,home appliances,online,Mumbai,2026-01-31,5,UPI,0.25,e7f779b76a2b0d1be8c1ec2ccd3f8685316ed57130009eacec74f64ce3ef4362,XXXXXX9222,successful
16,765,Eric Gaines,104,8000.0,shoes,clothing,offline,Bangalore,2025-08-20,5,NetBanking,0.15,7994dd1de38b1118558ca1ca7d41855a8c0c42f7ff4044447b62896a94acecba,XXXXXX1327,successful
18,973,Allen Gilbert,108,15000.0,mixer grinder,home appliances,offline,Mumbai,2025-05-15,2,Card,0.15,75bd6f84632b1688ccf56ddc68770b36b05811d27807b5f5fb0655d10e95184c,XXXXXX9731,successful
20,576,Angela Weiss,104,8000.0,shoes,clothing,online,Delhi,2025-07-05,1,Card,0.15,25a9d1c837f4bf2812bcc3ed8ebb759fe08eeb63c6e02247ad8cc10d86874f62,XXXXXX3539,successful
21,256,Nicole Williams,109,65000.0,refrigerator,home appliances,online,Chennai,2025-12-10,3,UPI,0.05,23f282bd744c97705ad26bcf56a6d8c77539f407c2457adf39ae0014fe17b9b4,XXXXXX1732,successful
22,737,Kimberly Lloyd,109,65000.0,refrigerator,home appliances,online,Delhi,2025-03-11,4,UPI,0.4,f804854d80f8e7b8282b518b85d49a3b04e31e00e852d6b85bd0c5c316d7de7a,XXXXXX2093,successful
24,799,Stephanie Dunn,108,15000.0,mixer grinder,home appliances,offline,Delhi,2025-05-16,3,Cash,0.25,08194ee6d135d934e7d0321240c43f7fd76a2cb0f9dbcb3c7e8f9c7daf748b66,XXXXXX0744,successful
25,249,Alyssa Henderson,102,70000.0,phone,electronics,online,Bangalore,2025-08-29,1,Card,0.3,e85a7a09d6dca5929883dce5a1217bb242b0d7843835621294dd1c824464795a,XXXXXX5109,successful
26,149,Ashley Mejia,106,80000.0,sofa,furniture,offline,Chennai,2026-01-28,1,Cash,0.05,8318efc7a721b12bf05c325351d78424b571cb4130b1f8a2602d30190b28e09c,XXXXXX6443,successful
27,927,Bradley Sparks,105,45000.0,tv,electronics,offline,Chennai,2025-11-13,5,UPI,0.2,a024997c5651f4411537ebb806814534febcace615b62465d94f79bb8ebae92f,XXXXXX0514,successful
28,868,Timothy Henderson,107,50000.0,dining table,furniture,offline,Hyderabad,2025-11-12,1,Card,0.3,f1b5203b101f9022599b48a3b2ab5b84df11f001df2ef25839a2056d931fd23c,XXXXXX8386,successful
29,1,Karen Pollard,109,65000.0,refrigerator,home appliances,online,Hyderabad,2025-06-28,2,Card,0.3,38878d194d81226c14a1998858917cc7069bd1cafc635e6fa376320e9f561484,XXXXXX6363,successful
30,980,Alexis Andrews,106,80000.0,sofa,furniture,online,Delhi,2025-07-10,5,Card,0.05,ee79682e79ab757b458c0e1301e157db99d1fd134c1be6eac5f2c32a0b0b24e6,XXXXXX3841,successful
31,455,Morgan Wright,107,50000.0,dining table,furniture,offline,Bangalore,2025-06-03,4,NetBanking,0.3,021fdd12229b1dccb0b46f65afcc82ea433e5a1babe490a350ddbc1718c8b2a2,XXXXXX4087,successful
32,367,Joshua Tate,105,45000.0,tv,electronics,offline,Delhi,2025-11-14,4,Cash,0.4,ab0006ae0a752b7d16e45025179a49302ecc828b1171fd3ef17ae8925ff6cc4d,XXXXXX3716,successful
34,968,Keith Davis,107,50000.0,dining table,furniture,offline,Hyderabad,2025-11-09,4,Cash,0.15,7200b56e33ad623e51c35b5b9703e693c583e789d0cf8352ade3392e81b3a460,XXXXXX4512,successful
35,390,Erika Knight,110,45000.0,microwave,home appliances,online,Mumbai,2025-05-25,2,Card,0.1,002e230a14753479faa5bef3a74da4610e857b4e4b7b992a12ef59e25302bbf3,XXXXXX7025,successful
36,528,Kerri Rodriguez,102,70000.0,phone,electronics,offline,Chennai,2025-07-19,2,NetBanking,0.1,8c51fb1e34f92f845932b5204e80a397331a4d8abc4058dd2e132f4d5da91a7b,XXXXXX0493,successful
37,46,Mallory Boyd,103,1300.0,shirt,clothing,offline,Delhi,2026-01-07,3,UPI,0.1,759d457bc519089082643577b0a740c82c9cbcbf86a064f885dacfe803adf1d9,XXXXXX2449,successful
38,437,Carrie Landry,104,8000.0,shoes,clothing,offline,Delhi,2026-01-21,1,Cash,0.25,fe3c471c23522b47421db9cae00a4f01e88ee91705ab924c3e24203cef5bc63e,XXXXXX2206,successful
39,234,Kristin Taylor,104,8000.0,shoes,clothing,offline,Delhi,2025-12-01,1,Cash,0.1,495666da97215ae82318316ff943a8800abae2e5a395c4d59f51b9b361c5e840,XXXXXX3410,successful
40,391,Catherine Beard,103,1300.0,shirt,clothing,offline,Mumbai,2026-08-03,2,NetBanking,0.3,9f58d044673af925ce04a88a0d83e2585b613ed11e52411572b6547fef36185b,XXXXXX7305,successful
41,743,Dorothy Davis,103,1300.0,shirt,clothing,online,Delhi,2025-12-22,3,NetBanking,0.1,21b9256b2dc4eaec40590e7555a8db5a32f9ff4a9793e6d26de996e02d68ea36,XXXXXX3600,successful
42,17,Duane Hall,105,45000.0,tv,electronics,online,Bangalore,2025-07-11,2,Cash,0.3,ebb6c6dfe3b541831f15161769c5bf41b8bbb024f6411827b053836ce821ec5c,XXXXXX1149,successful
43,861,Tim Brock,105,45000.0,tv,electronics,offline,Bangalore,2025-05-26,5,Card,0.4,ad972f3e86af2111d6d9c8a54628697e91c72887b5b1d2fec9822819b61e4970,XXXXXX1491,successful
44,213,Nancy Lee,104,8000.0,shoes,clothing,offline,Hyderabad,2025-05-14,3,Card,0.25,839a63fef735376c205b347b958be55da99de95e793775baf84361fbeeba01c6,XXXXXX7242,successful
45,220,Maria Walker,104,8000.0,shoes,clothing,offline,Bangalore,2025-11-23,4,Cash,0.15,c76ab918524edd26ba90c27092cb6025cd4ad445a8034e1a744a3c8e2c6bcb70,XXXXXX5210,successful
46,463,Kevin Cruz,104,8000.0,shoes,clothing,online,Delhi,2025-04-27,5,UPI,0.1,82517fa8d5c87d23de33c09519d379699e04d1425c16002a263a311f80d935d4,XXXXXX4173,successful
47,429,Michael Welch,101,250000.0,laptop,electronics,offline,Delhi,2025-08-27,4,NetBanking,0.1,29eb9dae4c5607e26afe03e349b6f1305098f8d55bf1e9501fe8ebb6a0e0735e,XXXXXX3250,successful
48,222,Emily Hernandez,108,15000.0,mixer grinder,home appliances,offline,Delhi,2025-07-11,1,Cash,0.25,36cb6b29605f90a285321306ac65b8d1dc2bae5db5f3f0c3bf6d475b13d07355,XXXXXX8256,successful
49,971,Larry Ramos,103,1300.0,shirt,clothing,offline,Chennai,2025-07-10,5,UPI,0.2,2cdff5bb460296020781eac93c84a9e1dfb2c0e531c81abc30b3f3c5826c5a7d,XXXXXX5114,successful
50,670,Fernando Kelly,106,80000.0,sofa,furniture,offline,Chennai,2025-05-31,5,UPI,0.15,1dda34f3a8c9ce952c56b4f52730defda8d636f5958334da4c679a29e9f741af,XXXXXX4911,successful
51,485,James Harris,107,50000.0,dining table,furniture,online,Delhi,2025-07-12,2,Card,0.1,b4add930b3e517d8f0b5c7ece3568bd22fdff0adfec268dc5aa5d2cdbf971213,XXXXXX7157,successful
52,883,Charles David,104,8000.0,shoes,clothing,online,Delhi,2025-07-17,1,Card,0.4,6c164b15e77002bde0c041e0267f3f33643d1924c7dbb78f54898621bd8eaa08,XXXXXX7922,successful
53,202,Amanda Reed,103,1300.0,shirt,clothing,offline,Delhi,2025-11-03,1,Card,0.15,31a58b7cecbfb6d45a52ad268be567e2c40845ee8b9ff3db2d29dcbaf1758947,XXXXXX7299,successful
54,817,Nicole Ross,107,50000.0,dining table,furniture,offline,Chennai,2025-07-25,3,Cash,0.25,aab66299ef9b27e20d47501aed00a6b7bed14967cedf54517506f97e8dace882,XXXXXX9866,successful
55,801,Brandi Bryan,104,8000.0,shoes,clothing,online,Delhi,2025-10-01,5,UPI,0.3,178c5a79c6e78d2eda894490dd22b4f4c4a5a998ae7b206f4344548971efb6e2,XXXXXX6583,successful
56,284,Erin Richmond,104,8000.0,shoes,clothing,offline,Chennai,2026-02-20,2,NetBanking,0.4,d8ab4780a03f23d4999c052542ccf2ca24cd1f49a81c1b036696f0168d2abda0,XXXXXX8578,successful
57,72,Michael Wood,105,45000.0,tv,electronics,online,Chennai,2025-12-31,5,Cash,0.2,b94c1522b70d47f00abc49ac947eed1c74f16aa53fce19ac34c0b7731b741fe0,XXXXXX0077,successful
58,873,Tracy Bass,101,250000.0,laptop,electronics,offline,Hyderabad,2025-10-28,3,UPI,0.15,0316e141aed4d0c833de7cbf0254ea2e03778e391e037dbce5af3413b35279db,XXXXXX8034,successful
59,854,Dennis Dorsey,108,15000.0,mixer grinder,home appliances,online,Hyderabad,2025-07-13,3,NetBanking,0.15,e42e15768da2a9b674df11f18e1069faa449917d02434623fb3c5a8342dca42e,XXXXXX2116,successful
61,507,Thomas Cameron,104,8000.0,shoes,clothing,offline,Delhi,2025-12-23,2,Cash,0.3,d1a3662414787e46f75a4c7dfc80a30ace6eb31de5488f1e9b660701cb9f4138,XXXXXX2264,successful
62,736,Lisa Lee,104,8000.0,shoes,clothing,offline,Delhi,2025-06-07,4,NetBanking,0.05,47274124ed6cea6f7e308d2692db3269d2bfd14614db4c8f72f13d61846f3cff,XXXXXX6221,successful
63,182,Kathleen Castro,107,50000.0,dining table,furniture,offline,Hyderabad,2026-02-25,5,NetBanking,0.35,b968291086a95323d5bba7d5a446dfa484cd63bf57e8e25fc7e2bf74b5720cd9,XXXXXX9367,successful
64,341,Cory Alvarado,110,45000.0,microwave,home appliances,online,Mumbai,2025-12-14,3,NetBanking,0.1,6dba4c70a461d0ad3d43d0dc9817cd3f2aea2d647c3d8f80d67633470185b8c4,XXXXXX9155,successful
65,937,Nicole Woods,108,15000.0,mixer grinder,home appliances,online,Mumbai,2025-04-22,2,NetBanking,0.25,222801174f3e68d9dba2b85c643ab89edc17c4c64dbeababa062c61b3966b69a,XXXXXX9075,successful
66,164,Shawn Stewart,104,8000.0,shoes,clothing,offline,Chennai,2025-04-16,2,Card,0.3,b49023f0bee370414cd5d009ad3aa042b02b1105fb6bc41e829785165754764b,XXXXXX4854,successful
67,188,Allison Oliver,109,65000.0,refrigerator,home appliances,online,Hyderabad,2026-04-04,3,Cash,0.3,439c379db3104f1775b7d94c3bb5fb7da619570aa9a03f7d9795fc13f5684505,XXXXXX7624,successful
68,603,Shawn Roberson,104,8000.0,shoes,clothing,offline,Chennai,2025-09-30,4,Card,0.15,9d472fcd9bd2f759c005cb2055ad0b610f6e8f8b792a350e47e333373d030351,XXXXXX2575,successful
69,656,Adam White,104,8000.0,shoes,clothing,online,Hyderabad,2025-08-29,1,NetBanking,0.1,448ef813a5248beb5d33c9eff9267e91e6bddb7e0572bb3132d06cf5ad916419,XXXXXX8407,successful
70,687,Robert Estrada,110,45000.0,microwave,home appliances,offline,Hyderabad,2026-04-05,1,UPI,0.1,c3247b8e7d93f18177755e97012815788f24b57e3afc4d29cce01c6e38304046,XXXXXX9773,successful
71,186,Dawn Garrett,105,45000.0,tv,electronics,offline,Chennai,2026-01-23,2,Card,0.3,79680eda3b6a449222dc65431c9a8ea1135f0b51f11ec4e086fc861a020fffd5,XXXXXX0201,successful
72,865,Jessica Patterson,102,70000.0,phone,electronics,online,Hyderabad,2026-04-07,1,UPI,0.2,e3592139e35c685053cfae7009c4f6e4c20ba3034c91d18a59d67a907a108aad,XXXXXX0460,successful
73,523,Emily Cohen,101,250000.0,laptop,electronics,offline,Chennai,2026-03-09,4,Card,0.1,4bea21dfb692c8467a967765c6baea13dd2f1e0ea834f3638e9fc372ec04a9fd,XXXXXX9627,successful
75,729,Elizabeth Hunt,108,15000.0,mixer grinder,home appliances,online,Mumbai,2025-08-10,1,NetBanking,0.1,1ec3d340009a49b7bef53a20565c3be89393277b139578ffbfec6f40b7cee8ba,XXXXXX9121,successful
78,874,Samuel Patel,104,8000.0,shoes,clothing,offline,Mumbai,2025-06-11,4,Cash,0.1,353296568ff9fab18059185a83d8f0d2a3499768c55a55d610f4bcba83b3fd26,XXXXXX3067,successful
79,977,Gloria Navarro,102,70000.0,phone,electronics,offline,Chennai,2025-05-16,5,UPI,0.3,57a55b9550f75bc8de4f58e05098c93805b9c3afdcad32b88448f39709bf1949,XXXXXX0862,successful
80,735,Elizabeth Kemp,108,15000.0,mixer grinder,home appliances,online,Bangalore,2025-06-20,5,Cash,0.05,5477286d77cee4d02f0f9599428a627ffed898555933e2eb8b11dd5915099a84,XXXXXX1868,successful
81,704,Susan Thomas,107,50000.0,dining table,furniture,offline,Chennai,2026-04-14,5,UPI,0.25,d0eaa2e61d6d7ea439efb1f67011431e81c3a1344bb32bc2caefac78e9bea049,XXXXXX6032,successful
82,578,Kristi Wilson,101,250000.0,laptop,electronics,online,Chennai,2025-06-18,4,NetBanking,0.4,d3a60d71674bec4b1767dd6de907b4fee5a31a67971ad4bc406f9d41942fa3b2,XXXXXX9323,successful
84,379,Andres Stokes,105,45000.0,tv,electronics,offline,Mumbai,2025-11-07,5,UPI,0.2,59712e06dd3e791240c47f488e2c650aa5ddc83e591941a2ffb887bcf2b88c93,XXXXXX0361,successful
85,108,Andrew Vazquez,101,250000.0,laptop,electronics,online,Delhi,2025-08-30,5,Card,0.1,c301911d36f42b7a026ae847d604ac2c612d4c23961291c15e0cb3a0702c7a25,XXXXXX8527,successful
86,427,Kelly Mccormick,103,1300.0,shirt,clothing,offline,Delhi,2026-01-09,4,NetBanking,0.05,726f2bf24a40a3b4a330fbb3db903eec82b37236962776fd26609fc3c1a169c8,XXXXXX6970,successful
87,454,Larry Perkins,102,70000.0,phone,electronics,offline,Mumbai,2025-11-04,1,Cash,0.15,716eaa87d41bd6c37ac8a45267e5a7377fc0d7c3a44475ec132ebf70dbaaedfd,XXXXXX5336,successful
88,975,Jacqueline Doyle,110,45000.0,microwave,home appliances,online,Hyderabad,2026-02-02,3,Card,0.2,afc12ad7c2b1d3b34e95b56e4b2cdf43e6f7a3cc2bb9f33f4493186fa4a36b13,XXXXXX0490,successful
89,992,William Rose,107,50000.0,dining table,furniture,online,Hyderabad,2025-12-20,5,Cash,0.15,0d1e8c8c55df93f60243b1d8a5fb72de70bc1d81c2dcd79b233d3a09e9672098,XXXXXX0906,successful
90,439,Billy James,102,70000.0,phone,electronics,offline,Mumbai,2026-03-24,3,Card,0.4,dcdeb9afe38eed030297a327c18707ad3e8dfb810a2fa44bf8099a1dda7550ec,XXXXXX7874,successful
91,645,Joshua Burton,102,70000.0,phone,electronics,offline,Mumbai,2026-01-05,1,Cash,0.4,be43f314624b421feccb992f36bac8c8b1055ff7aec155d1cb92aecbff560a66,XXXXXX6788,successful
93,403,Taylor Ellison,102,70000.0,phone,electronics,offline,Bangalore,2025-12-16,5,UPI,0.15,79aac7227a9c2ca2174bd4adcd693678c24897d18e3a00d10361fe8b3314e100,XXXXXX9832,successful
94,50,Stacey Henderson,104,8000.0,shoes,clothing,online,Mumbai,2025-02-11,4,Cash,0.25,12a13a49dea01990cf597c22fabd0d4051b0f9e7cb783b454f3af15341d50957,XXXXXX2385,successful
95,478,Crystal Mejia,107,50000.0,dining table,furniture,online,Mumbai,2025-07-18,1,Cash,0.4,9e78e9a427724dd07dc6cc7f8d9a962a11fc0b0ea87f3df4ed5bc9ac6ec3e7b5,XXXXXX1187,successful
98,372,Brandon Gordon,105,45000.0,tv,electronics,offline,Mumbai,2025-10-31,5,UPI,0.15,735517cb6ffef86351d258acdf08c8284f1be3d4205d421de84cda4535018029,XXXXXX1702,successful
99,753,Kelly Ball,102,70000.0,phone,electronics,online,Delhi,2025-10-07,3,Card,0.15,641a1e390bd1eaab1e00a2358c03674483bd762b42d3a5193fcddf88c416b9f2,XXXXXX2869,successful
100,864,Cameron Black,109,65000.0,refrigerator,home appliances,online,Chennai,2025-04-20,1,UPI,0.15,f842de5fc6e0b75b586d413b7f3d48e6dc07751f2385c2bd38e503377b43b861,XXXXXX9477,successful
101,645,Joshua Burton,102,70000.0,phone,electronics,online,Mumbai,2026-02-19,1,Card,0.25,be43f314624b421feccb992f36bac8c8b1055ff7aec155d1cb92aecbff560a66,XXXXXX6788,successful
102,1000,Shannon Haley,103,1300.0,shirt,clothing,online,Bangalore,2025-05-30,3,NetBanking,0.15,0afe9899b036930f0c3c383b7ad3136568096a69c1d08d3cb2a4301d96640c3e,XXXXXX6701,successful
103,909,Jacqueline Frye,105,45000.0,tv,electronics,online,Chennai,2025-09-05,3,Cash,0.35,b7bc3ad91c34dcb7476112d46b58931728e9eb5ffa97ec91dbfb9a379eb57a22,XXXXXX2895,successful
104,788,William Wright,107,50000.0,dining table,furniture,offline,Bangalore,2025-06-30,2,UPI,0.15,9549234d8c813d49d9207b55137f3a303aaa67a2d976eb09807531443ca17374,XXXXXX5393,successful
105,713,Jason Griffin,107,50000.0,dining table,furniture,online,Hyderabad,2026-02-26,1,NetBanking,0.05,33d0498fc058e1f019e9479799a125a860f1da5937b1c4fb7c42f9dca86e10be,XXXXXX8007,successful
107,89,Joseph Davis,106,80000.0,sofa,furniture,offline,Hyderabad,2025-03-09,4,UPI,0.35,8ad46431983c9a027829c7aee83479c2523f334f779f4d58af6b4ddd789bd41b,XXXXXX8548,successful
108,724,Kimberly Winters,103,1300.0,shirt,clothing,offline,Chennai,2025-06-22,4,Card,0.35,0ff3b92ed6c76c752922d8cdaeed55063b97e67c56d8f36acf0d634dee9fc08b,XXXXXX1493,successful
109,128,Ethan Porter,104,8000.0,shoes,clothing,online,Bangalore,2026-02-03,3,Card,0.2,f5ce7c8c8577bd2d49c325f9af19f9f39a2d6fe0add4ae54eeda433bb87df488,XXXXXX4264,successful
110,264,Kelli Johnson,107,50000.0,dining table,furniture,offline,Bangalore,2025-08-25,2,Cash,0.2,3aaa6ae0a7b9a1c8b63158b1c3de5f2ac397ffd9e5820b12ded699bba5bc097b,XXXXXX6731,successful
111,637,Kevin King,106,80000.0,sofa,furniture,online,Bangalore,2026-02-18,5,Cash,0.1,ac31a7e7c3c2abae18e68715840308acd9f94155b6791e6212e9dcf4ab6f59c8,XXXXXX5430,successful
112,381,Melissa Garza,102,70000.0,phone,electronics,offline,Hyderabad,2025-09-14,1,Cash,0.15,1fa83948db38c630f4d5085b30174fee8d20ade842c046524a92e4c0f51492a0,XXXXXX4306,successful
113,286,Carmen Sanders,108,15000.0,mixer grinder,home appliances,online,Hyderabad,2026-01-12,4,NetBanking,0.4,6ef7c793400361653d62603164d98b772539971c69e6b497e8bfb358831ca370,XXXXXX0019,successful
114,484,Eric Cabrera,101,250000.0,laptop,electronics,online,Bangalore,2025-04-07,3,NetBanking,0.25,45372231041cad0024d5f2a04327241ff765c0108dc6c260cd9ac84cc7ab5e7c,XXXXXX8733,successful
115,270,Katherine Shaw,107,50000.0,dining table,furniture,online,Chennai,2025-12-16,1,Card,0.1,b546e74e4328f076edb6c5495c23f50279c76ca95dc1759d266e333fc82a7d1f,XXXXXX7908,successful
116,756,Juan Mata,103,1300.0,shirt,clothing,online,Bangalore,2025-11-22,4,NetBanking,0.2,0e08248b1952bf56f12aa2dbcf1a9743a2077b7d5bf13ac617308d3f527d1da2,XXXXXX4818,successful
117,937,Nicole Woods,107,50000.0,dining table,furniture,online,Mumbai,2025-07-28,4,NetBanking,0.35,222801174f3e68d9dba2b85c643ab89edc17c4c64dbeababa062c61b3966b69a,XXXXXX9075,successful
118,206,Kevin Cox,105,45000.0,tv,electronics,online,Chennai,2025-04-18,1,UPI,0.4,a01b0cad44d64b4720bacfe59fdf29e52d8b8b60c39853f60cac11f2f51198a0,XXXXXX5408,successful
119,822,Christine Rivera,101,250000.0,laptop,electronics,online,Hyderabad,2026-02-24,2,NetBanking,0.25,c42738025f906498b431e904b38c9d8f2cde2c8bce623d9bd71c504260ebda79,XXXXXX6621,successful
120,618,Alan Torres,110,45000.0,microwave,home appliances,offline,Chennai,2025-09-23,5,Card,0.25,3c4a253fedb370c969f1d7bb815eb1bd3e05ca768a5381eae01ce92957eca220,XXXXXX3305,successful
121,175,Shelby Casey,109,65000.0,refrigerator,home appliances,offline,Hyderabad,2025-05-30,1,Card,0.25,21103ec3c0d1709b8b2b610a0d2ec26d6eb3ff668979801062665e910decbe0e,XXXXXX1133,successful
122,549,Jacob Hopkins,102,70000.0,phone,electronics,online,Bangalore,2025-05-17,4,Cash,0.15,7063f8908f5430c614b4d278c94bbe3d2d5820c7f59061f5ed8efbad6d201878,XXXXXX6590,successful
123,387,Kenneth Rocha,110,45000.0,microwave,home appliances,offline,Mumbai,2025-06-30,5,UPI,0.3,f42d5e3c5f55e537502d2540211ae55523fc461e910545d2c4282f0a5c5ffa3c,XXXXXX3283,successful
124,592,Timothy Medina,104,8000.0,shoes,clothing,offline,Delhi,2026-03-04,3,Card,0.35,cd9282215d61733f3e44cbecd97ece549a11194632475037329882d94141cc4c,XXXXXX8501,successful
125,580,Meredith Walker,107,50000.0,dining table,furniture,offline,Chennai,2025-10-13,2,Card,0.25,f29e42c5b06edfce5f576f23739a0f023296bcfb7e2fa268ac654c16f619d742,XXXXXX7146,successful
126,17,Duane Hall,101,250000.0,laptop,electronics,online,Bangalore,2026-02-25,1,Card,0.15,ebb6c6dfe3b541831f15161769c5bf41b8bbb024f6411827b053836ce821ec5c,XXXXXX1149,successful
127,115,Linda Graham,101,250000.0,laptop,electronics,online,Chennai,2026-03-24,1,UPI,0.4,49c50fed6fc1ee333e01605b7d2832a08209268aab4d1107af333ae63e28b5fc,XXXXXX1568,successful
128,710,April Moore,101,250000.0,laptop,electronics,offline,Mumbai,2025-07-22,3,Cash,0.3,b114d5e8c557d3ae9fe30998345a0b5b8ce02e13672317453528308ef8494f13,XXXXXX1176,successful
129,150,Donald Bradley,104,8000.0,shoes,clothing,offline,Mumbai,2026-01-17,5,Cash,0.4,b074363965b7c108071097f2f56509c52f7c62645b15bfe660391a7ab8d8692f,XXXXXX9420,successful
130,149,Ashley Mejia,103,1300.0,shirt,clothing,online,Chennai,2025-11-23,1,Card,0.15,8318efc7a721b12bf05c325351d78424b571cb4130b1f8a2602d30190b28e09c,XXXXXX6443,successful
131,274,Joseph Parker,107,50000.0,dining table,furniture,online,Bangalore,2026-01-06,1,UPI,0.15,48aa520cac435014d8e490321859cf36e2659250a6589143269569102e2a6812,XXXXXX9206,successful
132,173,Joshua Smith,109,65000.0,refrigerator,home appliances,online,Delhi,2025-06-07,2,UPI,0.4,88c0402c27cfb1655c96894e7e1aa1a01d29b665c03df8d29c591f8cf7e547ed,XXXXXX7378,successful
134,702,Robert Jackson,108,15000.0,mixer grinder,home appliances,online,Delhi,2025-09-30,1,UPI,0.05,f338814c7e5111e7af6919f8028b285dffcbd2914882f8e6cff7f55d6aff2163,XXXXXX6138,successful
136,863,Travis Morgan,101,250000.0,laptop,electronics,online,Bangalore,2025-05-24,1,Card,0.15,75e9efdde1cd6badea9f2167dfd3bf1a81ad5db3fcc912dc4d2a7f823df6720e,XXXXXX4457,successful
137,38,Laura Shelton,103,1300.0,shirt,clothing,online,Bangalore,2026-02-08,4,Card,0.05,f0127c09f5e3264ee1dde43f3570716b6ac8a951113c0dfb72314decf1cf0fe6,XXXXXX7405,successful
138,432,Charles Nelson,103,1300.0,shirt,clothing,offline,Mumbai,2026-02-22,4,NetBanking,0.4,e55ed831ce8b88594eb595fd9e9bd007e6474a3a0ab7014d7af1429b51efe250,XXXXXX1774,successful
139,907,Jeffrey Mccall,109,65000.0,refrigerator,home appliances,online,Hyderabad,2026-02-17,4,NetBanking,0.05,47fe75e59d0acad1a49942fafcf906362be00efb29f89ec160b18122249d3174,XXXXXX4650,successful
140,400,Brenda Johnson,101,250000.0,laptop,electronics,online,Chennai,2025-06-09,4,NetBanking,0.1,e6d59c0e946ca57d90e04054988859bae6094255dc3e03cb4c83e7021a043487,XXXXXX8393,successful
141,180,Chelsea Meyer,103,1300.0,shirt,clothing,online,Bangalore,2025-11-07,4,Card,0.1,65b59fa4ffaf267c149288747774acc0ffcc5bd35c0022ec3b1fd121c4648074,XXXXXX6560,successful
142,137,Kathleen Douglas,107,50000.0,dining table,furniture,online,Mumbai,2025-09-26,1,Cash,0.15,3d94779484d91a1ea72c924b05c2bcbcdea906e2e85ccea21935cdc91f3f3983,XXXXXX6544,successful
143,313,Mary Lowe,107,50000.0,dining table,furniture,offline,Delhi,2026-12-04,3,UPI,0.35,27880315cca11c389b4fc55c28781f1e3bfe5f32981b001e4879d996be3ee6ba,XXXXXX2640,successful
144,718,Rebecca Mills,103,1300.0,shirt,clothing,online,Delhi,2026-03-21,2,Card,0.1,9e7669e24645f0dbaf09d166e5db76774534cd5ce98df84a3609f30aa8492756,XXXXXX1168,successful
145,975,Jacqueline Doyle,109,65000.0,refrigerator,home appliances,offline,Hyderabad,2026-01-12,3,Card,0.1,afc12ad7c2b1d3b34e95b56e4b2cdf43e6f7a3cc2bb9f33f4493186fa4a36b13,XXXXXX0490,successful
146,311,Juan Murphy,103,1300.0,shirt,clothing,offline,Bangalore,2025-10-29,2,NetBanking,0.1,51d163013824714cc3d173b26c90f18906fd7b7eda9f4f0f234e243b0f76afe5,XXXXXX7160,successful
147,111,Alyssa Mitchell,107,50000.0,dining table,furniture,online,Hyderabad,2025-09-08,4,Card,0.35,4e95d1b9c6953645eeac987c15df56f143fc41e2c93a58d25d023aade5f10dbd,XXXXXX2386,successful
148,139,Melissa Peterson,104,8000.0,shoes,clothing,offline,Mumbai,2025-07-09,3,NetBanking,0.25,90c965d07a3fd0bc98104e2646fa9118f0df9c82d926c094ecba5d16a117a9f9,XXXXXX2133,successful
149,644,John Parrish,102,70000.0,phone,electronics,offline,Delhi,2026-04-04,4,Card,0.2,0b27904ae50a57d9b6087cfd2d78eb549a077e1474fb5346ad52d16294be70e4,XXXXXX7481,successful
151,294,Jared Moreno,101,250000.0,laptop,electronics,online,Hyderabad,2026-04-01,1,NetBanking,0.4,c84e6751a9e92a96a1365383f5c3dcdd3df09fcf648b771a5ae5877d58214e07,XXXXXX7809,successful
152,171,Michael Church,105,45000.0,tv,electronics,online,Hyderabad,2025-06-26,1,NetBanking,0.3,12702c468d94b6b8ed0d5e9582f63916fa9941a31cba203fd00861019c6bbb87,XXXXXX4681,successful
155,363,Leonard Travis,105,45000.0,tv,electronics,online,Delhi,2025-06-07,3,Card,0.1,931d48b3582e271bcc47c98ec02ea48136b7661fcaecc6b949402d939233e531,XXXXXX0472,successful
156,334,Brenda Gonzales,109,65000.0,refrigerator,home appliances,online,Chennai,2025-05-11,5,Card,0.3,58d1d62c08ac3255fc654fac32d4b9d96bbd947fb8553526edc31b5593aec51d,XXXXXX1783,successful
157,39,Megan Jones,102,70000.0,phone,electronics,online,Hyderabad,2026-01-03,1,UPI,0.25,ae21c7526e40956821da89d78b2a12d0153aaa824ae52d04417336788cd92ddb,XXXXXX0686,successful
158,892,Logan Hayes,110,45000.0,microwave,home appliances,offline,Mumbai,2026-02-17,4,Card,0.15,ebfd080deb6edf589d2037d39d6f12602e3740633531d60b5bb631129cfdda63,XXXXXX0803,successful
159,570,Donald Carter,103,1300.0,shirt,clothing,offline,Chennai,2025-05-08,1,Cash,0.2,fac4dcc8ab7348aa83d911264d07925b9f733b815ce06bb28547fedb07d981eb,XXXXXX0219,successful
160,152,Levi Leon,109,65000.0,refrigerator,home appliances,online,Chennai,2025-06-06,3,Cash,0.15,cdab3302014cb3c5666e6efbb0160b3a50709c64b25a78ce0279fe97f62e57ad,XXXXXX3306,successful
161,944,Julie Rodriguez,104,8000.0,shoes,clothing,offline,Delhi,2025-08-29,3,Cash,0.1,a6a9fb54d3a08e426816fc447d19303d6fa33f461848b906f9ba3dab17897dfe,XXXXXX0779,successful
162,197,Gabriel Mills,103,1300.0,shirt,clothing,online,Mumbai,2025-11-15,5,NetBanking,0.25,219bfe91e98f2f52f90479d138b034d7e64f50258f7433a988ec488f20aaf71d,XXXXXX4137,successful
163,256,Nicole Williams,104,8000.0,shoes,clothing,offline,Chennai,2025-10-08,2,NetBanking,0.15,23f282bd744c97705ad26bcf56a6d8c77539f407c2457adf39ae0014fe17b9b4,XXXXXX1732,successful
164,993,Julie Wade,109,65000.0,refrigerator,home appliances,online,Bangalore,2025-04-21,2,Card,0.2,32ec0365cd83c9ee50254b2a7a778c66f45dbab864002357bfcb5e074f33dee8,XXXXXX9325,successful
165,525,Laura Barajas,106,80000.0,sofa,furniture,offline,Bangalore,2025-08-09,1,Cash,0.05,3579dadb7ec0ea0b8de3fa92b4f3cdc171c6103c063bd94b7243ed4fe4daa30c,XXXXXX1400,successful
166,976,Paula Rogers,101,250000.0,laptop,electronics,offline,Chennai,2025-11-13,5,UPI,0.25,e829391271382528f66bd5466d41092ac4c3087dc195c2f5c63a9c1208d7f996,XXXXXX1725,successful
167,820,Mary Goodwin,103,1300.0,shirt,clothing,online,Delhi,2026-03-09,3,Card,0.2,628d076147024f7fae6fe26aeb716217047f8c5d8e390784fd74aab065970e04,XXXXXX9201,successful
168,92,Kelly Chang,101,250000.0,laptop,electronics,offline,Chennai,2025-06-03,5,Card,0.25,9c2b8cfe84c4d6e167e4123a1c56fe972d11980dd1439cf7f391f4c0c23b02ee,XXXXXX9379,successful
169,721,Robert Villa,102,70000.0,phone,electronics,online,Mumbai,2025-10-31,5,Cash,0.35,a7e0df9ca4874d27c55446bf291693525e2ff838f7a7a06b7b39b8810f9e8b54,XXXXXX1453,successful
170,893,Taylor Walton,110,45000.0,microwave,home appliances,online,Delhi,2025-04-29,4,UPI,0.2,62b55ca9bc80c3d8e2b0bf46d326e39f1205292a4ecb43b50d5f1dc64e72ae29,XXXXXX5386,successful
171,871,Joel Hall,102,70000.0,phone,electronics,online,Chennai,2026-01-20,3,UPI,0.2,c74aa91d88e60dafe563e6acbf2855ceed401f828d0da3c4e03ac2d2ae03bdd2,XXXXXX5629,successful
172,5,Kathleen Olson,103,1300.0,shirt,clothing,online,Hyderabad,2025-04-16,5,Cash,0.3,37eed92ccb892304f378d31fe2233afe225503489f46010dad0794c3431a5031,XXXXXX9805,successful
173,368,Emily Scott,107,50000.0,dining table,furniture,offline,Mumbai,2026-02-20,4,Card,0.3,3d25dd5d7c199750096763cdaeed68f87a7b1787eb721495e9bee99ca4740c63,XXXXXX9634,successful
174,97,Joseph Nolan,105,45000.0,tv,electronics,online,Bangalore,2025-10-09,2,NetBanking,0.4,fc3683a5d6f99fdecf3be7fb548a53f44b4d7abc5e033d26239453e8bdf0f6f3,XXXXXX3593,successful
175,22,James Walters,110,45000.0,microwave,home appliances,online,Chennai,2025-09-13,5,Cash,0.05,ec2d6f294e97b0d6857fb8bbfc52cef910731d7835d27fa3c1b6b9ec432764c2,XXXXXX4842,successful
176,260,Cynthia Fields,107,50000.0,dining table,furniture,offline,Chennai,2025-09-20,5,Cash,0.4,51eb2cefbc7227dda48d50e86925510cd29584fb421e8ee38d47b3d3ad8cd8c5,XXXXXX5111,successful
177,164,Shawn Stewart,107,50000.0,dining table,furniture,online,Chennai,2025-09-04,4,Card,0.05,b49023f0bee370414cd5d009ad3aa042b02b1105fb6bc41e829785165754764b,XXXXXX4854,successful
178,288,Darren Parker,102,70000.0,phone,electronics,online,Hyderabad,2025-08-07,4,NetBanking,0.35,10e29cbeda48e534b6c580cf8e53d92364939d1826d5e1a6b7b6e538bbdd53ad,XXXXXX3569,successful
179,565,Craig Moore,105,45000.0,tv,electronics,offline,Mumbai,2025-08-08,3,Cash,0.2,85a16ee2e4ec76cb62f30db773fb4475fe2da9225f62f4864f8b98c133cf599e,XXXXXX2911,successful
180,500,Katelyn Garza,108,15000.0,mixer grinder,home appliances,offline,Bangalore,2025-12-23,5,Cash,0.1,d3cac2c4d94dc93331a8671f4e705d93991e789d7da5a9ac15a812985b6fcc04,XXXXXX0083,successful
181,693,Joseph Maldonado,108,15000.0,mixer grinder,home appliances,online,Delhi,2025-11-27,4,Card,0.4,620906c08a4041373730723e7eadd094e026d0cb9df225a51a4955837a5add4b,XXXXXX5157,successful
182,749,Linda Lara,109,65000.0,refrigerator,home appliances,online,Mumbai,2025-04-21,4,Cash,0.1,cb4afee4597a3d0dda92f69441f05067c40c08f1f1921e5aba8e8f3f3ca25e1c,XXXXXX4201,successful
183,348,James Nash,101,250000.0,laptop,electronics,online,Chennai,2025-08-27,5,Cash,0.25,d267e2659aadead31909b31b81ead73645ac2e7a5910a96f039e54f76a297d74,XXXXXX6437,successful
185,672,Austin Perez,106,80000.0,sofa,furniture,online,Delhi,2025-04-27,2,NetBanking,0.4,b439538e82950d728515c34222fee5ad741082238512d612412a1abe1792d30f,XXXXXX4218,successful
186,545,Paul Howell,110,45000.0,microwave,home appliances,offline,Hyderabad,2026-03-07,1,UPI,0.3,7e388c44e2b392720aefef0fd9a131f5b202e10d808dec7329c885f634a95163,XXXXXX0103,successful
187,996,Barbara Morris,101,250000.0,laptop,electronics,online,Hyderabad,2026-03-18,3,UPI,0.2,2de9cc6882a7ce0eef9e47ff7812f1ae6f2ab38ce0b66a20fd57b6855a32ba83,XXXXXX7956,successful
188,200,Miguel Proctor,101,250000.0,laptop,electronics,offline,Delhi,2025-11-28,2,Cash,0.3,9e8e3e96cbcc9c7acf49b3f51789856ddbf3b1f2e36efd6d8ba845663e3742b4,XXXXXX5835,successful
189,585,Clifford Hayes,102,70000.0,phone,electronics,offline,Delhi,2025-06-29,4,NetBanking,0.25,e5d9fa281a253d55b442c9c98bb9b4a13e7f115b9aec14e65c98eef05cf8f86f,XXXXXX1942,successful
190,843,Chelsea Hester,102,70000.0,phone,electronics,online,Bangalore,2025-10-07,3,NetBanking,0.4,ecbc0e35dc196da620940dc02514da8ce48a37089853723b74a9d542d000b3eb,XXXXXX8861,successful
191,552,Anthony Cox,107,50000.0,dining table,furniture,offline,Hyderabad,2025-04-26,2,NetBanking,0.15,a2b4db22ca166aed82e4cbbbfb34b6fa883908a1df0d187d75389f57356d9c03,XXXXXX7392,successful
192,744,Ashley Hull,109,65000.0,refrigerator,home appliances,offline,Chennai,2026-03-07,2,NetBanking,0.05,a1b161599dcfb54b62c6cc6b98202574bfe9d3fbc2c6daef9f7383565a545430,XXXXXX9482,successful
193,243,Christian Martin,101,250000.0,laptop,electronics,offline,Delhi,2025-07-10,2,Card,0.1,e5c34d6186b0f45bd51377bfeabf6dce3548cfb2115d72b2058719fefb6b6282,XXXXXX1962,successful
194,56,Joshua Li,103,1300.0,shirt,clothing,offline,Bangalore,2025-10-26,5,UPI,0.3,e7f7250df6a5cfc0511f04632bd010d9f308f18f4b5b07f88bd026b796e31653,XXXXXX6990,successful
195,511,Eric Johnson,102,70000.0,phone,electronics,online,Hyderabad,2026-12-02,5,Cash,0.1,1ce4fbce9a7504593cc7e3eed6e665f0fbf0343cd64a11fab895f0e265368de6,XXXXXX6834,successful
196,248,Anthony Henry,109,65000.0,refrigerator,home appliances,offline,Hyderabad,2025-10-31,5,NetBanking,0.25,3decb182b6f79687e4a635f0ed9d34bd10b177e7f0e8b608b7b18cb3f0a72196,XXXXXX7330,successful
197,344,Brian Wells,101,250000.0,laptop,electronics,online,Chennai,2025-05-29,1,NetBanking,0.2,d3576764638ccac80ca023acdacee7c67025a4afe346a88a9a1de96652089cd7,XXXXXX9708,successful
198,263,Joshua Anderson,108,15000.0,mixer grinder,home appliances,offline,Hyderabad,2026-02-20,2,NetBanking,0.25,6aac9df6376ca8fcb39e97e55e37ad12784b0c6ef41160622f87eaa9e976c8ec,XXXXXX8142,successful
199,628,Kelly Turner,102,70000.0,phone,electronics,offline,Chennai,2025-09-12,3,UPI,0.15,32f4726443565b0472771369535d0c6f62fdda854cfe7639e618d88f91c7e951,XXXXXX5626,successful
200,76,Cindy Lewis,105,45000.0,tv,electronics,offline,Chennai,2025-04-27,1,Cash,0.4,ed29090e1794416eed67ba5f72dd3d7f763ca71a8c1d7525972b8a25333ea3cd,XXXXXX9866,successful
201,951,Richard Miller,103,1300.0,shirt,clothing,offline,Mumbai,2025-12-16,3,Card,0.25,fd4e3836a31a99f33b387ba6f5ce09ea2c2539bd382c2b1c34dfb408b0b21dc1,XXXXXX6379,successful
203,929,Charles Key,103,1300.0,shirt,clothing,offline,Delhi,2025-07-26,1,Cash,0.35,77b081a30b2b156778aab2f95706cbb68fa4261281083baf3a101ef6049564d7,XXXXXX5346,successful
204,988,John Thomas,107,50000.0,dining table,furniture,online,Delhi,2025-09-27,4,NetBanking,0.2,9137fdca7f564c9993f78c995a679bbe6e035b9342ff4626bc724be8c1797670,XXXXXX9139,successful
206,258,Larry Taylor,106,80000.0,sofa,furniture,offline,Chennai,2025-11-24,5,UPI,0.2,02d9817a2e3d817e654ce74ff71c58ab931bbd59b02a8b8aa567c9751b72dcf7,XXXXXX7795,successful
207,710,April Moore,108,15000.0,mixer grinder,home appliances,offline,Mumbai,2025-05-01,1,UPI,0.25,b114d5e8c557d3ae9fe30998345a0b5b8ce02e13672317453528308ef8494f13,XXXXXX1176,successful
208,91,Christopher Martin,101,250000.0,laptop,electronics,online,Bangalore,2025-07-09,5,Cash,0.4,b9e0c2d9c676a022ecfce21cfca755fc409a089a23df751f571f0db6b460f282,XXXXXX8811,successful
210,261,Ronnie Martin,110,45000.0,microwave,home appliances,online,Bangalore,2026-03-26,1,Cash,0.05,62ab53d06a5c0dbcac3301b815adfecee72509402576e9edcff342d51bd63ff3,XXXXXX1260,successful
211,576,Angela Weiss,102,70000.0,phone,electronics,online,Delhi,2025-12-28,4,NetBanking,0.35,25a9d1c837f4bf2812bcc3ed8ebb759fe08eeb63c6e02247ad8cc10d86874f62,XXXXXX3539,successful
212,247,David Cherry,101,250000.0,laptop,electronics,offline,Bangalore,2025-06-02,3,UPI,0.3,9c946e82b017f71f88ecc7ddf6421114d33c5f765b7b0aa6f84fddf198c758ed,XXXXXX9339,successful
213,659,Jason Liu,110,45000.0,microwave,home appliances,offline,Chennai,2025-11-13,3,NetBanking,0.25,534588048e9d43eee9874b80144127d8956469f5759b10f15f2ac2227c667e51,XXXXXX1592,successful
214,81,Michael Wagner,105,45000.0,tv,electronics,offline,Chennai,2025-07-13,5,UPI,0.15,fe30f3915ecc2c76aef29919f2d173b8fcaf90edfdb2b75764f4f4c86488a593,XXXXXX7974,successful
215,904,Audrey Skinner,101,250000.0,laptop,electronics,offline,Bangalore,2026-01-25,4,Card,0.35,edb4f0e2052f3905615080c425a64da0afdfdb62387f3caeac34e231e9d895a5,XXXXXX2073,successful
216,796,Jasmine Lopez,110,45000.0,microwave,home appliances,offline,Bangalore,2026-03-29,4,Cash,0.15,3b56ffa6073a1eb2ded4401962353dbb5ed5c455edbb29a06789db4d6d863c94,XXXXXX7917,successful
217,763,David Howard,110,45000.0,microwave,home appliances,offline,Delhi,2026-04-08,5,Cash,0.15,63243b95cc98e32e940dcf88ef6afda17654f3e50c9412fe53075bc596129b10,XXXXXX3189,successful
218,774,Antonio Evans,101,250000.0,laptop,electronics,offline,Hyderabad,2025-09-17,1,Cash,0.05,eff10c82064736299a4a97c53f83ba6e4234dc7ada8c52642eaa6b4d8d275289,XXXXXX7042,successful
219,560,Anthony Lawrence,102,70000.0,phone,electronics,offline,Hyderabad,2025-04-07,5,NetBanking,0.3,ab06975a3ca9f219c529cd26a6c4eed9001bd4b69e079c1ce58eef6523296acc,XXXXXX7287,successful
220,107,Cory Tyler,105,45000.0,tv,electronics,online,Chennai,2026-04-07,1,UPI,0.05,7db78a0301618c6cbbeabd488163c2e9f7356b28dca3c7b2614b1fa331517d5f,XXXXXX7413,successful
221,298,Ryan Massey,109,65000.0,refrigerator,home appliances,offline,Delhi,2026-02-15,3,UPI,0.05,f2df03e7510fbf2bd2fe7fa98c6a0cefdff3fdf3bdc154ccc61b80be5b1e5709,XXXXXX7586,successful
222,953,Adam Taylor,103,1300.0,shirt,clothing,online,Bangalore,2025-07-20,2,UPI,0.25,613707aad3a712a9d1fee83dcf472b2e97cdca39d2fb906ba5168ac5f8f20a8e,XXXXXX0391,successful
223,189,Melinda Rodriguez,108,15000.0,mixer grinder,home appliances,online,Chennai,2026-01-25,5,Cash,0.15,b3a17d24e65cc625ca470f8c39b64d0cd832a90fd7f36a011cc9d718032d5185,XXXXXX9897,successful
224,682,Crystal Mccarthy,106,80000.0,sofa,furniture,online,Delhi,2025-07-03,5,Card,0.35,606eac1372fd4d40d2f2e8267d5b8dc68bbdb4e94a86bd64e1b6aec07f2081eb,XXXXXX8526,successful
227,154,Michael Smith,104,8000.0,shoes,clothing,online,Chennai,2026-03-17,2,Card,0.05,d8958404f26ef69cb6360f7015fca986ef8ff3b9002b657d2e724f1b4fd44fde,XXXXXX4650,successful
228,911,Kelly Le,102,70000.0,phone,electronics,online,Delhi,2025-10-26,2,UPI,0.2,cbffc93beafe626b9849d01039f0c856849d8832f104e0d4fce7b804e015318b,XXXXXX5769,successful
229,207,Tonya Lopez,105,45000.0,tv,electronics,offline,Bangalore,2025-09-18,5,Card,0.15,e6c2ad62d4f046d746d1b4d19d9ec348370080945c294412aef19ced4542c094,XXXXXX0519,successful
230,417,Kristina Lewis,110,45000.0,microwave,home appliances,offline,Delhi,2025-06-27,1,Cash,0.25,fd426419a08291b763b84cfa4ce559b748c78ff75928b492ce9cbaa669ad10f3,XXXXXX9732,successful
231,431,Tracie Kim,103,1300.0,shirt,clothing,online,Bangalore,2025-07-12,4,Cash,0.25,ea820d3d630b7ac55cb8412a53d6328bb258a9604b0288bd7f1feb4de4c0026c,XXXXXX5130,successful
232,54,Jessica Hernandez,110,45000.0,microwave,home appliances,offline,Hyderabad,2025-07-08,5,NetBanking,0.25,c2484578a36fec04c41a3dfea89136e407d6e790090c7e130a3e1b54fefab2b1,XXXXXX1854,successful
233,107,Cory Tyler,108,15000.0,mixer grinder,home appliances,offline,Chennai,2026-01-24,4,UPI,0.35,7db78a0301618c6cbbeabd488163c2e9f7356b28dca3c7b2614b1fa331517d5f,XXXXXX7413,successful
234,320,Stephen Tyler,107,50000.0,dining table,furniture,offline,Hyderabad,2025-09-30,4,Cash,0.35,04f13add35a131df814b4d0712e98873643f629b15b873d987235c02b1d37d8d,XXXXXX6167,successful
235,597,Paul Foster,106,80000.0,sofa,furniture,offline,Bangalore,2025-08-03,1,Cash,0.1,8b1cdb86a3cad1450a1359dc5cd63bc90eaba8a7aea175eee740c4cdfa531d84,XXXXXX0674,successful
236,197,Gabriel Mills,109,65000.0,refrigerator,home appliances,online,Mumbai,2026-02-17,3,Card,0.15,219bfe91e98f2f52f90479d138b034d7e64f50258f7433a988ec488f20aaf71d,XXXXXX4137,successful
237,97,Joseph Nolan,105,45000.0,tv,electronics,offline,Bangalore,2026-01-22,5,Cash,0.05,fc3683a5d6f99fdecf3be7fb548a53f44b4d7abc5e033d26239453e8bdf0f6f3,XXXXXX3593,successful
238,747,Laura Edwards,106,80000.0,sofa,furniture,offline,Bangalore,2026-04-14,2,NetBanking,0.2,a10cf71c68cb5673d5b71df1663a208cae47df21b7b6585d5d357f89b62b5151,XXXXXX5369,successful
239,363,Leonard Travis,103,1300.0,shirt,clothing,offline,Delhi,2025-05-28,4,NetBanking,0.15,931d48b3582e271bcc47c98ec02ea48136b7661fcaecc6b949402d939233e531,XXXXXX0472,successful
241,305,Zachary Cabrera,107,50000.0,dining table,furniture,online,Delhi,2025-07-08,4,Card,0.3,daa13b369137878266ad9a441873086bc1f99730ddbe4d135c9421d4d6c4612f,XXXXXX3696,successful
242,307,Evelyn Bridges,106,80000.0,sofa,furniture,online,Chennai,2025-12-13,1,Card,0.2,59e9b8b9bca986388f75ce21309fefec20febee5fbc1c44b9f0d9bc12c29ac6b,XXXXXX7428,successful
243,827,Jonathan Sandoval,108,15000.0,mixer grinder,home appliances,online,Delhi,2026-04-15,5,NetBanking,0.25,87c5266c43b75987641e5fdeaa74912b5234b6c18dc7e14bb0e2d463f8fbe155,XXXXXX6234,successful
244,556,Roger Guerrero,105,45000.0,tv,electronics,offline,Mumbai,2026-02-13,2,Cash,0.35,73d26a4985b59a560c2575ee0a51d0b5da69892dcb84ebe33d4a2d6e9b4e5d97,XXXXXX5988,successful
245,610,Melissa Jones,106,80000.0,sofa,furniture,online,Chennai,2025-07-16,4,Cash,0.2,c552dde91fd4b3e6c8cf46ddfe9805bd6d4dc5846bc00e3e7f22c082e9e0bd93,XXXXXX9133,successful
246,114,Mark Baird,104,8000.0,shoes,clothing,online,Mumbai,2025-09-21,5,Cash,0.25,f93652636e57f253ff4087dd9c314105703991db4d83656ac119a916ccaf1a1d,XXXXXX1774,successful
247,876,David Whitaker,103,1300.0,shirt,clothing,online,Chennai,2026-01-17,3,Cash,0.25,97827d13cabb86c610eb3faf66cecaa99b270c0815de8221fec2d17321d229d9,XXXXXX3557,successful
248,724,Kimberly Winters,101,250000.0,laptop,electronics,offline,Chennai,2026-03-21,1,Cash,0.4,0ff3b92ed6c76c752922d8cdaeed55063b97e67c56d8f36acf0d634dee9fc08b,XXXXXX1493,successful
249,585,Clifford Hayes,108,15000.0,mixer grinder,home appliances,offline,Delhi,2026-02-26,5,NetBanking,0.2,e5d9fa281a253d55b442c9c98bb9b4a13e7f115b9aec14e65c98eef05cf8f86f,XXXXXX1942,successful
250,407,Erika Maxwell,110,45000.0,microwave,home appliances,online,Mumbai,2025-06-26,1,UPI,0.1,31d34861a9fa3caac43e3ea33ddddc6beb39e42b2e125bfe79c5fdda6a877e31,XXXXXX1379,successful
251,588,Casey Edwards,110,45000.0,microwave,home appliances,offline,Delhi,2025-06-18,4,NetBanking,0.05,e25ad9352cb0f38a4c83acd3f6d0e6d6dee16ae5ebc9e307eefb963feb02db7b,XXXXXX1845,successful
252,780,Elizabeth Miller,101,250000.0,laptop,electronics,online,Delhi,2025-10-27,5,Card,0.15,949c6017c73b139e05e482f00c9f1ca11ad3934dba8886fc4ece6e1ba7a4cbd6,XXXXXX9798,successful
253,45,Tasha Baker,105,45000.0,tv,electronics,offline,Delhi,2025-08-27,3,Cash,0.2,9ee2bff76016cc468aedfc4602a2ba1039731a1ba142ccf1a98572cf79cf3dd1,XXXXXX5843,successful
254,297,Susan Hill,106,80000.0,sofa,furniture,online,Delhi,2025-07-24,5,UPI,0.2,701815f3bbdbd2a553c74af36a33b4b1c74170294d50c7b3a8312ce36ff56281,XXXXXX2263,successful
255,705,Amy Brewer,105,45000.0,tv,electronics,online,Hyderabad,2025-05-31,4,UPI,0.4,d229abafce4b52b063aae3dd3f138d9c8dd2aba3ac5bf7978433f0005d9b5651,XXXXXX1218,successful
256,900,Gary Phillips,106,80000.0,sofa,furniture,online,Bangalore,2025-12-11,2,Cash,0.05,3abfea9493531af3494a22149b667ba0a0280c9d4e29991e4b03af05887544db,XXXXXX4646,successful
257,596,Douglas Johnson,106,80000.0,sofa,furniture,online,Chennai,2025-08-23,3,Cash,0.2,6e4719c9a0f8c9a0c9807cb2830eadc7c004d3f8f5a90e6071bb39ebf387f7fe,XXXXXX1050,successful
258,41,Brandon Robinson,109,65000.0,refrigerator,home appliances,offline,Delhi,2026-01-16,3,UPI,0.1,f09ff83f4a316b03e2bab0d2b1a07e8bab659ac5d14b59ef0682af238fb216da,XXXXXX3106,successful
260,67,Jamie Harvey,109,65000.0,refrigerator,home appliances,offline,Chennai,2025-08-20,4,NetBanking,0.3,9c26b6aadb8feda99cd9788bc382326776141dad08065ab739b8cf8896cfb68d,XXXXXX5928,successful
261,425,Lindsay Buchanan,102,70000.0,phone,electronics,online,Hyderabad,2026-02-28,3,Card,0.25,b7a2e0353ae0edc0414ca897ae4eed9e589d4be43a8ebce0f9bd271f95da4327,XXXXXX1779,successful
262,102,Jennifer Rodriguez,110,45000.0,microwave,home appliances,online,Mumbai,2025-12-01,2,NetBanking,0.25,469ceb3782b94a37a16f500286d034454f326383e7215dcda5f987e7bae60816,XXXXXX4588,successful
263,778,Angela Park,104,8000.0,shoes,clothing,offline,Mumbai,2025-12-19,2,Cash,0.25,78fb938d79940e4b665bbcec47ccdb9237c1bbe6261d8d7577d414dee1e5c660,XXXXXX1196,successful
265,217,Eric Cross,106,80000.0,sofa,furniture,online,Bangalore,2025-07-29,5,NetBanking,0.4,5237d61b91bebbe1f34517fc22ea22dd4877b94708bdd71116c36964401ee111,XXXXXX4796,successful
266,688,Peter Chavez,106,80000.0,sofa,furniture,offline,Mumbai,2025-06-16,1,Cash,0.2,c6a01febc25a70b3194627633a5e54a465449b822e9452eedf40215e05ec6f5c,XXXXXX2648,successful
267,255,Madison Tate,102,70000.0,phone,electronics,online,Bangalore,2025-12-19,3,Cash,0.25,c70fa67f9fde991ba55dc36e36ea8df86cb301e11a4b544c4b4dcf322e833b14,XXXXXX6379,successful
268,869,Krystal Hudson,104,8000.0,shoes,clothing,online,Mumbai,2025-10-04,3,Cash,0.05,627e52bcba8dcdccf79a7ab5dc6ebe26438a2fe7723bfd6d1e639f1ebb15860c,XXXXXX3079,successful
269,571,Frederick Stevenson,105,45000.0,tv,electronics,offline,Chennai,2025-07-04,5,UPI,0.2,e35c66f397d71666d1938474e0d18c6d618603727018dc5cbecdf95b8e695947,XXXXXX4716,successful
270,150,Donald Bradley,109,65000.0,refrigerator,home appliances,online,Mumbai,2026-05-04,4,Card,0.05,b074363965b7c108071097f2f56509c52f7c62645b15bfe660391a7ab8d8692f,XXXXXX9420,successful
271,573,Erin Duncan,107,50000.0,dining table,furniture,online,Chennai,2025-06-28,3,Cash,0.4,0cad83295151a0d24691173ebf00e52b4ed18944bfd1b3e3e23bde7c3f3db460,XXXXXX2715,successful
272,250,Steven Baker,107,50000.0,dining table,furniture,online,Mumbai,2025-05-26,3,UPI,0.25,3d2e3218b62f18681a604b70ea687572f66227f7969d86ef9e9c25be22b8fcc4,XXXXXX5024,successful
273,297,Susan Hill,106,80000.0,sofa,furniture,online,Delhi,2026-01-26,4,NetBanking,0.2,701815f3bbdbd2a553c74af36a33b4b1c74170294d50c7b3a8312ce36ff56281,XXXXXX2263,successful
274,835,Juan Watkins,101,250000.0,laptop,electronics,online,Delhi,2025-08-22,5,UPI,0.25,c7c332cf10df7af299697c6e03a82aa6fb34908c69ab94ea0fe3f00a3d8b8d47,XXXXXX2580,successful
275,433,Gary Graham,103,1300.0,shirt,clothing,offline,Bangalore,2025-06-26,1,Cash,0.1,3712213b63defcb9bc5f4c300ff5c933058efb7a17e060e3c09714c9dbcc4125,XXXXXX9955,successful
276,653,Jodi Kim,103,1300.0,shirt,clothing,offline,Mumbai,2025-07-14,4,Card,0.05,5771d8ba6da2d82c51719946a8fe06b60bd3798ec2824804806bbc9e499d535a,XXXXXX3333,successful
277,667,Kelsey Mendoza,102,70000.0,phone,electronics,online,Bangalore,2025-12-05,1,NetBanking,0.25,4d253fdd114aeba7b5480248814364d807224bcc9b0c8ed5c59d2c5d0b288963,XXXXXX9912,successful
278,416,Katelyn Flores,106,80000.0,sofa,furniture,online,Bangalore,2025-08-29,5,Cash,0.35,7e16640734430927dec063803bf421ab83f16e0824cf4cd3bc035a6dff2cfad9,XXXXXX2950,successful
279,120,Michael Horton,106,80000.0,sofa,furniture,online,Delhi,2025-11-21,4,UPI,0.1,4d0e32cf6434c300144fe6456f835f684e5c176c7e5f6854f6b6ee6555fecd4a,XXXXXX5729,successful
280,929,Charles Key,108,15000.0,mixer grinder,home appliances,offline,Delhi,2025-06-18,5,Cash,0.4,77b081a30b2b156778aab2f95706cbb68fa4261281083baf3a101ef6049564d7,XXXXXX5346,successful
281,967,Brittany Bush,109,65000.0,refrigerator,home appliances,online,Hyderabad,2025-11-22,2,UPI,0.25,5d929216eff9d713bf0bedf384347d6004aab30bb10d5cc10ed8b89c8a74ec97,XXXXXX4454,successful
282,341,Cory Alvarado,106,80000.0,sofa,furniture,online,Mumbai,2025-08-12,1,NetBanking,0.05,6dba4c70a461d0ad3d43d0dc9817cd3f2aea2d647c3d8f80d67633470185b8c4,XXXXXX9155,successful
283,477,Willie Mata,105,45000.0,tv,electronics,online,Hyderabad,2025-10-23,3,UPI,0.3,8ff397333391a367d4fbe747f1e89cff836b48c9f224c7cc7135b1a70ec86e27,XXXXXX0729,successful
284,769,April Sutton,110,45000.0,microwave,home appliances,online,Bangalore,2025-07-11,5,NetBanking,0.25,86993f241cece8e865c50d6667a693b4ee2db40d90e2abe7f51d3aedf179d2cf,XXXXXX4141,successful
285,398,Michele Sanchez,103,1300.0,shirt,clothing,offline,Bangalore,2025-04-19,1,Card,0.15,1b78169f48b79a5f3f7953d174b339ed9a6e6ba25226725a53fcb0b4d143424b,XXXXXX4961,successful
286,736,Lisa Lee,106,80000.0,sofa,furniture,offline,Delhi,2026-01-02,4,Cash,0.1,47274124ed6cea6f7e308d2692db3269d2bfd14614db4c8f72f13d61846f3cff,XXXXXX6221,successful
287,630,Charles Thompson,107,50000.0,dining table,furniture,offline,Hyderabad,2025-06-06,5,UPI,0.25,49a0fb3380dcc267a2c7d5e336e67bcf78e771dd875c4fd8ab225607e94d5f7a,XXXXXX3982,successful
288,252,Shannon Dennis,107,50000.0,dining table,furniture,offline,Hyderabad,2026-08-01,3,Cash,0.35,6f224317a6fceae01b250b2eeab955f693af463cc0b66bd6d5b99e53da02d781,XXXXXX7631,successful
289,694,Lori Barrera,106,80000.0,sofa,furniture,offline,Hyderabad,2025-11-05,4,Card,0.35,89d04fad7a8834b711f0ab6136ab49484b1963cc23189e9bae32ca64de46fd72,XXXXXX4973,successful
290,165,Rebecca Hays,103,1300.0,shirt,clothing,offline,Hyderabad,2026-04-04,1,Card,0.4,adcad24a737e5808b499cea626a157c72f243eeb572e930e3999398d54f7ecad,XXXXXX1179,successful
291,961,Derek Hall,106,80000.0,sofa,furniture,online,Hyderabad,2026-02-12,1,Card,0.25,2953b725ef0fc963cf9cc35025f22a8e307ad00d6014d04e6b88954f3f04e0a4,XXXXXX8075,successful
292,879,Andrew Johnston,106,80000.0,sofa,furniture,online,Mumbai,2026-03-23,5,UPI,0.3,00c35cabe59c83334d07138ab1012cc4751373225292a52b8e8488d820954870,XXXXXX8466,successful
293,291,Jerry Freeman,101,250000.0,laptop,electronics,offline,Mumbai,2025-05-10,1,UPI,0.35,43acd52789abe52e74310c529a680e966f532607c50fa56b744dc29495804124,XXXXXX1801,successful
294,159,Patrick Lucas,106,80000.0,sofa,furniture,offline,Delhi,2025-05-11,5,UPI,0.2,7958788bdcdc8d5c0da5fab9fa246852affbd2862e7a4170b0c8ebcf41a6ab6e,XXXXXX3339,successful
295,296,Katherine Frazier,107,50000.0,dining table,furniture,offline,Bangalore,2026-02-05,4,UPI,0.4,7ff52c0b45d5ab21b781cdf26e43bd734245dab1947ce6b762f53e1967704107,XXXXXX6097,successful
296,636,Christopher Clark,106,80000.0,sofa,furniture,offline,Mumbai,2025-12-09,3,Card,0.35,91f0ebaad8498b70d1b5d1c590e0ffd0d7db3950f796c0185e429911f51af33f,XXXXXX2866,successful
297,843,Chelsea Hester,109,65000.0,refrigerator,home appliances,offline,Bangalore,2025-09-27,5,Card,0.4,ecbc0e35dc196da620940dc02514da8ce48a37089853723b74a9d542d000b3eb,XXXXXX8861,successful
298,435,Wendy Robinson,109,65000.0,refrigerator,home appliances,offline,Delhi,2025-06-15,3,NetBanking,0.4,c96db1c3fb5dcbb76de4dea884c75221dcdccf50f2d1e2c550cc89827aa9ff9e,XXXXXX4454,successful
299,346,Erin Frye,110,45000.0,microwave,home appliances,offline,Bangalore,2025-01-10,4,UPI,0.3,85d19b3dfee5e158417fa94076df1c9e67e61a9cff763917e879f3b4cf73f5fd,XXXXXX5711,successful
301,204,Kevin Osborne,108,15000.0,mixer grinder,home appliances,online,Chennai,2025-06-23,5,Card,0.2,ec3441dfb0ff0cfb05644e4cd85d85f352213077856f2a2a30bcdb7abe88c72c,XXXXXX8034,successful
302,978,Nicole George,103,1300.0,shirt,clothing,online,Delhi,2025-08-23,4,UPI,0.05,7af84a96238610026974417b423869c69e9604b4391c4d059220b1aab2838744,XXXXXX9250,successful
303,891,Natalie Hammond,102,70000.0,phone,electronics,offline,Hyderabad,2025-12-07,5,Card,0.2,3404fbca64310f8758c0a0bcb1cdec8603a09badf0a7402fb8ec17f2e6a8a92d,XXXXXX4743,successful
305,313,Mary Lowe,104,8000.0,shoes,clothing,offline,Delhi,2025-10-31,3,Cash,0.4,27880315cca11c389b4fc55c28781f1e3bfe5f32981b001e4879d996be3ee6ba,XXXXXX2640,successful
306,597,Paul Foster,101,250000.0,laptop,electronics,offline,Bangalore,2026-01-27,3,NetBanking,0.05,8b1cdb86a3cad1450a1359dc5cd63bc90eaba8a7aea175eee740c4cdfa531d84,XXXXXX0674,successful
308,4,Kelly Brown,103,1300.0,shirt,clothing,offline,Chennai,2025-06-14,1,Card,0.25,7780f25662c3fc399eb75692de5a59dc10978f84eaa4bd4a0fcef255eebe149e,XXXXXX2599,successful
309,360,Lindsey Yang,104,8000.0,shoes,clothing,offline,Hyderabad,2025-04-30,2,UPI,0.25,41275c1128d659c785a27e98bda7deb4822a76ac6cc02dbc620dea9fa06eef8d,XXXXXX4192,successful
310,524,Derek Garza,107,50000.0,dining table,furniture,offline,Mumbai,2026-01-20,4,NetBanking,0.35,1f67642eb950225ee54297ff360b9430752429fcae3571a9f3a815857b375911,XXXXXX9288,successful
311,619,Angelica Wood,110,45000.0,microwave,home appliances,offline,Mumbai,2025-06-24,2,Card,0.15,17119693190a05341f7466672de970dfcdca90e50898cb9ac1901711b9d96e98,XXXXXX4769,successful
312,318,Gina Dickerson,109,65000.0,refrigerator,home appliances,offline,Bangalore,2026-01-13,5,UPI,0.15,872fb3276f80daa86c3104bf563a857632a6c1461019c7aeede11721219d7f0d,XXXXXX5732,successful
313,520,Holly Jackson,101,250000.0,laptop,electronics,online,Mumbai,2025-06-12,4,Cash,0.4,824bae16bdd2b506354e11dc48c29057a9b85343249b54c1dfd9756284739998,XXXXXX5736,successful
314,716,John Mitchell,106,80000.0,sofa,furniture,online,Delhi,2025-09-24,4,NetBanking,0.05,880d78c16a40d2e4092b47e462d89a9a1955963772b61469a85229ad67ae6017,XXXXXX2427,successful
315,762,Linda Webb,108,15000.0,mixer grinder,home appliances,offline,Mumbai,2025-09-05,3,UPI,0.05,ffc4093c94e294b2ec845ac8af2bb45c149e457809c573b438ce219d72c60295,XXXXXX1908,successful
316,640,Carrie Jacobson,101,250000.0,laptop,electronics,offline,Bangalore,2025-10-11,2,UPI,0.3,48004bb85c12fae1566c5775172309769584efb0f43ebb8572be08c74599158c,XXXXXX2507,successful
317,848,Eric Phillips,101,250000.0,laptop,electronics,online,Hyderabad,2025-10-28,1,UPI,0.25,90a8f7c105e4cf63877e59aa0ed9cd10bdcb09009eac15625e749d9707ce53f8,XXXXXX6213,successful
318,472,Christian Jennings,105,45000.0,tv,electronics,online,Chennai,2025-12-04,1,Cash,0.25,fd3390fb3ddb55ccd3ef77da175ccbd21fca55843a8a32656651ef88f0ce8707,XXXXXX1240,successful
319,90,Joe Gillespie,107,50000.0,dining table,furniture,online,Chennai,2025-04-11,5,Card,0.35,ccddeb74647210bfc88ffdd9de871273cf8274d876d554f5c0cf1f4998dc690c,XXXXXX6792,successful
320,713,Jason Griffin,102,70000.0,phone,electronics,online,Hyderabad,2025-10-26,4,Card,0.2,33d0498fc058e1f019e9479799a125a860f1da5937b1c4fb7c42f9dca86e10be,XXXXXX8007,successful
321,718,Rebecca Mills,108,15000.0,mixer grinder,home appliances,online,Delhi,2025-06-13,1,Cash,0.35,9e7669e24645f0dbaf09d166e5db76774534cd5ce98df84a3609f30aa8492756,XXXXXX1168,successful
322,822,Christine Rivera,104,8000.0,shoes,clothing,online,Hyderabad,2025-11-20,4,Cash,0.1,c42738025f906498b431e904b38c9d8f2cde2c8bce623d9bd71c504260ebda79,XXXXXX6621,successful
323,138,Andrea Olson,103,1300.0,shirt,clothing,online,Bangalore,2026-03-31,4,NetBanking,0.05,06a3e4face5948d9fd6de56333352bc54fee0ad49844e94080d5841b92dfb5c4,XXXXXX8168,successful
325,176,Robin Scott,102,70000.0,phone,electronics,offline,Chennai,2025-11-16,5,Card,0.2,7319c418f39e26bf651c2c8211d8e9b17776aa14f8f9a3dd323256c9a7560182,XXXXXX0905,successful
326,805,Latoya Baker,102,70000.0,phone,electronics,online,Delhi,2025-08-12,5,NetBanking,0.35,332c4dbf66aaa9bea4ee0a17de4e40ae26d35a95161aed9c4bee882d1236fe78,XXXXXX7440,successful
327,599,David Johnson,101,250000.0,laptop,electronics,offline,Mumbai,2025-11-26,1,UPI,0.25,e97d5d0431c0344f98cccf27bc733ceaeb3bab706046f5d42aad349020b9708f,XXXXXX4774,successful
328,771,Matthew Greer,105,45000.0,tv,electronics,offline,Bangalore,2025-03-07,4,UPI,0.15,3f3bea6b25b9a906a43ca5bc5f949204662acf9415b364b724f7d7b7d7cceb42,XXXXXX0012,successful
329,960,Michaela Brown,104,8000.0,shoes,clothing,online,Delhi,2025-12-26,1,Cash,0.4,e2efd544ce00db9dad814def9b29b1e70adffb86b661f6d8cc94e0cac18b242b,XXXXXX9942,successful
330,6,Eric Turner,105,45000.0,tv,electronics,online,Hyderabad,2025-04-26,5,NetBanking,0.1,c0dbdc98188a54ac6cbdf84412a915f233d651a8a332e1a2b57bc45add3505af,XXXXXX6182,successful
331,381,Melissa Garza,103,1300.0,shirt,clothing,online,Hyderabad,2025-09-09,1,Card,0.3,1fa83948db38c630f4d5085b30174fee8d20ade842c046524a92e4c0f51492a0,XXXXXX4306,successful
332,970,William Freeman,101,250000.0,laptop,electronics,online,Delhi,2025-10-08,3,UPI,0.4,490b3fea5968ec825c8eed2a8dabd41c93589dfba62775299915b91434be18a7,XXXXXX9842,successful
333,220,Maria Walker,104,8000.0,shoes,clothing,online,Bangalore,2025-05-20,1,UPI,0.05,c76ab918524edd26ba90c27092cb6025cd4ad445a8034e1a744a3c8e2c6bcb70,XXXXXX5210,successful
334,55,Patrick Velez,104,8000.0,shoes,clothing,offline,Bangalore,2025-10-09,3,Card,0.3,c704fda14173941daec783707dbe536dc4b2c10e7d5274a448b79f97dc212305,XXXXXX9585,successful
335,524,Derek Garza,110,45000.0,microwave,home appliances,offline,Mumbai,2025-12-27,2,Cash,0.05,1f67642eb950225ee54297ff360b9430752429fcae3571a9f3a815857b375911,XXXXXX9288,successful
336,690,Cynthia Palmer,105,45000.0,tv,electronics,offline,Delhi,2025-12-26,3,UPI,0.3,bc75c75f6616756ae4bdcc665c102eb1b16b40a9f89f5ab11fbce2db1a646081,XXXXXX7021,successful
338,652,Charles Fleming,109,65000.0,refrigerator,home appliances,offline,Delhi,2025-10-10,4,Cash,0.1,2286702f6adac1b9abaeefc7a80e7c1dd8f760fc6ebe86d22573d13dbe09a35b,XXXXXX4499,successful
340,335,Jacob Evans,105,45000.0,tv,electronics,offline,Mumbai,2025-08-19,5,UPI,0.4,4e9a4154675455f45a1af6bccec6488cea6ca308837029b0d2ce6290557a126f,XXXXXX9310,successful
341,471,Jamie Kelly,101,250000.0,laptop,electronics,online,Chennai,2026-03-03,5,Cash,0.25,3f66a4b98d40f4856474d68be5341648bccae5e6bc9347f68004d3b8c5d3d708,XXXXXX9015,successful
342,823,Brandon Bennett,109,65000.0,refrigerator,home appliances,online,Bangalore,2026-03-29,1,NetBanking,0.3,3ae61f4f6d9d4a5855a88bc64ab14fd0836d85eab0c84a989e8fa700325a206b,XXXXXX8117,successful
343,340,Paul Smith,110,45000.0,microwave,home appliances,offline,Chennai,2025-11-11,2,UPI,0.15,c40a366eb2fa03194e614944798867cf5c7244365c93833356fad520f7890a5f,XXXXXX9550,successful
344,596,Douglas Johnson,104,8000.0,shoes,clothing,offline,Chennai,2025-11-19,2,Card,0.2,6e4719c9a0f8c9a0c9807cb2830eadc7c004d3f8f5a90e6071bb39ebf387f7fe,XXXXXX1050,successful
345,941,Chelsea Wallace,107,50000.0,dining table,furniture,offline,Bangalore,2025-08-23,3,Cash,0.4,50ef9af42ae95622b41e46ae7bb2425ec7cdce4f68c4d0f0f0392982d513eceb,XXXXXX1736,successful
346,183,Paul Gomez,107,50000.0,dining table,furniture,offline,Hyderabad,2025-11-20,3,Card,0.2,23f80d7b013d36c394f49ac373d755109384e6ced5eaff67a20d106b7f19d89f,XXXXXX0750,successful
347,415,Jackson Kaiser,104,8000.0,shoes,clothing,offline,Delhi,2025-11-16,5,Cash,0.25,3c4e6bc549b0a58e29be009196e03d6dc1724a95e1226d34a88630998ad7b8d4,XXXXXX4305,successful
348,436,Jesse Conway,101,250000.0,laptop,electronics,offline,Hyderabad,2025-10-31,4,NetBanking,0.35,df072357edf07451021e625745f9c6b5a1bbad209327f57c00a8f43f05e57b60,XXXXXX8681,successful
349,235,Robyn Rodriguez,102,70000.0,phone,electronics,online,Mumbai,2026-02-27,2,UPI,0.15,b9cc8dcc66031e3331562caa85d5133f594c2c98e8851bfb6e69f30f88e78ec0,XXXXXX9697,successful
350,921,Jessica Taylor,110,45000.0,microwave,home appliances,online,Mumbai,2026-04-07,5,NetBanking,0.15,e6a5ab5eb42b5e54e1dff5eaf79a46b497ef81f9dc64bb1781e71d30b77fed85,XXXXXX0882,successful
351,252,Shannon Dennis,109,65000.0,refrigerator,home appliances,online,Hyderabad,2026-04-09,2,Cash,0.25,6f224317a6fceae01b250b2eeab955f693af463cc0b66bd6d5b99e53da02d781,XXXXXX7631,successful
352,991,Darlene Chapman,105,45000.0,tv,electronics,online,Hyderabad,2025-06-24,3,NetBanking,0.25,fadc6ec824919f7023754937545650cbdff881e803078c99b90621eb48009b35,XXXXXX0595,successful
353,775,Roy Chavez,108,15000.0,mixer grinder,home appliances,offline,Chennai,2026-05-02,3,Card,0.15,0b2a9527681ee155c1aa922875f20af02a915bf1732dd75d468716a7fdaae242,XXXXXX6010,successful
354,746,James Meyer,102,70000.0,phone,electronics,online,Bangalore,2025-08-18,4,Cash,0.1,294abc118bbadcc6ff78705861aed6a25232fd1f426f2bcbb4c0f3d60f2cfaa4,XXXXXX5357,successful
356,155,James Fleming,103,1300.0,shirt,clothing,online,Hyderabad,2026-06-03,5,Cash,0.05,757747dec6cc3962271c688769fb13c73c36a5ea4c19c3beb1c519adc193e3ff,XXXXXX8486,successful
357,631,Colin Holt,107,50000.0,dining table,furniture,online,Bangalore,2025-10-25,4,Cash,0.3,8fdb8579aebc62c90fa61585dcb37dd26d4f5d436b6a570a379f4a47fd57e5ad,XXXXXX7740,successful
358,157,Diana Grant,104,8000.0,shoes,clothing,online,Bangalore,2025-09-08,1,Cash,0.1,21bb343dcf8a889de86229c9b048833dcdfe56d94f82733d6d74b8890b7e3236,XXXXXX0009,successful
359,263,Joshua Anderson,108,15000.0,mixer grinder,home appliances,online,Hyderabad,2025-08-17,4,Cash,0.15,6aac9df6376ca8fcb39e97e55e37ad12784b0c6ef41160622f87eaa9e976c8ec,XXXXXX8142,successful
360,311,Juan Murphy,102,70000.0,phone,electronics,online,Bangalore,2025-10-24,5,NetBanking,0.4,51d163013824714cc3d173b26c90f18906fd7b7eda9f4f0f234e243b0f76afe5,XXXXXX7160,successful
361,916,Betty Mcdaniel,108,15000.0,mixer grinder,home appliances,online,Chennai,2025-06-12,5,Cash,0.2,08625e246a3b32fbb6ad88859554074da8ad32b714e34f877613a4a448a742bc,XXXXXX6268,successful
362,350,Gregory Knapp,109,65000.0,refrigerator,home appliances,offline,Chennai,2025-04-20,2,NetBanking,0.4,4f09a15e328f19000e5811f4bccc308a2e4f775d365991c886fb30e0458a2bc5,XXXXXX3947,successful
363,329,William Jackson,108,15000.0,mixer grinder,home appliances,online,Mumbai,2025-09-09,4,NetBanking,0.15,78cc409bdff749c72d9bbd07f9666f5a137d6ddbb147d54a176f48ca2dcc9f01,XXXXXX2206,successful
364,411,Robin Hernandez,108,15000.0,mixer grinder,home appliances,online,Hyderabad,2025-05-25,3,NetBanking,0.05,19f0285b1382ced604327d00568a487bb6a3de91f096aeb573dcb23541c7f8fa,XXXXXX0606,successful
365,263,Joshua Anderson,107,50000.0,dining table,furniture,offline,Hyderabad,2025-07-23,3,Card,0.3,6aac9df6376ca8fcb39e97e55e37ad12784b0c6ef41160622f87eaa9e976c8ec,XXXXXX8142,successful
366,272,Gary Gilbert,110,45000.0,microwave,home appliances,offline,Delhi,2025-12-22,2,NetBanking,0.25,e0471c235dff29d88768d221ce9af10d5a285cd734b5217f3b30a71f4a2f44f0,XXXXXX6225,successful
367,749,Linda Lara,104,8000.0,shoes,clothing,offline,Mumbai,2025-05-19,5,NetBanking,0.15,cb4afee4597a3d0dda92f69441f05067c40c08f1f1921e5aba8e8f3f3ca25e1c,XXXXXX4201,successful
368,129,Thomas Wells,103,1300.0,shirt,clothing,online,Bangalore,2025-10-02,3,UPI,0.25,bd4b3f0342aa8697bfb94dfdba6e13793a707467baebc15e753a57b7f877be23,XXXXXX7186,successful
369,64,Sheri Osborne,101,250000.0,laptop,electronics,offline,Mumbai,2025-06-11,5,NetBanking,0.3,e00d981d32242bcb3cc5b7114c71035e8019759fc77406dab38aa856d3ae6bb9,XXXXXX9475,successful
371,561,Allison Lee,107,50000.0,dining table,furniture,offline,Mumbai,2025-05-15,2,Card,0.4,c4305ed04ccf1353cefcdcc3e3b4508516e85898279fca1ecfc8997dc6888381,XXXXXX4275,successful
372,650,Michael Haynes,104,8000.0,shoes,clothing,online,Hyderabad,2025-03-09,4,NetBanking,0.15,7b235b7249967024157aafc1ac335feadd3f8fbf8f4ccdad82f77f73a376243a,XXXXXX6833,successful
373,553,Veronica Davis,103,1300.0,shirt,clothing,offline,Mumbai,2026-04-03,1,Cash,0.15,6d250aacb701bdd06d787e6edddbb4e5a8a3668ac60dbe77ad4e921de8f0e63d,XXXXXX9972,successful
374,691,Clayton Miles,106,80000.0,sofa,furniture,online,Mumbai,2025-07-20,3,NetBanking,0.25,5e8ba638d2fa9cba5d254b2244d8643b146061a6693e2dd45233ecd21e0b6121,XXXXXX4137,successful
375,940,Nicole Briggs,104,8000.0,shoes,clothing,online,Chennai,2025-05-25,4,UPI,0.15,49dae1c6c61cb68add3476765f3caeea6052af0a2550af2cce7d2d18779e572e,XXXXXX0293,successful
376,687,Robert Estrada,104,8000.0,shoes,clothing,offline,Hyderabad,2025-01-11,4,Card,0.35,c3247b8e7d93f18177755e97012815788f24b57e3afc4d29cce01c6e38304046,XXXXXX9773,successful
377,617,Patrick Rodriguez,108,15000.0,mixer grinder,home appliances,offline,Delhi,2026-02-28,1,UPI,0.3,6a437244ee2777b7f798ce5f0438e0e356b41270d734f1a9d7aeaf4f3b26b8db,XXXXXX6634,successful
378,915,Meagan Valdez,101,250000.0,laptop,electronics,offline,Delhi,2026-04-02,3,Cash,0.15,5e07f86f05d0e7478180dd142fc7ce384cca4e57e7c8f0735f1ac721a7a08757,XXXXXX0013,successful
379,629,Alec Kelly,101,250000.0,laptop,electronics,online,Delhi,2026-03-26,4,UPI,0.1,1406ed6fa148a7ac3ab986635f472070f4a2f6b54247950c1c8aa77c418cd6e6,XXXXXX9475,successful
380,417,Kristina Lewis,104,8000.0,shoes,clothing,online,Delhi,2026-01-27,3,UPI,0.05,fd426419a08291b763b84cfa4ce559b748c78ff75928b492ce9cbaa669ad10f3,XXXXXX9732,successful
381,263,Joshua Anderson,110,45000.0,microwave,home appliances,online,Hyderabad,2026-02-21,1,NetBanking,0.15,6aac9df6376ca8fcb39e97e55e37ad12784b0c6ef41160622f87eaa9e976c8ec,XXXXXX8142,successful
383,955,Jake Davis,106,80000.0,sofa,furniture,offline,Bangalore,2025-12-01,4,Cash,0.1,cce6db743386c129488f01681fc13bb12468cc0b1b31e77303c3cfe5af7907f9,XXXXXX8620,successful
384,158,Tiffany Mitchell,109,65000.0,refrigerator,home appliances,offline,Delhi,2025-11-20,1,NetBanking,0.3,01067541295986fa9e8fc52c97a12fdcd59b5b8cbb83289be0bfc808fd2850ad,XXXXXX6316,successful
385,550,Raymond Martinez,106,80000.0,sofa,furniture,online,Chennai,2026-03-03,2,NetBanking,0.2,e02061a735abe9b0b49ac07f0fb676491345a3d24a3687d096f48abc364e8b22,XXXXXX9650,successful
386,10,Tracy Olson,108,15000.0,mixer grinder,home appliances,offline,Delhi,2026-08-02,4,NetBanking,0.1,70b07ae0d2bf845affb83930306ba827cde6ea15788bb3e01eb77121d69d444b,XXXXXX9098,successful
387,808,Brandon Hicks,109,65000.0,refrigerator,home appliances,offline,Mumbai,2025-05-04,2,UPI,0.05,5a09166e01725779b05a0c424ad677ba8998f8af2bf91d2949d646f60c9f112e,XXXXXX0549,successful
388,599,David Johnson,101,250000.0,laptop,electronics,online,Mumbai,2025-06-10,1,Cash,0.05,e97d5d0431c0344f98cccf27bc733ceaeb3bab706046f5d42aad349020b9708f,XXXXXX4774,successful
389,665,Nicole Gutierrez,101,250000.0,laptop,electronics,online,Delhi,2026-03-29,1,Card,0.25,5cf3fc140302baba664a6b3d2fca5ce1126e97e0e1ee54b98b59d6c4a2ce7b8f,XXXXXX6956,successful
390,926,Lisa Reynolds,102,70000.0,phone,electronics,offline,Hyderabad,2025-11-30,4,Card,0.05,86f52346f9e98f92669200bc144a7ea20943ecad60d06cb9a599aad4d8348291,XXXXXX4840,successful
391,361,Daniel Williams,107,50000.0,dining table,furniture,offline,Delhi,2025-08-22,5,NetBanking,0.25,06ed1c24223928007b489e3359c1304c89d2ddf57eafab17375bf8ad0d7911b8,XXXXXX7366,successful
393,945,Misty Parker,102,70000.0,phone,electronics,offline,Hyderabad,2026-04-02,2,Cash,0.25,09191b02e2a048ecdb6acfe67128ac8892af0a300c9fdce59e199c28343cf749,XXXXXX8545,successful
394,164,Shawn Stewart,107,50000.0,dining table,furniture,offline,Chennai,2025-12-31,1,Card,0.1,b49023f0bee370414cd5d009ad3aa042b02b1105fb6bc41e829785165754764b,XXXXXX4854,successful
395,195,Janice Berry,103,1300.0,shirt,clothing,offline,Bangalore,2026-03-07,1,Cash,0.2,0cc8f380883273da85a91885a9fcb401a7f17de562b814ad43c6f3cefd4e2d3b,XXXXXX8500,successful
396,81,Michael Wagner,109,65000.0,refrigerator,home appliances,offline,Chennai,2025-08-09,1,NetBanking,0.3,fe30f3915ecc2c76aef29919f2d173b8fcaf90edfdb2b75764f4f4c86488a593,XXXXXX7974,successful
397,994,Amy Edwards,110,45000.0,microwave,home appliances,online,Mumbai,2025-11-23,3,UPI,0.2,51ddb947b711d62a6825287f5c59c5b6c70e0b83155cd71c0c8d8d76c7a397cf,XXXXXX0933,successful
398,953,Adam Taylor,101,250000.0,laptop,electronics,offline,Bangalore,2025-06-19,2,Cash,0.2,613707aad3a712a9d1fee83dcf472b2e97cdca39d2fb906ba5168ac5f8f20a8e,XXXXXX0391,successful
399,163,Robert Carlson,102,70000.0,phone,electronics,offline,Mumbai,2026-01-20,1,Cash,0.3,633b512f43ffe36eb80812ab61d01a121291a699ac016fd3e1202246ea426921,XXXXXX6458,successful
400,992,William Rose,108,15000.0,mixer grinder,home appliances,online,Hyderabad,2026-01-26,5,UPI,0.2,0d1e8c8c55df93f60243b1d8a5fb72de70bc1d81c2dcd79b233d3a09e9672098,XXXXXX0906,successful
401,793,Ronald Edwards,108,15000.0,mixer grinder,home appliances,offline,Hyderabad,2025-07-16,4,NetBanking,0.2,b314eb012a2468a0b7e8100f46052d9a196bbb0c1ace51016c7592dea0869523,XXXXXX7649,successful
402,222,Emily Hernandez,102,70000.0,phone,electronics,offline,Delhi,2025-12-11,2,NetBanking,0.4,36cb6b29605f90a285321306ac65b8d1dc2bae5db5f3f0c3bf6d475b13d07355,XXXXXX8256,successful
403,122,Sara Chen,105,45000.0,tv,electronics,offline,Delhi,2025-12-24,1,Card,0.25,65ae677979ef16e499dfb4f4116abc5e5b7b6b1d841c6c4e54b20e252d2772f1,XXXXXX8225,successful
404,458,Jared Lane,102,70000.0,phone,electronics,offline,Hyderabad,2025-05-04,5,Card,0.25,ba2f55088921ddc26fb09e0dd19e32c0553e9c5ab600d7b74e91ab9a6c400b8a,XXXXXX2658,successful
405,990,Carmen Bradford,109,65000.0,refrigerator,home appliances,online,Hyderabad,2025-11-22,3,Card,0.05,ed679fd2d784793a06915589f5beb9ad46003875492eb5424b4337bc9483eab0,XXXXXX4862,successful
406,53,John Bridges,107,50000.0,dining table,furniture,offline,Hyderabad,2025-07-14,1,Card,0.1,0d96493f4e42ecb00a0c478d165f9153611d69ba81d3610952c5ec165bc7c680,XXXXXX8917,successful
407,177,Barbara Weber,107,50000.0,dining table,furniture,offline,Chennai,2026-01-09,5,Cash,0.35,12df3e14843b816ac32b26861bcf8858b90063430dfbcfb98626f6c74f838c90,XXXXXX0042,successful
408,666,Emily Griffith,106,80000.0,sofa,furniture,online,Mumbai,2025-06-05,1,UPI,0.05,3cf85c8cca0dce338eb6676a2947ee64cf309b327717a3f470ad6262fcd6547a,XXXXXX4680,successful
409,566,Tina Chung,108,15000.0,mixer grinder,home appliances,offline,Mumbai,2025-06-12,3,UPI,0.15,b9833796de7f10f5c60207b13ad3f43b77e1d19f9589046a944aba09c1f4ef72,XXXXXX6511,successful
410,381,Melissa Garza,107,50000.0,dining table,furniture,online,Hyderabad,2025-06-17,5,Card,0.3,1fa83948db38c630f4d5085b30174fee8d20ade842c046524a92e4c0f51492a0,XXXXXX4306,successful
411,144,Amber Boyd,109,65000.0,refrigerator,home appliances,online,Mumbai,2025-08-17,5,Card,0.15,6453c152acffc8ba48ded2948ce3bd172798bbaa0272740e056f155459e3b8ef,XXXXXX5581,successful
412,126,Matthew Park,106,80000.0,sofa,furniture,offline,Hyderabad,2025-10-17,2,NetBanking,0.05,9d4af51c977133dac15802779ccdf53125cac1672c9274811284fc15c0a844e2,XXXXXX2576,successful
413,109,Michael Walker,101,250000.0,laptop,electronics,offline,Mumbai,2025-06-22,2,UPI,0.3,dd5e3426d5dfb69ef583ec656d7c4e4702b4cfa9a529efb7014828ec45ea3e07,XXXXXX7171,successful
414,206,Kevin Cox,105,45000.0,tv,electronics,online,Chennai,2025-08-11,4,NetBanking,0.05,a01b0cad44d64b4720bacfe59fdf29e52d8b8b60c39853f60cac11f2f51198a0,XXXXXX5408,successful
415,166,David Simmons,104,8000.0,shoes,clothing,online,Bangalore,2026-03-18,5,Cash,0.05,ce59ff42b752d588cd4da0799b29a2ef1d4f1a9e545f4d31caa61c8a40a5ab9d,XXXXXX2394,successful
416,9,Dillon Harris,105,45000.0,tv,electronics,offline,Mumbai,2026-09-02,1,UPI,0.35,d6af1438bf0339772ce6582c4479e6d78f6a3a8a6b5b3d11e0f74910483a9a8b,XXXXXX5006,successful
417,650,Michael Haynes,102,70000.0,phone,electronics,online,Hyderabad,2025-10-03,5,Card,0.1,7b235b7249967024157aafc1ac335feadd3f8fbf8f4ccdad82f77f73a376243a,XXXXXX6833,successful
418,386,Brittney Moreno,102,70000.0,phone,electronics,offline,Chennai,2025-11-10,4,Cash,0.1,97cfc39de23c414f918f244c3e2f6e07290f226790996fc78ca3787ac3da99f5,XXXXXX2269,successful
419,527,Terri Williams,110,45000.0,microwave,home appliances,offline,Delhi,2026-01-27,5,Cash,0.05,58cfc90d3b02f90fc58111cbc993f0766e06a35445372e0432253ec56fbb41be,XXXXXX1462,successful
420,377,Michael Black,108,15000.0,mixer grinder,home appliances,online,Mumbai,2025-06-04,4,UPI,0.25,e881ad21ded5da1b7bd5ea1b74cbaa9b0d52dae29fd252b42c4a48952c72987a,XXXXXX3502,successful
422,762,Linda Webb,105,45000.0,tv,electronics,offline,Mumbai,2025-09-18,3,UPI,0.35,ffc4093c94e294b2ec845ac8af2bb45c149e457809c573b438ce219d72c60295,XXXXXX1908,successful
423,770,Paul Jarvis,102,70000.0,phone,electronics,offline,Mumbai,2026-03-15,1,UPI,0.25,7df344cbac88fd26e17c87c8d420947be9ceb7f613ab28a7b3bdfb8781e2a39d,XXXXXX6027,successful
424,598,Earl Park,108,15000.0,mixer grinder,home appliances,offline,Hyderabad,2026-02-02,1,UPI,0.35,dee8bb883e810f4ca2a9d21349c1dc7c6c27e919a9cf7685570a7f4fb5e128b4,XXXXXX2355,successful
425,776,Erica Moore,107,50000.0,dining table,furniture,offline,Chennai,2026-04-09,3,UPI,0.4,02d7b3bba863795dc37ca7caaeb45da7db9891f0af205e1e7446d5d8eb9767df,XXXXXX1731,successful
427,135,Daniel Wallace,106,80000.0,sofa,furniture,offline,Bangalore,2025-06-19,2,UPI,0.4,fd2c5408f08effc1df28bd48983da63517cbd20c4d01621870ea6478ca5737b1,XXXXXX3314,successful
428,145,Michael Hendrix,101,250000.0,laptop,electronics,offline,Delhi,2025-10-11,3,Card,0.25,5c6a6c7f2c6ecc2c47a752fbed21e590c057866af9c0f8d124f389439d47a1c2,XXXXXX1396,successful
429,217,Eric Cross,101,250000.0,laptop,electronics,online,Bangalore,2025-05-14,2,UPI,0.3,5237d61b91bebbe1f34517fc22ea22dd4877b94708bdd71116c36964401ee111,XXXXXX4796,successful
431,464,Gail Wilson,101,250000.0,laptop,electronics,online,Mumbai,2026-02-01,1,Card,0.2,e2ac167500ccbba3bf08d2098fbd155787574fdd16c63e1e12ee5c8ee0f7253a,XXXXXX1338,successful
432,833,Shawn Cooper,107,50000.0,dining table,furniture,online,Chennai,2025-09-23,2,NetBanking,0.3,e8733fbd40f3a4a51a10259a9c2f0161ca67d1dcefce971015385fbbc305bd8a,XXXXXX9509,successful
433,554,Jason Myers,107,50000.0,dining table,furniture,online,Bangalore,2026-01-01,3,NetBanking,0.05,c9616f6dc85ea2cd7a2d0a11be1e9eeab4a51340077dc834cb0f5c351f130644,XXXXXX3840,successful
434,597,Paul Foster,107,50000.0,dining table,furniture,offline,Bangalore,2025-09-11,3,UPI,0.25,8b1cdb86a3cad1450a1359dc5cd63bc90eaba8a7aea175eee740c4cdfa531d84,XXXXXX0674,successful
435,291,Jerry Freeman,102,70000.0,phone,electronics,online,Mumbai,2026-11-01,2,Cash,0.05,43acd52789abe52e74310c529a680e966f532607c50fa56b744dc29495804124,XXXXXX1801,successful
436,639,James Blankenship,101,250000.0,laptop,electronics,online,Bangalore,2025-09-07,1,NetBanking,0.25,87519decd6da64c00a35917bd25fe41f0ffff9dedf330ca0253c010acdaf478a,XXXXXX9394,successful
437,82,Brittney Watkins,105,45000.0,tv,electronics,online,Hyderabad,2025-08-08,1,Cash,0.35,25c2b11e42c20dc3af0ef8c70bffed808715ac1cafd4c5d5fe0ad2614278ad7f,XXXXXX3667,successful
438,504,Victor Hendricks,109,65000.0,refrigerator,home appliances,offline,Mumbai,2025-08-05,5,Card,0.05,a90c227eb3f5bec125f2c387d00f0afca603c4e42035e687491796580983e15c,XXXXXX0307,successful
439,677,Mario Evans,109,65000.0,refrigerator,home appliances,offline,Mumbai,2025-06-14,4,UPI,0.4,641a38aff2bae7cb0f1c3ec1a2c23acfb1b2ee9b472f48f9b03bc0cf0ff974f7,XXXXXX0125,successful
440,445,Steven Byrd,110,45000.0,microwave,home appliances,online,Chennai,2026-01-01,5,Cash,0.05,cb5994c495e8ab55f26d19df3fa20b79ed6f557b50fdee721f3556658823c264,XXXXXX6124,successful
441,701,Dylan Stanley,109,65000.0,refrigerator,home appliances,offline,Mumbai,2026-01-29,3,Card,0.25,974f7f67495c81357ec6b5b9421599edf04b9dba6cec20b26ef38adcf9d5ad0e,XXXXXX1562,successful
442,65,Sarah Jackson,108,15000.0,mixer grinder,home appliances,offline,Mumbai,2025-12-08,3,Card,0.2,ad09dfc07bf62df93f81352272311eb547ed8db76af651f974c4695fba95209d,XXXXXX7407,successful
443,20,John Marshall,103,1300.0,shirt,clothing,offline,Chennai,2026-01-01,5,UPI,0.05,fcb48cf55cd822f31638d53f56afe73065a371c0f7fd8ee07c442a6cf7e4954a,XXXXXX1116,successful
444,905,Katie George,104,8000.0,shoes,clothing,online,Hyderabad,2025-07-08,3,UPI,0.15,60ee388dcd89cabe35d66ac6cdc19bdc2e0764f9b000bdf2b1bb1baff8fd6939,XXXXXX2952,successful
445,68,Stephanie Scott,106,80000.0,sofa,furniture,online,Chennai,2025-11-16,2,Card,0.4,bbf7a51d290e848b37e92d84722fc2445a20afa651b1cb891d942d9ba1f6d8cb,XXXXXX0889,successful
446,800,Ricardo Arnold,104,8000.0,shoes,clothing,online,Hyderabad,2025-07-26,3,Card,0.2,49c876b945f6a197cb0c7af6ae9e1be1bc24a457b4886c5360746bf19dfb6a75,XXXXXX8877,successful
448,364,Kelly Graves,108,15000.0,mixer grinder,home appliances,offline,Bangalore,2026-01-28,1,Card,0.3,72120a480226289750b248cb09ce58347c57737b11e4d484dcff5d9fc422026c,XXXXXX0043,successful
449,939,Megan Tran,109,65000.0,refrigerator,home appliances,online,Hyderabad,2025-08-10,4,Cash,0.3,3a41fcf9e0a4af7c7c6d6430212e7e287de0012479c6d73b5c5474b99e3923bb,XXXXXX9384,successful
450,76,Cindy Lewis,105,45000.0,tv,electronics,online,Chennai,2025-09-17,2,NetBanking,0.1,ed29090e1794416eed67ba5f72dd3d7f763ca71a8c1d7525972b8a25333ea3cd,XXXXXX9866,successful
451,191,Megan Nguyen,105,45000.0,tv,electronics,offline,Bangalore,2026-01-24,3,UPI,0.4,5782d17758095f696a4c8bd6dc66f2d3a9fa89962e12ec8a08a50613776f4f6b,XXXXXX9888,successful
452,215,Crystal Aguilar,103,1300.0,shirt,clothing,offline,Mumbai,2025-03-07,4,Card,0.15,e09d7b327f4e1686347bf500493ee805799de0ee48318320d2e16ea64e5c57c2,XXXXXX5910,successful
453,382,Billy Ramirez,108,15000.0,mixer grinder,home appliances,offline,Mumbai,2025-09-06,1,Card,0.25,17dac5693954bfe4c1a96dcf261ecf3606b4aa7b9c5196ba9736b33a862b1ef4,XXXXXX3185,successful
454,185,Sarah Cohen,108,15000.0,mixer grinder,home appliances,offline,Mumbai,2026-01-01,1,NetBanking,0.3,333c07cb15baa993691251d3221c465a9cee192e36c5c946146df7ef23c02a20,XXXXXX4728,successful
455,516,Brittany Roberts,108,15000.0,mixer grinder,home appliances,online,Hyderabad,2025-11-03,4,Cash,0.05,76b48549391dbcc08ff0b44e642bdc5e2aff8531044ba139d91b609d81dce037,XXXXXX7057,successful
456,622,Hannah Bell,108,15000.0,mixer grinder,home appliances,online,Chennai,2025-09-11,3,UPI,0.05,f9a7b53c5a0c8bffbb60f208d576478ea8350650f24caa62f5eebede496e680c,XXXXXX1523,successful
457,985,Lindsey Rivas,104,8000.0,shoes,clothing,offline,Bangalore,2025-09-13,3,UPI,0.3,352b1643ccf0cef45629575bebd6fa37bdc5d8b51dc8809a2e72a4f41bb51654,XXXXXX9056,successful
458,574,Carl Barrera,106,80000.0,sofa,furniture,offline,Bangalore,2026-02-20,2,Cash,0.3,65bac5b5f62828c20a2a15fdbae86d939aadd4d6b4647e3d96933a9d54ec8229,XXXXXX6775,successful
459,31,Lisa Velazquez,102,70000.0,phone,electronics,offline,Bangalore,2025-03-08,5,Card,0.35,743cf88309ecb2bc02cb564d800a6cb470bff4da10b69ed7d2c745b6081fd7ed,XXXXXX5435,successful
460,900,Gary Phillips,103,1300.0,shirt,clothing,online,Bangalore,2025-06-10,1,Card,0.15,3abfea9493531af3494a22149b667ba0a0280c9d4e29991e4b03af05887544db,XXXXXX4646,successful
462,116,Doris Banks,102,70000.0,phone,electronics,offline,Delhi,2025-09-17,2,Card,0.25,0ab053522f3e30c644abf74fd2cce89243b25a4fbe2daf1d08b62910de7a182e,XXXXXX6106,successful
463,121,Deborah Vang,105,45000.0,tv,electronics,offline,Delhi,2025-10-25,2,Cash,0.35,48c600cec01cf4c4e8c3500fdfe07308c8cd3198b9bd950ccad019d18a92159d,XXXXXX7407,successful
464,963,Laura Stevenson,104,8000.0,shoes,clothing,online,Chennai,2026-02-16,5,NetBanking,0.15,b995779805ba57ae0d0e4136fb34a113efe083fe02c7d0d15e37eaaf1dee960d,XXXXXX4205,successful
465,425,Lindsay Buchanan,102,70000.0,phone,electronics,online,Hyderabad,2025-08-13,5,Cash,0.05,b7a2e0353ae0edc0414ca897ae4eed9e589d4be43a8ebce0f9bd271f95da4327,XXXXXX1779,successful
466,97,Joseph Nolan,109,65000.0,refrigerator,home appliances,offline,Bangalore,2025-08-04,5,Cash,0.4,fc3683a5d6f99fdecf3be7fb548a53f44b4d7abc5e033d26239453e8bdf0f6f3,XXXXXX3593,successful
467,375,Jessica Harrell,101,250000.0,laptop,electronics,online,Chennai,2025-08-27,2,NetBanking,0.3,ee06e7a6761bcfc1745da93f8febc6967f03f6b0bc71565abb9c03d6f2bf4199,XXXXXX3067,successful
468,322,Allison Foster,109,65000.0,refrigerator,home appliances,offline,Bangalore,2026-02-28,4,Card,0.2,5ff3a34393adaf6d3874cba884ad0436a0940b9089db8a19a715cef1196982a9,XXXXXX7370,successful
469,902,Logan Reyes,106,80000.0,sofa,furniture,online,Mumbai,2025-11-15,1,NetBanking,0.4,4328f316f8c609f91085cb65a5f9884ab09a374c63a729c24b348407b44eff8d,XXXXXX2031,successful
471,548,Jesse King,106,80000.0,sofa,furniture,online,Mumbai,2026-04-03,1,UPI,0.15,525da10228f4d7aec9323c70e9c6bf454a59d2e542db2987cac25ff0e353ef16,XXXXXX3975,successful
472,147,Rebecca Wallace,101,250000.0,laptop,electronics,offline,Chennai,2026-03-15,4,Cash,0.4,3b797168cf9444723183e522e77afd571258e3d55fa78a66bb95fc32e9559361,XXXXXX9262,successful
473,877,John Warren,109,65000.0,refrigerator,home appliances,offline,Hyderabad,2026-01-28,3,NetBanking,0.35,9f002ac63381289e8bbf21e59081952489e54f9ddacaba336b3609bc6234070e,XXXXXX0546,successful
474,633,Julie Jackson,103,1300.0,shirt,clothing,online,Delhi,2025-08-01,5,Cash,0.05,812914589c86f9387a3bbbe3486405a0cc95f00fd0708ecc66ca43a96564d053,XXXXXX3701,successful
476,351,Brandi Meyer,102,70000.0,phone,electronics,online,Bangalore,2025-04-11,2,UPI,0.4,ee0d5607ff000ef0cae94e8e8ee10e32d740cd2f55c87f4bbc819f077f69ae8c,XXXXXX5343,successful
477,305,Zachary Cabrera,101,250000.0,laptop,electronics,offline,Delhi,2025-04-24,1,Cash,0.35,daa13b369137878266ad9a441873086bc1f99730ddbe4d135c9421d4d6c4612f,XXXXXX3696,successful
478,182,Kathleen Castro,108,15000.0,mixer grinder,home appliances,offline,Hyderabad,2025-04-22,2,NetBanking,0.25,b968291086a95323d5bba7d5a446dfa484cd63bf57e8e25fc7e2bf74b5720cd9,XXXXXX9367,successful
480,15,Robin Ray,101,250000.0,laptop,electronics,online,Chennai,2025-12-07,2,Card,0.05,fc075d18e93a753f07de8e0f3294d6274a18f991e0945c849ca451c005ad68bd,XXXXXX1348,successful
481,724,Kimberly Winters,108,15000.0,mixer grinder,home appliances,offline,Chennai,2025-06-26,5,Cash,0.25,0ff3b92ed6c76c752922d8cdaeed55063b97e67c56d8f36acf0d634dee9fc08b,XXXXXX1493,successful
482,246,Franklin Carlson,101,250000.0,laptop,electronics,online,Delhi,2025-12-25,4,Card,0.2,785a2535b90fdf4dcfec9899cff7023cb1a639fb8e4855ac93c768821a63ad64,XXXXXX5377,successful
483,853,James Guerrero,109,65000.0,refrigerator,home appliances,online,Mumbai,2026-08-04,4,UPI,0.25,12d362225a57b02c41b04690acb8d6bf03df1ffa2f202a9820efa1dfd5cd8575,XXXXXX4649,successful
484,45,Tasha Baker,103,1300.0,shirt,clothing,offline,Delhi,2025-05-01,4,NetBanking,0.05,9ee2bff76016cc468aedfc4602a2ba1039731a1ba142ccf1a98572cf79cf3dd1,XXXXXX5843,successful
485,208,Matthew Berry,102,70000.0,phone,electronics,online,Hyderabad,2025-08-04,1,Card,0.3,1550a4a4ab3b8cfd37226773007703236bd8b1202cf5404128837db31ea46945,XXXXXX8727,successful
486,787,Lauren Wallace,105,45000.0,tv,electronics,online,Hyderabad,2026-02-22,1,Card,0.3,77e348763d3f4e0523e04a6b7e3f7eab1a28056f1221cb9860a33dbe241a8735,XXXXXX9267,successful
487,272,Gary Gilbert,105,45000.0,tv,electronics,offline,Delhi,2025-09-19,5,Cash,0.35,e0471c235dff29d88768d221ce9af10d5a285cd734b5217f3b30a71f4a2f44f0,XXXXXX6225,successful
488,112,Bill Maldonado,109,65000.0,refrigerator,home appliances,online,Mumbai,2026-03-07,1,Card,0.05,3e1ac8e2f277b83d57b0a67324636c3e37bad56f2f1f7e6ca3d9f707db9e317f,XXXXXX1130,successful
489,111,Alyssa Mitchell,104,8000.0,shoes,clothing,online,Hyderabad,2025-04-29,5,UPI,0.3,4e95d1b9c6953645eeac987c15df56f143fc41e2c93a58d25d023aade5f10dbd,XXXXXX2386,successful
490,21,Andrea Ford,110,45000.0,microwave,home appliances,online,Hyderabad,2025-05-17,4,UPI,0.4,353b7a2bacc82a9c6d24d90622f74cdc35cdbe9a2b01ead4fe1ae2ae645200c9,XXXXXX1011,successful
491,62,Sarah Park,102,70000.0,phone,electronics,offline,Delhi,2026-01-17,3,UPI,0.3,04d572a92cd8dd6dd750847bab4e96342f1b7b62d7ac9c9f7b6af8dfb89bcf71,XXXXXX5051,successful
492,741,Carla Spencer,103,1300.0,shirt,clothing,offline,Hyderabad,2025-06-05,2,Cash,0.25,34f50ad2b79602ad5dcd12458509969e1eb2f01bfc7431490f8cd666831501ee,XXXXXX6102,successful
493,840,Veronica Ashley,104,8000.0,shoes,clothing,online,Delhi,2025-08-22,1,Card,0.15,ee2f58209125cd568d074d8b9b7f72432da124650edcf2151d18c9ce5925586f,XXXXXX9830,successful
494,860,Christine Maddox,101,250000.0,laptop,electronics,online,Mumbai,2026-02-19,2,NetBanking,0.2,50c9bc5c800bf0ffa326fe904ed5bc0b88f25fdfe0cb0e9d0d4c07d3174063fa,XXXXXX0175,successful
495,293,Luke Cummings,106,80000.0,sofa,furniture,online,Hyderabad,2025-06-08,2,Card,0.1,05975e0919aa17c67ef5be8b9cae08c5c030890dc456449eae384747b31bfc30,XXXXXX4761,successful
496,481,Valerie Phillips,103,1300.0,shirt,clothing,online,Chennai,2025-10-30,1,NetBanking,0.4,924f9c219200eca55869d895a975b2e187e682ba279e90dc9b55ef22310e6019,XXXXXX6027,successful
497,118,Tammy Harding,107,50000.0,dining table,furniture,online,Mumbai,2025-05-27,4,NetBanking,0.2,f823aef5a0562ad44860102cc25c598c7c2229af590fd957922c08a5d25f951b,XXXXXX0733,successful
498,165,Rebecca Hays,110,45000.0,microwave,home appliances,online,Hyderabad,2026-02-02,3,Card,0.2,adcad24a737e5808b499cea626a157c72f243eeb572e930e3999398d54f7ecad,XXXXXX1179,successful
499,396,Connie Edwards,109,65000.0,refrigerator,home appliances,online,Hyderabad,2025-04-09,2,NetBanking,0.25,24f73d8ad939bc7941856a702f9fef87a180767e01fd86494f34b6da85b314de,XXXXXX5987,successful
500,821,Margaret Parker,103,1300.0,shirt,clothing,offline,Delhi,2025-06-05,3,UPI,0.05,efc2bdddd854f7da3a79df19ee931e34b5b87d5465ea9c1520b94b44af3b473a,XXXXXX7968,successful
501,16,Cesar Dean,103,1300.0,shirt,clothing,offline,Bangalore,2025-05-03,3,Cash,0.2,e9921811fdd4ce066b7c5824562a61c9e947e7166c6717929e2e8529a5b486c8,XXXXXX5103,successful
502,533,Andrew Riggs,101,250000.0,laptop,electronics,offline,Chennai,2025-07-05,1,UPI,0.2,9e727158aae95d09f4aeec7fe910dd73b98dc2386ef0b189e98ee397e1257480,XXXXXX0577,successful
503,434,Robert Sosa,103,1300.0,shirt,clothing,offline,Bangalore,2025-08-01,4,UPI,0.15,b054e80e6fc9410eb751330d1a64925c862c94f2e58c0375c7d003d21b7cf20f,XXXXXX2630,successful
504,348,James Nash,109,65000.0,refrigerator,home appliances,online,Chennai,2026-03-23,1,NetBanking,0.15,d267e2659aadead31909b31b81ead73645ac2e7a5910a96f039e54f76a297d74,XXXXXX6437,successful
505,349,Joel Baker,103,1300.0,shirt,clothing,online,Bangalore,2026-01-20,5,Cash,0.35,3a9445c9c51ea5d7d95f3471023ffffa0666a126c05605fa39a3dc12e0f2cf2a,XXXXXX8393,successful
506,757,Yvette Clark,106,80000.0,sofa,furniture,offline,Hyderabad,2025-05-31,2,Cash,0.4,fb83e27ab1213d4d5e5851d2d484c4c7ccf0287f07aa72434328697fb67265cc,XXXXXX6334,successful
507,560,Anthony Lawrence,109,65000.0,refrigerator,home appliances,online,Hyderabad,2025-05-21,3,NetBanking,0.05,ab06975a3ca9f219c529cd26a6c4eed9001bd4b69e079c1ce58eef6523296acc,XXXXXX7287,successful
508,514,Joshua Cummings,107,50000.0,dining table,furniture,offline,Chennai,2025-04-29,5,NetBanking,0.3,1f0ee252057af91bc5f8db0a11904a0d46be53eb016efb2bb9f46b6958e06128,XXXXXX8341,successful
510,704,Susan Thomas,106,80000.0,sofa,furniture,offline,Chennai,2026-02-13,4,UPI,0.25,d0eaa2e61d6d7ea439efb1f67011431e81c3a1344bb32bc2caefac78e9bea049,XXXXXX6032,successful
511,2,Steven Evans,106,80000.0,sofa,furniture,offline,Delhi,2025-09-13,3,UPI,0.4,a6c45101e45fecc6ce25041fc13a69d13c16e5ec020f7349067bd0d00783c948,XXXXXX2287,successful
512,123,Trevor Sharp,101,250000.0,laptop,electronics,offline,Mumbai,2025-04-30,3,UPI,0.25,0f1f6a65a7c67b7165ac46afdc77f5d3c47b1e77b71121c710b418cdef37c43c,XXXXXX8457,successful
513,233,Jacqueline Thomas,102,70000.0,phone,electronics,offline,Chennai,2026-02-12,1,NetBanking,0.4,b0363be5c8839099fe04aa47bd09c12a638d4dd10c47b2cb912a030f3ea4a887,XXXXXX5195,successful
514,709,Mike Roberts,103,1300.0,shirt,clothing,offline,Hyderabad,2026-04-07,4,NetBanking,0.15,ef943fae8a173f5adfdc9ee0c56d587d99983a00c68174e51c8cd4fffe84aea2,XXXXXX5792,successful
515,73,Anthony Gonzalez,109,65000.0,refrigerator,home appliances,offline,Mumbai,2025-06-12,5,UPI,0.25,1be6c94faf6ccf32c776a42bef47cefd4a92aa3fe13648ebd10ee99ec2a731e8,XXXXXX9312,successful
516,808,Brandon Hicks,103,1300.0,shirt,clothing,online,Mumbai,2025-05-29,1,NetBanking,0.35,5a09166e01725779b05a0c424ad677ba8998f8af2bf91d2949d646f60c9f112e,XXXXXX0549,successful
517,102,Jennifer Rodriguez,109,65000.0,refrigerator,home appliances,offline,Mumbai,2025-05-11,2,Cash,0.2,469ceb3782b94a37a16f500286d034454f326383e7215dcda5f987e7bae60816,XXXXXX4588,successful
522,677,Mario Evans,108,15000.0,mixer grinder,home appliances,online,Mumbai,2025-08-28,2,UPI,0.1,641a38aff2bae7cb0f1c3ec1a2c23acfb1b2ee9b472f48f9b03bc0cf0ff974f7,XXXXXX0125,successful
523,220,Maria Walker,102,70000.0,phone,electronics,offline,Bangalore,2026-12-04,3,Card,0.4,c76ab918524edd26ba90c27092cb6025cd4ad445a8034e1a744a3c8e2c6bcb70,XXXXXX5210,successful
524,298,Ryan Massey,105,45000.0,tv,electronics,online,Delhi,2026-04-10,3,Card,0.2,f2df03e7510fbf2bd2fe7fa98c6a0cefdff3fdf3bdc154ccc61b80be5b1e5709,XXXXXX7586,successful
525,537,Ernest Meyers,109,65000.0,refrigerator,home appliances,online,Delhi,2025-10-17,1,Card,0.1,18fe93fa2346775ac0ce55d2f5db973831cf7d53c23b88c17316de9b1b763a3b,XXXXXX9488,successful
526,742,Wesley Davis,105,45000.0,tv,electronics,online,Delhi,2025-05-28,2,Cash,0.35,5b9633b24f3672c78120c26037eec1569a5d34806f7343c73a785979d0a3ecc0,XXXXXX9946,successful
527,217,Eric Cross,106,80000.0,sofa,furniture,offline,Bangalore,2025-08-24,3,NetBanking,0.35,5237d61b91bebbe1f34517fc22ea22dd4877b94708bdd71116c36964401ee111,XXXXXX4796,successful
528,503,Lauren Thomas,104,8000.0,shoes,clothing,offline,Delhi,2025-11-09,3,UPI,0.15,82d934e9f2b2dcff0b75b2a60e89375c142fdaa298802493adc28b11ff5732f6,XXXXXX4143,successful
529,896,Tara Church,104,8000.0,shoes,clothing,online,Mumbai,2025-12-26,4,Cash,0.35,e199d2896181d7cf1af749619198b2c53623518f768b316576eeb0305b9ead34,XXXXXX0847,successful
530,274,Joseph Parker,110,45000.0,microwave,home appliances,online,Bangalore,2025-07-19,1,UPI,0.1,48aa520cac435014d8e490321859cf36e2659250a6589143269569102e2a6812,XXXXXX9206,successful
531,853,James Guerrero,102,70000.0,phone,electronics,offline,Mumbai,2025-05-03,1,Cash,0.3,12d362225a57b02c41b04690acb8d6bf03df1ffa2f202a9820efa1dfd5cd8575,XXXXXX4649,successful
532,620,Alexander Meyer,107,50000.0,dining table,furniture,offline,Mumbai,2025-06-19,4,UPI,0.2,58df4a025ecd1f67650a5bf628a920fd353d9bcacb607178214845ca70638a1e,XXXXXX8157,successful
535,586,Michael Mason,108,15000.0,mixer grinder,home appliances,offline,Delhi,2025-05-04,1,UPI,0.15,6800c67372141360b00ba423cffb9efcc1d3cb5810cff170c76779dfa505ebdc,XXXXXX8672,successful
536,907,Jeffrey Mccall,102,70000.0,phone,electronics,online,Hyderabad,2026-05-04,1,Card,0.15,47fe75e59d0acad1a49942fafcf906362be00efb29f89ec160b18122249d3174,XXXXXX4650,successful
537,826,Ryan Wade,109,65000.0,refrigerator,home appliances,online,Mumbai,2025-06-25,3,Card,0.4,42eb9d54757c6d51abff66e391a76e95095bafa05ead77bc100d0f5e6a89c1eb,XXXXXX3000,successful
539,763,David Howard,104,8000.0,shoes,clothing,offline,Delhi,2025-07-05,1,Cash,0.35,63243b95cc98e32e940dcf88ef6afda17654f3e50c9412fe53075bc596129b10,XXXXXX3189,successful
540,123,Trevor Sharp,110,45000.0,microwave,home appliances,offline,Mumbai,2025-07-29,2,NetBanking,0.35,0f1f6a65a7c67b7165ac46afdc77f5d3c47b1e77b71121c710b418cdef37c43c,XXXXXX8457,successful
541,719,Michelle Bates,104,8000.0,shoes,clothing,offline,Chennai,2025-09-18,5,UPI,0.15,c36ea3050de8a479e41289995616e682f0ef4124aef963c089029f0ccbd30ff4,XXXXXX4312,successful
542,240,Traci Farmer,104,8000.0,shoes,clothing,offline,Bangalore,2025-07-23,2,Cash,0.25,4b3448fdf01b1e264b5254030babf8b4ac1042d8873b8d59df19eafba171dc54,XXXXXX1925,successful
543,841,Diane Gomez,109,65000.0,refrigerator,home appliances,online,Delhi,2025-12-03,1,Cash,0.1,063d06dea20c50fe718018335d79abc7dcee2291b631f2321d45ea5824566c79,XXXXXX2222,successful
544,513,Brandon Sims,110,45000.0,microwave,home appliances,offline,Chennai,2025-12-15,3,UPI,0.15,51f1cbbcc3dc7c87cb52241b4278fddf066e18c9bf8c9a83ec9631cd1a85d9fe,XXXXXX7219,successful
545,459,Jason Moreno,105,45000.0,tv,electronics,online,Mumbai,2025-05-11,2,NetBanking,0.05,ec0eed02314dcee52b4be2470f59547e7c3d3c402912b9635e4d55d327aedf2f,XXXXXX2001,successful
546,647,Michelle Conway,107,50000.0,dining table,furniture,online,Chennai,2025-10-23,3,Cash,0.1,d3994be131c88b29ab7e545fad47a57ba24fdee3aac21457787edfaa61dc5790,XXXXXX9105,successful
547,227,Tracey Garcia,106,80000.0,sofa,furniture,online,Bangalore,2025-11-23,4,Card,0.25,0886d39fbead9b166c433edfd15e49260490dbaee3d9d015851ef630af5c9c41,XXXXXX6120,successful
548,618,Alan Torres,106,80000.0,sofa,furniture,online,Chennai,2025-09-21,3,NetBanking,0.1,3c4a253fedb370c969f1d7bb815eb1bd3e05ca768a5381eae01ce92957eca220,XXXXXX3305,successful
550,990,Carmen Bradford,101,250000.0,laptop,electronics,offline,Hyderabad,2025-09-23,5,Cash,0.2,ed679fd2d784793a06915589f5beb9ad46003875492eb5424b4337bc9483eab0,XXXXXX4862,successful
551,911,Kelly Le,108,15000.0,mixer grinder,home appliances,offline,Delhi,2026-03-01,3,UPI,0.2,cbffc93beafe626b9849d01039f0c856849d8832f104e0d4fce7b804e015318b,XXXXXX5769,successful
552,3,Marc Carter,105,45000.0,tv,electronics,offline,Delhi,2025-05-27,4,Card,0.2,747c60e9adac7109c248d804340bb8e1c9574482ac6265dac411a39e2636e1d9,XXXXXX4372,successful
553,354,Krista Oliver,102,70000.0,phone,electronics,offline,Delhi,2025-08-20,5,UPI,0.2,94d4e2582bdc9ff615815556f9428495ad4689508c218a53ea7e0fbb5ec8f7fd,XXXXXX0416,successful
554,203,Samantha Wells,103,1300.0,shirt,clothing,online,Hyderabad,2026-01-27,5,Cash,0.25,9947078859e29abc53f69cd9c3581706313b8d7d0a270b1a4b8efd0a2022a06c,XXXXXX2545,successful
555,259,Kevin Ramirez,105,45000.0,tv,electronics,online,Hyderabad,2025-08-19,1,Card,0.35,f81e5f075377d81bf399e8869699aeceffd18d4373a9715392631db90139dee8,XXXXXX8185,successful
556,245,Brittany Harris,105,45000.0,tv,electronics,online,Delhi,2026-02-01,3,Cash,0.05,ad4e4b95c0b8ae8dec41dca6f3906bc73c09fed74271e0a38ef5244f61a80ead,XXXXXX3697,successful
557,513,Brandon Sims,110,45000.0,microwave,home appliances,offline,Chennai,2025-12-30,1,NetBanking,0.25,51f1cbbcc3dc7c87cb52241b4278fddf066e18c9bf8c9a83ec9631cd1a85d9fe,XXXXXX7219,successful
558,650,Michael Haynes,108,15000.0,mixer grinder,home appliances,offline,Hyderabad,2026-07-01,3,Cash,0.2,7b235b7249967024157aafc1ac335feadd3f8fbf8f4ccdad82f77f73a376243a,XXXXXX6833,successful
559,482,Nathaniel Montes,102,70000.0,phone,electronics,offline,Chennai,2025-09-14,5,UPI,0.35,070284d69cebaba0f34a9ab26d4c80599497c6ca3429b51431fe18a8b6e598b8,XXXXXX3012,successful
560,878,Sarah Brown,110,45000.0,microwave,home appliances,online,Chennai,2025-06-28,2,NetBanking,0.15,7bbe566abde868222ad2f5a0147ea44df8ebb6d4e210d2b9ab338eec2b08ca0e,XXXXXX2098,successful
561,984,Janet Long,108,15000.0,mixer grinder,home appliances,online,Bangalore,2025-11-01,3,UPI,0.3,07cef015b740fea3058efb3edfb55aacc940fc0b06ef810c377f88692fa408c3,XXXXXX6095,successful
562,846,Chris Garcia,101,250000.0,laptop,electronics,online,Hyderabad,2025-01-10,3,NetBanking,0.25,d839d7118047ab5dff4427101725c4ba59e0ae6cd0053aa87b863517f77574a8,XXXXXX9191,successful
563,849,Mark Carson,110,45000.0,microwave,home appliances,offline,Bangalore,2025-10-19,5,Card,0.35,ba8971ac493bed24381da2e7c8bd71398f1f2c01d59ddab865c39af03312657d,XXXXXX3725,successful
564,847,Eric Mejia,108,15000.0,mixer grinder,home appliances,offline,Delhi,2026-03-26,5,UPI,0.2,ac97b4c4e4e390c7f963fb5afbe0cb21f9ee5ae07d737bf18f6b401914821365,XXXXXX1886,successful
565,758,Nichole Jones,107,50000.0,dining table,furniture,offline,Chennai,2026-01-04,5,Cash,0.4,619d4c2306021529d41a2f1dadbf7cac66747afac77fc6ec6eb547402c385dba,XXXXXX6772,successful
566,267,Scott Price,102,70000.0,phone,electronics,online,Delhi,2025-06-06,1,Card,0.1,5279839c2ca895760f8cd1fb9474739c48c9d59b9da2013bd8113b53d94eaa8f,XXXXXX0629,successful
567,313,Mary Lowe,107,50000.0,dining table,furniture,offline,Delhi,2025-12-27,4,Cash,0.05,27880315cca11c389b4fc55c28781f1e3bfe5f32981b001e4879d996be3ee6ba,XXXXXX2640,successful
568,945,Misty Parker,101,250000.0,laptop,electronics,offline,Hyderabad,2025-06-03,4,UPI,0.35,09191b02e2a048ecdb6acfe67128ac8892af0a300c9fdce59e199c28343cf749,XXXXXX8545,successful
569,132,Ronald Harrison,107,50000.0,dining table,furniture,offline,Delhi,2025-12-23,5,UPI,0.15,a8d0ba99792e8afe98eae9d1df6159782db9148aac4a548446f49a3d59e5b05f,XXXXXX5967,successful
570,654,Amy Ramos,105,45000.0,tv,electronics,online,Chennai,2025-12-11,1,Cash,0.15,a59da6d61b4c0ee5bc5f5a976d70344305dc9ff8872e14ab0e54eec9e26aaccb,XXXXXX2859,successful
571,714,Scott Lane,108,15000.0,mixer grinder,home appliances,offline,Mumbai,2025-12-25,2,Cash,0.2,ecc28f19e00519f5a3ca5ca5b69480dd9df6643a3b2842fc51263f3cdee3a003,XXXXXX4950,successful
572,989,Jason Huerta,102,70000.0,phone,electronics,online,Chennai,2026-01-09,1,Cash,0.3,ca01b3776da49595034b90d569bf37f772e29ed76801bd2b47f4bc97ad5cb6b4,XXXXXX4162,successful
573,756,Juan Mata,104,8000.0,shoes,clothing,offline,Bangalore,2026-01-21,2,Cash,0.4,0e08248b1952bf56f12aa2dbcf1a9743a2077b7d5bf13ac617308d3f527d1da2,XXXXXX4818,successful
574,600,James Schaefer,103,1300.0,shirt,clothing,offline,Chennai,2026-03-16,2,NetBanking,0.05,d267e2659aadead31909b31b81ead73645ac2e7a5910a96f039e54f76a297d74,XXXXXX4220,successful
575,835,Juan Watkins,108,15000.0,mixer grinder,home appliances,online,Delhi,2025-07-04,3,Cash,0.3,c7c332cf10df7af299697c6e03a82aa6fb34908c69ab94ea0fe3f00a3d8b8d47,XXXXXX2580,successful
576,434,Robert Sosa,101,250000.0,laptop,electronics,online,Bangalore,2026-02-07,1,Card,0.4,b054e80e6fc9410eb751330d1a64925c862c94f2e58c0375c7d003d21b7cf20f,XXXXXX2630,successful
577,620,Alexander Meyer,107,50000.0,dining table,furniture,offline,Mumbai,2025-07-07,5,Card,0.35,58df4a025ecd1f67650a5bf628a920fd353d9bcacb607178214845ca70638a1e,XXXXXX8157,successful
578,53,John Bridges,107,50000.0,dining table,furniture,online,Hyderabad,2025-10-07,2,NetBanking,0.15,0d96493f4e42ecb00a0c478d165f9153611d69ba81d3610952c5ec165bc7c680,XXXXXX8917,successful
579,250,Steven Baker,109,65000.0,refrigerator,home appliances,offline,Mumbai,2025-06-17,1,UPI,0.1,3d2e3218b62f18681a604b70ea687572f66227f7969d86ef9e9c25be22b8fcc4,XXXXXX5024,successful
581,440,Tracy Sheppard,105,45000.0,tv,electronics,offline,Hyderabad,2025-11-24,1,Cash,0.35,6f59796303068fc280d79a713121e24aa075b6fe648191206affed7e6521133f,XXXXXX3396,successful
582,500,Katelyn Garza,108,15000.0,mixer grinder,home appliances,online,Bangalore,2025-07-22,4,Card,0.4,d3cac2c4d94dc93331a8671f4e705d93991e789d7da5a9ac15a812985b6fcc04,XXXXXX0083,successful
584,774,Antonio Evans,107,50000.0,dining table,furniture,online,Hyderabad,2026-01-14,3,Card,0.25,eff10c82064736299a4a97c53f83ba6e4234dc7ada8c52642eaa6b4d8d275289,XXXXXX7042,successful
585,845,Sara Smith,109,65000.0,refrigerator,home appliances,online,Chennai,2026-01-08,4,Card,0.2,b7b1e934efd61e751e05f496ca45a16459c27296e3ba828c0cbee46f0c3534eb,XXXXXX0226,successful
586,940,Nicole Briggs,101,250000.0,laptop,electronics,offline,Chennai,2025-08-09,5,Cash,0.35,49dae1c6c61cb68add3476765f3caeea6052af0a2550af2cce7d2d18779e572e,XXXXXX0293,successful
587,353,Rachel Velasquez,102,70000.0,phone,electronics,online,Bangalore,2026-03-02,1,NetBanking,0.35,6c83d7483a1eaf23a076da56e9a08b263b68eb86148107636da41e698b3c21ba,XXXXXX5596,successful
588,814,Donna Bennett,103,1300.0,shirt,clothing,offline,Hyderabad,2025-12-28,4,NetBanking,0.15,3d396594237e25e4176d615a14fa7772270234550886cafa3e1e0fed31aa5b24,XXXXXX2067,successful
589,745,Jennifer Weeks,105,45000.0,tv,electronics,online,Hyderabad,2025-06-07,4,Cash,0.35,badc3e46ccdf90c2e5cb1170bdad31cfb226bc70313755e2a2a7323fc3458672,XXXXXX2095,successful
590,584,Stacie Jones,101,250000.0,laptop,electronics,offline,Chennai,2025-06-30,5,Cash,0.1,0953f4f5c3f844d30e5b4aec2535d4e2ab45fe6cc9db77eda74b1618d1295b26,XXXXXX2693,successful
592,154,Michael Smith,107,50000.0,dining table,furniture,online,Chennai,2025-06-28,2,Cash,0.3,d8958404f26ef69cb6360f7015fca986ef8ff3b9002b657d2e724f1b4fd44fde,XXXXXX4650,successful
593,280,David Morales,104,8000.0,shoes,clothing,online,Delhi,2026-02-12,4,UPI,0.15,f11f8efc1cc667d06bf4d4d74f7c3e21db9b9caad2a3aad9fe51520e6c98a806,XXXXXX1730,successful
594,256,Nicole Williams,102,70000.0,phone,electronics,offline,Chennai,2026-02-17,3,Cash,0.3,23f282bd744c97705ad26bcf56a6d8c77539f407c2457adf39ae0014fe17b9b4,XXXXXX1732,successful
595,104,Amanda Castillo,108,15000.0,mixer grinder,home appliances,offline,Hyderabad,2026-03-28,1,Cash,0.05,5e6f5536a427d3fbd6ea71f1c859a2295451d6abc5d077109d81857dea0e543a,XXXXXX9548,successful
596,39,Megan Jones,105,45000.0,tv,electronics,offline,Hyderabad,2025-05-28,4,Card,0.25,ae21c7526e40956821da89d78b2a12d0153aaa824ae52d04417336788cd92ddb,XXXXXX0686,successful
597,638,Kaitlyn Reed,110,45000.0,microwave,home appliances,offline,Bangalore,2025-08-08,1,NetBanking,0.15,9377a12deff95b3939bc7e81ca44d337752bfac1bc01af00976b9b51024df80a,XXXXXX2113,successful
598,205,Renee Harris,108,15000.0,mixer grinder,home appliances,online,Mumbai,2025-09-12,2,Card,0.25,7e03139a80880ae8285b8e3c9360bab40a133452ea9df04075006e9c4677c702,XXXXXX1150,successful
599,592,Timothy Medina,105,45000.0,tv,electronics,offline,Delhi,2025-05-11,1,Cash,0.4,cd9282215d61733f3e44cbecd97ece549a11194632475037329882d94141cc4c,XXXXXX8501,successful
600,676,James Sanders,102,70000.0,phone,electronics,online,Bangalore,2025-10-26,5,Cash,0.3,0911a539764d0f3e8c9f5f05b0490133ecd4406f82451f8967775e7c2c4a8591,XXXXXX6646,successful
601,468,Sonya Watts,110,45000.0,microwave,home appliances,online,Mumbai,2026-03-25,2,Card,0.05,c68b2338207f43f2ec932a93450a2598dd9b2ca7837f9ee556a5f288e7f32fd2,XXXXXX6164,successful
602,915,Meagan Valdez,110,45000.0,microwave,home appliances,offline,Delhi,2025-07-10,1,UPI,0.1,5e07f86f05d0e7478180dd142fc7ce384cca4e57e7c8f0735f1ac721a7a08757,XXXXXX0013,successful
604,754,Joshua Chandler,102,70000.0,phone,electronics,offline,Mumbai,2025-10-21,2,UPI,0.05,9569e296989c97c1c11350f1f23189d13c4d6be6683b154b461f204ffdca87f2,XXXXXX7470,successful
605,962,Sharon Wood,110,45000.0,microwave,home appliances,online,Mumbai,2025-12-30,2,UPI,0.4,0a216b909c49a5553ce742884688944106fb5f58dc1ccfa868f155a5fd8e7479,XXXXXX2684,successful
607,339,Stacy Hernandez,105,45000.0,tv,electronics,online,Delhi,2025-12-17,4,Card,0.35,8c58d3fc8abe788ab41ed1a5afcbf1131d66465bbfcd2904db7d624bc75a5f67,XXXXXX4384,successful
608,805,Latoya Baker,107,50000.0,dining table,furniture,online,Delhi,2026-03-20,1,NetBanking,0.25,332c4dbf66aaa9bea4ee0a17de4e40ae26d35a95161aed9c4bee882d1236fe78,XXXXXX7440,successful
609,37,Joshua Nunez,108,15000.0,mixer grinder,home appliances,offline,Mumbai,2026-08-04,1,NetBanking,0.25,72837615be7d1b08611790f3f3ff8f99b0a3cde6c646c7e7fc540a8e81120c3f,XXXXXX8785,successful
610,262,Michael Elliott,105,45000.0,tv,electronics,offline,Mumbai,2025-06-21,5,UPI,0.1,8c45f048648a50c15739fc948181dc6a76c4ef88158f89e13f0c256b67a6f87d,XXXXXX1322,successful
611,861,Tim Brock,101,250000.0,laptop,electronics,online,Bangalore,2026-01-04,1,Cash,0.15,ad972f3e86af2111d6d9c8a54628697e91c72887b5b1d2fec9822819b61e4970,XXXXXX1491,successful
612,4,Kelly Brown,106,80000.0,sofa,furniture,offline,Chennai,2025-05-12,3,NetBanking,0.05,7780f25662c3fc399eb75692de5a59dc10978f84eaa4bd4a0fcef255eebe149e,XXXXXX2599,successful
613,100,Thomas Walker,101,250000.0,laptop,electronics,online,Delhi,2026-03-12,2,UPI,0.35,d00b3292df7fa2825d9d19980e8e31e35fb24759ce09f0c87030404e26a3faaf,XXXXXX4824,successful
614,280,David Morales,107,50000.0,dining table,furniture,online,Delhi,2026-01-03,5,Cash,0.35,f11f8efc1cc667d06bf4d4d74f7c3e21db9b9caad2a3aad9fe51520e6c98a806,XXXXXX1730,successful
615,387,Kenneth Rocha,110,45000.0,microwave,home appliances,offline,Mumbai,2025-12-15,4,Card,0.05,f42d5e3c5f55e537502d2540211ae55523fc461e910545d2c4282f0a5c5ffa3c,XXXXXX3283,successful
616,996,Barbara Morris,110,45000.0,microwave,home appliances,online,Hyderabad,2025-12-12,5,Card,0.4,2de9cc6882a7ce0eef9e47ff7812f1ae6f2ab38ce0b66a20fd57b6855a32ba83,XXXXXX7956,successful
617,973,Allen Gilbert,102,70000.0,phone,electronics,offline,Mumbai,2025-11-21,3,NetBanking,0.25,75bd6f84632b1688ccf56ddc68770b36b05811d27807b5f5fb0655d10e95184c,XXXXXX9731,successful
618,362,David Wells,101,250000.0,laptop,electronics,offline,Bangalore,2025-06-04,5,Card,0.3,5a56165ec47a3c6bb4e409fc869a51affcfddc2bdfb75458f155ed429a1ea645,XXXXXX9722,successful
619,775,Roy Chavez,104,8000.0,shoes,clothing,online,Chennai,2025-12-10,3,UPI,0.25,0b2a9527681ee155c1aa922875f20af02a915bf1732dd75d468716a7fdaae242,XXXXXX6010,successful
620,318,Gina Dickerson,107,50000.0,dining table,furniture,online,Bangalore,2025-10-19,2,Card,0.05,872fb3276f80daa86c3104bf563a857632a6c1461019c7aeede11721219d7f0d,XXXXXX5732,successful
621,393,Shannon Alvarez,105,45000.0,tv,electronics,offline,Mumbai,2025-10-12,5,Cash,0.05,d817e6f52e467051901b53bf9d8d91946775ba69d3c70be8a4e0c0251ddeaaf5,XXXXXX2230,successful
622,215,Crystal Aguilar,104,8000.0,shoes,clothing,online,Mumbai,2025-04-22,4,Card,0.15,e09d7b327f4e1686347bf500493ee805799de0ee48318320d2e16ea64e5c57c2,XXXXXX5910,successful
623,522,Mike Campbell,102,70000.0,phone,electronics,online,Hyderabad,2025-06-20,5,UPI,0.25,111d7aa1bd8fc901f0869eac5f80391168892e523de3b552ec17af7dcd6d370c,XXXXXX6499,successful
625,752,Mark Hill,109,65000.0,refrigerator,home appliances,offline,Chennai,2025-11-07,4,UPI,0.35,e519cb99cbcf7c08ed61ee5610a82a1f8ccfe19c276041c2b882d0c84e2a3597,XXXXXX5046,successful
626,794,Gerald Cooper,108,15000.0,mixer grinder,home appliances,offline,Chennai,2026-06-04,2,UPI,0.2,48f7c7da0f1149d18db2ff590fcd581d208473f5e9164d4e892a313d7ee3e354,XXXXXX4201,successful
627,542,Angela Martin,110,45000.0,microwave,home appliances,offline,Chennai,2025-06-08,4,Card,0.4,f455c867b71e2d8d962049741437b55042e58f9c78d6c95ad420cfaa6383df7a,XXXXXX6387,successful
628,357,Kimberly Adams,106,80000.0,sofa,furniture,online,Hyderabad,2026-02-08,4,Card,0.4,61f1e7e5cf89516f0e58c89e9ee5e4cd9af6ca0a5534c45afbb7d66d3110ff6e,XXXXXX7851,successful
629,800,Ricardo Arnold,102,70000.0,phone,electronics,offline,Hyderabad,2026-01-21,5,UPI,0.4,49c876b945f6a197cb0c7af6ae9e1be1bc24a457b4886c5360746bf19dfb6a75,XXXXXX8877,successful
630,73,Anthony Gonzalez,102,70000.0,phone,electronics,offline,Mumbai,2025-05-31,2,NetBanking,0.1,1be6c94faf6ccf32c776a42bef47cefd4a92aa3fe13648ebd10ee99ec2a731e8,XXXXXX9312,successful
631,620,Alexander Meyer,102,70000.0,phone,electronics,offline,Mumbai,2025-09-13,3,Cash,0.1,58df4a025ecd1f67650a5bf628a920fd353d9bcacb607178214845ca70638a1e,XXXXXX8157,successful
632,961,Derek Hall,108,15000.0,mixer grinder,home appliances,online,Hyderabad,2026-05-03,3,UPI,0.2,2953b725ef0fc963cf9cc35025f22a8e307ad00d6014d04e6b88954f3f04e0a4,XXXXXX8075,successful
633,95,John Jacobs,101,250000.0,laptop,electronics,offline,Bangalore,2025-09-07,3,NetBanking,0.15,4da2ee955b2ce29944421695331f7c50cb8a80de53d5435695382380a8b17adc,XXXXXX7560,successful
634,936,Brian Larson,104,8000.0,shoes,clothing,offline,Hyderabad,2025-12-10,5,Card,0.35,d8ead218737a0541a6c7b79d172d2a62288a0cb1208b8919b0a04046a94473b4,XXXXXX8514,successful
635,580,Meredith Walker,106,80000.0,sofa,furniture,offline,Chennai,2026-01-01,3,Card,0.1,f29e42c5b06edfce5f576f23739a0f023296bcfb7e2fa268ac654c16f619d742,XXXXXX7146,successful
636,757,Yvette Clark,107,50000.0,dining table,furniture,offline,Hyderabad,2025-06-30,3,Card,0.2,fb83e27ab1213d4d5e5851d2d484c4c7ccf0287f07aa72434328697fb67265cc,XXXXXX6334,successful
637,799,Stephanie Dunn,101,250000.0,laptop,electronics,online,Delhi,2025-06-17,4,Cash,0.3,08194ee6d135d934e7d0321240c43f7fd76a2cb0f9dbcb3c7e8f9c7daf748b66,XXXXXX0744,successful
639,844,Philip Cervantes,105,45000.0,tv,electronics,offline,Delhi,2026-03-17,3,UPI,0.4,71fe0e271e8ae540e2452e64b943c0897ff27b7c06dc8ec2a579f3686774751c,XXXXXX7742,successful
640,124,Sarah Rios,108,15000.0,mixer grinder,home appliances,offline,Mumbai,2025-07-07,2,NetBanking,0.35,894e75ea24acf8bd88d3f8affd3fde2ede7c675bb16bf7071a6ecf4a5ca3c83d,XXXXXX4148,successful
642,877,John Warren,109,65000.0,refrigerator,home appliances,online,Hyderabad,2025-12-04,2,NetBanking,0.05,9f002ac63381289e8bbf21e59081952489e54f9ddacaba336b3609bc6234070e,XXXXXX0546,successful
643,267,Scott Price,102,70000.0,phone,electronics,online,Delhi,2025-12-16,3,UPI,0.15,5279839c2ca895760f8cd1fb9474739c48c9d59b9da2013bd8113b53d94eaa8f,XXXXXX0629,successful
644,551,Joel Coleman,102,70000.0,phone,electronics,online,Bangalore,2026-03-13,2,Card,0.25,ab20039380626121af4655acef5297b6624fc428306e46b43d0c3976200f6650,XXXXXX1740,successful
645,948,Deborah Payne,101,250000.0,laptop,electronics,offline,Mumbai,2025-09-15,4,NetBanking,0.1,2c30efcbcfb9511992fc794eccffe9e1ff60f6ebf6a259f128fa638977fef15a,XXXXXX2428,successful
646,993,Julie Wade,105,45000.0,tv,electronics,offline,Bangalore,2025-04-25,4,Cash,0.1,32ec0365cd83c9ee50254b2a7a778c66f45dbab864002357bfcb5e074f33dee8,XXXXXX9325,successful
647,682,Crystal Mccarthy,104,8000.0,shoes,clothing,offline,Delhi,2025-10-27,4,Card,0.1,606eac1372fd4d40d2f2e8267d5b8dc68bbdb4e94a86bd64e1b6aec07f2081eb,XXXXXX8526,successful
648,74,David Alvarez,107,50000.0,dining table,furniture,offline,Delhi,2025-04-25,1,Cash,0.1,a7dc05459b67af97d4f94ddf8d45f8ab4f6029f9397aec3c8213e25c720e5bc8,XXXXXX5242,successful
649,345,Kathy Smith,103,1300.0,shirt,clothing,offline,Chennai,2025-06-13,2,NetBanking,0.2,961223bbefe9d0c8f7cc54cbbc702ea286d4d1dae243d3f8cdc2bd45e2f4b6b5,XXXXXX5171,successful
650,821,Margaret Parker,108,15000.0,mixer grinder,home appliances,online,Delhi,2025-07-26,1,NetBanking,0.25,efc2bdddd854f7da3a79df19ee931e34b5b87d5465ea9c1520b94b44af3b473a,XXXXXX7968,successful
651,455,Morgan Wright,108,15000.0,mixer grinder,home appliances,offline,Bangalore,2025-05-29,3,NetBanking,0.2,021fdd12229b1dccb0b46f65afcc82ea433e5a1babe490a350ddbc1718c8b2a2,XXXXXX4087,successful
652,840,Veronica Ashley,108,15000.0,mixer grinder,home appliances,online,Delhi,2026-03-05,1,UPI,0.2,ee2f58209125cd568d074d8b9b7f72432da124650edcf2151d18c9ce5925586f,XXXXXX9830,successful
653,580,Meredith Walker,109,65000.0,refrigerator,home appliances,online,Chennai,2025-07-06,4,Card,0.2,f29e42c5b06edfce5f576f23739a0f023296bcfb7e2fa268ac654c16f619d742,XXXXXX7146,successful
654,694,Lori Barrera,103,1300.0,shirt,clothing,offline,Hyderabad,2025-08-26,5,Card,0.15,89d04fad7a8834b711f0ab6136ab49484b1963cc23189e9bae32ca64de46fd72,XXXXXX4973,successful
656,139,Melissa Peterson,109,65000.0,refrigerator,home appliances,online,Mumbai,2025-07-12,1,NetBanking,0.35,90c965d07a3fd0bc98104e2646fa9118f0df9c82d926c094ecba5d16a117a9f9,XXXXXX2133,successful
657,330,Don Thompson,103,1300.0,shirt,clothing,online,Hyderabad,2025-10-06,1,UPI,0.25,91754523b711b8b370078e095c42ea9cb7fa095aad8e3773a30137b9961dd0a4,XXXXXX1714,successful
659,951,Richard Miller,108,15000.0,mixer grinder,home appliances,offline,Mumbai,2026-01-18,3,UPI,0.1,fd4e3836a31a99f33b387ba6f5ce09ea2c2539bd382c2b1c34dfb408b0b21dc1,XXXXXX6379,successful
660,680,Benjamin Anderson,107,50000.0,dining table,furniture,offline,Delhi,2025-10-26,5,NetBanking,0.4,3e0613778583d1acb219e9d846da17ad0b6e5190c1980471216cc07bad1b798c,XXXXXX6812,successful
661,84,Paul Pacheco,110,45000.0,microwave,home appliances,online,Bangalore,2025-11-07,5,NetBanking,0.05,ec7caa9065674ab91ac5eb3a3a95b00ee9f6fcf85a463f0086606668011bccec,XXXXXX4257,successful
662,265,Frederick Ortiz,105,45000.0,tv,electronics,online,Bangalore,2026-02-24,1,Cash,0.2,477d8524e573e743da129b6ed9e1fdebf11d0136be8533e2fd64767133d6cb74,XXXXXX1554,successful
663,70,David Parker,108,15000.0,mixer grinder,home appliances,online,Delhi,2025-12-24,3,Cash,0.2,783933567c2b7dc7718e071667e3019aedf05a35b3c96ed12253c8e5315f1b51,XXXXXX2107,successful
664,154,Michael Smith,101,250000.0,laptop,electronics,offline,Chennai,2025-10-28,5,Card,0.15,d8958404f26ef69cb6360f7015fca986ef8ff3b9002b657d2e724f1b4fd44fde,XXXXXX4650,successful
665,917,Alexandria Marks,101,250000.0,laptop,electronics,offline,Hyderabad,2025-08-10,4,Cash,0.05,aa68c27cb1ccf0b9000a765c327f734d7b818f61c3b848d9bb13733a5cdf8fff,XXXXXX3519,successful
666,254,Daniel Santos,101,250000.0,laptop,electronics,offline,Hyderabad,2025-10-17,1,Card,0.25,e40199af9c2a5a4856696afe90caaa05585084649424190e5bbaffdd4ec52967,XXXXXX7463,successful
667,655,Julie Todd,104,8000.0,shoes,clothing,online,Delhi,2025-04-23,5,UPI,0.1,b442a531b3b3c1c97e3e379f0050f963d81904140c5ab8cd2cfc3936b1ccafd1,XXXXXX2456,successful
668,552,Anthony Cox,109,65000.0,refrigerator,home appliances,offline,Hyderabad,2025-09-26,1,Card,0.15,a2b4db22ca166aed82e4cbbbfb34b6fa883908a1df0d187d75389f57356d9c03,XXXXXX7392,successful
669,645,Joshua Burton,108,15000.0,mixer grinder,home appliances,online,Mumbai,2026-02-19,4,NetBanking,0.2,be43f314624b421feccb992f36bac8c8b1055ff7aec155d1cb92aecbff560a66,XXXXXX6788,successful
670,48,Nancy Cole,108,15000.0,mixer grinder,home appliances,offline,Chennai,2025-10-16,1,Card,0.2,1b597687cbbf5faf3ecc1b1973e3958a9bbe8c1dbea7c572da78399b0c1d7094,XXXXXX1105,successful
671,186,Dawn Garrett,109,65000.0,refrigerator,home appliances,online,Chennai,2026-03-14,5,Cash,0.25,79680eda3b6a449222dc65431c9a8ea1135f0b51f11ec4e086fc861a020fffd5,XXXXXX0201,successful
672,391,Catherine Beard,102,70000.0,phone,electronics,offline,Mumbai,2025-10-24,3,Card,0.4,9f58d044673af925ce04a88a0d83e2585b613ed11e52411572b6547fef36185b,XXXXXX7305,successful
675,351,Brandi Meyer,105,45000.0,tv,electronics,offline,Bangalore,2025-10-08,5,Cash,0.1,ee0d5607ff000ef0cae94e8e8ee10e32d740cd2f55c87f4bbc819f077f69ae8c,XXXXXX5343,successful
676,617,Patrick Rodriguez,108,15000.0,mixer grinder,home appliances,online,Delhi,2025-08-17,4,Card,0.1,6a437244ee2777b7f798ce5f0438e0e356b41270d734f1a9d7aeaf4f3b26b8db,XXXXXX6634,successful
677,5,Kathleen Olson,104,8000.0,shoes,clothing,offline,Hyderabad,2025-05-14,3,UPI,0.35,37eed92ccb892304f378d31fe2233afe225503489f46010dad0794c3431a5031,XXXXXX9805,successful
678,22,James Walters,106,80000.0,sofa,furniture,offline,Chennai,2025-05-06,3,Cash,0.2,ec2d6f294e97b0d6857fb8bbfc52cef910731d7835d27fa3c1b6b9ec432764c2,XXXXXX4842,successful
679,268,Megan Little,103,1300.0,shirt,clothing,offline,Mumbai,2026-10-03,4,Cash,0.05,946327471f71e0bf35b70ac2b0920e3a27ca046c9ddb6a836024703b362483d3,XXXXXX1331,successful
680,240,Traci Farmer,107,50000.0,dining table,furniture,online,Bangalore,2025-05-20,3,Cash,0.15,4b3448fdf01b1e264b5254030babf8b4ac1042d8873b8d59df19eafba171dc54,XXXXXX1925,successful
681,905,Katie George,106,80000.0,sofa,furniture,online,Hyderabad,2026-03-25,5,NetBanking,0.3,60ee388dcd89cabe35d66ac6cdc19bdc2e0764f9b000bdf2b1bb1baff8fd6939,XXXXXX2952,successful
682,642,Troy Mitchell,101,250000.0,laptop,electronics,online,Bangalore,2026-02-17,2,UPI,0.05,40a175d94b67c5b138751e12e16c6ea52cdbc0ab22559fe806ac2eeca13b7f76,XXXXXX6968,successful
683,205,Renee Harris,108,15000.0,mixer grinder,home appliances,online,Mumbai,2025-05-12,4,UPI,0.15,7e03139a80880ae8285b8e3c9360bab40a133452ea9df04075006e9c4677c702,XXXXXX1150,successful
684,338,Lisa Garrison,105,45000.0,tv,electronics,online,Delhi,2025-08-20,3,Cash,0.35,2ec47ae623f838a8a542c2baae2c33ebbaafbc742f4ce3d71941fd11ce6f022d,XXXXXX9437,successful
685,677,Mario Evans,109,65000.0,refrigerator,home appliances,offline,Mumbai,2025-10-11,3,Cash,0.35,641a38aff2bae7cb0f1c3ec1a2c23acfb1b2ee9b472f48f9b03bc0cf0ff974f7,XXXXXX0125,successful
686,519,Kylie Ferguson,101,250000.0,laptop,electronics,offline,Bangalore,2026-03-25,3,Cash,0.35,4c81b180d2a379c1c946777a71bebafae168504f7c617bdc64f34dfb9576d6ca,XXXXXX6178,successful
687,899,Whitney Avila,105,45000.0,tv,electronics,online,Delhi,2025-04-21,4,NetBanking,0.4,c9edf608ce0d388914a91fd598f7e3f783f0dd84d708edc086a410533891d522,XXXXXX3615,successful
688,700,Thomas Navarro,104,8000.0,shoes,clothing,online,Hyderabad,2026-04-13,4,UPI,0.4,ed1db0ca0721662de88b6f3a857092acde3f065e673d86e073f7c8f9ec3b6709,XXXXXX0014,successful
689,890,Holly Mckay,104,8000.0,shoes,clothing,offline,Chennai,2025-12-29,1,Card,0.35,526648252f3335cbd365bf59e4b2664571a2f96254ee0c1b1fa716c03e0c4715,XXXXXX6494,successful
690,40,Kristina Harrell,104,8000.0,shoes,clothing,offline,Hyderabad,2026-07-01,5,NetBanking,0.25,b01cddc057bd4c511d704c040852faca4bd59d85b563747942b1857f99ccfa76,XXXXXX6674,successful
691,910,Cindy Price,109,65000.0,refrigerator,home appliances,online,Bangalore,2025-11-23,4,Card,0.2,b77a1ab46589095e7d79c7d277e9b13de1bae6bdf129819d4d25e27d58e9c49d,XXXXXX1764,successful
692,666,Emily Griffith,106,80000.0,sofa,furniture,online,Mumbai,2026-03-13,4,Cash,0.25,3cf85c8cca0dce338eb6676a2947ee64cf309b327717a3f470ad6262fcd6547a,XXXXXX4680,successful
693,215,Crystal Aguilar,110,45000.0,microwave,home appliances,online,Mumbai,2025-06-18,4,Cash,0.2,e09d7b327f4e1686347bf500493ee805799de0ee48318320d2e16ea64e5c57c2,XXXXXX5910,successful
694,378,Rebecca Trujillo,109,65000.0,refrigerator,home appliances,offline,Chennai,2026-01-09,4,Cash,0.1,51c954fabc61eba3788a13ae10894a0d2aec7a53c1bd4dc95524b35f0998a17e,XXXXXX6668,successful
695,300,Tiffany Miller,107,50000.0,dining table,furniture,offline,Hyderabad,2025-04-17,2,UPI,0.1,4d4504d6c1723e073aa177e46c984f6ea2087c5667f16ff02db9320d9adbf78c,XXXXXX0297,successful
696,687,Robert Estrada,105,45000.0,tv,electronics,offline,Hyderabad,2025-08-01,1,UPI,0.05,c3247b8e7d93f18177755e97012815788f24b57e3afc4d29cce01c6e38304046,XXXXXX9773,successful
697,955,Jake Davis,108,15000.0,mixer grinder,home appliances,offline,Bangalore,2025-09-02,2,Cash,0.35,cce6db743386c129488f01681fc13bb12468cc0b1b31e77303c3cfe5af7907f9,XXXXXX8620,successful
698,800,Ricardo Arnold,106,80000.0,sofa,furniture,online,Hyderabad,2025-08-18,3,Cash,0.15,49c876b945f6a197cb0c7af6ae9e1be1bc24a457b4886c5360746bf19dfb6a75,XXXXXX8877,successful
699,789,Bryan Walker,103,1300.0,shirt,clothing,online,Chennai,2026-04-14,2,Cash,0.4,017c6f695867051d91bd7edd635ba1953ed01f655d1f4789a2f839debefa48ea,XXXXXX8567,successful
700,336,Gregory Mitchell,107,50000.0,dining table,furniture,online,Chennai,2025-12-29,4,Cash,0.3,5e50ef03abdd96208d8b438ebb0ab8302bb8d198290d03745d76a5d6b5e6dbaa,XXXXXX0045,successful
701,387,Kenneth Rocha,106,80000.0,sofa,furniture,offline,Mumbai,2025-09-25,3,Cash,0.1,f42d5e3c5f55e537502d2540211ae55523fc461e910545d2c4282f0a5c5ffa3c,XXXXXX3283,successful
702,570,Donald Carter,105,45000.0,tv,electronics,offline,Chennai,2026-02-20,5,UPI,0.3,fac4dcc8ab7348aa83d911264d07925b9f733b815ce06bb28547fedb07d981eb,XXXXXX0219,successful
703,647,Michelle Conway,109,65000.0,refrigerator,home appliances,online,Chennai,2025-09-03,2,Card,0.05,d3994be131c88b29ab7e545fad47a57ba24fdee3aac21457787edfaa61dc5790,XXXXXX9105,successful
704,654,Amy Ramos,107,50000.0,dining table,furniture,online,Chennai,2025-09-22,1,NetBanking,0.1,a59da6d61b4c0ee5bc5f5a976d70344305dc9ff8872e14ab0e54eec9e26aaccb,XXXXXX2859,successful
705,572,Holly Russell,108,15000.0,mixer grinder,home appliances,online,Hyderabad,2025-12-02,1,Card,0.2,92117a1a1e1853e5b9db6a40dd367e81dc5903f7dacb1a5fbcb6325abe6d7dfb,XXXXXX0837,successful
706,522,Mike Campbell,105,45000.0,tv,electronics,offline,Hyderabad,2025-11-10,3,Cash,0.35,111d7aa1bd8fc901f0869eac5f80391168892e523de3b552ec17af7dcd6d370c,XXXXXX6499,successful
708,203,Samantha Wells,107,50000.0,dining table,furniture,offline,Hyderabad,2026-03-16,5,Cash,0.35,9947078859e29abc53f69cd9c3581706313b8d7d0a270b1a4b8efd0a2022a06c,XXXXXX2545,successful
709,306,Margaret Gordon,110,45000.0,microwave,home appliances,online,Chennai,2025-09-28,2,Cash,0.2,548fafb80f2a99118886fe05aa97428fc4cea13f404aa136d613bc7ce0b3ce3b,XXXXXX2521,successful
711,15,Robin Ray,109,65000.0,refrigerator,home appliances,offline,Chennai,2026-01-04,5,NetBanking,0.05,fc075d18e93a753f07de8e0f3294d6274a18f991e0945c849ca451c005ad68bd,XXXXXX1348,successful
712,904,Audrey Skinner,108,15000.0,mixer grinder,home appliances,offline,Bangalore,2025-08-13,2,Card,0.3,edb4f0e2052f3905615080c425a64da0afdfdb62387f3caeac34e231e9d895a5,XXXXXX2073,successful
714,382,Billy Ramirez,101,250000.0,laptop,electronics,online,Mumbai,2025-10-21,4,Card,0.05,17dac5693954bfe4c1a96dcf261ecf3606b4aa7b9c5196ba9736b33a862b1ef4,XXXXXX3185,successful
715,7,John Edwards,106,80000.0,sofa,furniture,offline,Delhi,2026-02-07,5,UPI,0.25,063dc18ec4ff20524fda59d74a0318cb2ef3eb4f8bdbd8b1c134c7de1a089b14,XXXXXX6576,successful
716,749,Linda Lara,104,8000.0,shoes,clothing,online,Mumbai,2025-05-04,4,Cash,0.15,cb4afee4597a3d0dda92f69441f05067c40c08f1f1921e5aba8e8f3f3ca25e1c,XXXXXX4201,successful
717,907,Jeffrey Mccall,104,8000.0,shoes,clothing,offline,Hyderabad,2025-05-19,1,Card,0.4,47fe75e59d0acad1a49942fafcf906362be00efb29f89ec160b18122249d3174,XXXXXX4650,successful
718,887,Robert Brown,105,45000.0,tv,electronics,online,Bangalore,2026-01-23,5,Card,0.1,f2269745addadbbe7c0eb2c8211627f9c6773723cc5dad1451a8672fb5f00a7d,XXXXXX3326,successful
719,13,Jay Knight,109,65000.0,refrigerator,home appliances,offline,Bangalore,2025-12-11,5,UPI,0.25,ec682f9bc2e2cdf21af201bfb3f4f68f93a6197337fb35147c910624ce2c1aa6,XXXXXX2670,successful
720,880,Miranda Frank,104,8000.0,shoes,clothing,online,Chennai,2026-01-04,5,NetBanking,0.4,470c7f396d52e60d69ac435c19b5125054807a484f2f4ec7eec2ad5900b71c2a,XXXXXX9940,successful
721,207,Tonya Lopez,110,45000.0,microwave,home appliances,offline,Bangalore,2025-08-12,2,Card,0.3,e6c2ad62d4f046d746d1b4d19d9ec348370080945c294412aef19ced4542c094,XXXXXX0519,successful
722,351,Brandi Meyer,109,65000.0,refrigerator,home appliances,online,Bangalore,2025-05-20,5,Cash,0.35,ee0d5607ff000ef0cae94e8e8ee10e32d740cd2f55c87f4bbc819f077f69ae8c,XXXXXX5343,successful
723,381,Melissa Garza,101,250000.0,laptop,electronics,online,Hyderabad,2025-08-20,2,UPI,0.05,1fa83948db38c630f4d5085b30174fee8d20ade842c046524a92e4c0f51492a0,XXXXXX4306,successful
724,203,Samantha Wells,110,45000.0,microwave,home appliances,offline,Hyderabad,2025-11-24,1,UPI,0.4,9947078859e29abc53f69cd9c3581706313b8d7d0a270b1a4b8efd0a2022a06c,XXXXXX2545,successful
725,693,Joseph Maldonado,108,15000.0,mixer grinder,home appliances,online,Delhi,2025-07-09,2,Cash,0.35,620906c08a4041373730723e7eadd094e026d0cb9df225a51a4955837a5add4b,XXXXXX5157,successful
726,446,Scott Smith,101,250000.0,laptop,electronics,online,Bangalore,2025-04-27,1,Cash,0.4,3558a2d03af1033804171272a1bbb434ed4df73b541c7218fa64b319d015e194,XXXXXX0183,successful
728,647,Michelle Conway,108,15000.0,mixer grinder,home appliances,online,Chennai,2025-08-08,3,NetBanking,0.05,d3994be131c88b29ab7e545fad47a57ba24fdee3aac21457787edfaa61dc5790,XXXXXX9105,successful
729,438,Lindsay Bartlett,110,45000.0,microwave,home appliances,online,Mumbai,2026-02-09,1,Cash,0.05,c41d30bfe4975036710fbc8ff65cda93b88e22b5c37192dbb47e478a51c472bc,XXXXXX1410,successful
730,782,Monique Davis,106,80000.0,sofa,furniture,online,Chennai,2026-03-22,1,UPI,0.35,2bc2f135d5dc61a6380c6e948d0770f911530241d5684b0aceef431ea955fd1a,XXXXXX4485,successful
731,913,Craig Harris,109,65000.0,refrigerator,home appliances,online,Delhi,2025-12-22,2,NetBanking,0.3,dfb0bd5d59c42f8aca67dc782e0fbbcc80fbc318ba73c2fb5424e0f332bb04c4,XXXXXX3910,successful
732,796,Jasmine Lopez,103,1300.0,shirt,clothing,online,Bangalore,2026-01-16,5,Cash,0.1,3b56ffa6073a1eb2ded4401962353dbb5ed5c455edbb29a06789db4d6d863c94,XXXXXX7917,successful
733,661,Jennifer Cooper,106,80000.0,sofa,furniture,offline,Chennai,2025-11-06,1,Card,0.05,c111f9ef0623808dc5ecc7fb44bdbdd94d5df536ebf836aef7112acbf1690e95,XXXXXX4609,successful
734,142,Charles Brown,102,70000.0,phone,electronics,online,Hyderabad,2026-03-05,4,UPI,0.4,dd8e7e1212fb3dadf7d88f50f3662b130bb9658196408112c7b3c2319d2f2159,XXXXXX6322,successful
735,540,Amy Cruz,104,8000.0,shoes,clothing,offline,Delhi,2025-07-15,4,NetBanking,0.2,cd64f386e4ce8e95c5e0c059bbe14f4421db7c0a9e1d3bca17cf6cf34a1ac680,XXXXXX6867,successful
737,314,Paul Gonzales,108,15000.0,mixer grinder,home appliances,offline,Hyderabad,2025-09-04,4,Card,0.35,00d4ffedb1c5c280672ff283988c048fe7241076ffecdb0dc5a14c49c1a07eb9,XXXXXX4983,successful
738,415,Jackson Kaiser,103,1300.0,shirt,clothing,online,Delhi,2025-10-05,4,Card,0.15,3c4e6bc549b0a58e29be009196e03d6dc1724a95e1226d34a88630998ad7b8d4,XXXXXX4305,successful
739,66,Jonathan Lewis,102,70000.0,phone,electronics,online,Bangalore,2025-12-29,1,NetBanking,0.4,e6487d622073041b63d01cdf29b770710afd906cd29b0e701ae3fbf8beee0b19,XXXXXX4680,successful
740,600,James Schaefer,106,80000.0,sofa,furniture,online,Chennai,2025-09-25,4,Cash,0.15,d267e2659aadead31909b31b81ead73645ac2e7a5910a96f039e54f76a297d74,XXXXXX4220,successful
741,188,Allison Oliver,109,65000.0,refrigerator,home appliances,online,Hyderabad,2026-03-13,4,Card,0.25,439c379db3104f1775b7d94c3bb5fb7da619570aa9a03f7d9795fc13f5684505,XXXXXX7624,successful
742,950,Cheyenne Mason,107,50000.0,dining table,furniture,online,Delhi,2026-01-23,5,UPI,0.3,7fe743331ca3637e03d7c422ed883dce2007f2d6b5316949a7b6488a665e8e23,XXXXXX9331,successful
744,91,Christopher Martin,104,8000.0,shoes,clothing,offline,Bangalore,2026-02-26,2,Cash,0.1,b9e0c2d9c676a022ecfce21cfca755fc409a089a23df751f571f0db6b460f282,XXXXXX8811,successful
745,618,Alan Torres,106,80000.0,sofa,furniture,online,Chennai,2026-01-03,1,NetBanking,0.15,3c4a253fedb370c969f1d7bb815eb1bd3e05ca768a5381eae01ce92957eca220,XXXXXX3305,successful
746,725,Jody Martinez,101,250000.0,laptop,electronics,online,Bangalore,2025-09-04,5,Card,0.3,fd863b4f53124ac4aec3a4c710ec37c0b77a7871fb5601bf03bc78e4790dd936,XXXXXX6889,successful
747,207,Tonya Lopez,109,65000.0,refrigerator,home appliances,online,Bangalore,2025-04-18,3,Card,0.3,e6c2ad62d4f046d746d1b4d19d9ec348370080945c294412aef19ced4542c094,XXXXXX0519,successful
748,599,David Johnson,102,70000.0,phone,electronics,online,Mumbai,2025-06-19,1,NetBanking,0.25,e97d5d0431c0344f98cccf27bc733ceaeb3bab706046f5d42aad349020b9708f,XXXXXX4774,successful
749,256,Nicole Williams,105,45000.0,tv,electronics,offline,Chennai,2025-06-30,3,UPI,0.25,23f282bd744c97705ad26bcf56a6d8c77539f407c2457adf39ae0014fe17b9b4,XXXXXX1732,successful
750,670,Fernando Kelly,103,1300.0,shirt,clothing,offline,Chennai,2025-11-29,2,NetBanking,0.1,1dda34f3a8c9ce952c56b4f52730defda8d636f5958334da4c679a29e9f741af,XXXXXX4911,successful
751,406,Gregory Nelson,103,1300.0,shirt,clothing,offline,Delhi,2026-03-25,5,Cash,0.05,7db4c9edb9299de66a56fc5dc25f30252d70b32f056bd88450b495ba5e9e73f7,XXXXXX4867,successful
753,68,Stephanie Scott,109,65000.0,refrigerator,home appliances,offline,Chennai,2025-07-01,5,UPI,0.1,bbf7a51d290e848b37e92d84722fc2445a20afa651b1cb891d942d9ba1f6d8cb,XXXXXX0889,successful
754,764,Jody Gardner,106,80000.0,sofa,furniture,online,Mumbai,2025-10-13,1,Card,0.4,d5dffab3fdec7072626c9fd934691d317ed793b4d1ae402a709d5a4bbd834ecd,XXXXXX4567,successful
755,214,Megan Hall,101,250000.0,laptop,electronics,online,Mumbai,2025-07-18,4,Cash,0.05,afa60e35e8acb037b4fecf9ddc12219ffb6b64a6f555ffb0dddba1088b7233c0,XXXXXX3684,successful
756,641,Andre Rodriguez,102,70000.0,phone,electronics,offline,Bangalore,2026-01-16,1,NetBanking,0.15,c55d2d65e5cda91bfec4ebd508c6535d9a8b57ead1db7c8d3a258b14c3da46b4,XXXXXX3170,successful
757,918,Grant Harris,101,250000.0,laptop,electronics,online,Bangalore,2025-01-11,2,Card,0.35,ced92f85f81f17372e933f8a24af8200173273f99e1b2cebd6003b0cf2f5801d,XXXXXX4421,successful
758,316,James Jordan,109,65000.0,refrigerator,home appliances,offline,Delhi,2025-11-11,1,NetBanking,0.15,52cc9379119970827060a3c043d5edcee6c07fc407117f771c7a4cc29cfb393a,XXXXXX4613,successful
759,410,Briana Greene,101,250000.0,laptop,electronics,online,Mumbai,2025-09-25,4,Card,0.2,bb4b8ca5ffa0123972e440a50c640a7356349da18dd39dbe19fe9c368c237b59,XXXXXX5615,successful
760,680,Benjamin Anderson,104,8000.0,shoes,clothing,offline,Delhi,2025-05-25,1,Cash,0.4,3e0613778583d1acb219e9d846da17ad0b6e5190c1980471216cc07bad1b798c,XXXXXX6812,successful
762,821,Margaret Parker,109,65000.0,refrigerator,home appliances,offline,Delhi,2025-10-13,1,UPI,0.05,efc2bdddd854f7da3a79df19ee931e34b5b87d5465ea9c1520b94b44af3b473a,XXXXXX7968,successful
763,298,Ryan Massey,105,45000.0,tv,electronics,offline,Delhi,2025-06-01,4,Cash,0.35,f2df03e7510fbf2bd2fe7fa98c6a0cefdff3fdf3bdc154ccc61b80be5b1e5709,XXXXXX7586,successful
764,79,Tony Jones,110,45000.0,microwave,home appliances,offline,Bangalore,2025-12-06,1,Cash,0.2,7f5abbb6fcb2c5ad19c929b32eca4f8a34ccf4ac54a9200e2afd7089bafbf93f,XXXXXX5623,successful
765,960,Michaela Brown,101,250000.0,laptop,electronics,online,Delhi,2025-12-23,2,UPI,0.3,e2efd544ce00db9dad814def9b29b1e70adffb86b661f6d8cc94e0cac18b242b,XXXXXX9942,successful
766,138,Andrea Olson,108,15000.0,mixer grinder,home appliances,online,Bangalore,2025-06-24,2,NetBanking,0.3,06a3e4face5948d9fd6de56333352bc54fee0ad49844e94080d5841b92dfb5c4,XXXXXX8168,successful
767,600,James Schaefer,102,70000.0,phone,electronics,online,Chennai,2025-08-19,1,NetBanking,0.05,d267e2659aadead31909b31b81ead73645ac2e7a5910a96f039e54f76a297d74,XXXXXX4220,successful
768,425,Lindsay Buchanan,104,8000.0,shoes,clothing,online,Hyderabad,2025-06-10,3,Card,0.25,b7a2e0353ae0edc0414ca897ae4eed9e589d4be43a8ebce0f9bd271f95da4327,XXXXXX1779,successful
769,690,Cynthia Palmer,110,45000.0,microwave,home appliances,offline,Delhi,2025-08-10,2,Cash,0.3,bc75c75f6616756ae4bdcc665c102eb1b16b40a9f89f5ab11fbce2db1a646081,XXXXXX7021,successful
770,229,Randy Wilkins,101,250000.0,laptop,electronics,offline,Hyderabad,2025-11-17,3,Card,0.4,6710a0de2017476618706d50bb6f75c06718ec08013c68d97cd6d1d8a7d717ad,XXXXXX2127,successful
771,293,Luke Cummings,107,50000.0,dining table,furniture,offline,Hyderabad,2026-03-11,3,Cash,0.15,05975e0919aa17c67ef5be8b9cae08c5c030890dc456449eae384747b31bfc30,XXXXXX4761,successful
772,343,Allen Mcdowell,105,45000.0,tv,electronics,offline,Bangalore,2025-08-29,1,Card,0.1,c01d0229e45d0660d58eb5a3cd00d9faca9bed5a21dfb9ddd036156ff904a3d9,XXXXXX1170,successful
773,642,Troy Mitchell,110,45000.0,microwave,home appliances,online,Bangalore,2025-07-23,5,NetBanking,0.15,40a175d94b67c5b138751e12e16c6ea52cdbc0ab22559fe806ac2eeca13b7f76,XXXXXX6968,successful
774,177,Barbara Weber,103,1300.0,shirt,clothing,offline,Chennai,2025-07-05,2,NetBanking,0.4,12df3e14843b816ac32b26861bcf8858b90063430dfbcfb98626f6c74f838c90,XXXXXX0042,successful
775,942,Melissa Wilkerson,102,70000.0,phone,electronics,online,Chennai,2025-06-30,3,NetBanking,0.25,745255d1be8eb834ca43f3ac1084ef6d88d237295a71cc13d6d2605fe11c08ae,XXXXXX0620,successful
776,911,Kelly Le,103,1300.0,shirt,clothing,offline,Delhi,2025-10-27,2,Card,0.1,cbffc93beafe626b9849d01039f0c856849d8832f104e0d4fce7b804e015318b,XXXXXX5769,successful
778,693,Joseph Maldonado,110,45000.0,microwave,home appliances,offline,Delhi,2026-02-23,3,Card,0.1,620906c08a4041373730723e7eadd094e026d0cb9df225a51a4955837a5add4b,XXXXXX5157,successful
779,807,Steven Li,105,45000.0,tv,electronics,online,Mumbai,2025-12-16,2,UPI,0.35,5b5169307df8d1d47a7cb18c97b70ed9777a7fbb19eaa99e70a799f8e78b9ccd,XXXXXX2530,successful
780,904,Audrey Skinner,103,1300.0,shirt,clothing,offline,Bangalore,2026-02-03,1,UPI,0.2,edb4f0e2052f3905615080c425a64da0afdfdb62387f3caeac34e231e9d895a5,XXXXXX2073,successful
781,8,Francisco Suarez,104,8000.0,shoes,clothing,online,Hyderabad,2025-04-27,2,UPI,0.1,41d402a727f92daeaed76794afbeb1c9d034edc57513ebfbb7290ca1ad6a9b90,XXXXXX3830,successful
783,217,Eric Cross,109,65000.0,refrigerator,home appliances,offline,Bangalore,2026-01-13,1,Card,0.15,5237d61b91bebbe1f34517fc22ea22dd4877b94708bdd71116c36964401ee111,XXXXXX4796,successful
784,890,Holly Mckay,110,45000.0,microwave,home appliances,online,Chennai,2026-03-28,1,NetBanking,0.2,526648252f3335cbd365bf59e4b2664571a2f96254ee0c1b1fa716c03e0c4715,XXXXXX6494,successful
785,808,Brandon Hicks,108,15000.0,mixer grinder,home appliances,offline,Mumbai,2025-10-21,5,NetBanking,0.15,5a09166e01725779b05a0c424ad677ba8998f8af2bf91d2949d646f60c9f112e,XXXXXX0549,successful
786,168,Joyce Robertson,105,45000.0,tv,electronics,offline,Mumbai,2026-02-11,4,NetBanking,0.15,bf415c654f33244dbfda908e4e5e7c167de81383a776a4e1dc6dc0b4d66c06e0,XXXXXX0417,successful
788,662,James Osborn,105,45000.0,tv,electronics,online,Bangalore,2025-09-17,2,Cash,0.15,572033317135c939edb4704d6619557d12b168b6f9bb18526bfa7b21b979d9be,XXXXXX0493,successful
789,505,Samantha Hull,110,45000.0,microwave,home appliances,online,Chennai,2025-07-06,3,Card,0.35,a591c2c7e3daa665f8db77a6444c0bdd92d4891127dfdf478b5d89494fe8860a,XXXXXX1565,successful
790,495,John Cummings,105,45000.0,tv,electronics,online,Hyderabad,2026-02-17,1,Card,0.4,deff447adabc5e132c994d4648ccfe19ea87da1c2fb3bd0725013ed00b33f7e0,XXXXXX7125,successful
791,977,Gloria Navarro,108,15000.0,mixer grinder,home appliances,online,Chennai,2026-08-03,3,NetBanking,0.35,57a55b9550f75bc8de4f58e05098c93805b9c3afdcad32b88448f39709bf1949,XXXXXX0862,successful
792,762,Linda Webb,102,70000.0,phone,electronics,offline,Mumbai,2026-04-13,1,UPI,0.4,ffc4093c94e294b2ec845ac8af2bb45c149e457809c573b438ce219d72c60295,XXXXXX1908,successful
793,408,Hannah Russell,110,45000.0,microwave,home appliances,online,Hyderabad,2025-07-21,3,NetBanking,0.1,8230562eba285745b6a0676f4f6fce1e6404ee6ce387bba4bced74069dad9b18,XXXXXX3608,successful
794,420,Marcus Wilkinson,107,50000.0,dining table,furniture,online,Hyderabad,2025-02-09,1,UPI,0.25,b02011bc75596bc4a7e6a38b67c1a1f100373cf91526fb90c9000a0f64ad86c3,XXXXXX1410,successful
795,186,Dawn Garrett,107,50000.0,dining table,furniture,online,Chennai,2025-10-14,4,Card,0.35,79680eda3b6a449222dc65431c9a8ea1135f0b51f11ec4e086fc861a020fffd5,XXXXXX0201,successful
796,735,Elizabeth Kemp,104,8000.0,shoes,clothing,offline,Bangalore,2025-05-11,2,UPI,0.3,5477286d77cee4d02f0f9599428a627ffed898555933e2eb8b11dd5915099a84,XXXXXX1868,successful
797,598,Earl Park,109,65000.0,refrigerator,home appliances,offline,Hyderabad,2025-07-21,5,NetBanking,0.35,dee8bb883e810f4ca2a9d21349c1dc7c6c27e919a9cf7685570a7f4fb5e128b4,XXXXXX2355,successful
798,580,Meredith Walker,101,250000.0,laptop,electronics,online,Chennai,2025-08-01,4,Cash,0.15,f29e42c5b06edfce5f576f23739a0f023296bcfb7e2fa268ac654c16f619d742,XXXXXX7146,successful
799,473,Daniel Tapia,109,65000.0,refrigerator,home appliances,online,Hyderabad,2025-12-23,5,UPI,0.25,184428a7316ad27a87e3cab290972bcc6e0b6f769a6aba06f81798a3a19ffe1b,XXXXXX3308,successful
800,58,Michelle Barnes,106,80000.0,sofa,furniture,offline,Hyderabad,2026-03-13,2,Card,0.05,5d1b8ec80899b065f285a3a52fa7290f7706e59b5f9a1ea7173ee68f4f9bfb00,XXXXXX6620,successful
801,463,Kevin Cruz,109,65000.0,refrigerator,home appliances,online,Delhi,2026-04-12,5,NetBanking,0.15,82517fa8d5c87d23de33c09519d379699e04d1425c16002a263a311f80d935d4,XXXXXX4173,successful
802,528,Kerri Rodriguez,109,65000.0,refrigerator,home appliances,offline,Chennai,2026-01-02,1,UPI,0.15,8c51fb1e34f92f845932b5204e80a397331a4d8abc4058dd2e132f4d5da91a7b,XXXXXX0493,successful
803,286,Carmen Sanders,106,80000.0,sofa,furniture,online,Hyderabad,2025-05-06,1,NetBanking,0.25,6ef7c793400361653d62603164d98b772539971c69e6b497e8bfb358831ca370,XXXXXX0019,successful
804,658,Douglas Sanders,106,80000.0,sofa,furniture,online,Bangalore,2025-10-03,2,Cash,0.05,d829ec5b2756f5555ac366a23386ffea9a581aa41fc04a4c8b5b7c79c69aded1,XXXXXX7580,successful
805,948,Deborah Payne,108,15000.0,mixer grinder,home appliances,online,Mumbai,2025-12-20,3,UPI,0.15,2c30efcbcfb9511992fc794eccffe9e1ff60f6ebf6a259f128fa638977fef15a,XXXXXX2428,successful
806,895,Aaron Foster,102,70000.0,phone,electronics,online,Bangalore,2025-06-06,5,UPI,0.2,233af812d49bf5aa3a6737cf507bac2a35972fc826d2dbb093e15d2b03b5e86d,XXXXXX5793,successful
807,172,Daniel Smith,103,1300.0,shirt,clothing,online,Delhi,2026-02-02,5,Card,0.35,8be5e4c05181899d6e1b5c95fa2dabffb0a76825f1a70537800d30c479445f0d,XXXXXX2879,successful
808,154,Michael Smith,101,250000.0,laptop,electronics,online,Chennai,2025-09-28,5,Cash,0.3,d8958404f26ef69cb6360f7015fca986ef8ff3b9002b657d2e724f1b4fd44fde,XXXXXX4650,successful
809,493,Stacy Bass,109,65000.0,refrigerator,home appliances,online,Hyderabad,2025-06-26,1,Cash,0.35,93624843ea83d9800573b15d75e6f1c6f4f64e96f7c0ac37566c210258bd768c,XXXXXX1130,successful
810,671,Sarah Frederick,103,1300.0,shirt,clothing,online,Chennai,2025-11-17,2,NetBanking,0.25,d7ff5ebc2d22d2c12fdf656b54fcdcb0fa4a1bdecc17cc548fda5a03b44f97d1,XXXXXX5538,successful
811,403,Taylor Ellison,109,65000.0,refrigerator,home appliances,offline,Bangalore,2025-06-20,1,UPI,0.2,79aac7227a9c2ca2174bd4adcd693678c24897d18e3a00d10361fe8b3314e100,XXXXXX9832,successful
812,202,Amanda Reed,103,1300.0,shirt,clothing,online,Delhi,2025-06-23,2,UPI,0.2,31a58b7cecbfb6d45a52ad268be567e2c40845ee8b9ff3db2d29dcbaf1758947,XXXXXX7299,successful
813,307,Evelyn Bridges,108,15000.0,mixer grinder,home appliances,offline,Chennai,2026-04-04,1,NetBanking,0.4,59e9b8b9bca986388f75ce21309fefec20febee5fbc1c44b9f0d9bc12c29ac6b,XXXXXX7428,successful
814,762,Linda Webb,106,80000.0,sofa,furniture,online,Mumbai,2025-11-07,3,Card,0.25,ffc4093c94e294b2ec845ac8af2bb45c149e457809c573b438ce219d72c60295,XXXXXX1908,successful
815,262,Michael Elliott,101,250000.0,laptop,electronics,offline,Mumbai,2025-03-05,1,Cash,0.2,8c45f048648a50c15739fc948181dc6a76c4ef88158f89e13f0c256b67a6f87d,XXXXXX1322,successful
816,809,Kayla Hart,101,250000.0,laptop,electronics,offline,Bangalore,2025-06-16,1,Card,0.05,4170d81c97aff3761a97548659581ce429fc6194caca589196305b6f0e7e7267,XXXXXX6458,successful
817,945,Misty Parker,103,1300.0,shirt,clothing,offline,Hyderabad,2025-12-10,1,NetBanking,0.2,09191b02e2a048ecdb6acfe67128ac8892af0a300c9fdce59e199c28343cf749,XXXXXX8545,successful
818,111,Alyssa Mitchell,107,50000.0,dining table,furniture,online,Hyderabad,2025-05-27,4,Card,0.35,4e95d1b9c6953645eeac987c15df56f143fc41e2c93a58d25d023aade5f10dbd,XXXXXX2386,successful
819,733,Jessica Lin,108,15000.0,mixer grinder,home appliances,online,Delhi,2025-04-22,3,Card,0.35,0db191a9ef3cbd33bb05c0caf39be9b0df3c869b5015693ad271009cddd1622a,XXXXXX6363,successful
820,880,Miranda Frank,104,8000.0,shoes,clothing,offline,Chennai,2026-01-23,3,Cash,0.3,470c7f396d52e60d69ac435c19b5125054807a484f2f4ec7eec2ad5900b71c2a,XXXXXX9940,successful
821,261,Ronnie Martin,106,80000.0,sofa,furniture,offline,Bangalore,2025-12-01,2,NetBanking,0.2,62ab53d06a5c0dbcac3301b815adfecee72509402576e9edcff342d51bd63ff3,XXXXXX1260,successful
822,230,Jose Guerrero,110,45000.0,microwave,home appliances,offline,Hyderabad,2026-01-02,4,Cash,0.35,1bd662bf7c2b8a2805e52bff5d4285e77234b60beef56529c05def844f1fe349,XXXXXX5176,successful
824,406,Gregory Nelson,105,45000.0,tv,electronics,offline,Delhi,2026-04-09,1,Card,0.25,7db4c9edb9299de66a56fc5dc25f30252d70b32f056bd88450b495ba5e9e73f7,XXXXXX4867,successful
826,104,Amanda Castillo,108,15000.0,mixer grinder,home appliances,online,Hyderabad,2026-02-05,2,NetBanking,0.25,5e6f5536a427d3fbd6ea71f1c859a2295451d6abc5d077109d81857dea0e543a,XXXXXX9548,successful
827,516,Brittany Roberts,102,70000.0,phone,electronics,offline,Hyderabad,2025-04-30,4,Card,0.05,76b48549391dbcc08ff0b44e642bdc5e2aff8531044ba139d91b609d81dce037,XXXXXX7057,successful
829,300,Tiffany Miller,107,50000.0,dining table,furniture,online,Hyderabad,2025-10-08,3,Cash,0.4,4d4504d6c1723e073aa177e46c984f6ea2087c5667f16ff02db9320d9adbf78c,XXXXXX0297,successful
830,926,Lisa Reynolds,103,1300.0,shirt,clothing,online,Hyderabad,2025-07-26,1,UPI,0.25,86f52346f9e98f92669200bc144a7ea20943ecad60d06cb9a599aad4d8348291,XXXXXX4840,successful
831,858,Kristina Stewart,110,45000.0,microwave,home appliances,online,Hyderabad,2025-12-16,3,NetBanking,0.15,1ac0907856b2c2227c8b73f739213ce07dc4843fc2ace1a689a104490e7e2d3a,XXXXXX5897,successful
833,165,Rebecca Hays,109,65000.0,refrigerator,home appliances,offline,Hyderabad,2025-08-12,5,Card,0.35,adcad24a737e5808b499cea626a157c72f243eeb572e930e3999398d54f7ecad,XXXXXX1179,successful
834,438,Lindsay Bartlett,110,45000.0,microwave,home appliances,online,Mumbai,2025-07-26,3,Cash,0.05,c41d30bfe4975036710fbc8ff65cda93b88e22b5c37192dbb47e478a51c472bc,XXXXXX1410,successful
835,931,Melissa Lewis,103,1300.0,shirt,clothing,offline,Mumbai,2025-08-31,5,Card,0.35,c8f5665b8a9ac7a8072e58c16db080914bb79ccecfb96adbb87d84d1ff0957dc,XXXXXX7595,successful
836,44,John Saunders,106,80000.0,sofa,furniture,offline,Mumbai,2026-02-07,1,UPI,0.3,d037d42f69986797432b2f28238a6b49f835ed35e95cda30b6fa28f4ab5d6aef,XXXXXX5526,successful
837,62,Sarah Park,104,8000.0,shoes,clothing,online,Delhi,2025-09-05,1,Card,0.35,04d572a92cd8dd6dd750847bab4e96342f1b7b62d7ac9c9f7b6af8dfb89bcf71,XXXXXX5051,successful
838,755,Keith Stafford,105,45000.0,tv,electronics,offline,Bangalore,2025-05-05,3,Card,0.3,47f21663e66498aafcece51829c4080947d925a68404e9c6ab34669d180388f6,XXXXXX5089,successful
839,304,Aaron Moore,102,70000.0,phone,electronics,offline,Delhi,2025-04-26,3,UPI,0.25,38c837c4f1a8c4e9b02189208b8aac8a41ac58a87db108ca21925a818cbce721,XXXXXX6246,successful
840,544,Charles Weaver,104,8000.0,shoes,clothing,online,Mumbai,2025-08-08,5,Cash,0.25,57e98d7b61f48b3aabd081480a86a73ecf29c9d5a6eab0e7756ff59d2938cf99,XXXXXX1294,successful
842,537,Ernest Meyers,104,8000.0,shoes,clothing,online,Delhi,2026-01-08,3,UPI,0.2,18fe93fa2346775ac0ce55d2f5db973831cf7d53c23b88c17316de9b1b763a3b,XXXXXX9488,successful
843,966,Susan Phillips,103,1300.0,shirt,clothing,online,Delhi,2025-08-06,5,Cash,0.05,75f6f177600c62f091d62be32e274c42cf247cd2b74d4e0effd91955d33009e2,XXXXXX3718,successful
844,998,Joseph Perez,102,70000.0,phone,electronics,offline,Delhi,2025-11-15,1,Cash,0.2,bf6f6e0fa1a4880486cb516d660d22070dab87e48b3389e04401f8343320b71f,XXXXXX3136,successful
845,117,Brent Clark,109,65000.0,refrigerator,home appliances,offline,Delhi,2025-06-23,4,NetBanking,0.35,c5f829302296e1c2e9c8ce7f4a59fa56e01d59488851053529fb66a3ad5061dd,XXXXXX7598,successful
846,596,Douglas Johnson,106,80000.0,sofa,furniture,online,Chennai,2026-03-27,3,Card,0.1,6e4719c9a0f8c9a0c9807cb2830eadc7c004d3f8f5a90e6071bb39ebf387f7fe,XXXXXX1050,successful
847,232,Joel Reid,107,50000.0,dining table,furniture,online,Chennai,2025-11-11,1,UPI,0.35,d4251670d710a9b946663ee7ee10add0b23fe4308fa2e1b5025d590280551912,XXXXXX5220,successful
848,962,Sharon Wood,106,80000.0,sofa,furniture,offline,Mumbai,2025-10-28,4,UPI,0.1,0a216b909c49a5553ce742884688944106fb5f58dc1ccfa868f155a5fd8e7479,XXXXXX2684,successful
849,142,Charles Brown,101,250000.0,laptop,electronics,offline,Hyderabad,2025-12-16,1,UPI,0.3,dd8e7e1212fb3dadf7d88f50f3662b130bb9658196408112c7b3c2319d2f2159,XXXXXX6322,successful
850,150,Donald Bradley,104,8000.0,shoes,clothing,offline,Mumbai,2025-08-07,3,Cash,0.1,b074363965b7c108071097f2f56509c52f7c62645b15bfe660391a7ab8d8692f,XXXXXX9420,successful
852,285,Amanda Anderson,105,45000.0,tv,electronics,online,Chennai,2026-02-03,2,Cash,0.3,b16f4e6d8be3b6bfd68203c6498a14c19a23148a6faa7159900571cfda9889db,XXXXXX0174,successful
853,850,Zachary Abbott,105,45000.0,tv,electronics,offline,Chennai,2025-08-09,3,NetBanking,0.05,46434c01725663470694c4b05f370fa4f859d67446b4e53e259828fd4c98e679,XXXXXX4917,successful
854,152,Levi Leon,104,8000.0,shoes,clothing,online,Chennai,2025-12-29,3,Card,0.15,cdab3302014cb3c5666e6efbb0160b3a50709c64b25a78ce0279fe97f62e57ad,XXXXXX3306,successful
855,560,Anthony Lawrence,103,1300.0,shirt,clothing,online,Hyderabad,2025-08-22,1,UPI,0.15,ab06975a3ca9f219c529cd26a6c4eed9001bd4b69e079c1ce58eef6523296acc,XXXXXX7287,successful
856,965,Donald Poole,109,65000.0,refrigerator,home appliances,offline,Mumbai,2026-03-30,4,Cash,0.25,adc7e31babd42852a89754072c811e885a901e4d43edbcf038e28eba4aee6673,XXXXXX4135,successful
857,996,Barbara Morris,110,45000.0,microwave,home appliances,online,Hyderabad,2026-04-05,1,Cash,0.05,2de9cc6882a7ce0eef9e47ff7812f1ae6f2ab38ce0b66a20fd57b6855a32ba83,XXXXXX7956,successful
858,63,Joseph Little,108,15000.0,mixer grinder,home appliances,offline,Mumbai,2025-08-16,2,NetBanking,0.2,e3799ea332d35ef9f5941efba1229b75871263cf173da4d962b37a1e292f739e,XXXXXX0553,successful
860,502,Amy Stewart,109,65000.0,refrigerator,home appliances,online,Delhi,2026-03-02,3,Card,0.05,608bc2105cc974c248c31e6282166ec8bc104e333d9056a6fc7685fa64c1d573,XXXXXX7862,successful
861,894,Felicia Rollins,102,70000.0,phone,electronics,offline,Bangalore,2026-01-03,3,NetBanking,0.15,13b0c3feff2803c928fde6571142f93639e898bdcc5bd619f23dd8e87ff385f2,XXXXXX8195,successful
862,469,Michael Garcia,103,1300.0,shirt,clothing,online,Delhi,2025-11-07,5,UPI,0.15,8a0689462b7641a7b89e3f1835cc2893a7180ce5e3cf9172c527a48ba9161db4,XXXXXX9516,successful
863,258,Larry Taylor,105,45000.0,tv,electronics,online,Chennai,2025-04-19,4,NetBanking,0.2,02d9817a2e3d817e654ce74ff71c58ab931bbd59b02a8b8aa567c9751b72dcf7,XXXXXX7795,successful
864,56,Joshua Li,110,45000.0,microwave,home appliances,online,Bangalore,2025-12-11,4,UPI,0.35,e7f7250df6a5cfc0511f04632bd010d9f308f18f4b5b07f88bd026b796e31653,XXXXXX6990,successful
865,698,Jennifer Mendoza,110,45000.0,microwave,home appliances,offline,Chennai,2026-02-19,3,UPI,0.3,8dc17e6eb23defde8dcf360dea4c33dfc41e49c970fe778d5953d267b7e136f6,XXXXXX3194,successful
867,836,Jennifer Ross,103,1300.0,shirt,clothing,online,Chennai,2025-06-29,1,NetBanking,0.35,ef0bef0fdb7a178d2fa42297b9be31014516395f8959b3b1ec39bff5ef0d68b2,XXXXXX1995,successful
868,447,Zachary Johnson,108,15000.0,mixer grinder,home appliances,online,Bangalore,2025-10-31,4,UPI,0.25,d866e5a7dd132ca18216503ea6405afe75ffe0b0cf328009dbb50cf0dba4982a,XXXXXX0036,successful
869,76,Cindy Lewis,106,80000.0,sofa,furniture,online,Chennai,2025-09-29,4,Card,0.4,ed29090e1794416eed67ba5f72dd3d7f763ca71a8c1d7525972b8a25333ea3cd,XXXXXX9866,successful
870,79,Tony Jones,104,8000.0,shoes,clothing,online,Bangalore,2026-03-09,1,Card,0.2,7f5abbb6fcb2c5ad19c929b32eca4f8a34ccf4ac54a9200e2afd7089bafbf93f,XXXXXX5623,successful
871,874,Samuel Patel,107,50000.0,dining table,furniture,offline,Mumbai,2026-04-15,2,NetBanking,0.1,353296568ff9fab18059185a83d8f0d2a3499768c55a55d610f4bcba83b3fd26,XXXXXX3067,successful
872,557,Joseph Cowan,104,8000.0,shoes,clothing,online,Hyderabad,2025-11-28,1,Card,0.1,aa00ffd546bf483d71da026f1e214834f4bd1541f59eb2a36c5b8ccf908dd9e4,XXXXXX9909,successful
873,38,Laura Shelton,105,45000.0,tv,electronics,online,Bangalore,2025-06-28,3,Card,0.4,f0127c09f5e3264ee1dde43f3570716b6ac8a951113c0dfb72314decf1cf0fe6,XXXXXX7405,successful
874,789,Bryan Walker,110,45000.0,microwave,home appliances,online,Chennai,2025-07-06,2,Card,0.05,017c6f695867051d91bd7edd635ba1953ed01f655d1f4789a2f839debefa48ea,XXXXXX8567,successful
875,430,Elizabeth Stephens,104,8000.0,shoes,clothing,online,Delhi,2025-12-15,3,Card,0.1,151ed22dbf2f84da4b13c959f9c37b305583fa9d3e14b48afce5dfc8fb3fa4c7,XXXXXX8257,successful
876,7,John Edwards,104,8000.0,shoes,clothing,offline,Delhi,2025-06-28,4,UPI,0.05,063dc18ec4ff20524fda59d74a0318cb2ef3eb4f8bdbd8b1c134c7de1a089b14,XXXXXX6576,successful
877,84,Paul Pacheco,109,65000.0,refrigerator,home appliances,online,Bangalore,2026-04-04,4,Card,0.4,ec7caa9065674ab91ac5eb3a3a95b00ee9f6fcf85a463f0086606668011bccec,XXXXXX4257,successful
878,1,Karen Pollard,110,45000.0,microwave,home appliances,online,Hyderabad,2025-05-01,1,NetBanking,0.2,38878d194d81226c14a1998858917cc7069bd1cafc635e6fa376320e9f561484,XXXXXX6363,successful
879,202,Amanda Reed,104,8000.0,shoes,clothing,offline,Delhi,2026-03-31,2,UPI,0.4,31a58b7cecbfb6d45a52ad268be567e2c40845ee8b9ff3db2d29dcbaf1758947,XXXXXX7299,successful
880,483,Stephanie Holt,109,65000.0,refrigerator,home appliances,offline,Bangalore,2025-05-18,2,Cash,0.35,7abe5b22e7182d505aba88d3648af406ce6a7d97db1fafe30436c9cbf0c3e179,XXXXXX3707,successful
881,985,Lindsey Rivas,102,70000.0,phone,electronics,offline,Bangalore,2026-01-25,1,Card,0.05,352b1643ccf0cef45629575bebd6fa37bdc5d8b51dc8809a2e72a4f41bb51654,XXXXXX9056,successful
882,97,Joseph Nolan,106,80000.0,sofa,furniture,offline,Bangalore,2025-01-07,3,Cash,0.05,fc3683a5d6f99fdecf3be7fb548a53f44b4d7abc5e033d26239453e8bdf0f6f3,XXXXXX3593,successful
883,931,Melissa Lewis,110,45000.0,microwave,home appliances,offline,Mumbai,2025-10-26,1,Card,0.15,c8f5665b8a9ac7a8072e58c16db080914bb79ccecfb96adbb87d84d1ff0957dc,XXXXXX7595,successful
884,558,Bryan Phelps,108,15000.0,mixer grinder,home appliances,offline,Chennai,2025-05-10,2,NetBanking,0.25,535ff4df6f44adeeb410da41f1c510a9fb62e0c5a02ef7e20b2b0bfc9bdf6363,XXXXXX3862,successful
886,941,Chelsea Wallace,105,45000.0,tv,electronics,offline,Bangalore,2025-09-25,1,NetBanking,0.3,50ef9af42ae95622b41e46ae7bb2425ec7cdce4f68c4d0f0f0392982d513eceb,XXXXXX1736,successful
887,237,Jamie Casey,109,65000.0,refrigerator,home appliances,online,Mumbai,2026-02-23,1,NetBanking,0.4,6de0aa5d870a6192bff5a57fb71945abbf6ec1af4ee37571c17c51188567f8f0,XXXXXX9410,successful
888,144,Amber Boyd,101,250000.0,laptop,electronics,online,Mumbai,2025-10-30,4,Cash,0.4,6453c152acffc8ba48ded2948ce3bd172798bbaa0272740e056f155459e3b8ef,XXXXXX5581,successful
889,383,Debra Parker,110,45000.0,microwave,home appliances,offline,Mumbai,2025-09-13,3,Card,0.3,96f5c4629c7c9c73dad651ebf2908a0e5217adaab21089fa38657d9df639d6c5,XXXXXX5109,successful
890,725,Jody Martinez,108,15000.0,mixer grinder,home appliances,online,Bangalore,2026-01-30,1,Cash,0.2,fd863b4f53124ac4aec3a4c710ec37c0b77a7871fb5601bf03bc78e4790dd936,XXXXXX6889,successful
891,986,Judy Clark,104,8000.0,shoes,clothing,online,Chennai,2025-07-30,4,Cash,0.05,3c956106a960d1aa3112af100e815af82f8f3f7d1c052caeaf15a1bbfe1cd854,XXXXXX4786,successful
892,925,Steve Ayala,104,8000.0,shoes,clothing,online,Hyderabad,2025-09-20,4,Card,0.1,519a8b9922886b0a0b63b4da372f335f5b01f0777c3796e130ef87e16155d5fb,XXXXXX7018,successful
893,838,Susan Torres,106,80000.0,sofa,furniture,offline,Chennai,2025-12-30,4,NetBanking,0.15,d963ec958fe698223197322410b345061770c0599a9638fd33e321690a5f8ae6,XXXXXX6426,successful
894,723,Christopher Walter,103,1300.0,shirt,clothing,online,Hyderabad,2025-07-19,4,Cash,0.2,5d34373d42305e7d0aca0dd995e95853aacd55afc93bb5a656398ab1a8555e59,XXXXXX5707,successful
895,450,Matthew Martinez,102,70000.0,phone,electronics,online,Bangalore,2025-12-03,2,NetBanking,0.15,b470a9b15f8be6311593be2fb7c6a3821695fa3c193e7c7b218cc9800ad2d924,XXXXXX4344,successful
896,528,Kerri Rodriguez,105,45000.0,tv,electronics,online,Chennai,2025-07-22,4,Cash,0.2,8c51fb1e34f92f845932b5204e80a397331a4d8abc4058dd2e132f4d5da91a7b,XXXXXX0493,successful
897,390,Erika Knight,103,1300.0,shirt,clothing,offline,Mumbai,2025-10-30,4,UPI,0.35,002e230a14753479faa5bef3a74da4610e857b4e4b7b992a12ef59e25302bbf3,XXXXXX7025,successful
898,136,Jasmine Miller,108,15000.0,mixer grinder,home appliances,offline,Chennai,2025-12-24,2,Card,0.2,3574f4c61a13d332df76dbfb9ab6cc90b06699da14c3e825540698e377436b12,XXXXXX4213,successful
899,194,Leonard Taylor,107,50000.0,dining table,furniture,online,Chennai,2025-09-08,4,Card,0.15,bff73e34287596f82b1ea56379bc41652ec1d7a6fbb515ca2d0a2af0dbfdfb61,XXXXXX8398,successful
900,128,Ethan Porter,104,8000.0,shoes,clothing,offline,Bangalore,2025-12-27,1,UPI,0.05,f5ce7c8c8577bd2d49c325f9af19f9f39a2d6fe0add4ae54eeda433bb87df488,XXXXXX4264,successful
901,674,Haley Alvarez,104,8000.0,shoes,clothing,offline,Bangalore,2026-02-09,3,NetBanking,0.35,93c41008d2c7d281e67d383836fc615f9686eb3dcbfcb38dcec394e7f0731028,XXXXXX8272,successful
902,109,Michael Walker,107,50000.0,dining table,furniture,offline,Mumbai,2025-12-19,3,Cash,0.35,dd5e3426d5dfb69ef583ec656d7c4e4702b4cfa9a529efb7014828ec45ea3e07,XXXXXX7171,successful
903,343,Allen Mcdowell,106,80000.0,sofa,furniture,offline,Bangalore,2025-11-14,3,UPI,0.35,c01d0229e45d0660d58eb5a3cd00d9faca9bed5a21dfb9ddd036156ff904a3d9,XXXXXX1170,successful
904,592,Timothy Medina,103,1300.0,shirt,clothing,offline,Delhi,2025-06-15,2,NetBanking,0.25,cd9282215d61733f3e44cbecd97ece549a11194632475037329882d94141cc4c,XXXXXX8501,successful
905,816,Erika Martin,110,45000.0,microwave,home appliances,offline,Delhi,2026-01-08,5,UPI,0.3,b18e9cfc7c54c789d86de7b91cf4a727cd6d910683d3f74ffe6b99dd30708205,XXXXXX1945,successful
906,548,Jesse King,106,80000.0,sofa,furniture,offline,Mumbai,2025-04-23,1,Card,0.2,525da10228f4d7aec9323c70e9c6bf454a59d2e542db2987cac25ff0e353ef16,XXXXXX3975,successful
907,650,Michael Haynes,104,8000.0,shoes,clothing,offline,Hyderabad,2026-03-04,2,UPI,0.25,7b235b7249967024157aafc1ac335feadd3f8fbf8f4ccdad82f77f73a376243a,XXXXXX6833,successful
908,889,Robert Carlson,104,8000.0,shoes,clothing,offline,Delhi,2025-12-01,3,NetBanking,0.1,d6819f9fb8a2dcb69bfb67e199ad01d7c462f89691eb10d0ea92ef1ed652d7f5,XXXXXX8201,successful
909,465,Heather Walker,109,65000.0,refrigerator,home appliances,online,Hyderabad,2026-03-25,3,NetBanking,0.2,3538d2724d1fcfd7942835e9da8be773b7a50884553c6fa01b9c5b3383b15613,XXXXXX1402,successful
910,999,Elizabeth Brooks,104,8000.0,shoes,clothing,online,Hyderabad,2025-04-17,2,NetBanking,0.35,b772aa1b57925c0a554eac858a177c72cdd8258d572c178657d8f2e0cd281a43,XXXXXX7706,successful
911,269,Christina Conrad,102,70000.0,phone,electronics,online,Chennai,2026-02-24,4,Cash,0.1,130d6d59042b3de0f3e0af8a3f0ebb31b0c6d66191f46b7c7bd3f3dfb018db31,XXXXXX1847,successful
912,404,Julian Cox,108,15000.0,mixer grinder,home appliances,offline,Delhi,2025-08-01,1,NetBanking,0.05,e77c8dab14ba4c0ca13c73401ae9b8f832608d8ecce978f2d5a805a50c043374,XXXXXX3039,successful
913,211,Arthur Lopez,105,45000.0,tv,electronics,offline,Hyderabad,2025-04-26,3,UPI,0.2,6d418f8544aaf2cf9dea6927a4fc40014efde9508b26aa2ded35594133229da8,XXXXXX3529,successful
914,947,Gabriel Golden,101,250000.0,laptop,electronics,offline,Mumbai,2026-05-04,2,Card,0.3,5d303e9f7f4abdf43f20290d19c7b53e13a4eff6e803b2a3a8597cf99724643d,XXXXXX7330,successful
915,73,Anthony Gonzalez,103,1300.0,shirt,clothing,offline,Mumbai,2025-06-11,2,Card,0.2,1be6c94faf6ccf32c776a42bef47cefd4a92aa3fe13648ebd10ee99ec2a731e8,XXXXXX9312,successful
916,917,Alexandria Marks,101,250000.0,laptop,electronics,online,Hyderabad,2025-09-20,2,Card,0.15,aa68c27cb1ccf0b9000a765c327f734d7b818f61c3b848d9bb13733a5cdf8fff,XXXXXX3519,successful
917,799,Stephanie Dunn,102,70000.0,phone,electronics,online,Delhi,2025-09-17,2,Cash,0.1,08194ee6d135d934e7d0321240c43f7fd76a2cb0f9dbcb3c7e8f9c7daf748b66,XXXXXX0744,successful
918,481,Valerie Phillips,102,70000.0,phone,electronics,offline,Chennai,2025-06-21,2,NetBanking,0.1,924f9c219200eca55869d895a975b2e187e682ba279e90dc9b55ef22310e6019,XXXXXX6027,successful
920,27,Ashley Simpson,105,45000.0,tv,electronics,online,Chennai,2025-08-07,3,NetBanking,0.25,e6edf61ee79d5215b3e080ebc172859c467c7801fa97e8683692c77e1f804cf5,XXXXXX5505,successful
922,162,Kirsten Thomas,104,8000.0,shoes,clothing,offline,Hyderabad,2025-05-06,3,NetBanking,0.2,82367fb1435333bdf013aba7bcd0ca3d7867d7b7658c2af3469567664377a123,XXXXXX0018,successful
923,836,Jennifer Ross,110,45000.0,microwave,home appliances,online,Chennai,2025-09-06,4,Card,0.4,ef0bef0fdb7a178d2fa42297b9be31014516395f8959b3b1ec39bff5ef0d68b2,XXXXXX1995,successful
924,134,Marie Thomas,107,50000.0,dining table,furniture,online,Bangalore,2025-06-02,3,Cash,0.05,18992e1948a3a40d44c2144acdb9162bd92dd9a506be20d6bf9503f684adaa58,XXXXXX4377,successful
925,187,Timothy Salazar,107,50000.0,dining table,furniture,online,Bangalore,2026-01-05,5,Card,0.2,1bc180c6af17a37f3f22db599b516ed11b9cf3e22d55a5448cd0da342ea8c1c2,XXXXXX1410,successful
927,464,Gail Wilson,108,15000.0,mixer grinder,home appliances,offline,Mumbai,2025-04-17,5,Card,0.4,e2ac167500ccbba3bf08d2098fbd155787574fdd16c63e1e12ee5c8ee0f7253a,XXXXXX1338,successful
928,852,Morgan Lewis,110,45000.0,microwave,home appliances,offline,Mumbai,2025-08-13,4,UPI,0.15,5c6818ab42c84d363fa29dc24c7d4c7294aedf286935dbc01bc1720099e48ba5,XXXXXX4387,successful
929,526,Paul Fields,110,45000.0,microwave,home appliances,online,Chennai,2026-02-04,1,UPI,0.15,482566124ec59dcdd7c75a845be056a9b79b10e69fb3d2196e4974234f9ea0ef,XXXXXX1606,successful
930,399,Rebecca French,109,65000.0,refrigerator,home appliances,online,Chennai,2025-07-27,2,Cash,0.4,01dbadddd88e2a9f522768ac3a944ea38fbc3e17dc7ff987b0f3370a9a542dd2,XXXXXX9649,successful
931,158,Tiffany Mitchell,108,15000.0,mixer grinder,home appliances,offline,Delhi,2025-07-15,1,UPI,0.3,01067541295986fa9e8fc52c97a12fdcd59b5b8cbb83289be0bfc808fd2850ad,XXXXXX6316,successful
932,674,Haley Alvarez,108,15000.0,mixer grinder,home appliances,offline,Bangalore,2025-09-26,1,UPI,0.25,93c41008d2c7d281e67d383836fc615f9686eb3dcbfcb38dcec394e7f0731028,XXXXXX8272,successful
933,131,Pamela Peterson,106,80000.0,sofa,furniture,online,Bangalore,2026-03-29,5,Card,0.25,28b8883658580d5d23c90b08b705f71911fc97ba36150f89090da069e07ec881,XXXXXX8147,successful
934,561,Allison Lee,107,50000.0,dining table,furniture,online,Mumbai,2025-07-10,1,Cash,0.15,c4305ed04ccf1353cefcdcc3e3b4508516e85898279fca1ecfc8997dc6888381,XXXXXX4275,successful
935,436,Jesse Conway,109,65000.0,refrigerator,home appliances,offline,Hyderabad,2025-10-17,1,Cash,0.4,df072357edf07451021e625745f9c6b5a1bbad209327f57c00a8f43f05e57b60,XXXXXX8681,successful
936,356,Larry Mercado,108,15000.0,mixer grinder,home appliances,online,Hyderabad,2025-12-13,4,NetBanking,0.05,549c551b3c15d66afc3cd7045cdc8af036aea80f6bd91ee7baf88109bded2b72,XXXXXX0420,successful
937,989,Jason Huerta,105,45000.0,tv,electronics,online,Chennai,2025-09-10,4,Card,0.3,ca01b3776da49595034b90d569bf37f772e29ed76801bd2b47f4bc97ad5cb6b4,XXXXXX4162,successful
938,75,Jacob Mathis,107,50000.0,dining table,furniture,offline,Mumbai,2025-05-17,4,NetBanking,0.35,8c30d6cdfbe6156c94c4019bc9d62acf0c4cd1636440285ea85ba630015b1956,XXXXXX6187,successful
939,142,Charles Brown,108,15000.0,mixer grinder,home appliances,online,Hyderabad,2025-12-12,2,UPI,0.35,dd8e7e1212fb3dadf7d88f50f3662b130bb9658196408112c7b3c2319d2f2159,XXXXXX6322,successful
940,232,Joel Reid,109,65000.0,refrigerator,home appliances,offline,Chennai,2026-04-14,3,Cash,0.2,d4251670d710a9b946663ee7ee10add0b23fe4308fa2e1b5025d590280551912,XXXXXX5220,successful
941,37,Joshua Nunez,105,45000.0,tv,electronics,offline,Mumbai,2025-10-17,5,Card,0.1,72837615be7d1b08611790f3f3ff8f99b0a3cde6c646c7e7fc540a8e81120c3f,XXXXXX8785,successful
942,507,Thomas Cameron,106,80000.0,sofa,furniture,offline,Delhi,2025-11-27,3,Card,0.35,d1a3662414787e46f75a4c7dfc80a30ace6eb31de5488f1e9b660701cb9f4138,XXXXXX2264,successful
943,981,Christine Harper,107,50000.0,dining table,furniture,offline,Mumbai,2025-08-26,4,UPI,0.05,65c81cc594c0b612c9fe17409896c6dcf61559bcda3787fa725356804d96099b,XXXXXX5939,successful
944,28,Nicholas Carroll,103,1300.0,shirt,clothing,offline,Chennai,2026-01-20,5,Card,0.1,a7ae57ac27a7b11f2cce0c74971444608cf24758b6f3953d32892fde45f303e8,XXXXXX3542,successful
945,207,Tonya Lopez,103,1300.0,shirt,clothing,online,Bangalore,2025-06-28,2,Card,0.3,e6c2ad62d4f046d746d1b4d19d9ec348370080945c294412aef19ced4542c094,XXXXXX0519,successful
946,207,Tonya Lopez,104,8000.0,shoes,clothing,offline,Bangalore,2025-10-14,5,Cash,0.15,e6c2ad62d4f046d746d1b4d19d9ec348370080945c294412aef19ced4542c094,XXXXXX0519,successful
947,879,Andrew Johnston,106,80000.0,sofa,furniture,offline,Mumbai,2025-10-16,3,Cash,0.05,00c35cabe59c83334d07138ab1012cc4751373225292a52b8e8488d820954870,XXXXXX8466,successful
948,516,Brittany Roberts,102,70000.0,phone,electronics,offline,Hyderabad,2025-11-30,2,Card,0.4,76b48549391dbcc08ff0b44e642bdc5e2aff8531044ba139d91b609d81dce037,XXXXXX7057,successful
949,87,Peter Silva,101,250000.0,laptop,electronics,online,Chennai,2025-04-20,2,Cash,0.35,d6bd37045cec12b53415caf216722a21736d30f981f9c6624823e14676236179,XXXXXX0954,successful
950,205,Renee Harris,105,45000.0,tv,electronics,offline,Mumbai,2025-04-30,2,UPI,0.4,7e03139a80880ae8285b8e3c9360bab40a133452ea9df04075006e9c4677c702,XXXXXX1150,successful
952,6,Eric Turner,106,80000.0,sofa,furniture,offline,Hyderabad,2025-07-15,4,NetBanking,0.35,c0dbdc98188a54ac6cbdf84412a915f233d651a8a332e1a2b57bc45add3505af,XXXXXX6182,successful
953,129,Thomas Wells,106,80000.0,sofa,furniture,online,Bangalore,2026-02-15,3,NetBanking,0.4,bd4b3f0342aa8697bfb94dfdba6e13793a707467baebc15e753a57b7f877be23,XXXXXX7186,successful
954,604,Craig Miller,105,45000.0,tv,electronics,offline,Chennai,2025-08-09,2,Card,0.4,f594775c4ad6ffd1a56420eb4510c550c3ef17e36570e76e80d42c0fdead13b6,XXXXXX2647,successful
955,244,Frederick Gonzalez,110,45000.0,microwave,home appliances,online,Chennai,2025-10-26,1,Card,0.15,57b7ea035c9b8ffde3c1cd0e6a83b198c3da54e840d94a2281e4366829ce93b9,XXXXXX1750,successful
956,847,Eric Mejia,108,15000.0,mixer grinder,home appliances,online,Delhi,2026-03-14,5,NetBanking,0.3,ac97b4c4e4e390c7f963fb5afbe0cb21f9ee5ae07d737bf18f6b401914821365,XXXXXX1886,successful
957,966,Susan Phillips,101,250000.0,laptop,electronics,online,Delhi,2026-03-11,2,Cash,0.05,75f6f177600c62f091d62be32e274c42cf247cd2b74d4e0effd91955d33009e2,XXXXXX3718,successful
958,443,Judy Patton,103,1300.0,shirt,clothing,offline,Chennai,2025-11-06,4,NetBanking,0.15,80efdb5f4296ec718e67293f86b65ac294228724deae17701516a628746dd717,XXXXXX5429,successful
959,864,Cameron Black,102,70000.0,phone,electronics,offline,Chennai,2025-11-18,5,Cash,0.3,f842de5fc6e0b75b586d413b7f3d48e6dc07751f2385c2bd38e503377b43b861,XXXXXX9477,successful
960,714,Scott Lane,103,1300.0,shirt,clothing,offline,Mumbai,2025-08-24,2,NetBanking,0.2,ecc28f19e00519f5a3ca5ca5b69480dd9df6643a3b2842fc51263f3cdee3a003,XXXXXX4950,successful
961,584,Stacie Jones,102,70000.0,phone,electronics,offline,Chennai,2026-04-08,5,Cash,0.05,0953f4f5c3f844d30e5b4aec2535d4e2ab45fe6cc9db77eda74b1618d1295b26,XXXXXX2693,successful
962,985,Lindsey Rivas,104,8000.0,shoes,clothing,offline,Bangalore,2025-07-06,2,Cash,0.15,352b1643ccf0cef45629575bebd6fa37bdc5d8b51dc8809a2e72a4f41bb51654,XXXXXX9056,successful
963,338,Lisa Garrison,107,50000.0,dining table,furniture,offline,Delhi,2025-08-02,2,UPI,0.4,2ec47ae623f838a8a542c2baae2c33ebbaafbc742f4ce3d71941fd11ce6f022d,XXXXXX9437,successful
964,967,Brittany Bush,107,50000.0,dining table,furniture,online,Hyderabad,2026-01-03,2,NetBanking,0.1,5d929216eff9d713bf0bedf384347d6004aab30bb10d5cc10ed8b89c8a74ec97,XXXXXX4454,successful
966,200,Miguel Proctor,107,50000.0,dining table,furniture,online,Delhi,2025-11-21,4,Cash,0.35,9e8e3e96cbcc9c7acf49b3f51789856ddbf3b1f2e36efd6d8ba845663e3742b4,XXXXXX5835,successful
967,908,Michelle Shaw,104,8000.0,shoes,clothing,online,Hyderabad,2026-03-04,1,NetBanking,0.35,157390344d6efad1d90ba64e742ca381f0056094e97d467920d5ff33fb8c36ae,XXXXXX3812,successful
968,52,David Hernandez,102,70000.0,phone,electronics,online,Mumbai,2026-08-01,2,NetBanking,0.05,9b82d5cceae5bfca42eb719b58003af6a0b4b422d227fdeb3e7ff72affaa1087,XXXXXX2999,successful
969,77,Robert Diaz,106,80000.0,sofa,furniture,offline,Hyderabad,2025-06-18,2,Cash,0.2,529bd4969fc178139bcd315998e4b4095d1b761d259aad6c017703d506f8d032,XXXXXX6645,successful
970,422,Patrick Ramirez,103,1300.0,shirt,clothing,offline,Delhi,2026-02-02,4,Cash,0.3,8d0155644973ff939fc0c2c472de8244c3702b5d308cd2420b39fb1be1e5023e,XXXXXX5459,successful
971,757,Yvette Clark,109,65000.0,refrigerator,home appliances,offline,Hyderabad,2025-04-24,1,Cash,0.4,fb83e27ab1213d4d5e5851d2d484c4c7ccf0287f07aa72434328697fb67265cc,XXXXXX6334,successful
972,625,Elizabeth Duran,110,45000.0,microwave,home appliances,online,Mumbai,2026-03-27,5,Cash,0.25,8cd6307521b4bf744816a966a63820824893f6481970aa8aa2027cd30676f18c,XXXXXX6997,successful
973,991,Darlene Chapman,108,15000.0,mixer grinder,home appliances,online,Hyderabad,2026-02-05,2,Cash,0.1,fadc6ec824919f7023754937545650cbdff881e803078c99b90621eb48009b35,XXXXXX0595,successful
974,698,Jennifer Mendoza,104,8000.0,shoes,clothing,online,Chennai,2025-07-14,3,Card,0.35,8dc17e6eb23defde8dcf360dea4c33dfc41e49c970fe778d5953d267b7e136f6,XXXXXX3194,successful
975,204,Kevin Osborne,103,1300.0,shirt,clothing,offline,Chennai,2025-07-29,3,Card,0.35,ec3441dfb0ff0cfb05644e4cd85d85f352213077856f2a2a30bcdb7abe88c72c,XXXXXX8034,successful
977,303,Derek Rose,102,70000.0,phone,electronics,online,Chennai,2025-07-24,5,UPI,0.1,4117ae38b31d31609b96d20584c208151df5ac2783c30bfb3ac3435ec3061952,XXXXXX1211,successful
978,178,Claudia Miles,105,45000.0,tv,electronics,offline,Bangalore,2025-09-18,5,UPI,0.2,e1e477231c97f004a06aa7a7b8cdf5093f251d76e4171f58663af336b5ac2db5,XXXXXX5587,successful
979,381,Melissa Garza,109,65000.0,refrigerator,home appliances,offline,Hyderabad,2025-06-05,3,NetBanking,0.25,1fa83948db38c630f4d5085b30174fee8d20ade842c046524a92e4c0f51492a0,XXXXXX4306,successful
981,813,John Harris,107,50000.0,dining table,furniture,online,Chennai,2025-08-25,4,UPI,0.1,85b4b64e4940d5ae6ba4a1ab532019cd08dda9c1523d098c9b344d92aef0e635,XXXXXX3148,successful
982,796,Jasmine Lopez,104,8000.0,shoes,clothing,offline,Bangalore,2025-09-26,3,NetBanking,0.35,3b56ffa6073a1eb2ded4401962353dbb5ed5c455edbb29a06789db4d6d863c94,XXXXXX7917,successful
983,819,Daniel Vang,105,45000.0,tv,electronics,offline,Chennai,2026-01-30,5,Card,0.4,fe669b97d4a5a0c559cc69fc072bc0b6e436ad54124b9168de45f62b51748b48,XXXXXX9771,successful
984,398,Michele Sanchez,102,70000.0,phone,electronics,online,Bangalore,2025-12-27,1,Card,0.35,1b78169f48b79a5f3f7953d174b339ed9a6e6ba25226725a53fcb0b4d143424b,XXXXXX4961,successful
985,736,Lisa Lee,101,250000.0,laptop,electronics,offline,Delhi,2025-01-08,2,Cash,0.2,47274124ed6cea6f7e308d2692db3269d2bfd14614db4c8f72f13d61846f3cff,XXXXXX6221,successful
987,539,Kari Austin,103,1300.0,shirt,clothing,offline,Bangalore,2026-01-19,1,Card,0.15,757cccc1922bbfdf8af4ed25e9ea49be29ef0667bd6bbaef93a64f37aace7acf,XXXXXX0010,successful
988,185,Sarah Cohen,102,70000.0,phone,electronics,offline,Mumbai,2025-05-28,1,NetBanking,0.35,333c07cb15baa993691251d3221c465a9cee192e36c5c946146df7ef23c02a20,XXXXXX4728,successful
989,674,Haley Alvarez,110,45000.0,microwave,home appliances,offline,Bangalore,2025-06-20,3,Card,0.4,93c41008d2c7d281e67d383836fc615f9686eb3dcbfcb38dcec394e7f0731028,XXXXXX8272,successful
990,777,Charles Vang,108,15000.0,mixer grinder,home appliances,offline,Hyderabad,2025-04-19,1,Card,0.35,088172e7b9b2a3b55ac89c88219b5817a196db399cb12d8e8b3467b7d4129f3f,XXXXXX0691,successful
991,704,Susan Thomas,109,65000.0,refrigerator,home appliances,online,Chennai,2025-11-22,2,Card,0.05,d0eaa2e61d6d7ea439efb1f67011431e81c3a1344bb32bc2caefac78e9bea049,XXXXXX6032,successful
992,680,Benjamin Anderson,110,45000.0,microwave,home appliances,online,Delhi,2026-04-03,2,NetBanking,0.25,3e0613778583d1acb219e9d846da17ad0b6e5190c1980471216cc07bad1b798c,XXXXXX6812,successful
993,287,Cory Howell,104,8000.0,shoes,clothing,online,Delhi,2025-04-21,1,NetBanking,0.35,1c4c13553582fa92c1f40d84ea8f382b68091c7b3693ee645474f3c802ee8af5,XXXXXX4787,successful
994,107,Cory Tyler,101,250000.0,laptop,electronics,online,Chennai,2025-07-31,5,Cash,0.15,7db78a0301618c6cbbeabd488163c2e9f7356b28dca3c7b2614b1fa331517d5f,XXXXXX7413,successful
995,725,Jody Martinez,107,50000.0,dining table,furniture,online,Bangalore,2026-02-16,2,UPI,0.25,fd863b4f53124ac4aec3a4c710ec37c0b77a7871fb5601bf03bc78e4790dd936,XXXXXX6889,successful
996,274,Joseph Parker,108,15000.0,mixer grinder,home appliances,online,Bangalore,2025-01-10,5,Card,0.2,48aa520cac435014d8e490321859cf36e2659250a6589143269569102e2a6812,XXXXXX9206,successful
997,181,Maria Robinson,106,80000.0,sofa,furniture,offline,Delhi,2025-05-08,2,Card,0.25,35422c1d429d29fd2762fbd57ed7705b3be3f22ec4f67a573b7f5bb5321a12fa,XXXXXX2717,successful
998,163,Robert Carlson,110,45000.0,microwave,home appliances,offline,Mumbai,2026-01-04,2,Cash,0.4,633b512f43ffe36eb80812ab61d01a121291a699ac016fd3e1202246ea426921,XXXXXX6458,successful
1000,279,Lucas Stevens,108,15000.0,mixer grinder,home appliances,online,Hyderabad,2025-04-20,4,Cash,0.1,33933446c67203085ccdace92d436095f6c499802174dff50401efc4ad22da46,XXXXXX3687,successful
1001,384,Jeffrey Williams,102,70000.0,phone,electronics,offline,Mumbai,2025-10-03,2,Cash,0.4,ef2ab7e7b184014bcca5540db2dee0084ef46b86e8140d906add98d9c3c91ec8,XXXXXX1749,successful
1002,822,Christine Rivera,109,65000.0,refrigerator,home appliances,offline,Hyderabad,2025-03-12,3,NetBanking,0.15,c42738025f906498b431e904b38c9d8f2cde2c8bce623d9bd71c504260ebda79,XXXXXX6621,successful
1005,449,Erin Summers,101,250000.0,laptop,electronics,online,Delhi,2025-12-28,5,Card,0.2,b3749b9a23d734fa8c2eb1ba644ad5855fedaa8fe7d3a9e9c91453122bd37f1d,XXXXXX3005,successful
1006,196,Mary Hicks,104,8000.0,shoes,clothing,online,Chennai,2026-02-27,3,Card,0.2,d22b758cf70ee891e774972885a5933e6e15ce2525cbfe6ab3e0caec2116da9e,XXXXXX1272,successful
1007,187,Timothy Salazar,109,65000.0,refrigerator,home appliances,offline,Bangalore,2025-07-07,4,NetBanking,0.35,1bc180c6af17a37f3f22db599b516ed11b9cf3e22d55a5448cd0da342ea8c1c2,XXXXXX1410,successful
1008,167,Madison Gentry,105,45000.0,tv,electronics,online,Delhi,2026-03-17,5,Cash,0.15,e05d7af087971ecaebb9fb22e1f24e92062c0c9962dbe46e15fd049d2306d3f9,XXXXXX4928,successful
1009,9,Dillon Harris,102,70000.0,phone,electronics,offline,Mumbai,2025-11-23,1,Cash,0.1,d6af1438bf0339772ce6582c4479e6d78f6a3a8a6b5b3d11e0f74910483a9a8b,XXXXXX5006,successful
1010,660,Jessica Stephenson,110,45000.0,microwave,home appliances,online,Hyderabad,2026-02-26,3,UPI,0.1,adefda058ca7369ebd85ec19865072ce00512ef9832d2209cbdf212783668d55,XXXXXX1390,successful
1011,43,Jennifer Frye,110,45000.0,microwave,home appliances,offline,Chennai,2026-03-12,3,UPI,0.15,e712367a942c63899d1287ba7b6607922155942ffadeff271b388f53589fb4dc,XXXXXX1395,successful
1012,650,Michael Haynes,102,70000.0,phone,electronics,online,Hyderabad,2026-03-29,2,UPI,0.15,7b235b7249967024157aafc1ac335feadd3f8fbf8f4ccdad82f77f73a376243a,XXXXXX6833,successful
1013,213,Nancy Lee,108,15000.0,mixer grinder,home appliances,online,Hyderabad,2025-05-27,2,UPI,0.3,839a63fef735376c205b347b958be55da99de95e793775baf84361fbeeba01c6,XXXXXX7242,successful
1016,66,Jonathan Lewis,102,70000.0,phone,electronics,offline,Bangalore,2025-12-31,3,Card,0.25,e6487d622073041b63d01cdf29b770710afd906cd29b0e701ae3fbf8beee0b19,XXXXXX4680,successful
1017,953,Adam Taylor,101,250000.0,laptop,electronics,offline,Bangalore,2025-05-31,3,UPI,0.05,613707aad3a712a9d1fee83dcf472b2e97cdca39d2fb906ba5168ac5f8f20a8e,XXXXXX0391,successful
1018,731,Mike Chavez,105,45000.0,tv,electronics,online,Hyderabad,2025-10-28,5,Card,0.4,15376640b1e23121faf356aa124d6b279b135d42c8b9b283d5fe1d6da71cd199,XXXXXX6056,successful
1019,948,Deborah Payne,109,65000.0,refrigerator,home appliances,offline,Mumbai,2025-08-09,4,Card,0.35,2c30efcbcfb9511992fc794eccffe9e1ff60f6ebf6a259f128fa638977fef15a,XXXXXX2428,successful
1020,273,John Evans,108,15000.0,mixer grinder,home appliances,offline,Hyderabad,2026-03-25,5,Card,0.4,547481c76eb582353380219f0a807d516687f5c30b2a9ab632e394afdfd9b2b5,XXXXXX1499,successful
1021,430,Elizabeth Stephens,110,45000.0,microwave,home appliances,offline,Delhi,2025-09-12,4,Card,0.05,151ed22dbf2f84da4b13c959f9c37b305583fa9d3e14b48afce5dfc8fb3fa4c7,XXXXXX8257,successful
1022,152,Levi Leon,106,80000.0,sofa,furniture,online,Chennai,2025-05-04,2,NetBanking,0.35,cdab3302014cb3c5666e6efbb0160b3a50709c64b25a78ce0279fe97f62e57ad,XXXXXX3306,successful
1023,393,Shannon Alvarez,105,45000.0,tv,electronics,offline,Mumbai,2025-12-19,5,NetBanking,0.3,d817e6f52e467051901b53bf9d8d91946775ba69d3c70be8a4e0c0251ddeaaf5,XXXXXX2230,successful
1024,565,Craig Moore,106,80000.0,sofa,furniture,online,Mumbai,2025-08-11,2,UPI,0.1,85a16ee2e4ec76cb62f30db773fb4475fe2da9225f62f4864f8b98c133cf599e,XXXXXX2911,successful
1025,901,Robert Mccoy,102,70000.0,phone,electronics,online,Mumbai,2025-12-19,5,Card,0.05,2ae0aad33c250376d24a455ec238a10a7b29890e8ec355fa5950f77f0ec51808,XXXXXX9632,successful
1026,290,Megan Carter,109,65000.0,refrigerator,home appliances,offline,Chennai,2025-10-06,5,Card,0.3,06101d7c9b7617f52efd208f24f6530e561a65145d634953dec8dbccc7ef7868,XXXXXX1923,successful
1027,574,Carl Barrera,106,80000.0,sofa,furniture,offline,Bangalore,2026-02-26,5,Cash,0.35,65bac5b5f62828c20a2a15fdbae86d939aadd4d6b4647e3d96933a9d54ec8229,XXXXXX6775,successful
1028,959,Andrea Bailey,107,50000.0,dining table,furniture,offline,Chennai,2025-09-18,1,Cash,0.1,c7e8d3c3c44c371f7fdf29ce7a58516b506b37a3b20b8f83ff0971548a37bb37,XXXXXX0607,successful
1029,329,William Jackson,107,50000.0,dining table,furniture,online,Mumbai,2026-01-15,5,NetBanking,0.05,78cc409bdff749c72d9bbd07f9666f5a137d6ddbb147d54a176f48ca2dcc9f01,XXXXXX2206,successful
1030,584,Stacie Jones,106,80000.0,sofa,furniture,online,Chennai,2025-05-17,2,UPI,0.1,0953f4f5c3f844d30e5b4aec2535d4e2ab45fe6cc9db77eda74b1618d1295b26,XXXXXX2693,successful
1031,619,Angelica Wood,105,45000.0,tv,electronics,online,Mumbai,2025-08-17,2,Card,0.35,17119693190a05341f7466672de970dfcdca90e50898cb9ac1901711b9d96e98,XXXXXX4769,successful
1032,717,Lisa Palmer,109,65000.0,refrigerator,home appliances,online,Mumbai,2025-10-06,2,Card,0.15,7e6d777cd56f9d8f5948aa9c6014bd08a86be40911718b935c7740998f1141ca,XXXXXX3987,successful
1034,467,Tommy Brown,102,70000.0,phone,electronics,offline,Chennai,2026-02-18,1,Card,0.3,463a8ea13c9cb2f1e401450a560e449203e461bf08383abc6c2a22d0753db494,XXXXXX3392,successful
1035,108,Andrew Vazquez,108,15000.0,mixer grinder,home appliances,online,Delhi,2025-08-13,2,NetBanking,0.3,c301911d36f42b7a026ae847d604ac2c612d4c23961291c15e0cb3a0702c7a25,XXXXXX8527,successful
1036,58,Michelle Barnes,103,1300.0,shirt,clothing,offline,Hyderabad,2025-10-02,2,UPI,0.15,5d1b8ec80899b065f285a3a52fa7290f7706e59b5f9a1ea7173ee68f4f9bfb00,XXXXXX6620,successful
1037,494,Russell Estes,105,45000.0,tv,electronics,online,Chennai,2025-07-23,1,Cash,0.3,bab9061b4b30baef2d716c237ba2b06d55f6b3b590586553fa2f8fa33f69dcb1,XXXXXX8527,successful
1038,647,Michelle Conway,110,45000.0,microwave,home appliances,online,Chennai,2025-08-24,5,UPI,0.4,d3994be131c88b29ab7e545fad47a57ba24fdee3aac21457787edfaa61dc5790,XXXXXX9105,successful
1039,159,Patrick Lucas,108,15000.0,mixer grinder,home appliances,online,Delhi,2026-10-03,3,Card,0.2,7958788bdcdc8d5c0da5fab9fa246852affbd2862e7a4170b0c8ebcf41a6ab6e,XXXXXX3339,successful
1041,672,Austin Perez,102,70000.0,phone,electronics,offline,Delhi,2026-01-12,3,Cash,0.35,b439538e82950d728515c34222fee5ad741082238512d612412a1abe1792d30f,XXXXXX4218,successful
1043,398,Michele Sanchez,102,70000.0,phone,electronics,online,Bangalore,2025-07-07,2,Cash,0.25,1b78169f48b79a5f3f7953d174b339ed9a6e6ba25226725a53fcb0b4d143424b,XXXXXX4961,successful
1044,567,Benjamin Peters,103,1300.0,shirt,clothing,offline,Bangalore,2025-12-24,2,UPI,0.05,60a1d0627dbc26ecfff84f406c648fa5056e049e0375210bcfff0763ce67bd2e,XXXXXX8438,successful
1046,907,Jeffrey Mccall,101,250000.0,laptop,electronics,online,Hyderabad,2025-10-21,1,UPI,0.25,47fe75e59d0acad1a49942fafcf906362be00efb29f89ec160b18122249d3174,XXXXXX4650,successful
1047,977,Gloria Navarro,106,80000.0,sofa,furniture,online,Chennai,2025-04-20,3,NetBanking,0.4,57a55b9550f75bc8de4f58e05098c93805b9c3afdcad32b88448f39709bf1949,XXXXXX0862,successful
1048,143,Brian Johnson,109,65000.0,refrigerator,home appliances,offline,Chennai,2025-08-24,4,UPI,0.15,57b51bde95e67c68d36a03867f04dceccd554b4a1c0c31745542364f80bf8600,XXXXXX0131,successful
1049,566,Tina Chung,102,70000.0,phone,electronics,offline,Mumbai,2025-04-08,2,Card,0.35,b9833796de7f10f5c60207b13ad3f43b77e1d19f9589046a944aba09c1f4ef72,XXXXXX6511,successful
1050,19,Jessica Osborne,109,65000.0,refrigerator,home appliances,online,Mumbai,2025-11-30,4,Cash,0.05,658041213e139b1bfede43e3428eb6aa9bc5a67d2c9eb83974d0de28343899f5,XXXXXX0000,successful
1051,209,Aaron Mclaughlin,104,8000.0,shoes,clothing,offline,Chennai,2025-12-17,5,NetBanking,0.35,563415b8c779a8ab6f511307eb1040ec033a462044114d62e8b259bd9c49c2dc,XXXXXX5147,successful
1052,911,Kelly Le,107,50000.0,dining table,furniture,offline,Delhi,2025-08-08,4,Card,0.1,cbffc93beafe626b9849d01039f0c856849d8832f104e0d4fce7b804e015318b,XXXXXX5769,successful
1053,714,Scott Lane,103,1300.0,shirt,clothing,online,Mumbai,2025-10-26,5,Cash,0.15,ecc28f19e00519f5a3ca5ca5b69480dd9df6643a3b2842fc51263f3cdee3a003,XXXXXX4950,successful
1054,898,Joseph Tyler,105,45000.0,tv,electronics,offline,Hyderabad,2025-04-19,5,Cash,0.3,41e321519736fe99f86fcbe8270a6f6cb3fc2397f7e5eb823206ccf4b731edb1,XXXXXX2797,successful
1055,691,Clayton Miles,105,45000.0,tv,electronics,online,Mumbai,2026-01-20,1,NetBanking,0.3,5e8ba638d2fa9cba5d254b2244d8643b146061a6693e2dd45233ecd21e0b6121,XXXXXX4137,successful
1056,104,Amanda Castillo,104,8000.0,shoes,clothing,online,Hyderabad,2025-06-04,2,Cash,0.2,5e6f5536a427d3fbd6ea71f1c859a2295451d6abc5d077109d81857dea0e543a,XXXXXX9548,successful
1057,244,Frederick Gonzalez,101,250000.0,laptop,electronics,online,Chennai,2025-12-31,3,UPI,0.15,57b7ea035c9b8ffde3c1cd0e6a83b198c3da54e840d94a2281e4366829ce93b9,XXXXXX1750,successful
1058,899,Whitney Avila,103,1300.0,shirt,clothing,offline,Delhi,2026-03-13,5,UPI,0.2,c9edf608ce0d388914a91fd598f7e3f783f0dd84d708edc086a410533891d522,XXXXXX3615,successful
1059,473,Daniel Tapia,102,70000.0,phone,electronics,offline,Hyderabad,2025-04-25,2,Card,0.15,184428a7316ad27a87e3cab290972bcc6e0b6f769a6aba06f81798a3a19ffe1b,XXXXXX3308,successful
1060,323,Victoria Phillips,107,50000.0,dining table,furniture,online,Hyderabad,2026-01-20,1,NetBanking,0.3,efb886dfcda463d9db025884f2bf890bdc5a9dd08f82cde9dabbd1248637af70,XXXXXX0994,successful
1061,346,Erin Frye,108,15000.0,mixer grinder,home appliances,offline,Bangalore,2025-04-24,2,UPI,0.3,85d19b3dfee5e158417fa94076df1c9e67e61a9cff763917e879f3b4cf73f5fd,XXXXXX5711,successful
1062,15,Robin Ray,109,65000.0,refrigerator,home appliances,online,Chennai,2026-03-16,3,UPI,0.15,fc075d18e93a753f07de8e0f3294d6274a18f991e0945c849ca451c005ad68bd,XXXXXX1348,successful
1064,208,Matthew Berry,105,45000.0,tv,electronics,offline,Hyderabad,2026-04-04,4,NetBanking,0.2,1550a4a4ab3b8cfd37226773007703236bd8b1202cf5404128837db31ea46945,XXXXXX8727,successful
1065,644,John Parrish,108,15000.0,mixer grinder,home appliances,online,Delhi,2025-05-17,2,UPI,0.25,0b27904ae50a57d9b6087cfd2d78eb549a077e1474fb5346ad52d16294be70e4,XXXXXX7481,successful
1066,87,Peter Silva,105,45000.0,tv,electronics,online,Chennai,2025-05-15,1,UPI,0.4,d6bd37045cec12b53415caf216722a21736d30f981f9c6624823e14676236179,XXXXXX0954,successful
1067,806,Jacqueline Cantu,103,1300.0,shirt,clothing,offline,Chennai,2025-07-19,5,NetBanking,0.35,bad84afa5c740ef5260b7a4fc808f8620d6723099edd27ad2ce5b6ddbdce3bc2,XXXXXX4533,successful
1068,225,Caitlin Contreras,103,1300.0,shirt,clothing,online,Chennai,2025-07-22,5,Card,0.05,c3e49c0b7449d89d6816fcc0449066a2a10f65b7e624b9484e188d7e38b41768,XXXXXX3584,successful
1069,133,Christy Stone,105,45000.0,tv,electronics,online,Chennai,2025-05-04,2,Cash,0.35,a6041cdb2ec6a105872a99ab61bfbcc637f0620ec693357e0ea97341440d55b4,XXXXXX5000,successful
1070,420,Marcus Wilkinson,107,50000.0,dining table,furniture,offline,Hyderabad,2026-01-01,4,Cash,0.4,b02011bc75596bc4a7e6a38b67c1a1f100373cf91526fb90c9000a0f64ad86c3,XXXXXX1410,successful
1071,667,Kelsey Mendoza,102,70000.0,phone,electronics,offline,Bangalore,2026-03-16,2,Card,0.35,4d253fdd114aeba7b5480248814364d807224bcc9b0c8ed5c59d2c5d0b288963,XXXXXX9912,successful
1072,804,Tiffany Caldwell,109,65000.0,refrigerator,home appliances,offline,Bangalore,2025-06-16,3,Card,0.15,c46cc978f44fe5671bc275b617737f604e63134decd4360b8113d7551cbca1e4,XXXXXX7153,successful
1073,956,Christopher Ramos,101,250000.0,laptop,electronics,offline,Delhi,2026-01-14,1,Card,0.2,1591655950d1ff03123d26c1eb1d0f9f62b377a70ac759c3505e3c902f0982ca,XXXXXX6145,successful
1074,746,James Meyer,105,45000.0,tv,electronics,online,Bangalore,2026-03-08,3,UPI,0.15,294abc118bbadcc6ff78705861aed6a25232fd1f426f2bcbb4c0f3d60f2cfaa4,XXXXXX5357,successful
1076,842,Amy Quinn,106,80000.0,sofa,furniture,offline,Hyderabad,2025-01-11,3,Card,0.1,a0c244c987b4329350e532d44529291317a263b841ac0e9a1f8c34ddfdf1f417,XXXXXX3795,successful
1077,36,Brian Martinez,107,50000.0,dining table,furniture,offline,Chennai,2025-05-10,1,NetBanking,0.25,7fa20cf9d2ec989088fd176685f4695da6746f19417ca535d415dac8f0e94489,XXXXXX4804,successful
1078,422,Patrick Ramirez,104,8000.0,shoes,clothing,online,Delhi,2025-12-01,5,Cash,0.3,8d0155644973ff939fc0c2c472de8244c3702b5d308cd2420b39fb1be1e5023e,XXXXXX5459,successful
1079,320,Stephen Tyler,101,250000.0,laptop,electronics,online,Hyderabad,2025-11-04,3,Card,0.05,04f13add35a131df814b4d0712e98873643f629b15b873d987235c02b1d37d8d,XXXXXX6167,successful
1080,419,William Taylor,108,15000.0,mixer grinder,home appliances,offline,Bangalore,2025-07-21,2,Card,0.2,c13f78cae738f825d7b64d4c5254bec5ceac166e17e875a1f9791604de315b23,XXXXXX7668,successful
1081,533,Andrew Riggs,104,8000.0,shoes,clothing,online,Chennai,2025-11-05,4,UPI,0.25,9e727158aae95d09f4aeec7fe910dd73b98dc2386ef0b189e98ee397e1257480,XXXXXX0577,successful
1082,714,Scott Lane,109,65000.0,refrigerator,home appliances,offline,Mumbai,2025-09-26,3,UPI,0.2,ecc28f19e00519f5a3ca5ca5b69480dd9df6643a3b2842fc51263f3cdee3a003,XXXXXX4950,successful
1083,507,Thomas Cameron,107,50000.0,dining table,furniture,offline,Delhi,2026-02-14,1,NetBanking,0.05,d1a3662414787e46f75a4c7dfc80a30ace6eb31de5488f1e9b660701cb9f4138,XXXXXX2264,successful
1085,83,Richard Lyons,101,250000.0,laptop,electronics,online,Hyderabad,2025-04-20,1,Card,0.2,0035da161b30358db6ee8f1b2332a10411ee0f63b8505961a73012c777e6b28d,XXXXXX8537,successful
1086,868,Timothy Henderson,105,45000.0,tv,electronics,offline,Hyderabad,2025-11-05,2,UPI,0.15,f1b5203b101f9022599b48a3b2ab5b84df11f001df2ef25839a2056d931fd23c,XXXXXX8386,successful
1087,673,Nicole Davis,101,250000.0,laptop,electronics,offline,Mumbai,2026-10-02,2,UPI,0.15,7ca94171233cde0d35b3dcad9b958c8fafd28dafcd9a520810290c7582fcd5c4,XXXXXX3301,successful
1088,807,Steven Li,101,250000.0,laptop,electronics,online,Mumbai,2025-09-14,1,UPI,0.4,5b5169307df8d1d47a7cb18c97b70ed9777a7fbb19eaa99e70a799f8e78b9ccd,XXXXXX2530,successful
1089,810,Mary Martin,105,45000.0,tv,electronics,offline,Delhi,2025-05-30,5,UPI,0.15,1462c2728229b3a428677b94f8422d00899bc10bed7f804e7e7475d51169cc77,XXXXXX3960,successful
1090,441,Austin Bowman,102,70000.0,phone,electronics,offline,Bangalore,2025-11-02,1,NetBanking,0.2,1a71778c1e6eaccd60bbd80b7acdb265a733aadd42b7358c3b2b5f3b7059e155,XXXXXX5527,successful
1091,156,Sara Romero,106,80000.0,sofa,furniture,online,Chennai,2025-10-04,1,Card,0.05,4950b231cc9867673012764e446229afc81b10a76a63db15f84e732e838dde38,XXXXXX0162,successful
1092,449,Erin Summers,110,45000.0,microwave,home appliances,online,Delhi,2025-04-20,2,Card,0.05,b3749b9a23d734fa8c2eb1ba644ad5855fedaa8fe7d3a9e9c91453122bd37f1d,XXXXXX3005,successful
1093,485,James Harris,101,250000.0,laptop,electronics,online,Delhi,2026-02-01,4,UPI,0.05,b4add930b3e517d8f0b5c7ece3568bd22fdff0adfec268dc5aa5d2cdbf971213,XXXXXX7157,successful
1094,516,Brittany Roberts,110,45000.0,microwave,home appliances,online,Hyderabad,2026-03-23,2,NetBanking,0.05,76b48549391dbcc08ff0b44e642bdc5e2aff8531044ba139d91b609d81dce037,XXXXXX7057,successful
1095,407,Erika Maxwell,106,80000.0,sofa,furniture,offline,Mumbai,2025-10-05,1,UPI,0.05,31d34861a9fa3caac43e3ea33ddddc6beb39e42b2e125bfe79c5fdda6a877e31,XXXXXX1379,successful
1096,492,Kelsey Torres,104,8000.0,shoes,clothing,online,Bangalore,2025-05-02,5,UPI,0.25,60d56441fd1d42b5575f9af785bdd6ed17cf6cd1c61674798e06fe7920f6a8cf,XXXXXX0167,successful
1097,221,David Hart,106,80000.0,sofa,furniture,online,Hyderabad,2026-02-13,4,NetBanking,0.1,238383abbb4a9e8e416ff04a533b1cba4cbae9bb4db86fa7c75a3d6546639fe5,XXXXXX1312,successful
1098,367,Joshua Tate,103,1300.0,shirt,clothing,online,Delhi,2025-06-10,3,NetBanking,0.1,ab0006ae0a752b7d16e45025179a49302ecc828b1171fd3ef17ae8925ff6cc4d,XXXXXX3716,successful
1099,271,Jake Arnold,110,45000.0,microwave,home appliances,online,Bangalore,2025-06-25,3,Cash,0.3,440b30dcd1e3701dbaed275e54f2a9a8fd7e003bc6917d4b182511a43bfdef9b,XXXXXX2782,successful
1100,741,Carla Spencer,107,50000.0,dining table,furniture,offline,Hyderabad,2025-08-31,2,UPI,0.4,34f50ad2b79602ad5dcd12458509969e1eb2f01bfc7431490f8cd666831501ee,XXXXXX6102,successful
1101,723,Christopher Walter,107,50000.0,dining table,furniture,online,Hyderabad,2025-09-19,1,Card,0.25,5d34373d42305e7d0aca0dd995e95853aacd55afc93bb5a656398ab1a8555e59,XXXXXX5707,successful
1102,810,Mary Martin,105,45000.0,tv,electronics,offline,Delhi,2025-08-01,3,UPI,0.4,1462c2728229b3a428677b94f8422d00899bc10bed7f804e7e7475d51169cc77,XXXXXX3960,successful
1103,789,Bryan Walker,105,45000.0,tv,electronics,offline,Chennai,2026-02-15,1,Card,0.05,017c6f695867051d91bd7edd635ba1953ed01f655d1f4789a2f839debefa48ea,XXXXXX8567,successful
1104,957,Justin Doyle,107,50000.0,dining table,furniture,online,Delhi,2026-03-19,4,Cash,0.4,4518963604a639edc6f82b8c5f2f368b1f5c2c07785c731377f03de63dea47c2,XXXXXX8406,successful
1105,475,Natalie Andrews,107,50000.0,dining table,furniture,offline,Mumbai,2025-12-30,4,UPI,0.15,c6c814b3ffa1df5c78428113fdb32b4ca6f35598c33efaa39849f1bf488f1a61,XXXXXX9248,successful
1107,54,Jessica Hernandez,106,80000.0,sofa,furniture,offline,Hyderabad,2026-02-20,2,Cash,0.4,c2484578a36fec04c41a3dfea89136e407d6e790090c7e130a3e1b54fefab2b1,XXXXXX1854,successful
1109,124,Sarah Rios,103,1300.0,shirt,clothing,offline,Mumbai,2025-02-11,4,Cash,0.1,894e75ea24acf8bd88d3f8affd3fde2ede7c675bb16bf7071a6ecf4a5ca3c83d,XXXXXX4148,successful
1112,102,Jennifer Rodriguez,102,70000.0,phone,electronics,online,Mumbai,2025-09-09,1,Cash,0.25,469ceb3782b94a37a16f500286d034454f326383e7215dcda5f987e7bae60816,XXXXXX4588,successful
1113,513,Brandon Sims,110,45000.0,microwave,home appliances,offline,Chennai,2025-10-21,5,Cash,0.4,51f1cbbcc3dc7c87cb52241b4278fddf066e18c9bf8c9a83ec9631cd1a85d9fe,XXXXXX7219,successful
1115,758,Nichole Jones,109,65000.0,refrigerator,home appliances,online,Chennai,2026-02-27,2,NetBanking,0.2,619d4c2306021529d41a2f1dadbf7cac66747afac77fc6ec6eb547402c385dba,XXXXXX6772,successful
1117,456,Christopher Williams,107,50000.0,dining table,furniture,online,Chennai,2025-10-12,5,Cash,0.25,bd2250683958a722e639faff39ddcf2f6ffc85b80379bdfa22ea380f3682c164,XXXXXX1250,successful
1118,297,Susan Hill,101,250000.0,laptop,electronics,offline,Delhi,2025-08-07,3,Cash,0.1,701815f3bbdbd2a553c74af36a33b4b1c74170294d50c7b3a8312ce36ff56281,XXXXXX2263,successful
1119,162,Kirsten Thomas,107,50000.0,dining table,furniture,offline,Hyderabad,2026-01-08,4,Card,0.15,82367fb1435333bdf013aba7bcd0ca3d7867d7b7658c2af3469567664377a123,XXXXXX0018,successful
1120,414,Chase Johnson,107,50000.0,dining table,furniture,online,Delhi,2025-11-28,4,Card,0.25,a246e6452c2be333b10432d4a0d948ac6210d1f14782c93ceb07a4b811d5ad8d,XXXXXX1815,successful
1121,529,Justin Brown,110,45000.0,microwave,home appliances,offline,Bangalore,2025-10-18,3,UPI,0.4,253b63efbe9b77a2c319f63832a0b8eaa18e9870ae6d6c86c3e8111501b83bfe,XXXXXX9082,successful
1122,569,Lindsay Levine,106,80000.0,sofa,furniture,offline,Mumbai,2026-01-09,2,UPI,0.25,cba5f44eaf1456873974cb1275e9bd79a70499ed68c3c1f2aeb5b56a9a45901d,XXXXXX7618,successful
1123,817,Nicole Ross,110,45000.0,microwave,home appliances,online,Chennai,2025-10-17,1,UPI,0.1,aab66299ef9b27e20d47501aed00a6b7bed14967cedf54517506f97e8dace882,XXXXXX9866,successful
1124,174,Jeffrey Lamb,103,1300.0,shirt,clothing,offline,Hyderabad,2025-10-29,5,NetBanking,0.05,e80f910170da55f0d7e5a21e2f84308a759dc669e8aea59469b4ee8e7e832bf3,XXXXXX9242,successful
1125,254,Daniel Santos,102,70000.0,phone,electronics,online,Hyderabad,2025-12-04,5,UPI,0.1,e40199af9c2a5a4856696afe90caaa05585084649424190e5bbaffdd4ec52967,XXXXXX7463,successful
1126,206,Kevin Cox,103,1300.0,shirt,clothing,online,Chennai,2026-02-03,4,Card,0.2,a01b0cad44d64b4720bacfe59fdf29e52d8b8b60c39853f60cac11f2f51198a0,XXXXXX5408,successful
1127,549,Jacob Hopkins,102,70000.0,phone,electronics,offline,Bangalore,2025-01-06,1,NetBanking,0.15,7063f8908f5430c614b4d278c94bbe3d2d5820c7f59061f5ed8efbad6d201878,XXXXXX6590,successful
1128,170,Jasmine Ortega,103,1300.0,shirt,clothing,offline,Mumbai,2025-06-27,1,Cash,0.3,d58c4d09ffc21ea85c8b89f3312fea97b116c327eeb41a9e9cbadce855404809,XXXXXX5670,successful
1129,282,Tasha Roberson,106,80000.0,sofa,furniture,online,Hyderabad,2026-04-07,2,Card,0.05,d3faba4026a16ab0bdda26007a6e5d93a09678f0d7669d9887c3d1ff65adb9e6,XXXXXX3095,successful
1130,462,Steven Perry,104,8000.0,shoes,clothing,offline,Bangalore,2025-05-19,5,Card,0.4,980a38f3d0dfae199094821495ec1ea091223e50cac7fb3a060cfea948cf194a,XXXXXX3279,successful
1131,975,Jacqueline Doyle,102,70000.0,phone,electronics,online,Hyderabad,2026-04-02,1,NetBanking,0.3,afc12ad7c2b1d3b34e95b56e4b2cdf43e6f7a3cc2bb9f33f4493186fa4a36b13,XXXXXX0490,successful
1132,35,Guy Walker,107,50000.0,dining table,furniture,online,Chennai,2026-03-27,1,UPI,0.1,0f2a0caf336487af8d4ae49a83083e32c2537265969e849b1e76d6e6b9b91d71,XXXXXX0611,successful
1133,577,John Johnson,104,8000.0,shoes,clothing,online,Hyderabad,2026-01-19,3,Cash,0.05,c3fff537aff1840731c99df31cc4b9ea2cb9c0fb2e534d290803e18ac10dff74,XXXXXX7120,successful
1134,269,Christina Conrad,104,8000.0,shoes,clothing,offline,Chennai,2025-08-21,3,NetBanking,0.35,130d6d59042b3de0f3e0af8a3f0ebb31b0c6d66191f46b7c7bd3f3dfb018db31,XXXXXX1847,successful
1135,947,Gabriel Golden,102,70000.0,phone,electronics,offline,Mumbai,2025-06-25,5,Cash,0.15,5d303e9f7f4abdf43f20290d19c7b53e13a4eff6e803b2a3a8597cf99724643d,XXXXXX7330,successful
1136,155,James Fleming,102,70000.0,phone,electronics,offline,Hyderabad,2025-08-03,4,Cash,0.15,757747dec6cc3962271c688769fb13c73c36a5ea4c19c3beb1c519adc193e3ff,XXXXXX8486,successful
1137,767,John Farmer,103,1300.0,shirt,clothing,offline,Mumbai,2025-07-08,3,Card,0.05,9fc50fc1f8ad5cfaa98c68e89237ec12ee8d5fa6c20a2ae9e72d9e2cb3e7797e,XXXXXX7080,successful
1138,560,Anthony Lawrence,109,65000.0,refrigerator,home appliances,online,Hyderabad,2026-02-22,4,Card,0.3,ab06975a3ca9f219c529cd26a6c4eed9001bd4b69e079c1ce58eef6523296acc,XXXXXX7287,successful
1140,240,Traci Farmer,102,70000.0,phone,electronics,offline,Bangalore,2026-03-26,5,Cash,0.25,4b3448fdf01b1e264b5254030babf8b4ac1042d8873b8d59df19eafba171dc54,XXXXXX1925,successful
1141,968,Keith Davis,102,70000.0,phone,electronics,offline,Hyderabad,2026-02-14,2,UPI,0.15,7200b56e33ad623e51c35b5b9703e693c583e789d0cf8352ade3392e81b3a460,XXXXXX4512,successful
1142,197,Gabriel Mills,105,45000.0,tv,electronics,offline,Mumbai,2025-08-23,1,Card,0.3,219bfe91e98f2f52f90479d138b034d7e64f50258f7433a988ec488f20aaf71d,XXXXXX4137,successful
1143,759,Lisa Butler,108,15000.0,mixer grinder,home appliances,online,Hyderabad,2026-12-03,2,NetBanking,0.4,9201d5c939311afca04d954e2960448f25afc2f5eaf99a11fc11a91916ad7f6f,XXXXXX0071,successful
1144,805,Latoya Baker,109,65000.0,refrigerator,home appliances,offline,Delhi,2025-05-08,5,Card,0.4,332c4dbf66aaa9bea4ee0a17de4e40ae26d35a95161aed9c4bee882d1236fe78,XXXXXX7440,successful
1146,575,Willie Holloway,109,65000.0,refrigerator,home appliances,online,Chennai,2025-10-28,2,NetBanking,0.1,b95e2460a1bb7632815ec033656e4b4b7313b3556d5367775d5828678b99f1d2,XXXXXX5939,successful
1147,12,Dylan Martinez,104,8000.0,shoes,clothing,online,Chennai,2025-02-08,1,UPI,0.25,c52d878fedb95df8c5a4692e296936279d30b7d9b92ad35e5119f2d2c397e148,XXXXXX5878,successful
1148,907,Jeffrey Mccall,105,45000.0,tv,electronics,online,Hyderabad,2025-07-06,1,NetBanking,0.25,47fe75e59d0acad1a49942fafcf906362be00efb29f89ec160b18122249d3174,XXXXXX4650,successful
1149,167,Madison Gentry,107,50000.0,dining table,furniture,offline,Delhi,2025-07-25,1,NetBanking,0.35,e05d7af087971ecaebb9fb22e1f24e92062c0c9962dbe46e15fd049d2306d3f9,XXXXXX4928,successful
1150,745,Jennifer Weeks,107,50000.0,dining table,furniture,offline,Hyderabad,2025-07-21,2,UPI,0.15,badc3e46ccdf90c2e5cb1170bdad31cfb226bc70313755e2a2a7323fc3458672,XXXXXX2095,successful
1151,886,Ashley Gamble,105,45000.0,tv,electronics,offline,Bangalore,2025-09-06,5,Cash,0.05,90027d531b8207d03addea3f900c3413cc99111e0319e4104a5156cd7d6954e3,XXXXXX3316,successful
1152,199,Marissa Cortez,110,45000.0,microwave,home appliances,online,Chennai,2025-09-23,2,UPI,0.1,2c5db219cebb5d80609890f8e9f2eb58d52eb5ec02f28ae238561e3a3f8c4ee2,XXXXXX0400,successful
1153,759,Lisa Butler,104,8000.0,shoes,clothing,offline,Hyderabad,2025-08-04,1,NetBanking,0.1,9201d5c939311afca04d954e2960448f25afc2f5eaf99a11fc11a91916ad7f6f,XXXXXX0071,successful
1156,967,Brittany Bush,107,50000.0,dining table,furniture,offline,Hyderabad,2025-09-30,2,Cash,0.1,5d929216eff9d713bf0bedf384347d6004aab30bb10d5cc10ed8b89c8a74ec97,XXXXXX4454,successful
1157,739,Brian Fuller,102,70000.0,phone,electronics,online,Delhi,2026-02-11,4,Cash,0.1,e83fd4650688c1ec7e39ba7779ae3dc710723187f90c1fcf81d806dd9694b41b,XXXXXX7238,successful
1158,572,Holly Russell,103,1300.0,shirt,clothing,online,Hyderabad,2025-10-11,1,UPI,0.2,92117a1a1e1853e5b9db6a40dd367e81dc5903f7dacb1a5fbcb6325abe6d7dfb,XXXXXX0837,successful
1159,865,Jessica Patterson,106,80000.0,sofa,furniture,online,Hyderabad,2025-05-28,4,Card,0.2,e3592139e35c685053cfae7009c4f6e4c20ba3034c91d18a59d67a907a108aad,XXXXXX0460,successful
1160,872,David Miller,103,1300.0,shirt,clothing,online,Mumbai,2025-08-04,4,UPI,0.25,b24be28a1b7a84e10c867e14eeca002c365fa00934c58a7025f78d211dca6443,XXXXXX0205,successful
1161,251,Matthew Clarke,108,15000.0,mixer grinder,home appliances,online,Chennai,2026-03-21,3,NetBanking,0.1,d8b6715f837cf96692daba0386747bf6209e732eb03935dbab4db5365286b865,XXXXXX8508,successful
1162,380,Matthew Douglas,101,250000.0,laptop,electronics,online,Hyderabad,2026-06-03,4,NetBanking,0.35,f3763c3e2156a341d9c778da267164ea9e71d82575ff646848c51415c62ef6be,XXXXXX0893,successful
1163,209,Aaron Mclaughlin,104,8000.0,shoes,clothing,online,Chennai,2025-11-06,4,Cash,0.4,563415b8c779a8ab6f511307eb1040ec033a462044114d62e8b259bd9c49c2dc,XXXXXX5147,successful
1164,192,Nina Robinson,101,250000.0,laptop,electronics,online,Bangalore,2026-01-31,4,UPI,0.2,222c27986390f5ea914ddd23b266a931ae771fbc400588afaa384cd7ec3d1302,XXXXXX7116,successful
1165,889,Robert Carlson,110,45000.0,microwave,home appliances,offline,Delhi,2026-02-08,2,NetBanking,0.4,d6819f9fb8a2dcb69bfb67e199ad01d7c462f89691eb10d0ea92ef1ed652d7f5,XXXXXX8201,successful
1166,816,Erika Martin,103,1300.0,shirt,clothing,offline,Delhi,2025-11-18,2,Card,0.15,b18e9cfc7c54c789d86de7b91cf4a727cd6d910683d3f74ffe6b99dd30708205,XXXXXX1945,successful
1167,509,Valerie Brooks,108,15000.0,mixer grinder,home appliances,online,Chennai,2025-05-19,2,NetBanking,0.3,b9627f9a511c940d29af9156f503e9bbe412cfebb1a77e6766dbff95b026cdde,XXXXXX5947,successful
1170,782,Monique Davis,103,1300.0,shirt,clothing,offline,Chennai,2026-02-24,3,Cash,0.15,2bc2f135d5dc61a6380c6e948d0770f911530241d5684b0aceef431ea955fd1a,XXXXXX4485,successful
1171,26,Brittany Schmidt,106,80000.0,sofa,furniture,offline,Hyderabad,2025-09-28,2,NetBanking,0.25,3a38c3288118f4a8b06530618583dca5183b52ab8089aeaa90b5e57034091013,XXXXXX3003,successful
1173,710,April Moore,104,8000.0,shoes,clothing,online,Mumbai,2025-07-02,3,Cash,0.4,b114d5e8c557d3ae9fe30998345a0b5b8ce02e13672317453528308ef8494f13,XXXXXX1176,successful
1174,448,Eileen Moore,106,80000.0,sofa,furniture,offline,Bangalore,2026-02-07,2,Cash,0.4,912fc8ee3c0abab7e5f3108cf4551ac4146ff1e641d5cdf90f33906920f0842c,XXXXXX1951,successful
1177,294,Jared Moreno,105,45000.0,tv,electronics,online,Hyderabad,2025-10-16,4,UPI,0.2,c84e6751a9e92a96a1365383f5c3dcdd3df09fcf648b771a5ae5877d58214e07,XXXXXX7809,successful
1178,787,Lauren Wallace,110,45000.0,microwave,home appliances,offline,Hyderabad,2025-09-16,3,NetBanking,0.05,77e348763d3f4e0523e04a6b7e3f7eab1a28056f1221cb9860a33dbe241a8735,XXXXXX9267,successful
1179,682,Crystal Mccarthy,108,15000.0,mixer grinder,home appliances,online,Delhi,2025-10-29,1,NetBanking,0.05,606eac1372fd4d40d2f2e8267d5b8dc68bbdb4e94a86bd64e1b6aec07f2081eb,XXXXXX8526,successful
1180,409,Elizabeth Watson,105,45000.0,tv,electronics,online,Bangalore,2025-06-22,4,NetBanking,0.35,1c1c4f8a987877603b2546504a87f3d0a3167ce6c09bab3419ca3ed2ffda889d,XXXXXX5929,successful
1181,930,Jason Hubbard,105,45000.0,tv,electronics,offline,Chennai,2025-06-07,1,NetBanking,0.2,09e9b260dc2f30dedf0b45d60c5a6c7ce771a0c15dbee63decc7766311217951,XXXXXX5628,successful
1182,110,Dale Hughes,104,8000.0,shoes,clothing,offline,Delhi,2026-01-20,4,NetBanking,0.15,09005638699c42929058ec5b96ea894abe44864905a5051bfb8662465d465b17,XXXXXX4973,successful
1183,216,Patricia Myers,101,250000.0,laptop,electronics,online,Chennai,2025-06-06,5,Card,0.4,df13b2ed4d71af2b15dcec3e7b165d66e4e82acbeb3f02b21338cac7c1861989,XXXXXX5111,successful
1184,563,Robert Baird,108,15000.0,mixer grinder,home appliances,offline,Hyderabad,2026-01-12,2,NetBanking,0.25,9435bce45e3607f40832453e176751f0dbe09f4bfcc54bc8f1f673e49b7390ea,XXXXXX9200,successful
1185,646,Pamela Bennett,105,45000.0,tv,electronics,offline,Mumbai,2026-01-21,2,NetBanking,0.4,cd67a7055c6126bc4248aa66d5d0a5526169b18ee4f43f6ef6cd1c0994caa311,XXXXXX1461,successful
1186,102,Jennifer Rodriguez,109,65000.0,refrigerator,home appliances,online,Mumbai,2025-05-14,1,Card,0.25,469ceb3782b94a37a16f500286d034454f326383e7215dcda5f987e7bae60816,XXXXXX4588,successful
1187,120,Michael Horton,109,65000.0,refrigerator,home appliances,offline,Delhi,2025-09-25,3,Card,0.35,4d0e32cf6434c300144fe6456f835f684e5c176c7e5f6854f6b6ee6555fecd4a,XXXXXX5729,successful
1188,614,Gregory Hernandez,101,250000.0,laptop,electronics,offline,Delhi,2025-09-20,1,NetBanking,0.3,51aebf9ceb78e201af751ee4764ca274080bd51dd05ff7327407a473d849134d,XXXXXX2995,successful
1189,489,Jennifer Bell,106,80000.0,sofa,furniture,online,Hyderabad,2025-05-22,5,Cash,0.1,f112b0e97229aa84690263f87bc829e9338d397aaf9790aa5ca2d7a7f0d8290c,XXXXXX2318,successful
1190,457,Cathy Harris,104,8000.0,shoes,clothing,offline,Hyderabad,2025-06-27,3,Card,0.35,50ae2f3087f040cb08fb469964bd35e3fda48e18b7f834d2fa7e982e7593b5ba,XXXXXX7576,successful
1191,697,Kimberly Hodges,110,45000.0,microwave,home appliances,online,Bangalore,2026-03-14,4,NetBanking,0.15,9d013dcd5c2b5ca1fd5c1fc2ff301ce6810bba57eaecc16b39467a897ae73844,XXXXXX3119,successful
1192,841,Diane Gomez,101,250000.0,laptop,electronics,online,Delhi,2025-06-19,2,Card,0.2,063d06dea20c50fe718018335d79abc7dcee2291b631f2321d45ea5824566c79,XXXXXX2222,successful
1194,464,Gail Wilson,108,15000.0,mixer grinder,home appliances,online,Mumbai,2025-06-05,5,NetBanking,0.1,e2ac167500ccbba3bf08d2098fbd155787574fdd16c63e1e12ee5c8ee0f7253a,XXXXXX1338,successful
1195,548,Jesse King,105,45000.0,tv,electronics,offline,Mumbai,2025-12-21,5,Cash,0.2,525da10228f4d7aec9323c70e9c6bf454a59d2e542db2987cac25ff0e353ef16,XXXXXX3975,successful
1197,599,David Johnson,106,80000.0,sofa,furniture,online,Mumbai,2025-04-16,1,Card,0.3,e97d5d0431c0344f98cccf27bc733ceaeb3bab706046f5d42aad349020b9708f,XXXXXX4774,successful
1198,614,Gregory Hernandez,101,250000.0,laptop,electronics,online,Delhi,2025-12-07,1,Cash,0.4,51aebf9ceb78e201af751ee4764ca274080bd51dd05ff7327407a473d849134d,XXXXXX2995,successful
1199,992,William Rose,101,250000.0,laptop,electronics,online,Hyderabad,2026-01-20,3,NetBanking,0.3,0d1e8c8c55df93f60243b1d8a5fb72de70bc1d81c2dcd79b233d3a09e9672098,XXXXXX0906,successful
1200,288,Darren Parker,105,45000.0,tv,electronics,online,Hyderabad,2025-11-22,1,UPI,0.35,10e29cbeda48e534b6c580cf8e53d92364939d1826d5e1a6b7b6e538bbdd53ad,XXXXXX3569,successful
1201,901,Robert Mccoy,103,1300.0,shirt,clothing,offline,Mumbai,2025-08-16,5,UPI,0.4,2ae0aad33c250376d24a455ec238a10a7b29890e8ec355fa5950f77f0ec51808,XXXXXX9632,successful
1202,187,Timothy Salazar,103,1300.0,shirt,clothing,online,Bangalore,2025-05-11,5,UPI,0.1,1bc180c6af17a37f3f22db599b516ed11b9cf3e22d55a5448cd0da342ea8c1c2,XXXXXX1410,successful
1203,889,Robert Carlson,103,1300.0,shirt,clothing,online,Delhi,2025-09-25,1,UPI,0.2,d6819f9fb8a2dcb69bfb67e199ad01d7c462f89691eb10d0ea92ef1ed652d7f5,XXXXXX8201,successful
1204,920,Gary Thomas,101,250000.0,laptop,electronics,online,Chennai,2025-12-20,4,Card,0.2,ea537b84a2b7bede6cbd7a744054e017435647049ee806035366a2d9c3d1b1ba,XXXXXX5267,successful
1205,663,Haley Todd,109,65000.0,refrigerator,home appliances,offline,Hyderabad,2025-09-22,3,Card,0.25,9998d07c8c18dc0b60c7855ffd8f53946f225126d6e37c75679df0b221e98c93,XXXXXX0835,successful
1206,945,Misty Parker,105,45000.0,tv,electronics,online,Hyderabad,2026-02-01,4,UPI,0.1,09191b02e2a048ecdb6acfe67128ac8892af0a300c9fdce59e199c28343cf749,XXXXXX8545,successful
1207,367,Joshua Tate,103,1300.0,shirt,clothing,offline,Delhi,2026-03-29,2,Card,0.4,ab0006ae0a752b7d16e45025179a49302ecc828b1171fd3ef17ae8925ff6cc4d,XXXXXX3716,successful
1208,749,Linda Lara,106,80000.0,sofa,furniture,offline,Mumbai,2025-04-17,1,UPI,0.15,cb4afee4597a3d0dda92f69441f05067c40c08f1f1921e5aba8e8f3f3ca25e1c,XXXXXX4201,successful
1209,501,Tammy Gomez,108,15000.0,mixer grinder,home appliances,offline,Bangalore,2025-09-01,5,NetBanking,0.3,58113ab88f9317b8700f6fd27a1d7cb397cf94a31555421520f21b10a0f31bab,XXXXXX1201,successful
1210,19,Jessica Osborne,108,15000.0,mixer grinder,home appliances,online,Mumbai,2026-12-02,1,UPI,0.15,658041213e139b1bfede43e3428eb6aa9bc5a67d2c9eb83974d0de28343899f5,XXXXXX0000,successful
1211,774,Antonio Evans,107,50000.0,dining table,furniture,online,Hyderabad,2025-12-30,4,NetBanking,0.15,eff10c82064736299a4a97c53f83ba6e4234dc7ada8c52642eaa6b4d8d275289,XXXXXX7042,successful
1213,547,Melinda Brown,105,45000.0,tv,electronics,online,Bangalore,2025-03-08,3,Card,0.4,ab0a883a5770b7016580b4d0d93bfe98b449906995f14676c6a3283ece17d0a7,XXXXXX8347,successful
1214,59,Mathew Jackson,101,250000.0,laptop,electronics,offline,Hyderabad,2025-09-27,5,Card,0.05,f80ed55ace5d336d804ad34d97cd6dcc1a4b2242bf5d3367ad930c9024323aae,XXXXXX2008,successful
1215,723,Christopher Walter,101,250000.0,laptop,electronics,online,Hyderabad,2025-12-11,1,Card,0.2,5d34373d42305e7d0aca0dd995e95853aacd55afc93bb5a656398ab1a8555e59,XXXXXX5707,successful
1216,886,Ashley Gamble,110,45000.0,microwave,home appliances,offline,Bangalore,2025-12-11,3,UPI,0.3,90027d531b8207d03addea3f900c3413cc99111e0319e4104a5156cd7d6954e3,XXXXXX3316,successful
1217,872,David Miller,103,1300.0,shirt,clothing,offline,Mumbai,2025-12-13,5,NetBanking,0.25,b24be28a1b7a84e10c867e14eeca002c365fa00934c58a7025f78d211dca6443,XXXXXX0205,successful
1218,979,Amy Cherry,107,50000.0,dining table,furniture,offline,Hyderabad,2025-05-19,2,Card,0.3,489f0fe955e22514c7365de21b66eabd4b893918eea1d9ea3890fbc240dd29ea,XXXXXX8168,successful
1220,546,Angel Gibson,105,45000.0,tv,electronics,online,Mumbai,2026-03-21,3,Cash,0.25,2a3e0bca30ee11a233dd2da68332ac9d983ec593d4a307b09808d6e68aed146b,XXXXXX1227,successful
1222,271,Jake Arnold,106,80000.0,sofa,furniture,online,Bangalore,2026-02-28,5,NetBanking,0.1,440b30dcd1e3701dbaed275e54f2a9a8fd7e003bc6917d4b182511a43bfdef9b,XXXXXX2782,successful
1223,414,Chase Johnson,110,45000.0,microwave,home appliances,online,Delhi,2025-09-20,3,NetBanking,0.15,a246e6452c2be333b10432d4a0d948ac6210d1f14782c93ceb07a4b811d5ad8d,XXXXXX1815,successful
1224,391,Catherine Beard,105,45000.0,tv,electronics,offline,Mumbai,2025-07-07,5,NetBanking,0.3,9f58d044673af925ce04a88a0d83e2585b613ed11e52411572b6547fef36185b,XXXXXX7305,successful
1225,898,Joseph Tyler,110,45000.0,microwave,home appliances,offline,Hyderabad,2026-02-27,5,Card,0.2,41e321519736fe99f86fcbe8270a6f6cb3fc2397f7e5eb823206ccf4b731edb1,XXXXXX2797,successful
1226,541,Melissa Perez,109,65000.0,refrigerator,home appliances,online,Delhi,2025-11-10,4,NetBanking,0.1,cafa52b9fc206d9deec98f6194aa2be564454adbbccf6347f92ba2a6c4c00cc1,XXXXXX7972,successful
1227,514,Joshua Cummings,110,45000.0,microwave,home appliances,offline,Chennai,2025-07-17,3,Card,0.4,1f0ee252057af91bc5f8db0a11904a0d46be53eb016efb2bb9f46b6958e06128,XXXXXX8341,successful
1228,868,Timothy Henderson,103,1300.0,shirt,clothing,online,Hyderabad,2025-07-09,2,UPI,0.05,f1b5203b101f9022599b48a3b2ab5b84df11f001df2ef25839a2056d931fd23c,XXXXXX8386,successful
1229,746,James Meyer,103,1300.0,shirt,clothing,online,Bangalore,2026-04-09,5,UPI,0.4,294abc118bbadcc6ff78705861aed6a25232fd1f426f2bcbb4c0f3d60f2cfaa4,XXXXXX5357,successful
1230,119,Dana Castro,101,250000.0,laptop,electronics,offline,Delhi,2026-11-03,1,UPI,0.1,f3d6a29279135dc25a3dacec37f5cb26b749fa5af90e2e1eabadea38ada6568a,XXXXXX1072,successful
1231,366,Kelsey Shelton,109,65000.0,refrigerator,home appliances,online,Mumbai,2025-06-19,2,NetBanking,0.25,0fad8b4598457b7eda14e738c54bfaaad7d07fb98cded2ed8a5efde4a5e2072f,XXXXXX5351,successful
1232,475,Natalie Andrews,105,45000.0,tv,electronics,offline,Mumbai,2026-02-16,4,NetBanking,0.1,c6c814b3ffa1df5c78428113fdb32b4ca6f35598c33efaa39849f1bf488f1a61,XXXXXX9248,successful
1233,68,Stephanie Scott,101,250000.0,laptop,electronics,online,Chennai,2025-05-22,4,Card,0.05,bbf7a51d290e848b37e92d84722fc2445a20afa651b1cb891d942d9ba1f6d8cb,XXXXXX0889,successful
1234,402,Patricia Herring,104,8000.0,shoes,clothing,online,Bangalore,2025-12-16,5,NetBanking,0.2,8e5c2b20eaa09a4e3d4f41e82809727e23d4777bdb4d07f69f9b40e687ac141e,XXXXXX5134,successful
1235,5,Kathleen Olson,106,80000.0,sofa,furniture,offline,Hyderabad,2025-04-23,2,UPI,0.35,37eed92ccb892304f378d31fe2233afe225503489f46010dad0794c3431a5031,XXXXXX9805,successful
1236,563,Robert Baird,105,45000.0,tv,electronics,online,Hyderabad,2025-09-07,2,NetBanking,0.15,9435bce45e3607f40832453e176751f0dbe09f4bfcc54bc8f1f673e49b7390ea,XXXXXX9200,successful
1237,798,Amber Murphy,110,45000.0,microwave,home appliances,online,Hyderabad,2025-06-30,1,NetBanking,0.35,05a5b0575faa38d0083c52d65db172c373dcbeb1905f9972fc2165cadc42529b,XXXXXX9807,successful
1239,226,Shawn Townsend,107,50000.0,dining table,furniture,offline,Delhi,2025-12-22,4,Cash,0.1,754b188f697a42af274b1f60b60ec995f2148d2a3d2dcefe3540e06585658e4f,XXXXXX2678,successful
1240,56,Joshua Li,107,50000.0,dining table,furniture,online,Bangalore,2026-01-30,5,UPI,0.1,e7f7250df6a5cfc0511f04632bd010d9f308f18f4b5b07f88bd026b796e31653,XXXXXX6990,successful
1241,100,Thomas Walker,106,80000.0,sofa,furniture,online,Delhi,2026-03-12,2,Card,0.1,d00b3292df7fa2825d9d19980e8e31e35fb24759ce09f0c87030404e26a3faaf,XXXXXX4824,successful
1242,945,Misty Parker,109,65000.0,refrigerator,home appliances,offline,Hyderabad,2025-08-12,4,NetBanking,0.05,09191b02e2a048ecdb6acfe67128ac8892af0a300c9fdce59e199c28343cf749,XXXXXX8545,successful
1244,291,Jerry Freeman,108,15000.0,mixer grinder,home appliances,online,Mumbai,2025-04-30,4,UPI,0.25,43acd52789abe52e74310c529a680e966f532607c50fa56b744dc29495804124,XXXXXX1801,successful
1245,210,Cynthia Pugh,108,15000.0,mixer grinder,home appliances,offline,Chennai,2025-12-23,5,UPI,0.1,7acd5e1d04288c3b00525f540c6c22384167d5165154692a26de74d0570ec85e,XXXXXX3687,successful
1246,633,Julie Jackson,103,1300.0,shirt,clothing,offline,Delhi,2025-07-05,5,Cash,0.25,812914589c86f9387a3bbbe3486405a0cc95f00fd0708ecc66ca43a96564d053,XXXXXX3701,successful
1247,603,Shawn Roberson,110,45000.0,microwave,home appliances,online,Chennai,2025-07-11,1,UPI,0.15,9d472fcd9bd2f759c005cb2055ad0b610f6e8f8b792a350e47e333373d030351,XXXXXX2575,successful
1248,338,Lisa Garrison,101,250000.0,laptop,electronics,offline,Delhi,2025-04-25,2,NetBanking,0.25,2ec47ae623f838a8a542c2baae2c33ebbaafbc742f4ce3d71941fd11ce6f022d,XXXXXX9437,successful
1249,833,Shawn Cooper,105,45000.0,tv,electronics,offline,Chennai,2025-12-31,1,NetBanking,0.1,e8733fbd40f3a4a51a10259a9c2f0161ca67d1dcefce971015385fbbc305bd8a,XXXXXX9509,successful
1250,275,Edward Beck,110,45000.0,microwave,home appliances,offline,Bangalore,2025-04-27,4,NetBanking,0.15,8c6a498853878d2359ad77191610b474fa1df41590815b246b125d28f95ca8c0,XXXXXX4934,successful
1251,101,Craig Ray,101,250000.0,laptop,electronics,online,Delhi,2025-09-07,3,Card,0.05,285cfdf551e16977bb297b1c1721e2439ce305c9d9b6ea884c7bb659dc3d706e,XXXXXX5516,successful
1252,353,Rachel Velasquez,104,8000.0,shoes,clothing,offline,Bangalore,2025-04-12,3,UPI,0.4,6c83d7483a1eaf23a076da56e9a08b263b68eb86148107636da41e698b3c21ba,XXXXXX5596,successful
1253,84,Paul Pacheco,110,45000.0,microwave,home appliances,online,Bangalore,2025-12-30,4,Cash,0.05,ec7caa9065674ab91ac5eb3a3a95b00ee9f6fcf85a463f0086606668011bccec,XXXXXX4257,successful
1254,619,Angelica Wood,108,15000.0,mixer grinder,home appliances,offline,Mumbai,2026-02-22,3,NetBanking,0.2,17119693190a05341f7466672de970dfcdca90e50898cb9ac1901711b9d96e98,XXXXXX4769,successful
1255,537,Ernest Meyers,108,15000.0,mixer grinder,home appliances,offline,Delhi,2025-06-28,3,UPI,0.2,18fe93fa2346775ac0ce55d2f5db973831cf7d53c23b88c17316de9b1b763a3b,XXXXXX9488,successful
1256,458,Jared Lane,102,70000.0,phone,electronics,online,Hyderabad,2025-05-06,1,UPI,0.15,ba2f55088921ddc26fb09e0dd19e32c0553e9c5ab600d7b74e91ab9a6c400b8a,XXXXXX2658,successful
1257,582,Kristin Bradley,104,8000.0,shoes,clothing,offline,Hyderabad,2025-10-22,2,Cash,0.05,1fe510f253241b87edb5c029c6ee40ab35d705d0e17022f21f3b8fc35e979925,XXXXXX1944,successful
1258,969,Keith Woods,102,70000.0,phone,electronics,online,Chennai,2025-10-22,2,UPI,0.4,6254400239665b715af81fe1992afcf7ff9bdc1d65f2351d5abfee6ae5fff436,XXXXXX5957,successful
1259,458,Jared Lane,105,45000.0,tv,electronics,online,Hyderabad,2025-09-26,1,Cash,0.25,ba2f55088921ddc26fb09e0dd19e32c0553e9c5ab600d7b74e91ab9a6c400b8a,XXXXXX2658,successful
1260,7,John Edwards,110,45000.0,microwave,home appliances,online,Delhi,2026-02-04,4,NetBanking,0.15,063dc18ec4ff20524fda59d74a0318cb2ef3eb4f8bdbd8b1c134c7de1a089b14,XXXXXX6576,successful
1261,980,Alexis Andrews,105,45000.0,tv,electronics,offline,Delhi,2026-10-02,4,Card,0.05,ee79682e79ab757b458c0e1301e157db99d1fd134c1be6eac5f2c32a0b0b24e6,XXXXXX3841,successful
1262,590,Christine Brown,108,15000.0,mixer grinder,home appliances,offline,Bangalore,2025-07-03,1,UPI,0.25,92c5ae269fc9336e40ff0747dfd31b69b977f76f9928d79d58a2aa9bd02021e9,XXXXXX9553,successful
1263,412,Nicole Ray,104,8000.0,shoes,clothing,offline,Hyderabad,2025-04-16,4,Cash,0.4,342bf0e18a243887110c5ed4541d69082d286231521226f16bc2d90cd16fcf0e,XXXXXX2020,successful
1264,159,Patrick Lucas,108,15000.0,mixer grinder,home appliances,offline,Delhi,2025-12-21,3,NetBanking,0.4,7958788bdcdc8d5c0da5fab9fa246852affbd2862e7a4170b0c8ebcf41a6ab6e,XXXXXX3339,successful
1265,500,Katelyn Garza,110,45000.0,microwave,home appliances,online,Bangalore,2025-11-16,1,Card,0.35,d3cac2c4d94dc93331a8671f4e705d93991e789d7da5a9ac15a812985b6fcc04,XXXXXX0083,successful
1266,304,Aaron Moore,108,15000.0,mixer grinder,home appliances,online,Delhi,2025-09-17,3,UPI,0.35,38c837c4f1a8c4e9b02189208b8aac8a41ac58a87db108ca21925a818cbce721,XXXXXX6246,successful
1267,313,Mary Lowe,108,15000.0,mixer grinder,home appliances,online,Delhi,2026-01-20,3,Card,0.35,27880315cca11c389b4fc55c28781f1e3bfe5f32981b001e4879d996be3ee6ba,XXXXXX2640,successful
1269,984,Janet Long,102,70000.0,phone,electronics,online,Bangalore,2026-04-11,4,Cash,0.25,07cef015b740fea3058efb3edfb55aacc940fc0b06ef810c377f88692fa408c3,XXXXXX6095,successful
1270,719,Michelle Bates,101,250000.0,laptop,electronics,online,Chennai,2026-03-08,4,UPI,0.05,c36ea3050de8a479e41289995616e682f0ef4124aef963c089029f0ccbd30ff4,XXXXXX4312,successful
1271,283,Anna Bernard,110,45000.0,microwave,home appliances,offline,Chennai,2026-01-19,2,NetBanking,0.3,876a28ff4cc7d164a6f1c5d9e5da0cd815d9881f5de47a6cf4f47c732c2b09af,XXXXXX4842,successful
1272,685,David Mcgee,108,15000.0,mixer grinder,home appliances,offline,Chennai,2025-05-12,3,Card,0.3,83b624f8365db25ec917bf94677688ac52d00b3e406336a4bbcb9caf35777053,XXXXXX1121,successful
1274,468,Sonya Watts,109,65000.0,refrigerator,home appliances,offline,Mumbai,2025-09-18,1,UPI,0.35,c68b2338207f43f2ec932a93450a2598dd9b2ca7837f9ee556a5f288e7f32fd2,XXXXXX6164,successful
1275,801,Brandi Bryan,104,8000.0,shoes,clothing,online,Delhi,2026-02-06,5,NetBanking,0.15,178c5a79c6e78d2eda894490dd22b4f4c4a5a998ae7b206f4344548971efb6e2,XXXXXX6583,successful
1276,816,Erika Martin,107,50000.0,dining table,furniture,offline,Delhi,2025-08-21,2,UPI,0.2,b18e9cfc7c54c789d86de7b91cf4a727cd6d910683d3f74ffe6b99dd30708205,XXXXXX1945,successful
1277,419,William Taylor,104,8000.0,shoes,clothing,offline,Bangalore,2025-09-25,4,Cash,0.35,c13f78cae738f825d7b64d4c5254bec5ceac166e17e875a1f9791604de315b23,XXXXXX7668,successful
1278,103,Mathew Perkins,110,45000.0,microwave,home appliances,offline,Delhi,2026-08-01,2,Card,0.15,ecc6cd94b8ef58c5b2a7afe6816001e8f75deccfae255804cde85659d32e7621,XXXXXX8766,successful
1279,462,Steven Perry,104,8000.0,shoes,clothing,offline,Bangalore,2025-06-09,1,Cash,0.25,980a38f3d0dfae199094821495ec1ea091223e50cac7fb3a060cfea948cf194a,XXXXXX3279,successful
1280,782,Monique Davis,110,45000.0,microwave,home appliances,offline,Chennai,2026-03-27,1,NetBanking,0.1,2bc2f135d5dc61a6380c6e948d0770f911530241d5684b0aceef431ea955fd1a,XXXXXX4485,successful
1281,346,Erin Frye,108,15000.0,mixer grinder,home appliances,online,Bangalore,2025-09-23,2,Cash,0.35,85d19b3dfee5e158417fa94076df1c9e67e61a9cff763917e879f3b4cf73f5fd,XXXXXX5711,successful
1283,797,Anthony Martinez,103,1300.0,shirt,clothing,online,Bangalore,2025-12-28,1,UPI,0.15,1daa3d7da0df522ae5e24fc8f50239a9c27630ce1d99c0e01c087f4e65e783a3,XXXXXX0534,successful
1284,65,Sarah Jackson,109,65000.0,refrigerator,home appliances,offline,Mumbai,2026-02-20,1,NetBanking,0.2,ad09dfc07bf62df93f81352272311eb547ed8db76af651f974c4695fba95209d,XXXXXX7407,successful
1286,518,Alexander Davenport,105,45000.0,tv,electronics,online,Bangalore,2025-04-16,3,Card,0.2,5f499cc262e0ff5f7e024725c9ed3d642d5bf49cd8d39431fc1dd4cb792fee06,XXXXXX9276,successful
1287,600,James Schaefer,107,50000.0,dining table,furniture,offline,Chennai,2025-11-16,1,Card,0.05,d267e2659aadead31909b31b81ead73645ac2e7a5910a96f039e54f76a297d74,XXXXXX4220,successful
1288,509,Valerie Brooks,109,65000.0,refrigerator,home appliances,offline,Chennai,2025-07-27,3,Card,0.1,b9627f9a511c940d29af9156f503e9bbe412cfebb1a77e6766dbff95b026cdde,XXXXXX5947,successful
1289,902,Logan Reyes,103,1300.0,shirt,clothing,offline,Mumbai,2025-06-30,5,UPI,0.1,4328f316f8c609f91085cb65a5f9884ab09a374c63a729c24b348407b44eff8d,XXXXXX2031,successful
1290,936,Brian Larson,103,1300.0,shirt,clothing,online,Hyderabad,2025-04-24,4,NetBanking,0.05,d8ead218737a0541a6c7b79d172d2a62288a0cb1208b8919b0a04046a94473b4,XXXXXX8514,successful
1291,446,Scott Smith,101,250000.0,laptop,electronics,online,Bangalore,2025-10-29,5,NetBanking,0.15,3558a2d03af1033804171272a1bbb434ed4df73b541c7218fa64b319d015e194,XXXXXX0183,successful
1293,981,Christine Harper,109,65000.0,refrigerator,home appliances,offline,Mumbai,2025-08-14,3,NetBanking,0.3,65c81cc594c0b612c9fe17409896c6dcf61559bcda3787fa725356804d96099b,XXXXXX5939,successful
1294,636,Christopher Clark,103,1300.0,shirt,clothing,online,Mumbai,2025-11-11,3,Card,0.4,91f0ebaad8498b70d1b5d1c590e0ffd0d7db3950f796c0185e429911f51af33f,XXXXXX2866,successful
1295,820,Mary Goodwin,109,65000.0,refrigerator,home appliances,online,Delhi,2026-12-01,5,Card,0.15,628d076147024f7fae6fe26aeb716217047f8c5d8e390784fd74aab065970e04,XXXXXX9201,successful
1297,393,Shannon Alvarez,102,70000.0,phone,electronics,offline,Mumbai,2026-04-06,2,UPI,0.4,d817e6f52e467051901b53bf9d8d91946775ba69d3c70be8a4e0c0251ddeaaf5,XXXXXX2230,successful
1298,640,Carrie Jacobson,108,15000.0,mixer grinder,home appliances,online,Bangalore,2025-12-24,1,NetBanking,0.2,48004bb85c12fae1566c5775172309769584efb0f43ebb8572be08c74599158c,XXXXXX2507,successful
1300,291,Jerry Freeman,107,50000.0,dining table,furniture,online,Mumbai,2025-09-03,4,Card,0.3,43acd52789abe52e74310c529a680e966f532607c50fa56b744dc29495804124,XXXXXX1801,successful
1301,59,Mathew Jackson,106,80000.0,sofa,furniture,online,Hyderabad,2025-07-11,1,UPI,0.15,f80ed55ace5d336d804ad34d97cd6dcc1a4b2242bf5d3367ad930c9024323aae,XXXXXX2008,successful
1302,865,Jessica Patterson,108,15000.0,mixer grinder,home appliances,offline,Hyderabad,2025-07-01,3,Cash,0.25,e3592139e35c685053cfae7009c4f6e4c20ba3034c91d18a59d67a907a108aad,XXXXXX0460,successful
1303,640,Carrie Jacobson,108,15000.0,mixer grinder,home appliances,online,Bangalore,2025-12-30,5,Card,0.1,48004bb85c12fae1566c5775172309769584efb0f43ebb8572be08c74599158c,XXXXXX2507,successful
1304,219,Alexander Phillips,108,15000.0,mixer grinder,home appliances,online,Mumbai,2025-11-25,1,NetBanking,0.3,021e7ca6ad8debc97d53ec502e54da9f5e09453f9e7c3da2bd01fce0d3e4e898,XXXXXX9492,successful
1305,326,Deborah Reyes,110,45000.0,microwave,home appliances,offline,Delhi,2025-09-14,4,Card,0.35,c97b4d983b4031381900ff59c4a2cf6cdd8c592f44ebf3d44ddf922895e55915,XXXXXX7757,successful
1306,984,Janet Long,110,45000.0,microwave,home appliances,offline,Bangalore,2026-02-08,3,NetBanking,0.35,07cef015b740fea3058efb3edfb55aacc940fc0b06ef810c377f88692fa408c3,XXXXXX6095,successful
1307,667,Kelsey Mendoza,101,250000.0,laptop,electronics,offline,Bangalore,2025-06-06,3,Card,0.25,4d253fdd114aeba7b5480248814364d807224bcc9b0c8ed5c59d2c5d0b288963,XXXXXX9912,successful
1308,581,Lindsey Tran,107,50000.0,dining table,furniture,online,Delhi,2025-08-29,4,NetBanking,0.2,19fbb82fc0cd44b29b3bddaa2ef41d38af0ab1d9ccc38119acfe3e490fc96776,XXXXXX4624,successful
1309,139,Melissa Peterson,101,250000.0,laptop,electronics,online,Mumbai,2025-07-23,3,Card,0.2,90c965d07a3fd0bc98104e2646fa9118f0df9c82d926c094ecba5d16a117a9f9,XXXXXX2133,successful
1310,341,Cory Alvarado,107,50000.0,dining table,furniture,offline,Mumbai,2025-11-17,3,Cash,0.35,6dba4c70a461d0ad3d43d0dc9817cd3f2aea2d647c3d8f80d67633470185b8c4,XXXXXX9155,successful
1311,949,Madison Goodwin,109,65000.0,refrigerator,home appliances,offline,Bangalore,2025-05-28,1,Card,0.05,71b01ff13e5172563894ac69b5b58ef80f79e7ee759950889d613e679c7934f7,XXXXXX0493,successful
1312,221,David Hart,102,70000.0,phone,electronics,offline,Hyderabad,2025-11-30,2,UPI,0.1,238383abbb4a9e8e416ff04a533b1cba4cbae9bb4db86fa7c75a3d6546639fe5,XXXXXX1312,successful
1313,968,Keith Davis,106,80000.0,sofa,furniture,offline,Hyderabad,2026-01-14,4,UPI,0.05,7200b56e33ad623e51c35b5b9703e693c583e789d0cf8352ade3392e81b3a460,XXXXXX4512,successful
1314,412,Nicole Ray,108,15000.0,mixer grinder,home appliances,online,Hyderabad,2026-03-27,1,UPI,0.2,342bf0e18a243887110c5ed4541d69082d286231521226f16bc2d90cd16fcf0e,XXXXXX2020,successful
1315,362,David Wells,101,250000.0,laptop,electronics,online,Bangalore,2026-02-28,1,Card,0.1,5a56165ec47a3c6bb4e409fc869a51affcfddc2bdfb75458f155ed429a1ea645,XXXXXX9722,successful
1316,359,Ryan Williams,110,45000.0,microwave,home appliances,offline,Delhi,2026-03-29,2,NetBanking,0.25,06204311b1bc37521e80b495f291436159c5253c4ca8ed1610b0d9c0788f8134,XXXXXX5599,successful
1317,103,Mathew Perkins,102,70000.0,phone,electronics,online,Delhi,2025-12-03,5,Card,0.15,ecc6cd94b8ef58c5b2a7afe6816001e8f75deccfae255804cde85659d32e7621,XXXXXX8766,successful
1318,300,Tiffany Miller,104,8000.0,shoes,clothing,offline,Hyderabad,2026-07-04,1,Card,0.05,4d4504d6c1723e073aa177e46c984f6ea2087c5667f16ff02db9320d9adbf78c,XXXXXX0297,successful
1319,873,Tracy Bass,107,50000.0,dining table,furniture,offline,Hyderabad,2025-12-23,3,Cash,0.05,0316e141aed4d0c833de7cbf0254ea2e03778e391e037dbce5af3413b35279db,XXXXXX8034,successful
1320,773,Gerald Cox,107,50000.0,dining table,furniture,offline,Mumbai,2026-03-01,2,NetBanking,0.15,d057e4b3988e205476ba3ed1e8571142443e8a44fe59f3f9647b7c7d17f97b67,XXXXXX4312,successful
1321,290,Megan Carter,105,45000.0,tv,electronics,offline,Chennai,2025-12-21,3,Card,0.25,06101d7c9b7617f52efd208f24f6530e561a65145d634953dec8dbccc7ef7868,XXXXXX1923,successful
1322,145,Michael Hendrix,103,1300.0,shirt,clothing,offline,Delhi,2026-04-02,4,Card,0.2,5c6a6c7f2c6ecc2c47a752fbed21e590c057866af9c0f8d124f389439d47a1c2,XXXXXX1396,successful
1323,244,Frederick Gonzalez,110,45000.0,microwave,home appliances,offline,Chennai,2026-10-04,5,NetBanking,0.25,57b7ea035c9b8ffde3c1cd0e6a83b198c3da54e840d94a2281e4366829ce93b9,XXXXXX1750,successful
1324,22,James Walters,110,45000.0,microwave,home appliances,online,Chennai,2026-02-07,3,UPI,0.25,ec2d6f294e97b0d6857fb8bbfc52cef910731d7835d27fa3c1b6b9ec432764c2,XXXXXX4842,successful
1325,487,Mark Thompson,105,45000.0,tv,electronics,online,Hyderabad,2025-04-17,3,NetBanking,0.15,5cb6d5225c5a8a040ae89746b4ca43963e8c666a304f6712e26d36c9c3c65053,XXXXXX3888,successful
1326,628,Kelly Turner,109,65000.0,refrigerator,home appliances,online,Chennai,2025-12-08,1,Card,0.25,32f4726443565b0472771369535d0c6f62fdda854cfe7639e618d88f91c7e951,XXXXXX5626,successful
1327,185,Sarah Cohen,103,1300.0,shirt,clothing,online,Mumbai,2025-06-02,1,NetBanking,0.2,333c07cb15baa993691251d3221c465a9cee192e36c5c946146df7ef23c02a20,XXXXXX4728,successful
1328,327,Chris Parsons,109,65000.0,refrigerator,home appliances,offline,Delhi,2025-10-29,5,UPI,0.05,30f98cfc0fe8ecd77489fbd38a8db776aa16469e3f1743fa7a32e56e8697f9c6,XXXXXX6561,successful
1330,644,John Parrish,101,250000.0,laptop,electronics,offline,Delhi,2025-06-10,2,Card,0.05,0b27904ae50a57d9b6087cfd2d78eb549a077e1474fb5346ad52d16294be70e4,XXXXXX7481,successful
1331,432,Charles Nelson,110,45000.0,microwave,home appliances,offline,Mumbai,2025-08-12,2,Cash,0.05,e55ed831ce8b88594eb595fd9e9bd007e6474a3a0ab7014d7af1429b51efe250,XXXXXX1774,successful
1332,319,Kristen Richards,104,8000.0,shoes,clothing,offline,Delhi,2025-08-26,4,NetBanking,0.25,435048a01d0868e477c38bbc8599dacfe7939ce84b38a1f4d556dfa9e94bc130,XXXXXX7211,successful
1333,772,Katelyn Gregory,107,50000.0,dining table,furniture,online,Hyderabad,2025-11-20,1,Cash,0.1,0b34a2f6a59a4917414fdf8ef46e8322a62aa8b0f056a72f1a231b5d1154afb3,XXXXXX1958,successful
1334,521,Christopher Colon,105,45000.0,tv,electronics,offline,Hyderabad,2025-02-09,4,Card,0.1,47f5134e257892ae9e4a3a8c252e447950bfa6b0eef7124d92224c2893ef6b34,XXXXXX9928,successful
1335,11,James Leblanc,102,70000.0,phone,electronics,offline,Delhi,2026-02-18,2,Cash,0.35,94996625068723cbf9e80a28bce46f1407ffcf1cdcbce738bcb8fdb01580e696,XXXXXX0360,successful
1336,435,Wendy Robinson,105,45000.0,tv,electronics,online,Delhi,2025-09-19,2,Card,0.05,c96db1c3fb5dcbb76de4dea884c75221dcdccf50f2d1e2c550cc89827aa9ff9e,XXXXXX4454,successful
1338,952,Jennifer Franklin,105,45000.0,tv,electronics,online,Chennai,2025-04-19,1,NetBanking,0.05,f3235260e3f0f1a25274a3883f363bd6719ec051a14186a726d8858b7f3d8242,XXXXXX9414,successful
1339,70,David Parker,102,70000.0,phone,electronics,online,Delhi,2025-12-07,4,Card,0.4,783933567c2b7dc7718e071667e3019aedf05a35b3c96ed12253c8e5315f1b51,XXXXXX2107,successful
1341,683,Lauren Diaz,108,15000.0,mixer grinder,home appliances,online,Mumbai,2025-07-23,5,NetBanking,0.3,7b5529052fdbaa14cdc16c3274b43989080935289cd4e70e812fbbabbbb02120,XXXXXX7000,successful
1342,558,Bryan Phelps,104,8000.0,shoes,clothing,online,Chennai,2025-06-23,1,Cash,0.4,535ff4df6f44adeeb410da41f1c510a9fb62e0c5a02ef7e20b2b0bfc9bdf6363,XXXXXX3862,successful
1343,124,Sarah Rios,109,65000.0,refrigerator,home appliances,offline,Mumbai,2025-07-10,5,NetBanking,0.15,894e75ea24acf8bd88d3f8affd3fde2ede7c675bb16bf7071a6ecf4a5ca3c83d,XXXXXX4148,successful
1345,971,Larry Ramos,101,250000.0,laptop,electronics,offline,Chennai,2025-06-10,4,UPI,0.05,2cdff5bb460296020781eac93c84a9e1dfb2c0e531c81abc30b3f3c5826c5a7d,XXXXXX5114,successful
1347,454,Larry Perkins,101,250000.0,laptop,electronics,offline,Mumbai,2025-08-04,4,Card,0.3,716eaa87d41bd6c37ac8a45267e5a7377fc0d7c3a44475ec132ebf70dbaaedfd,XXXXXX5336,successful
1348,307,Evelyn Bridges,109,65000.0,refrigerator,home appliances,online,Chennai,2026-02-02,1,Cash,0.4,59e9b8b9bca986388f75ce21309fefec20febee5fbc1c44b9f0d9bc12c29ac6b,XXXXXX7428,successful
1349,136,Jasmine Miller,102,70000.0,phone,electronics,online,Chennai,2026-01-24,2,Cash,0.4,3574f4c61a13d332df76dbfb9ab6cc90b06699da14c3e825540698e377436b12,XXXXXX4213,successful
1350,949,Madison Goodwin,110,45000.0,microwave,home appliances,online,Bangalore,2025-07-18,1,Card,0.2,71b01ff13e5172563894ac69b5b58ef80f79e7ee759950889d613e679c7934f7,XXXXXX0493,successful
1351,628,Kelly Turner,106,80000.0,sofa,furniture,online,Chennai,2025-08-25,4,Card,0.05,32f4726443565b0472771369535d0c6f62fdda854cfe7639e618d88f91c7e951,XXXXXX5626,successful
1352,320,Stephen Tyler,101,250000.0,laptop,electronics,offline,Hyderabad,2025-05-16,4,UPI,0.15,04f13add35a131df814b4d0712e98873643f629b15b873d987235c02b1d37d8d,XXXXXX6167,successful
1353,660,Jessica Stephenson,106,80000.0,sofa,furniture,online,Hyderabad,2025-11-19,1,Card,0.3,adefda058ca7369ebd85ec19865072ce00512ef9832d2209cbdf212783668d55,XXXXXX1390,successful
1354,634,Melissa Marshall,103,1300.0,shirt,clothing,online,Mumbai,2026-01-01,1,UPI,0.1,0683485fece451aed527b062b8b35af7c8b9f9a930c8cfcc8564b74a145b5016,XXXXXX9039,successful
1355,813,John Harris,108,15000.0,mixer grinder,home appliances,online,Chennai,2025-12-23,1,UPI,0.35,85b4b64e4940d5ae6ba4a1ab532019cd08dda9c1523d098c9b344d92aef0e635,XXXXXX3148,successful
1356,156,Sara Romero,105,45000.0,tv,electronics,offline,Chennai,2025-11-26,3,Cash,0.2,4950b231cc9867673012764e446229afc81b10a76a63db15f84e732e838dde38,XXXXXX0162,successful
1357,290,Megan Carter,108,15000.0,mixer grinder,home appliances,online,Chennai,2025-10-06,5,NetBanking,0.1,06101d7c9b7617f52efd208f24f6530e561a65145d634953dec8dbccc7ef7868,XXXXXX1923,successful
1359,82,Brittney Watkins,109,65000.0,refrigerator,home appliances,offline,Hyderabad,2026-06-02,3,NetBanking,0.05,25c2b11e42c20dc3af0ef8c70bffed808715ac1cafd4c5d5fe0ad2614278ad7f,XXXXXX3667,successful
1360,36,Brian Martinez,101,250000.0,laptop,electronics,online,Chennai,2026-04-15,4,Card,0.35,7fa20cf9d2ec989088fd176685f4695da6746f19417ca535d415dac8f0e94489,XXXXXX4804,successful
1361,311,Juan Murphy,110,45000.0,microwave,home appliances,online,Bangalore,2025-08-13,2,Cash,0.2,51d163013824714cc3d173b26c90f18906fd7b7eda9f4f0f234e243b0f76afe5,XXXXXX7160,successful
1362,688,Peter Chavez,107,50000.0,dining table,furniture,online,Mumbai,2025-05-25,3,Card,0.2,c6a01febc25a70b3194627633a5e54a465449b822e9452eedf40215e05ec6f5c,XXXXXX2648,successful
1363,408,Hannah Russell,101,250000.0,laptop,electronics,offline,Hyderabad,2026-04-08,1,UPI,0.15,8230562eba285745b6a0676f4f6fce1e6404ee6ce387bba4bced74069dad9b18,XXXXXX3608,successful
1364,152,Levi Leon,101,250000.0,laptop,electronics,offline,Chennai,2025-06-10,1,NetBanking,0.3,cdab3302014cb3c5666e6efbb0160b3a50709c64b25a78ce0279fe97f62e57ad,XXXXXX3306,successful
1365,56,Joshua Li,107,50000.0,dining table,furniture,online,Bangalore,2026-04-16,4,Cash,0.35,e7f7250df6a5cfc0511f04632bd010d9f308f18f4b5b07f88bd026b796e31653,XXXXXX6990,successful
1367,452,Cory Humphrey,105,45000.0,tv,electronics,online,Hyderabad,2026-03-15,4,UPI,0.2,36c0fd5811151249b7527006cf1f2a30104d304917e361238015b6d082c8018a,XXXXXX7438,successful
1368,570,Donald Carter,101,250000.0,laptop,electronics,online,Chennai,2025-08-04,3,Card,0.35,fac4dcc8ab7348aa83d911264d07925b9f733b815ce06bb28547fedb07d981eb,XXXXXX0219,successful
1370,295,Samuel Decker,110,45000.0,microwave,home appliances,offline,Mumbai,2025-07-09,1,Card,0.05,7301bc79347bfc4125e022f75880e5973eda2f667573ac194466336ccfec9bc4,XXXXXX4676,successful
1371,799,Stephanie Dunn,101,250000.0,laptop,electronics,offline,Delhi,2026-08-03,1,UPI,0.05,08194ee6d135d934e7d0321240c43f7fd76a2cb0f9dbcb3c7e8f9c7daf748b66,XXXXXX0744,successful
1372,367,Joshua Tate,105,45000.0,tv,electronics,online,Delhi,2025-07-22,4,Cash,0.3,ab0006ae0a752b7d16e45025179a49302ecc828b1171fd3ef17ae8925ff6cc4d,XXXXXX3716,successful
1373,878,Sarah Brown,110,45000.0,microwave,home appliances,online,Chennai,2025-03-06,4,NetBanking,0.1,7bbe566abde868222ad2f5a0147ea44df8ebb6d4e210d2b9ab338eec2b08ca0e,XXXXXX2098,successful
1374,806,Jacqueline Cantu,101,250000.0,laptop,electronics,offline,Chennai,2025-12-04,4,Card,0.15,bad84afa5c740ef5260b7a4fc808f8620d6723099edd27ad2ce5b6ddbdce3bc2,XXXXXX4533,successful
1375,289,Kelly Powell,106,80000.0,sofa,furniture,offline,Bangalore,2025-05-07,5,NetBanking,0.25,2aad87f1a011ac9023e67ad1d5173713d71e6295aa03b549655127348b8a427e,XXXXXX9444,successful
1376,383,Debra Parker,108,15000.0,mixer grinder,home appliances,offline,Mumbai,2026-03-28,3,Cash,0.2,96f5c4629c7c9c73dad651ebf2908a0e5217adaab21089fa38657d9df639d6c5,XXXXXX5109,successful
1378,622,Hannah Bell,102,70000.0,phone,electronics,online,Chennai,2025-11-29,2,UPI,0.1,f9a7b53c5a0c8bffbb60f208d576478ea8350650f24caa62f5eebede496e680c,XXXXXX1523,successful
1379,100,Thomas Walker,105,45000.0,tv,electronics,online,Delhi,2026-02-17,4,Card,0.4,d00b3292df7fa2825d9d19980e8e31e35fb24759ce09f0c87030404e26a3faaf,XXXXXX4824,successful
1380,425,Lindsay Buchanan,110,45000.0,microwave,home appliances,online,Hyderabad,2025-05-17,3,Card,0.2,b7a2e0353ae0edc0414ca897ae4eed9e589d4be43a8ebce0f9bd271f95da4327,XXXXXX1779,successful
1381,228,James Hernandez,106,80000.0,sofa,furniture,offline,Hyderabad,2025-01-05,5,Card,0.15,cd931453c2a38b73fd95150d1e8a54298ab4647c6f0f451e9588a55758fa7a38,XXXXXX4253,successful
1382,445,Steven Byrd,103,1300.0,shirt,clothing,online,Chennai,2025-08-18,5,Card,0.4,cb5994c495e8ab55f26d19df3fa20b79ed6f557b50fdee721f3556658823c264,XXXXXX6124,successful
1383,610,Melissa Jones,109,65000.0,refrigerator,home appliances,offline,Chennai,2025-11-11,3,UPI,0.1,c552dde91fd4b3e6c8cf46ddfe9805bd6d4dc5846bc00e3e7f22c082e9e0bd93,XXXXXX9133,successful
1384,32,Shane Carlson,101,250000.0,laptop,electronics,offline,Mumbai,2025-09-21,4,Cash,0.2,4467fc7bbc7af4f3484c14db3b104318fb7572a952d8b8996f581343495bb641,XXXXXX2910,successful
1385,517,Fernando Garza,106,80000.0,sofa,furniture,online,Mumbai,2025-05-05,1,NetBanking,0.1,aba4d1995ca914cb02c4420f02911ab6f5c398f0ea70463e7c4eef35b3f7c8ca,XXXXXX5200,successful
1386,389,Tyler Kim,107,50000.0,dining table,furniture,offline,Bangalore,2026-01-19,3,UPI,0.3,6f1bea868c881f153d84b1e4460e71b9dbad7222133f9771836bf7c9a50609f3,XXXXXX5816,successful
1387,840,Veronica Ashley,107,50000.0,dining table,furniture,offline,Delhi,2025-06-13,4,Cash,0.15,ee2f58209125cd568d074d8b9b7f72432da124650edcf2151d18c9ce5925586f,XXXXXX9830,successful
1388,638,Kaitlyn Reed,104,8000.0,shoes,clothing,offline,Bangalore,2025-06-16,2,Card,0.25,9377a12deff95b3939bc7e81ca44d337752bfac1bc01af00976b9b51024df80a,XXXXXX2113,successful
1389,178,Claudia Miles,109,65000.0,refrigerator,home appliances,online,Bangalore,2026-01-19,1,Cash,0.05,e1e477231c97f004a06aa7a7b8cdf5093f251d76e4171f58663af336b5ac2db5,XXXXXX5587,successful
1390,288,Darren Parker,108,15000.0,mixer grinder,home appliances,online,Hyderabad,2026-06-02,2,UPI,0.05,10e29cbeda48e534b6c580cf8e53d92364939d1826d5e1a6b7b6e538bbdd53ad,XXXXXX3569,successful
1391,281,Ashley Anderson,104,8000.0,shoes,clothing,offline,Bangalore,2025-06-15,3,Cash,0.2,6f78c76d95c2da6b588cbe16279910e72a0fb52cd25b2bdfc21dae2223f3b153,XXXXXX5033,successful
1393,395,John Lee,105,45000.0,tv,electronics,online,Mumbai,2026-01-18,5,NetBanking,0.1,958c60d4f20afe1aad38f7718b8a3439dedb498291acd66e6c8c955a6c00819e,XXXXXX2921,successful
1394,469,Michael Garcia,103,1300.0,shirt,clothing,offline,Delhi,2026-03-26,4,UPI,0.4,8a0689462b7641a7b89e3f1835cc2893a7180ce5e3cf9172c527a48ba9161db4,XXXXXX9516,successful
1395,180,Chelsea Meyer,103,1300.0,shirt,clothing,offline,Bangalore,2025-12-01,1,Cash,0.35,65b59fa4ffaf267c149288747774acc0ffcc5bd35c0022ec3b1fd121c4648074,XXXXXX6560,successful
1396,537,Ernest Meyers,106,80000.0,sofa,furniture,online,Delhi,2026-12-03,4,NetBanking,0.05,18fe93fa2346775ac0ce55d2f5db973831cf7d53c23b88c17316de9b1b763a3b,XXXXXX9488,successful
1397,812,Chris Lane,106,80000.0,sofa,furniture,online,Hyderabad,2026-02-15,3,UPI,0.2,ca3c693d5882bb9d9f6bec790201085f4e34e2ed54a218e45022a775329bd27a,XXXXXX0684,successful
1398,29,Leah Dunn,102,70000.0,phone,electronics,offline,Hyderabad,2025-06-11,1,UPI,0.15,a4be4ea2fc553b12c27194bc24cb8d5f9b6583bb9f24d25b4537b1afa6ec02c0,XXXXXX6479,successful
1399,38,Laura Shelton,109,65000.0,refrigerator,home appliances,online,Bangalore,2025-07-20,5,UPI,0.15,f0127c09f5e3264ee1dde43f3570716b6ac8a951113c0dfb72314decf1cf0fe6,XXXXXX7405,successful
1400,151,Jennifer Sims,103,1300.0,shirt,clothing,offline,Delhi,2025-12-12,1,Cash,0.25,1726d10374e3c1cd6c1b03fa698205ac881829c298c6275ef115a66d9eac6ea5,XXXXXX3778,successful
1401,52,David Hernandez,108,15000.0,mixer grinder,home appliances,offline,Mumbai,2025-12-06,2,Card,0.05,9b82d5cceae5bfca42eb719b58003af6a0b4b422d227fdeb3e7ff72affaa1087,XXXXXX2999,successful
1402,865,Jessica Patterson,103,1300.0,shirt,clothing,online,Hyderabad,2026-02-24,1,UPI,0.05,e3592139e35c685053cfae7009c4f6e4c20ba3034c91d18a59d67a907a108aad,XXXXXX0460,successful
1403,553,Veronica Davis,103,1300.0,shirt,clothing,online,Mumbai,2026-03-29,3,NetBanking,0.4,6d250aacb701bdd06d787e6edddbb4e5a8a3668ac60dbe77ad4e921de8f0e63d,XXXXXX9972,successful
1404,387,Kenneth Rocha,110,45000.0,microwave,home appliances,online,Mumbai,2025-10-18,2,UPI,0.3,f42d5e3c5f55e537502d2540211ae55523fc461e910545d2c4282f0a5c5ffa3c,XXXXXX3283,successful
1405,323,Victoria Phillips,109,65000.0,refrigerator,home appliances,offline,Hyderabad,2026-04-04,5,Card,0.25,efb886dfcda463d9db025884f2bf890bdc5a9dd08f82cde9dabbd1248637af70,XXXXXX0994,successful
1407,181,Maria Robinson,107,50000.0,dining table,furniture,online,Delhi,2025-08-13,5,NetBanking,0.2,35422c1d429d29fd2762fbd57ed7705b3be3f22ec4f67a573b7f5bb5321a12fa,XXXXXX2717,successful
1408,924,Mikayla Krause,102,70000.0,phone,electronics,online,Hyderabad,2025-10-24,4,Cash,0.25,a2308c0a093902245116aa424f16bb8f01d88631aa93177a8f1441e2a0a700ee,XXXXXX7031,successful
1409,230,Jose Guerrero,105,45000.0,tv,electronics,offline,Hyderabad,2025-08-31,5,NetBanking,0.35,1bd662bf7c2b8a2805e52bff5d4285e77234b60beef56529c05def844f1fe349,XXXXXX5176,successful
1410,790,Andrea Jimenez,110,45000.0,microwave,home appliances,offline,Bangalore,2026-03-08,4,Card,0.25,fb89d8b51a9bd1ecbd5276b3fa0f5ac74d720b6f8b3350ebb1405796b192d7ec,XXXXXX0703,successful
1411,702,Robert Jackson,103,1300.0,shirt,clothing,online,Delhi,2026-01-01,5,Cash,0.25,f338814c7e5111e7af6919f8028b285dffcbd2914882f8e6cff7f55d6aff2163,XXXXXX6138,successful
1412,431,Tracie Kim,102,70000.0,phone,electronics,offline,Bangalore,2025-11-30,2,Cash,0.05,ea820d3d630b7ac55cb8412a53d6328bb258a9604b0288bd7f1feb4de4c0026c,XXXXXX5130,successful
1414,692,Paige Brown,110,45000.0,microwave,home appliances,offline,Bangalore,2026-01-20,4,Cash,0.25,19c66f0c05ca813a58b9de8e8bddbdc88a628a01c2be6c19c51a9d808d9a3a4a,XXXXXX7367,successful
1416,977,Gloria Navarro,101,250000.0,laptop,electronics,offline,Chennai,2026-02-25,5,Cash,0.15,57a55b9550f75bc8de4f58e05098c93805b9c3afdcad32b88448f39709bf1949,XXXXXX0862,successful
1420,249,Alyssa Henderson,107,50000.0,dining table,furniture,offline,Bangalore,2025-07-30,1,Card,0.3,e85a7a09d6dca5929883dce5a1217bb242b0d7843835621294dd1c824464795a,XXXXXX5109,successful
1421,462,Steven Perry,104,8000.0,shoes,clothing,online,Bangalore,2025-12-22,2,Cash,0.1,980a38f3d0dfae199094821495ec1ea091223e50cac7fb3a060cfea948cf194a,XXXXXX3279,successful
1422,652,Charles Fleming,105,45000.0,tv,electronics,offline,Delhi,2025-06-17,2,Card,0.2,2286702f6adac1b9abaeefc7a80e7c1dd8f760fc6ebe86d22573d13dbe09a35b,XXXXXX4499,successful
1423,905,Katie George,110,45000.0,microwave,home appliances,online,Hyderabad,2026-03-21,1,Card,0.3,60ee388dcd89cabe35d66ac6cdc19bdc2e0764f9b000bdf2b1bb1baff8fd6939,XXXXXX2952,successful
1424,159,Patrick Lucas,105,45000.0,tv,electronics,offline,Delhi,2025-08-31,2,NetBanking,0.4,7958788bdcdc8d5c0da5fab9fa246852affbd2862e7a4170b0c8ebcf41a6ab6e,XXXXXX3339,successful
1426,343,Allen Mcdowell,106,80000.0,sofa,furniture,online,Bangalore,2025-01-08,5,Cash,0.3,c01d0229e45d0660d58eb5a3cd00d9faca9bed5a21dfb9ddd036156ff904a3d9,XXXXXX1170,successful
1427,571,Frederick Stevenson,104,8000.0,shoes,clothing,online,Chennai,2025-07-18,3,UPI,0.3,e35c66f397d71666d1938474e0d18c6d618603727018dc5cbecdf95b8e695947,XXXXXX4716,successful
1428,661,Jennifer Cooper,108,15000.0,mixer grinder,home appliances,offline,Chennai,2025-11-06,2,NetBanking,0.05,c111f9ef0623808dc5ecc7fb44bdbdd94d5df536ebf836aef7112acbf1690e95,XXXXXX4609,successful
1429,488,Kathy Henry,108,15000.0,mixer grinder,home appliances,offline,Chennai,2025-05-31,1,Card,0.4,2b629d6305d99485be4c6622a33404bfa1efc1b446c3b3b841544db2af4c0e7d,XXXXXX7501,successful
1430,739,Brian Fuller,110,45000.0,microwave,home appliances,offline,Delhi,2025-08-24,1,Card,0.3,e83fd4650688c1ec7e39ba7779ae3dc710723187f90c1fcf81d806dd9694b41b,XXXXXX7238,successful
1432,946,Lisa Cochran,108,15000.0,mixer grinder,home appliances,online,Delhi,2025-08-10,1,Cash,0.3,de0b75129679b50c6e972d740b5d620d1096d3feed03f8ab772ec191ca6ea6e4,XXXXXX0319,successful
1433,649,Carrie Johnson,110,45000.0,microwave,home appliances,offline,Bangalore,2026-03-12,2,UPI,0.2,16ce3824f2f2fe7516d9748e101cb5197bd8d0c51790db6fb04795a47ffdfeb5,XXXXXX3544,successful
1435,247,David Cherry,105,45000.0,tv,electronics,online,Bangalore,2025-10-06,5,Cash,0.2,9c946e82b017f71f88ecc7ddf6421114d33c5f765b7b0aa6f84fddf198c758ed,XXXXXX9339,successful
1436,192,Nina Robinson,108,15000.0,mixer grinder,home appliances,online,Bangalore,2026-01-18,5,Card,0.15,222c27986390f5ea914ddd23b266a931ae771fbc400588afaa384cd7ec3d1302,XXXXXX7116,successful
1437,18,Allison Adams,105,45000.0,tv,electronics,offline,Mumbai,2025-06-13,1,NetBanking,0.1,71f22587125c00dac090d0922a524b815f178ede552c9f108cf56cfe28d43430,XXXXXX8299,successful
1438,579,Christian Clay,102,70000.0,phone,electronics,offline,Mumbai,2025-10-01,5,Card,0.35,414e0f010f760b463810d9444e140b2105ea924f4803bae4eca5b695b20f65fa,XXXXXX2846,successful
1439,452,Cory Humphrey,109,65000.0,refrigerator,home appliances,online,Hyderabad,2025-06-26,5,Cash,0.2,36c0fd5811151249b7527006cf1f2a30104d304917e361238015b6d082c8018a,XXXXXX7438,successful
1441,634,Melissa Marshall,105,45000.0,tv,electronics,online,Mumbai,2026-02-21,1,Cash,0.3,0683485fece451aed527b062b8b35af7c8b9f9a930c8cfcc8564b74a145b5016,XXXXXX9039,successful
1442,820,Mary Goodwin,106,80000.0,sofa,furniture,offline,Delhi,2026-01-09,5,Cash,0.25,628d076147024f7fae6fe26aeb716217047f8c5d8e390784fd74aab065970e04,XXXXXX9201,successful
1443,702,Robert Jackson,109,65000.0,refrigerator,home appliances,online,Delhi,2026-02-28,4,Card,0.05,f338814c7e5111e7af6919f8028b285dffcbd2914882f8e6cff7f55d6aff2163,XXXXXX6138,successful
1444,683,Lauren Diaz,110,45000.0,microwave,home appliances,offline,Mumbai,2025-07-04,4,Card,0.25,7b5529052fdbaa14cdc16c3274b43989080935289cd4e70e812fbbabbbb02120,XXXXXX7000,successful
1445,758,Nichole Jones,105,45000.0,tv,electronics,online,Chennai,2025-11-01,1,NetBanking,0.25,619d4c2306021529d41a2f1dadbf7cac66747afac77fc6ec6eb547402c385dba,XXXXXX6772,successful
1446,168,Joyce Robertson,108,15000.0,mixer grinder,home appliances,offline,Mumbai,2026-03-11,2,Cash,0.15,bf415c654f33244dbfda908e4e5e7c167de81383a776a4e1dc6dc0b4d66c06e0,XXXXXX0417,successful
1447,987,Daniel Harper,104,8000.0,shoes,clothing,offline,Delhi,2025-12-08,5,UPI,0.05,6e54d96bc2dd7786b39b68c1fe203128158ff583fc7f48158d74a342cb4c76aa,XXXXXX1659,successful
1448,464,Gail Wilson,110,45000.0,microwave,home appliances,offline,Mumbai,2026-06-04,4,UPI,0.25,e2ac167500ccbba3bf08d2098fbd155787574fdd16c63e1e12ee5c8ee0f7253a,XXXXXX1338,successful
1449,582,Kristin Bradley,101,250000.0,laptop,electronics,offline,Hyderabad,2025-10-08,3,NetBanking,0.4,1fe510f253241b87edb5c029c6ee40ab35d705d0e17022f21f3b8fc35e979925,XXXXXX1944,successful
1450,528,Kerri Rodriguez,103,1300.0,shirt,clothing,offline,Chennai,2025-11-09,5,NetBanking,0.25,8c51fb1e34f92f845932b5204e80a397331a4d8abc4058dd2e132f4d5da91a7b,XXXXXX0493,successful
1451,135,Daniel Wallace,108,15000.0,mixer grinder,home appliances,offline,Bangalore,2025-07-13,3,UPI,0.15,fd2c5408f08effc1df28bd48983da63517cbd20c4d01621870ea6478ca5737b1,XXXXXX3314,successful
1452,276,Kelly Montgomery,104,8000.0,shoes,clothing,offline,Delhi,2025-05-14,3,Cash,0.1,3c948054fc013fb7bef0d6141fc4c1ddf35976295aa5fa96133e234ad2f0071b,XXXXXX3046,successful
1453,971,Larry Ramos,106,80000.0,sofa,furniture,offline,Chennai,2025-07-10,1,Cash,0.15,2cdff5bb460296020781eac93c84a9e1dfb2c0e531c81abc30b3f3c5826c5a7d,XXXXXX5114,successful
1454,869,Krystal Hudson,108,15000.0,mixer grinder,home appliances,online,Mumbai,2025-10-30,2,UPI,0.15,627e52bcba8dcdccf79a7ab5dc6ebe26438a2fe7723bfd6d1e639f1ebb15860c,XXXXXX3079,successful
1455,495,John Cummings,110,45000.0,microwave,home appliances,offline,Hyderabad,2025-07-22,5,Cash,0.1,deff447adabc5e132c994d4648ccfe19ea87da1c2fb3bd0725013ed00b33f7e0,XXXXXX7125,successful
1456,339,Stacy Hernandez,101,250000.0,laptop,electronics,offline,Delhi,2026-03-26,1,Cash,0.05,8c58d3fc8abe788ab41ed1a5afcbf1131d66465bbfcd2904db7d624bc75a5f67,XXXXXX4384,successful
1457,673,Nicole Davis,110,45000.0,microwave,home appliances,offline,Mumbai,2025-12-29,2,UPI,0.4,7ca94171233cde0d35b3dcad9b958c8fafd28dafcd9a520810290c7582fcd5c4,XXXXXX3301,successful
1458,863,Travis Morgan,104,8000.0,shoes,clothing,offline,Bangalore,2026-01-11,2,UPI,0.25,75e9efdde1cd6badea9f2167dfd3bf1a81ad5db3fcc912dc4d2a7f823df6720e,XXXXXX4457,successful
1460,685,David Mcgee,108,15000.0,mixer grinder,home appliances,offline,Chennai,2025-12-24,5,Card,0.25,83b624f8365db25ec917bf94677688ac52d00b3e406336a4bbcb9caf35777053,XXXXXX1121,successful
1462,4,Kelly Brown,110,45000.0,microwave,home appliances,online,Chennai,2025-08-15,3,NetBanking,0.2,7780f25662c3fc399eb75692de5a59dc10978f84eaa4bd4a0fcef255eebe149e,XXXXXX2599,successful
1463,382,Billy Ramirez,108,15000.0,mixer grinder,home appliances,offline,Mumbai,2025-09-25,1,UPI,0.05,17dac5693954bfe4c1a96dcf261ecf3606b4aa7b9c5196ba9736b33a862b1ef4,XXXXXX3185,successful
1464,74,David Alvarez,108,15000.0,mixer grinder,home appliances,offline,Delhi,2025-12-12,5,UPI,0.05,a7dc05459b67af97d4f94ddf8d45f8ab4f6029f9397aec3c8213e25c720e5bc8,XXXXXX5242,successful
1465,231,Jason Smith,107,50000.0,dining table,furniture,online,Hyderabad,2025-12-02,3,UPI,0.1,2901ac840f3357b1dbfbe360083af0c9f8722785cdd9a0d3849252d212a900e2,XXXXXX1499,successful
1466,728,Lisa Miller,108,15000.0,mixer grinder,home appliances,offline,Chennai,2025-08-05,5,Card,0.1,4fdac8377bcedb28f81b68f0a705c723fa8db723aaf81bae28160a1f37eaea1a,XXXXXX3795,successful
1467,976,Paula Rogers,107,50000.0,dining table,furniture,offline,Chennai,2026-04-13,3,UPI,0.1,e829391271382528f66bd5466d41092ac4c3087dc195c2f5c63a9c1208d7f996,XXXXXX1725,successful
1470,556,Roger Guerrero,105,45000.0,tv,electronics,offline,Mumbai,2025-04-19,2,NetBanking,0.35,73d26a4985b59a560c2575ee0a51d0b5da69892dcb84ebe33d4a2d6e9b4e5d97,XXXXXX5988,successful
1471,867,Jeffrey Sanders,101,250000.0,laptop,electronics,offline,Chennai,2025-05-29,4,UPI,0.1,d0508ccbd66b3d861f68bfd7ae611b68a19824451d6a94ea025972ff64f7d3b6,XXXXXX0432,successful
1472,626,Tyler Martinez,101,250000.0,laptop,electronics,offline,Hyderabad,2025-10-30,3,Card,0.1,42933ff4c17b19688855d962071de4d9a80f609086b10e37e1165348b69b1b3f,XXXXXX7616,successful
1473,472,Christian Jennings,105,45000.0,tv,electronics,offline,Chennai,2026-02-25,1,Cash,0.3,fd3390fb3ddb55ccd3ef77da175ccbd21fca55843a8a32656651ef88f0ce8707,XXXXXX1240,successful
1474,750,Kristi Blackwell,106,80000.0,sofa,furniture,online,Hyderabad,2026-02-06,3,NetBanking,0.1,c6025288e5e7d7882ac5d39ef6437e85e7dc0bfca0679ed961821ef5359e5613,XXXXXX3501,successful
1476,385,Austin Love,102,70000.0,phone,electronics,online,Hyderabad,2025-11-03,3,NetBanking,0.2,1554c349a547a8d7445d0698d1df9cd29f1da1b41c1ef432247debefefdbad7c,XXXXXX7684,successful
1477,33,John Sullivan,104,8000.0,shoes,clothing,offline,Hyderabad,2025-04-28,5,Cash,0.05,f8b595062c0e854de043faeda8999e8c12f003c688b74165f0ebd8822e659f93,XXXXXX9763,successful
1478,975,Jacqueline Doyle,104,8000.0,shoes,clothing,online,Hyderabad,2025-08-10,1,NetBanking,0.2,afc12ad7c2b1d3b34e95b56e4b2cdf43e6f7a3cc2bb9f33f4493186fa4a36b13,XXXXXX0490,successful
1481,242,James Pham,104,8000.0,shoes,clothing,offline,Hyderabad,2026-03-24,1,NetBanking,0.2,1a6d54e22d1fefc356bccdd94d8c7bf0567ea3ffb9d6f66189713154ab3e3c56,XXXXXX3250,successful
1482,481,Valerie Phillips,102,70000.0,phone,electronics,offline,Chennai,2025-01-05,3,NetBanking,0.3,924f9c219200eca55869d895a975b2e187e682ba279e90dc9b55ef22310e6019,XXXXXX6027,successful
1483,951,Richard Miller,110,45000.0,microwave,home appliances,online,Mumbai,2026-03-03,5,Cash,0.4,fd4e3836a31a99f33b387ba6f5ce09ea2c2539bd382c2b1c34dfb408b0b21dc1,XXXXXX6379,successful
1485,564,Spencer Davis,108,15000.0,mixer grinder,home appliances,offline,Chennai,2025-10-19,4,Cash,0.35,da26f382d2ac516e504d4f9173004908f41bc2e287c1eb479582c4c0ea26879d,XXXXXX0711,successful
1486,963,Laura Stevenson,105,45000.0,tv,electronics,offline,Chennai,2025-07-13,1,Cash,0.25,b995779805ba57ae0d0e4136fb34a113efe083fe02c7d0d15e37eaaf1dee960d,XXXXXX4205,successful
1487,473,Daniel Tapia,103,1300.0,shirt,clothing,offline,Hyderabad,2025-06-12,5,NetBanking,0.1,184428a7316ad27a87e3cab290972bcc6e0b6f769a6aba06f81798a3a19ffe1b,XXXXXX3308,successful
1488,615,Carolyn Torres,108,15000.0,mixer grinder,home appliances,offline,Mumbai,2025-07-14,2,Cash,0.25,742dbf8f68734cecdae4c201d8ffe27f0d7b03df6f95b537a51541ce23b84671,XXXXXX5838,successful
1489,890,Holly Mckay,101,250000.0,laptop,electronics,offline,Chennai,2025-08-04,2,Card,0.05,526648252f3335cbd365bf59e4b2664571a2f96254ee0c1b1fa716c03e0c4715,XXXXXX6494,successful
1490,901,Robert Mccoy,102,70000.0,phone,electronics,online,Mumbai,2026-01-16,3,UPI,0.35,2ae0aad33c250376d24a455ec238a10a7b29890e8ec355fa5950f77f0ec51808,XXXXXX9632,successful
1491,636,Christopher Clark,106,80000.0,sofa,furniture,online,Mumbai,2025-01-07,4,Card,0.1,91f0ebaad8498b70d1b5d1c590e0ffd0d7db3950f796c0185e429911f51af33f,XXXXXX2866,successful
1492,642,Troy Mitchell,101,250000.0,laptop,electronics,online,Bangalore,2025-07-17,5,NetBanking,0.4,40a175d94b67c5b138751e12e16c6ea52cdbc0ab22559fe806ac2eeca13b7f76,XXXXXX6968,successful
1493,921,Jessica Taylor,106,80000.0,sofa,furniture,online,Mumbai,2025-12-08,5,UPI,0.3,e6a5ab5eb42b5e54e1dff5eaf79a46b497ef81f9dc64bb1781e71d30b77fed85,XXXXXX0882,successful
1494,144,Amber Boyd,104,8000.0,shoes,clothing,online,Mumbai,2025-08-10,2,Card,0.05,6453c152acffc8ba48ded2948ce3bd172798bbaa0272740e056f155459e3b8ef,XXXXXX5581,successful
1495,673,Nicole Davis,104,8000.0,shoes,clothing,online,Mumbai,2025-07-26,1,UPI,0.1,7ca94171233cde0d35b3dcad9b958c8fafd28dafcd9a520810290c7582fcd5c4,XXXXXX3301,successful
1496,830,Joel Charles,105,45000.0,tv,electronics,online,Hyderabad,2025-07-14,2,NetBanking,0.15,e17c56a6a38b56e866527a72df29bf6ae42c31c09a0a4e3ebdc402cde3e18eb2,XXXXXX2354,successful
1497,844,Philip Cervantes,108,15000.0,mixer grinder,home appliances,online,Delhi,2025-10-16,5,Card,0.1,71fe0e271e8ae540e2452e64b943c0897ff27b7c06dc8ec2a579f3686774751c,XXXXXX7742,successful
1498,230,Jose Guerrero,109,65000.0,refrigerator,home appliances,online,Hyderabad,2025-10-02,1,Cash,0.35,1bd662bf7c2b8a2805e52bff5d4285e77234b60beef56529c05def844f1fe349,XXXXXX5176,successful
1500,796,Jasmine Lopez,107,50000.0,dining table,furniture,online,Bangalore,2025-07-21,4,Cash,0.15,3b56ffa6073a1eb2ded4401962353dbb5ed5c455edbb29a06789db4d6d863c94,XXXXXX7917,successful
1501,53,John Bridges,103,1300.0,shirt,clothing,offline,Hyderabad,2026-02-08,1,UPI,0.05,0d96493f4e42ecb00a0c478d165f9153611d69ba81d3610952c5ec165bc7c680,XXXXXX8917,successful
1502,713,Jason Griffin,104,8000.0,shoes,clothing,offline,Hyderabad,2026-02-01,4,UPI,0.35,33d0498fc058e1f019e9479799a125a860f1da5937b1c4fb7c42f9dca86e10be,XXXXXX8007,successful
1505,820,Mary Goodwin,101,250000.0,laptop,electronics,offline,Delhi,2025-03-07,1,UPI,0.1,628d076147024f7fae6fe26aeb716217047f8c5d8e390784fd74aab065970e04,XXXXXX9201,successful
1506,556,Roger Guerrero,105,45000.0,tv,electronics,online,Mumbai,2025-06-18,5,NetBanking,0.05,73d26a4985b59a560c2575ee0a51d0b5da69892dcb84ebe33d4a2d6e9b4e5d97,XXXXXX5988,successful
1507,200,Miguel Proctor,107,50000.0,dining table,furniture,online,Delhi,2025-05-30,5,Cash,0.2,9e8e3e96cbcc9c7acf49b3f51789856ddbf3b1f2e36efd6d8ba845663e3742b4,XXXXXX5835,successful
1508,405,Tina Olson,102,70000.0,phone,electronics,offline,Bangalore,2025-06-20,2,Card,0.15,bf1ddd1cdb3fa9dc59ae59e49e15406db397203622d35a171a6bd5fcc6b39226,XXXXXX3492,successful
1509,37,Joshua Nunez,101,250000.0,laptop,electronics,offline,Mumbai,2025-10-10,5,Cash,0.3,72837615be7d1b08611790f3f3ff8f99b0a3cde6c646c7e7fc540a8e81120c3f,XXXXXX8785,successful
1510,886,Ashley Gamble,106,80000.0,sofa,furniture,offline,Bangalore,2026-04-15,5,Cash,0.2,90027d531b8207d03addea3f900c3413cc99111e0319e4104a5156cd7d6954e3,XXXXXX3316,successful
1511,257,Courtney Terrell,101,250000.0,laptop,electronics,online,Mumbai,2025-05-26,1,NetBanking,0.15,8aaf453dc682fdf7a438f81f333d07c2e20f4ff5fd71f69768005e27af656133,XXXXXX1354,successful
1512,435,Wendy Robinson,103,1300.0,shirt,clothing,online,Delhi,2025-09-07,4,UPI,0.35,c96db1c3fb5dcbb76de4dea884c75221dcdccf50f2d1e2c550cc89827aa9ff9e,XXXXXX4454,successful
1513,91,Christopher Martin,109,65000.0,refrigerator,home appliances,offline,Bangalore,2026-10-02,3,NetBanking,0.25,b9e0c2d9c676a022ecfce21cfca755fc409a089a23df751f571f0db6b460f282,XXXXXX8811,successful
1514,756,Juan Mata,107,50000.0,dining table,furniture,offline,Bangalore,2026-02-16,1,Cash,0.4,0e08248b1952bf56f12aa2dbcf1a9743a2077b7d5bf13ac617308d3f527d1da2,XXXXXX4818,successful
1515,285,Amanda Anderson,110,45000.0,microwave,home appliances,offline,Chennai,2026-04-04,1,NetBanking,0.3,b16f4e6d8be3b6bfd68203c6498a14c19a23148a6faa7159900571cfda9889db,XXXXXX0174,successful
1516,238,Zachary Hooper,105,45000.0,tv,electronics,online,Bangalore,2025-08-27,2,Card,0.25,eb7cfa9601bbfd2d11f446f87f8e38bf8f5604f313f14d831fdf37e3f0d6baff,XXXXXX0012,successful
1518,728,Lisa Miller,106,80000.0,sofa,furniture,online,Chennai,2025-04-19,5,Cash,0.4,4fdac8377bcedb28f81b68f0a705c723fa8db723aaf81bae28160a1f37eaea1a,XXXXXX3795,successful
1519,544,Charles Weaver,101,250000.0,laptop,electronics,offline,Mumbai,2025-06-27,3,Card,0.25,57e98d7b61f48b3aabd081480a86a73ecf29c9d5a6eab0e7756ff59d2938cf99,XXXXXX1294,successful
1520,414,Chase Johnson,102,70000.0,phone,electronics,offline,Delhi,2025-08-18,5,Card,0.05,a246e6452c2be333b10432d4a0d948ac6210d1f14782c93ceb07a4b811d5ad8d,XXXXXX1815,successful
1522,215,Crystal Aguilar,104,8000.0,shoes,clothing,offline,Mumbai,2026-06-01,1,NetBanking,0.25,e09d7b327f4e1686347bf500493ee805799de0ee48318320d2e16ea64e5c57c2,XXXXXX5910,successful
1523,680,Benjamin Anderson,104,8000.0,shoes,clothing,online,Delhi,2025-07-20,1,UPI,0.4,3e0613778583d1acb219e9d846da17ad0b6e5190c1980471216cc07bad1b798c,XXXXXX6812,successful
1524,776,Erica Moore,109,65000.0,refrigerator,home appliances,offline,Chennai,2025-03-09,5,UPI,0.4,02d7b3bba863795dc37ca7caaeb45da7db9891f0af205e1e7446d5d8eb9767df,XXXXXX1731,successful
1525,507,Thomas Cameron,108,15000.0,mixer grinder,home appliances,online,Delhi,2025-06-16,4,Card,0.35,d1a3662414787e46f75a4c7dfc80a30ace6eb31de5488f1e9b660701cb9f4138,XXXXXX2264,successful
1526,400,Brenda Johnson,106,80000.0,sofa,furniture,online,Chennai,2025-05-12,4,Card,0.1,e6d59c0e946ca57d90e04054988859bae6094255dc3e03cb4c83e7021a043487,XXXXXX8393,successful
1528,518,Alexander Davenport,101,250000.0,laptop,electronics,online,Bangalore,2025-11-25,5,Cash,0.4,5f499cc262e0ff5f7e024725c9ed3d642d5bf49cd8d39431fc1dd4cb792fee06,XXXXXX9276,successful
1529,570,Donald Carter,105,45000.0,tv,electronics,online,Chennai,2025-08-03,3,UPI,0.15,fac4dcc8ab7348aa83d911264d07925b9f733b815ce06bb28547fedb07d981eb,XXXXXX0219,successful
1530,513,Brandon Sims,101,250000.0,laptop,electronics,online,Chennai,2025-09-19,4,Card,0.2,51f1cbbcc3dc7c87cb52241b4278fddf066e18c9bf8c9a83ec9631cd1a85d9fe,XXXXXX7219,successful
1531,131,Pamela Peterson,103,1300.0,shirt,clothing,online,Bangalore,2025-09-07,3,UPI,0.15,28b8883658580d5d23c90b08b705f71911fc97ba36150f89090da069e07ec881,XXXXXX8147,successful
1532,546,Angel Gibson,102,70000.0,phone,electronics,offline,Mumbai,2025-07-10,2,UPI,0.15,2a3e0bca30ee11a233dd2da68332ac9d983ec593d4a307b09808d6e68aed146b,XXXXXX1227,successful
1533,767,John Farmer,107,50000.0,dining table,furniture,online,Mumbai,2025-07-31,4,NetBanking,0.05,9fc50fc1f8ad5cfaa98c68e89237ec12ee8d5fa6c20a2ae9e72d9e2cb3e7797e,XXXXXX7080,successful
1534,600,James Schaefer,101,250000.0,laptop,electronics,offline,Chennai,2025-11-05,2,Card,0.05,d267e2659aadead31909b31b81ead73645ac2e7a5910a96f039e54f76a297d74,XXXXXX4220,successful
1535,515,Amy Lee,105,45000.0,tv,electronics,offline,Chennai,2025-05-21,1,UPI,0.05,0b943ce1d1b723104f6a237e75fc90f73efcb8b631af4923987d38e3b8e3e921,XXXXXX0756,successful
1536,498,Russell Crawford,105,45000.0,tv,electronics,online,Hyderabad,2025-06-25,5,UPI,0.25,b7e5704809fddeb6b154062ba9a71be16d4c0c2863aebc0cac80224cf165382d,XXXXXX1675,successful
1537,2,Steven Evans,107,50000.0,dining table,furniture,online,Delhi,2025-07-07,2,UPI,0.25,a6c45101e45fecc6ce25041fc13a69d13c16e5ec020f7349067bd0d00783c948,XXXXXX2287,successful
1539,938,Mary Rogers,108,15000.0,mixer grinder,home appliances,online,Hyderabad,2026-12-02,2,NetBanking,0.1,714a0ff6cc07477e6c1ded39cb5f98bf7f3ca3dafdd6aedffb78d6de762c5989,XXXXXX3823,successful
1540,733,Jessica Lin,102,70000.0,phone,electronics,online,Delhi,2025-09-05,4,Card,0.05,0db191a9ef3cbd33bb05c0caf39be9b0df3c869b5015693ad271009cddd1622a,XXXXXX6363,successful
1541,629,Alec Kelly,101,250000.0,laptop,electronics,offline,Delhi,2025-09-29,4,Card,0.2,1406ed6fa148a7ac3ab986635f472070f4a2f6b54247950c1c8aa77c418cd6e6,XXXXXX9475,successful
1542,79,Tony Jones,103,1300.0,shirt,clothing,offline,Bangalore,2025-07-10,2,UPI,0.15,7f5abbb6fcb2c5ad19c929b32eca4f8a34ccf4ac54a9200e2afd7089bafbf93f,XXXXXX5623,successful
1543,938,Mary Rogers,102,70000.0,phone,electronics,online,Hyderabad,2025-11-12,3,Cash,0.35,714a0ff6cc07477e6c1ded39cb5f98bf7f3ca3dafdd6aedffb78d6de762c5989,XXXXXX3823,successful
1544,501,Tammy Gomez,110,45000.0,microwave,home appliances,online,Bangalore,2026-03-19,5,Cash,0.3,58113ab88f9317b8700f6fd27a1d7cb397cf94a31555421520f21b10a0f31bab,XXXXXX1201,successful
1545,133,Christy Stone,101,250000.0,laptop,electronics,offline,Chennai,2025-08-24,3,Card,0.25,a6041cdb2ec6a105872a99ab61bfbcc637f0620ec693357e0ea97341440d55b4,XXXXXX5000,successful
1546,674,Haley Alvarez,103,1300.0,shirt,clothing,online,Bangalore,2025-10-02,5,Card,0.2,93c41008d2c7d281e67d383836fc615f9686eb3dcbfcb38dcec394e7f0731028,XXXXXX8272,successful
1547,712,Laura Rogers,104,8000.0,shoes,clothing,offline,Hyderabad,2026-01-10,4,UPI,0.3,ed8ed02dbfef163e6a3d9e1ac9103490bbeeab074e58ee8094f0028dffb4e3e1,XXXXXX5295,successful
1548,967,Brittany Bush,109,65000.0,refrigerator,home appliances,online,Hyderabad,2025-07-17,4,Cash,0.05,5d929216eff9d713bf0bedf384347d6004aab30bb10d5cc10ed8b89c8a74ec97,XXXXXX4454,successful
1549,46,Mallory Boyd,109,65000.0,refrigerator,home appliances,offline,Delhi,2025-04-24,1,Card,0.2,759d457bc519089082643577b0a740c82c9cbcbf86a064f885dacfe803adf1d9,XXXXXX2449,successful
1550,337,Cameron Myers,103,1300.0,shirt,clothing,online,Chennai,2025-09-05,1,NetBanking,0.1,e7a78278a002da5b88e0cd5a46f88c6a1f75aaa37660650861a35efddce79c1a,XXXXXX1877,successful
1551,501,Tammy Gomez,103,1300.0,shirt,clothing,offline,Bangalore,2025-10-13,3,Cash,0.35,58113ab88f9317b8700f6fd27a1d7cb397cf94a31555421520f21b10a0f31bab,XXXXXX1201,successful
1552,781,Connor Farrell,101,250000.0,laptop,electronics,online,Mumbai,2026-03-19,2,Cash,0.05,dcac40670925c8a746cfecda06268015ad21d111074a4e5cc82cd08b812b389a,XXXXXX3407,successful
1553,495,John Cummings,108,15000.0,mixer grinder,home appliances,online,Hyderabad,2025-08-08,3,NetBanking,0.05,deff447adabc5e132c994d4648ccfe19ea87da1c2fb3bd0725013ed00b33f7e0,XXXXXX7125,successful
1554,964,Amy Brown,107,50000.0,dining table,furniture,online,Mumbai,2025-12-23,3,Card,0.1,e71eb59a467deb3d3fbf5b4962cb617ef4b84edf17039984b222022e21809814,XXXXXX0526,successful
1555,86,Rachel Gonzales,104,8000.0,shoes,clothing,offline,Mumbai,2025-11-10,3,NetBanking,0.25,8a92ac63b76bbf8c71fa35cfae77bfab778dfeaa5e3f52f5ab8d33c2597723bd,XXXXXX5951,successful
1556,57,Charles Henderson,109,65000.0,refrigerator,home appliances,offline,Hyderabad,2025-12-01,4,NetBanking,0.35,60a72a1285a18414175bae8d04a58df49a47ba9594dba1b1dd6c5a39d18e712b,XXXXXX5372,successful
1557,112,Bill Maldonado,104,8000.0,shoes,clothing,offline,Mumbai,2025-06-18,5,UPI,0.4,3e1ac8e2f277b83d57b0a67324636c3e37bad56f2f1f7e6ca3d9f707db9e317f,XXXXXX1130,successful
1558,302,James Robles,105,45000.0,tv,electronics,online,Bangalore,2025-06-02,2,NetBanking,0.4,0f94f348209ca715775bd93530a481de53e2d185ae4094c4b1c19edce2cb92e7,XXXXXX5908,successful
1559,571,Frederick Stevenson,103,1300.0,shirt,clothing,online,Chennai,2025-07-02,2,Card,0.25,e35c66f397d71666d1938474e0d18c6d618603727018dc5cbecdf95b8e695947,XXXXXX4716,successful
1560,17,Duane Hall,107,50000.0,dining table,furniture,online,Bangalore,2026-01-25,4,Card,0.3,ebb6c6dfe3b541831f15161769c5bf41b8bbb024f6411827b053836ce821ec5c,XXXXXX1149,successful
1562,786,Jeremiah Simmons,110,45000.0,microwave,home appliances,online,Chennai,2026-10-01,3,NetBanking,0.05,831c6126f8a1de713d8632770c2566155e5c2d0ced549b90d0758edae64c0d1c,XXXXXX5116,successful
1563,854,Dennis Dorsey,103,1300.0,shirt,clothing,offline,Hyderabad,2025-08-13,3,Cash,0.05,e42e15768da2a9b674df11f18e1069faa449917d02434623fb3c5a8342dca42e,XXXXXX2116,successful
1564,194,Leonard Taylor,103,1300.0,shirt,clothing,offline,Chennai,2026-01-07,2,NetBanking,0.4,bff73e34287596f82b1ea56379bc41652ec1d7a6fbb515ca2d0a2af0dbfdfb61,XXXXXX8398,successful
1565,250,Steven Baker,110,45000.0,microwave,home appliances,offline,Mumbai,2025-11-10,5,NetBanking,0.25,3d2e3218b62f18681a604b70ea687572f66227f7969d86ef9e9c25be22b8fcc4,XXXXXX5024,successful
1566,36,Brian Martinez,106,80000.0,sofa,furniture,offline,Chennai,2026-02-20,2,UPI,0.35,7fa20cf9d2ec989088fd176685f4695da6746f19417ca535d415dac8f0e94489,XXXXXX4804,successful
1567,747,Laura Edwards,104,8000.0,shoes,clothing,offline,Bangalore,2025-10-14,3,UPI,0.15,a10cf71c68cb5673d5b71df1663a208cae47df21b7b6585d5d357f89b62b5151,XXXXXX5369,successful
1568,563,Robert Baird,106,80000.0,sofa,furniture,offline,Hyderabad,2025-10-18,4,Card,0.05,9435bce45e3607f40832453e176751f0dbe09f4bfcc54bc8f1f673e49b7390ea,XXXXXX9200,successful
1569,158,Tiffany Mitchell,107,50000.0,dining table,furniture,offline,Delhi,2025-06-09,3,NetBanking,0.3,01067541295986fa9e8fc52c97a12fdcd59b5b8cbb83289be0bfc808fd2850ad,XXXXXX6316,successful
1570,564,Spencer Davis,101,250000.0,laptop,electronics,online,Chennai,2025-07-29,4,Card,0.15,da26f382d2ac516e504d4f9173004908f41bc2e287c1eb479582c4c0ea26879d,XXXXXX0711,successful
1571,589,Ashley Harper,102,70000.0,phone,electronics,online,Mumbai,2025-11-22,4,NetBanking,0.1,f86206af664471895857d4ec7f0410e70b4041538cdabc6683686cc2f16c27e6,XXXXXX3405,successful
1572,13,Jay Knight,104,8000.0,shoes,clothing,offline,Bangalore,2025-04-24,5,NetBanking,0.3,ec682f9bc2e2cdf21af201bfb3f4f68f93a6197337fb35147c910624ce2c1aa6,XXXXXX2670,successful
1573,758,Nichole Jones,101,250000.0,laptop,electronics,offline,Chennai,2026-04-13,2,UPI,0.05,619d4c2306021529d41a2f1dadbf7cac66747afac77fc6ec6eb547402c385dba,XXXXXX6772,successful
1574,24,Donald Blevins,107,50000.0,dining table,furniture,offline,Chennai,2025-08-20,4,Card,0.2,c3b2d1c27e2d2415574e901d7b7c5ef44a8ea7302476bdb4320327ddd0da2965,XXXXXX1556,successful
1575,908,Michelle Shaw,109,65000.0,refrigerator,home appliances,online,Hyderabad,2026-03-29,4,Card,0.1,157390344d6efad1d90ba64e742ca381f0056094e97d467920d5ff33fb8c36ae,XXXXXX3812,successful
1576,785,Michael Russell,110,45000.0,microwave,home appliances,offline,Chennai,2025-09-23,1,UPI,0.4,86dfc35fa6bb945ae609458094a094ec62ca7b3b380861190331bbfb2aaecda4,XXXXXX3407,successful
1577,339,Stacy Hernandez,104,8000.0,shoes,clothing,offline,Delhi,2025-03-11,1,NetBanking,0.15,8c58d3fc8abe788ab41ed1a5afcbf1131d66465bbfcd2904db7d624bc75a5f67,XXXXXX4384,successful
1578,98,Cindy Mueller,104,8000.0,shoes,clothing,offline,Chennai,2026-02-03,2,Cash,0.15,c5b1aff6c934f059cc6989319cfcc7c8a11035361d742db8f1553c2244f063be,XXXXXX4089,successful
1579,66,Jonathan Lewis,108,15000.0,mixer grinder,home appliances,offline,Bangalore,2025-05-30,5,Card,0.2,e6487d622073041b63d01cdf29b770710afd906cd29b0e701ae3fbf8beee0b19,XXXXXX4680,successful
1580,698,Jennifer Mendoza,104,8000.0,shoes,clothing,offline,Chennai,2026-01-23,2,Cash,0.2,8dc17e6eb23defde8dcf360dea4c33dfc41e49c970fe778d5953d267b7e136f6,XXXXXX3194,successful
1581,260,Cynthia Fields,107,50000.0,dining table,furniture,offline,Chennai,2025-10-11,3,UPI,0.15,51eb2cefbc7227dda48d50e86925510cd29584fb421e8ee38d47b3d3ad8cd8c5,XXXXXX5111,successful
1584,815,Kimberly Taylor,109,65000.0,refrigerator,home appliances,offline,Mumbai,2025-08-29,1,Card,0.05,34bd18a294811055b44f024e7a26b6dd80137540f21dbf1986938aa99283d3c9,XXXXXX4428,successful
1586,742,Wesley Davis,103,1300.0,shirt,clothing,online,Delhi,2025-10-02,4,Card,0.25,5b9633b24f3672c78120c26037eec1569a5d34806f7343c73a785979d0a3ecc0,XXXXXX9946,successful
1587,96,Traci Cole,110,45000.0,microwave,home appliances,offline,Chennai,2025-05-03,3,Card,0.2,42e8358940a75e174a359ff0517c8648c8d7dd3051f53561f63a5501aad12be1,XXXXXX3203,successful
1588,988,John Thomas,101,250000.0,laptop,electronics,offline,Delhi,2025-12-21,4,UPI,0.35,9137fdca7f564c9993f78c995a679bbe6e035b9342ff4626bc724be8c1797670,XXXXXX9139,successful
1591,230,Jose Guerrero,106,80000.0,sofa,furniture,offline,Hyderabad,2025-09-21,5,UPI,0.3,1bd662bf7c2b8a2805e52bff5d4285e77234b60beef56529c05def844f1fe349,XXXXXX5176,successful
1592,829,Jeffery Perez,105,45000.0,tv,electronics,online,Mumbai,2025-10-31,5,NetBanking,0.35,b828d3a496c2f08d58b79553d56020bd7ad49db0a8c636a5d8dcd161598106f5,XXXXXX9348,successful
1593,659,Jason Liu,101,250000.0,laptop,electronics,offline,Chennai,2026-03-18,5,UPI,0.35,534588048e9d43eee9874b80144127d8956469f5759b10f15f2ac2227c667e51,XXXXXX1592,successful
1594,806,Jacqueline Cantu,108,15000.0,mixer grinder,home appliances,online,Chennai,2025-06-18,5,Card,0.2,bad84afa5c740ef5260b7a4fc808f8620d6723099edd27ad2ce5b6ddbdce3bc2,XXXXXX4533,successful
1595,771,Matthew Greer,106,80000.0,sofa,furniture,online,Bangalore,2025-06-17,3,Cash,0.15,3f3bea6b25b9a906a43ca5bc5f949204662acf9415b364b724f7d7b7d7cceb42,XXXXXX0012,successful
1596,440,Tracy Sheppard,105,45000.0,tv,electronics,online,Hyderabad,2025-05-08,1,Card,0.05,6f59796303068fc280d79a713121e24aa075b6fe648191206affed7e6521133f,XXXXXX3396,successful
1598,570,Donald Carter,105,45000.0,tv,electronics,online,Chennai,2025-08-02,5,Card,0.25,fac4dcc8ab7348aa83d911264d07925b9f733b815ce06bb28547fedb07d981eb,XXXXXX0219,successful
1599,254,Daniel Santos,101,250000.0,laptop,electronics,online,Hyderabad,2025-07-02,1,NetBanking,0.4,e40199af9c2a5a4856696afe90caaa05585084649424190e5bbaffdd4ec52967,XXXXXX7463,successful
1600,182,Kathleen Castro,104,8000.0,shoes,clothing,offline,Hyderabad,2026-03-25,4,NetBanking,0.15,b968291086a95323d5bba7d5a446dfa484cd63bf57e8e25fc7e2bf74b5720cd9,XXXXXX9367,successful
1601,473,Daniel Tapia,101,250000.0,laptop,electronics,offline,Hyderabad,2025-11-08,3,NetBanking,0.2,184428a7316ad27a87e3cab290972bcc6e0b6f769a6aba06f81798a3a19ffe1b,XXXXXX3308,successful
1602,705,Amy Brewer,101,250000.0,laptop,electronics,offline,Hyderabad,2025-03-10,1,Card,0.4,d229abafce4b52b063aae3dd3f138d9c8dd2aba3ac5bf7978433f0005d9b5651,XXXXXX1218,successful
1603,630,Charles Thompson,105,45000.0,tv,electronics,online,Hyderabad,2026-06-04,5,Cash,0.05,49a0fb3380dcc267a2c7d5e336e67bcf78e771dd875c4fd8ab225607e94d5f7a,XXXXXX3982,successful
1605,469,Michael Garcia,101,250000.0,laptop,electronics,offline,Delhi,2025-10-13,3,NetBanking,0.2,8a0689462b7641a7b89e3f1835cc2893a7180ce5e3cf9172c527a48ba9161db4,XXXXXX9516,successful
1606,892,Logan Hayes,103,1300.0,shirt,clothing,offline,Mumbai,2025-10-02,3,Cash,0.1,ebfd080deb6edf589d2037d39d6f12602e3740633531d60b5bb631129cfdda63,XXXXXX0803,successful
1607,293,Luke Cummings,108,15000.0,mixer grinder,home appliances,offline,Hyderabad,2025-11-13,5,Card,0.1,05975e0919aa17c67ef5be8b9cae08c5c030890dc456449eae384747b31bfc30,XXXXXX4761,successful
1608,681,Heather Williams,110,45000.0,microwave,home appliances,online,Mumbai,2025-10-19,5,Cash,0.3,2f88515e63f81d6b5edec0f6f7625d6e0d1d6899927784e8aca9d6fc495aa7b8,XXXXXX9467,successful
1609,933,Zachary Khan,102,70000.0,phone,electronics,offline,Bangalore,2025-07-19,2,Card,0.3,355b3b9a9289c38591536242d2715661cca3197dcd916c580ed7ee6afb4f95dc,XXXXXX3581,successful
1610,41,Brandon Robinson,109,65000.0,refrigerator,home appliances,offline,Delhi,2025-08-06,4,NetBanking,0.4,f09ff83f4a316b03e2bab0d2b1a07e8bab659ac5d14b59ef0682af238fb216da,XXXXXX3106,successful
1611,884,Isaac Byrd,104,8000.0,shoes,clothing,online,Delhi,2025-08-27,4,NetBanking,0.4,234092e0a970a620cdb58205eae4a5e848554982408a5ad2b1010371c077e7a7,XXXXXX4208,successful
1612,844,Philip Cervantes,106,80000.0,sofa,furniture,online,Delhi,2026-04-11,5,NetBanking,0.3,71fe0e271e8ae540e2452e64b943c0897ff27b7c06dc8ec2a579f3686774751c,XXXXXX7742,successful
1613,340,Paul Smith,105,45000.0,tv,electronics,offline,Chennai,2026-03-01,4,Cash,0.25,c40a366eb2fa03194e614944798867cf5c7244365c93833356fad520f7890a5f,XXXXXX9550,successful
1614,53,John Bridges,103,1300.0,shirt,clothing,online,Hyderabad,2025-12-10,3,UPI,0.1,0d96493f4e42ecb00a0c478d165f9153611d69ba81d3610952c5ec165bc7c680,XXXXXX8917,successful
1615,121,Deborah Vang,101,250000.0,laptop,electronics,online,Delhi,2025-12-05,2,NetBanking,0.4,48c600cec01cf4c4e8c3500fdfe07308c8cd3198b9bd950ccad019d18a92159d,XXXXXX7407,successful
1616,388,Daniel Wilson,108,15000.0,mixer grinder,home appliances,online,Bangalore,2025-07-29,3,Card,0.15,50333aba4ba992eac593f77d9280e93a1739f3bf7b9a4bf8e532e34fb819c3e4,XXXXXX0453,successful
1618,897,Johnathan Fox,108,15000.0,mixer grinder,home appliances,offline,Mumbai,2026-03-01,1,NetBanking,0.3,59afb9515445604e824c6d67297dd8878d71915b30c5f7ca5884039bb6a42fc3,XXXXXX4977,successful
1619,298,Ryan Massey,106,80000.0,sofa,furniture,online,Delhi,2026-02-15,2,UPI,0.35,f2df03e7510fbf2bd2fe7fa98c6a0cefdff3fdf3bdc154ccc61b80be5b1e5709,XXXXXX7586,successful
1620,432,Charles Nelson,109,65000.0,refrigerator,home appliances,offline,Mumbai,2025-04-05,3,UPI,0.05,e55ed831ce8b88594eb595fd9e9bd007e6474a3a0ab7014d7af1429b51efe250,XXXXXX1774,successful
1622,686,Brandon Jenkins,103,1300.0,shirt,clothing,offline,Bangalore,2025-08-22,2,Cash,0.3,77826910c26685336370a4a435bbb19b539e229bdbfd84ff052e62ae78a6c0e5,XXXXXX2657,successful
1623,582,Kristin Bradley,105,45000.0,tv,electronics,online,Hyderabad,2025-04-23,3,NetBanking,0.3,1fe510f253241b87edb5c029c6ee40ab35d705d0e17022f21f3b8fc35e979925,XXXXXX1944,successful
1624,980,Alexis Andrews,101,250000.0,laptop,electronics,offline,Delhi,2025-04-24,2,Cash,0.35,ee79682e79ab757b458c0e1301e157db99d1fd134c1be6eac5f2c32a0b0b24e6,XXXXXX3841,successful
1625,759,Lisa Butler,101,250000.0,laptop,electronics,online,Hyderabad,2025-05-24,4,Cash,0.3,9201d5c939311afca04d954e2960448f25afc2f5eaf99a11fc11a91916ad7f6f,XXXXXX0071,successful
1626,320,Stephen Tyler,108,15000.0,mixer grinder,home appliances,online,Hyderabad,2025-06-18,1,NetBanking,0.4,04f13add35a131df814b4d0712e98873643f629b15b873d987235c02b1d37d8d,XXXXXX6167,successful
1627,771,Matthew Greer,106,80000.0,sofa,furniture,online,Bangalore,2026-01-30,5,NetBanking,0.4,3f3bea6b25b9a906a43ca5bc5f949204662acf9415b364b724f7d7b7d7cceb42,XXXXXX0012,successful
1629,431,Tracie Kim,102,70000.0,phone,electronics,online,Bangalore,2025-10-31,1,UPI,0.25,ea820d3d630b7ac55cb8412a53d6328bb258a9604b0288bd7f1feb4de4c0026c,XXXXXX5130,successful
1630,209,Aaron Mclaughlin,103,1300.0,shirt,clothing,online,Chennai,2025-09-14,4,Card,0.05,563415b8c779a8ab6f511307eb1040ec033a462044114d62e8b259bd9c49c2dc,XXXXXX5147,successful
1631,36,Brian Martinez,106,80000.0,sofa,furniture,offline,Chennai,2025-07-20,4,Card,0.15,7fa20cf9d2ec989088fd176685f4695da6746f19417ca535d415dac8f0e94489,XXXXXX4804,successful
1632,106,James Pham,107,50000.0,dining table,furniture,offline,Chennai,2025-09-03,2,UPI,0.4,46e343f78b051a8a59490a12eff7cfec9222df1e53fadd10a6ce4aa6d8f158ff,XXXXXX0047,successful
1633,93,Judith Sanchez,105,45000.0,tv,electronics,offline,Mumbai,2026-01-25,2,UPI,0.3,67c1f660398c79a3e7e5929280b8745bb599b40a98d6d54f7419e5c4fbeb5d0a,XXXXXX7676,successful
1634,799,Stephanie Dunn,104,8000.0,shoes,clothing,offline,Delhi,2026-03-07,5,UPI,0.25,08194ee6d135d934e7d0321240c43f7fd76a2cb0f9dbcb3c7e8f9c7daf748b66,XXXXXX0744,successful
1635,544,Charles Weaver,102,70000.0,phone,electronics,online,Mumbai,2025-06-09,4,UPI,0.4,57e98d7b61f48b3aabd081480a86a73ecf29c9d5a6eab0e7756ff59d2938cf99,XXXXXX1294,successful
1636,181,Maria Robinson,110,45000.0,microwave,home appliances,online,Delhi,2025-06-04,3,UPI,0.35,35422c1d429d29fd2762fbd57ed7705b3be3f22ec4f67a573b7f5bb5321a12fa,XXXXXX2717,successful
1637,260,Cynthia Fields,101,250000.0,laptop,electronics,offline,Chennai,2025-06-26,4,UPI,0.25,51eb2cefbc7227dda48d50e86925510cd29584fb421e8ee38d47b3d3ad8cd8c5,XXXXXX5111,successful
1638,937,Nicole Woods,107,50000.0,dining table,furniture,online,Mumbai,2026-03-31,1,Card,0.15,222801174f3e68d9dba2b85c643ab89edc17c4c64dbeababa062c61b3966b69a,XXXXXX9075,successful
1639,231,Jason Smith,101,250000.0,laptop,electronics,online,Hyderabad,2026-02-15,2,NetBanking,0.1,2901ac840f3357b1dbfbe360083af0c9f8722785cdd9a0d3849252d212a900e2,XXXXXX1499,successful
1640,201,Lisa Tran,110,45000.0,microwave,home appliances,offline,Bangalore,2025-07-12,2,Cash,0.25,f257e121c851892f80ec7127b2a623847e29120ebce26fc50f0b3352123e245d,XXXXXX2874,successful
1641,130,Bailey Smith,108,15000.0,mixer grinder,home appliances,offline,Hyderabad,2025-11-03,1,Card,0.2,a1127b790235a08d62de8cdb9142a1ce9ab8388b05f95145b9ac48a2c7b0ea0d,XXXXXX1953,successful
1642,307,Evelyn Bridges,106,80000.0,sofa,furniture,offline,Chennai,2026-03-06,3,NetBanking,0.4,59e9b8b9bca986388f75ce21309fefec20febee5fbc1c44b9f0d9bc12c29ac6b,XXXXXX7428,successful
1643,773,Gerald Cox,110,45000.0,microwave,home appliances,online,Mumbai,2026-04-15,4,NetBanking,0.4,d057e4b3988e205476ba3ed1e8571142443e8a44fe59f3f9647b7c7d17f97b67,XXXXXX4312,successful
1644,341,Cory Alvarado,105,45000.0,tv,electronics,online,Mumbai,2026-02-14,1,Cash,0.25,6dba4c70a461d0ad3d43d0dc9817cd3f2aea2d647c3d8f80d67633470185b8c4,XXXXXX9155,successful
1646,739,Brian Fuller,110,45000.0,microwave,home appliances,offline,Delhi,2026-01-02,3,Card,0.25,e83fd4650688c1ec7e39ba7779ae3dc710723187f90c1fcf81d806dd9694b41b,XXXXXX7238,successful
1647,701,Dylan Stanley,108,15000.0,mixer grinder,home appliances,offline,Mumbai,2026-03-19,4,NetBanking,0.35,974f7f67495c81357ec6b5b9421599edf04b9dba6cec20b26ef38adcf9d5ad0e,XXXXXX1562,successful
1648,767,John Farmer,110,45000.0,microwave,home appliances,online,Mumbai,2025-11-20,3,UPI,0.3,9fc50fc1f8ad5cfaa98c68e89237ec12ee8d5fa6c20a2ae9e72d9e2cb3e7797e,XXXXXX7080,successful
1649,886,Ashley Gamble,106,80000.0,sofa,furniture,online,Bangalore,2026-02-27,1,UPI,0.15,90027d531b8207d03addea3f900c3413cc99111e0319e4104a5156cd7d6954e3,XXXXXX3316,successful
1650,478,Crystal Mejia,107,50000.0,dining table,furniture,offline,Mumbai,2026-02-19,4,Card,0.15,9e78e9a427724dd07dc6cc7f8d9a962a11fc0b0ea87f3df4ed5bc9ac6ec3e7b5,XXXXXX1187,successful
1651,528,Kerri Rodriguez,102,70000.0,phone,electronics,online,Chennai,2025-08-24,3,Card,0.35,8c51fb1e34f92f845932b5204e80a397331a4d8abc4058dd2e132f4d5da91a7b,XXXXXX0493,successful
1652,779,Daniel Nielsen,107,50000.0,dining table,furniture,offline,Chennai,2025-06-22,5,Card,0.1,92c620bb63713c675871750c02e6141c88ccbdf8135cebd25187a316b04e0588,XXXXXX1407,successful
1654,449,Erin Summers,102,70000.0,phone,electronics,online,Delhi,2025-07-09,4,UPI,0.4,b3749b9a23d734fa8c2eb1ba644ad5855fedaa8fe7d3a9e9c91453122bd37f1d,XXXXXX3005,successful
1655,43,Jennifer Frye,109,65000.0,refrigerator,home appliances,offline,Chennai,2025-07-30,3,NetBanking,0.4,e712367a942c63899d1287ba7b6607922155942ffadeff271b388f53589fb4dc,XXXXXX1395,successful
1657,815,Kimberly Taylor,102,70000.0,phone,electronics,online,Mumbai,2025-09-16,2,Card,0.25,34bd18a294811055b44f024e7a26b6dd80137540f21dbf1986938aa99283d3c9,XXXXXX4428,successful
1658,716,John Mitchell,101,250000.0,laptop,electronics,offline,Delhi,2025-09-30,4,NetBanking,0.25,880d78c16a40d2e4092b47e462d89a9a1955963772b61469a85229ad67ae6017,XXXXXX2427,successful
1659,955,Jake Davis,101,250000.0,laptop,electronics,online,Bangalore,2025-12-08,5,Cash,0.4,cce6db743386c129488f01681fc13bb12468cc0b1b31e77303c3cfe5af7907f9,XXXXXX8620,successful
1660,181,Maria Robinson,106,80000.0,sofa,furniture,online,Delhi,2026-02-16,3,NetBanking,0.1,35422c1d429d29fd2762fbd57ed7705b3be3f22ec4f67a573b7f5bb5321a12fa,XXXXXX2717,successful
1661,278,Daniel Stevens,108,15000.0,mixer grinder,home appliances,offline,Delhi,2025-12-26,3,UPI,0.25,31b3446b2b1a311a59d8e4226768dd4f00c2e5a2267c1c1db8cb7502f5171993,XXXXXX5034,successful
1663,855,Linda Shelton,104,8000.0,shoes,clothing,offline,Delhi,2025-09-21,1,Cash,0.2,299a45857058a14549d91b84631faed85110226d5ff44f2cbe54c629873460b6,XXXXXX5453,successful
1664,977,Gloria Navarro,104,8000.0,shoes,clothing,offline,Chennai,2025-11-01,2,Card,0.1,57a55b9550f75bc8de4f58e05098c93805b9c3afdcad32b88448f39709bf1949,XXXXXX0862,successful
1665,383,Debra Parker,103,1300.0,shirt,clothing,offline,Mumbai,2025-07-10,2,Card,0.35,96f5c4629c7c9c73dad651ebf2908a0e5217adaab21089fa38657d9df639d6c5,XXXXXX5109,successful
1666,407,Erika Maxwell,108,15000.0,mixer grinder,home appliances,offline,Mumbai,2025-06-06,5,NetBanking,0.05,31d34861a9fa3caac43e3ea33ddddc6beb39e42b2e125bfe79c5fdda6a877e31,XXXXXX1379,successful
1667,87,Peter Silva,103,1300.0,shirt,clothing,online,Chennai,2025-12-13,2,Card,0.2,d6bd37045cec12b53415caf216722a21736d30f981f9c6624823e14676236179,XXXXXX0954,successful
1668,871,Joel Hall,107,50000.0,dining table,furniture,online,Chennai,2025-04-21,2,Card,0.35,c74aa91d88e60dafe563e6acbf2855ceed401f828d0da3c4e03ac2d2ae03bdd2,XXXXXX5629,successful
1670,307,Evelyn Bridges,103,1300.0,shirt,clothing,offline,Chennai,2025-10-14,1,Cash,0.25,59e9b8b9bca986388f75ce21309fefec20febee5fbc1c44b9f0d9bc12c29ac6b,XXXXXX7428,successful
1671,42,Michael Swanson,105,45000.0,tv,electronics,offline,Hyderabad,2026-04-16,3,NetBanking,0.1,2615f974566f2ecc01a92b6411128e01a981c9c884e0f7408bdac3eace0809b1,XXXXXX2466,successful
1672,308,Lori Bowen,103,1300.0,shirt,clothing,offline,Mumbai,2026-03-11,2,UPI,0.3,e41be8fbfc8810d53864121e15d9a4162e39b96f0f3bc23d3b3d88a56c3971f7,XXXXXX7114,successful
1673,625,Elizabeth Duran,110,45000.0,microwave,home appliances,offline,Mumbai,2025-11-27,2,Cash,0.05,8cd6307521b4bf744816a966a63820824893f6481970aa8aa2027cd30676f18c,XXXXXX6997,successful
1674,876,David Whitaker,104,8000.0,shoes,clothing,online,Chennai,2025-10-28,3,NetBanking,0.35,97827d13cabb86c610eb3faf66cecaa99b270c0815de8221fec2d17321d229d9,XXXXXX3557,successful
1675,537,Ernest Meyers,107,50000.0,dining table,furniture,online,Delhi,2026-11-03,2,Card,0.4,18fe93fa2346775ac0ce55d2f5db973831cf7d53c23b88c17316de9b1b763a3b,XXXXXX9488,successful
1676,407,Erika Maxwell,105,45000.0,tv,electronics,online,Mumbai,2025-12-23,5,Cash,0.15,31d34861a9fa3caac43e3ea33ddddc6beb39e42b2e125bfe79c5fdda6a877e31,XXXXXX1379,successful
1677,881,Sarah Guerrero,104,8000.0,shoes,clothing,online,Bangalore,2026-04-05,4,Card,0.2,24ebfd46331edd85d7f408a907f7a6b0f75b1204bb7ca18fa01cb69fe9629578,XXXXXX8911,successful
1679,173,Joshua Smith,108,15000.0,mixer grinder,home appliances,offline,Delhi,2025-09-09,5,UPI,0.1,88c0402c27cfb1655c96894e7e1aa1a01d29b665c03df8d29c591f8cf7e547ed,XXXXXX7378,successful
1681,876,David Whitaker,108,15000.0,mixer grinder,home appliances,online,Chennai,2026-02-10,4,Cash,0.15,97827d13cabb86c610eb3faf66cecaa99b270c0815de8221fec2d17321d229d9,XXXXXX3557,successful
1683,668,Gregory Campbell,104,8000.0,shoes,clothing,offline,Chennai,2025-06-15,5,NetBanking,0.35,b4c007851125ed8280b9bc741b60d9edf7a048c7eac1689b2d47f17a87ae06e4,XXXXXX1969,successful
1684,109,Michael Walker,109,65000.0,refrigerator,home appliances,offline,Mumbai,2025-12-20,2,Cash,0.3,dd5e3426d5dfb69ef583ec656d7c4e4702b4cfa9a529efb7014828ec45ea3e07,XXXXXX7171,successful
1685,49,Dominique Jones,106,80000.0,sofa,furniture,online,Delhi,2025-07-20,4,Card,0.15,b5462b81639e1bb3e329541d92a77db20ffe878fb3d7125e067a7025eceb13bd,XXXXXX2605,successful
1686,385,Austin Love,107,50000.0,dining table,furniture,offline,Hyderabad,2025-12-24,4,NetBanking,0.3,1554c349a547a8d7445d0698d1df9cd29f1da1b41c1ef432247debefefdbad7c,XXXXXX7684,successful
1687,150,Donald Bradley,108,15000.0,mixer grinder,home appliances,online,Mumbai,2026-07-02,4,Cash,0.35,b074363965b7c108071097f2f56509c52f7c62645b15bfe660391a7ab8d8692f,XXXXXX9420,successful
1688,622,Hannah Bell,102,70000.0,phone,electronics,online,Chennai,2025-07-23,2,UPI,0.2,f9a7b53c5a0c8bffbb60f208d576478ea8350650f24caa62f5eebede496e680c,XXXXXX1523,successful
1689,370,Jessica Moreno,103,1300.0,shirt,clothing,offline,Delhi,2025-05-07,3,UPI,0.2,b19be758d0d504ebce9ae0e691e1c946b007610309a16d2321fa9c62d432fe62,XXXXXX3938,successful
1690,891,Natalie Hammond,101,250000.0,laptop,electronics,offline,Hyderabad,2026-01-06,4,Card,0.1,3404fbca64310f8758c0a0bcb1cdec8603a09badf0a7402fb8ec17f2e6a8a92d,XXXXXX4743,successful
1691,296,Katherine Frazier,108,15000.0,mixer grinder,home appliances,online,Bangalore,2025-07-29,5,NetBanking,0.35,7ff52c0b45d5ab21b781cdf26e43bd734245dab1947ce6b762f53e1967704107,XXXXXX6097,successful
1692,823,Brandon Bennett,106,80000.0,sofa,furniture,offline,Bangalore,2025-10-17,4,NetBanking,0.05,3ae61f4f6d9d4a5855a88bc64ab14fd0836d85eab0c84a989e8fa700325a206b,XXXXXX8117,successful
1693,845,Sara Smith,109,65000.0,refrigerator,home appliances,online,Chennai,2025-06-07,2,UPI,0.15,b7b1e934efd61e751e05f496ca45a16459c27296e3ba828c0cbee46f0c3534eb,XXXXXX0226,successful
1694,939,Megan Tran,106,80000.0,sofa,furniture,offline,Hyderabad,2025-10-23,2,Card,0.3,3a41fcf9e0a4af7c7c6d6430212e7e287de0012479c6d73b5c5474b99e3923bb,XXXXXX9384,successful
1695,343,Allen Mcdowell,103,1300.0,shirt,clothing,online,Bangalore,2025-09-05,5,NetBanking,0.4,c01d0229e45d0660d58eb5a3cd00d9faca9bed5a21dfb9ddd036156ff904a3d9,XXXXXX1170,successful
1697,784,Deborah Richardson,106,80000.0,sofa,furniture,offline,Mumbai,2026-03-30,2,NetBanking,0.1,50eac159e442ebe6dd217cfe98528cba817ae55dd6e604c66f1a42fc60d777c0,XXXXXX6883,successful
1698,87,Peter Silva,104,8000.0,shoes,clothing,online,Chennai,2025-04-22,4,NetBanking,0.4,d6bd37045cec12b53415caf216722a21736d30f981f9c6624823e14676236179,XXXXXX0954,successful
1699,419,William Taylor,110,45000.0,microwave,home appliances,offline,Bangalore,2025-05-08,2,UPI,0.3,c13f78cae738f825d7b64d4c5254bec5ceac166e17e875a1f9791604de315b23,XXXXXX7668,successful
1700,392,Jeffery Wallace,103,1300.0,shirt,clothing,offline,Hyderabad,2025-05-08,4,NetBanking,0.15,07e82438d16697e630469dfee5584fdd8209d3f32ce5de30fe1ce0973bb5a19e,XXXXXX6777,successful
1701,773,Gerald Cox,105,45000.0,tv,electronics,online,Mumbai,2025-12-31,2,Cash,0.35,d057e4b3988e205476ba3ed1e8571142443e8a44fe59f3f9647b7c7d17f97b67,XXXXXX4312,successful
1702,269,Christina Conrad,107,50000.0,dining table,furniture,online,Chennai,2025-06-15,3,UPI,0.35,130d6d59042b3de0f3e0af8a3f0ebb31b0c6d66191f46b7c7bd3f3dfb018db31,XXXXXX1847,successful
1703,305,Zachary Cabrera,109,65000.0,refrigerator,home appliances,online,Delhi,2025-08-28,3,UPI,0.15,daa13b369137878266ad9a441873086bc1f99730ddbe4d135c9421d4d6c4612f,XXXXXX3696,successful
1704,594,Matthew Miranda,110,45000.0,microwave,home appliances,online,Mumbai,2025-08-13,2,Card,0.05,9023350a92c878df699b279f9e425302a53c61319405ffd27f76804a422ba3f0,XXXXXX8083,successful
1705,165,Rebecca Hays,103,1300.0,shirt,clothing,offline,Hyderabad,2026-02-21,4,UPI,0.4,adcad24a737e5808b499cea626a157c72f243eeb572e930e3999398d54f7ecad,XXXXXX1179,successful
1706,946,Lisa Cochran,103,1300.0,shirt,clothing,offline,Delhi,2025-12-22,1,UPI,0.1,de0b75129679b50c6e972d740b5d620d1096d3feed03f8ab772ec191ca6ea6e4,XXXXXX0319,successful
1707,572,Holly Russell,106,80000.0,sofa,furniture,offline,Hyderabad,2025-07-16,2,Cash,0.4,92117a1a1e1853e5b9db6a40dd367e81dc5903f7dacb1a5fbcb6325abe6d7dfb,XXXXXX0837,successful
1708,338,Lisa Garrison,108,15000.0,mixer grinder,home appliances,offline,Delhi,2026-03-03,3,Cash,0.3,2ec47ae623f838a8a542c2baae2c33ebbaafbc742f4ce3d71941fd11ce6f022d,XXXXXX9437,successful
1709,356,Larry Mercado,103,1300.0,shirt,clothing,offline,Hyderabad,2025-09-22,3,UPI,0.4,549c551b3c15d66afc3cd7045cdc8af036aea80f6bd91ee7baf88109bded2b72,XXXXXX0420,successful
1710,433,Gary Graham,101,250000.0,laptop,electronics,online,Bangalore,2025-08-10,3,Cash,0.2,3712213b63defcb9bc5f4c300ff5c933058efb7a17e060e3c09714c9dbcc4125,XXXXXX9955,successful
1711,362,David Wells,109,65000.0,refrigerator,home appliances,online,Bangalore,2026-03-13,3,Card,0.4,5a56165ec47a3c6bb4e409fc869a51affcfddc2bdfb75458f155ed429a1ea645,XXXXXX9722,successful
1712,371,Janice Morris,109,65000.0,refrigerator,home appliances,online,Mumbai,2025-08-05,2,NetBanking,0.2,91119655e9426f8e38e2628aeb67cdc3134e55dbbd0632d78dd41cce88b8dc89,XXXXXX4660,successful
1713,619,Angelica Wood,102,70000.0,phone,electronics,offline,Mumbai,2026-03-16,2,Card,0.35,17119693190a05341f7466672de970dfcdca90e50898cb9ac1901711b9d96e98,XXXXXX4769,successful
1714,217,Eric Cross,103,1300.0,shirt,clothing,online,Bangalore,2026-04-10,1,Cash,0.3,5237d61b91bebbe1f34517fc22ea22dd4877b94708bdd71116c36964401ee111,XXXXXX4796,successful
1715,364,Kelly Graves,102,70000.0,phone,electronics,offline,Bangalore,2025-08-11,5,Cash,0.25,72120a480226289750b248cb09ce58347c57737b11e4d484dcff5d9fc422026c,XXXXXX0043,successful
1717,231,Jason Smith,106,80000.0,sofa,furniture,online,Hyderabad,2025-08-29,4,Cash,0.2,2901ac840f3357b1dbfbe360083af0c9f8722785cdd9a0d3849252d212a900e2,XXXXXX1499,successful
1718,968,Keith Davis,101,250000.0,laptop,electronics,offline,Hyderabad,2026-07-01,2,UPI,0.3,7200b56e33ad623e51c35b5b9703e693c583e789d0cf8352ade3392e81b3a460,XXXXXX4512,successful
1719,708,David Gibson,104,8000.0,shoes,clothing,offline,Mumbai,2025-04-28,5,NetBanking,0.1,f835d5f8a254f2b42279a57163b70c86a671a09ed21f801be1cee12a02746ea8,XXXXXX9116,successful
1720,447,Zachary Johnson,104,8000.0,shoes,clothing,offline,Bangalore,2025-07-17,4,UPI,0.15,d866e5a7dd132ca18216503ea6405afe75ffe0b0cf328009dbb50cf0dba4982a,XXXXXX0036,successful
1721,516,Brittany Roberts,108,15000.0,mixer grinder,home appliances,offline,Hyderabad,2025-05-22,1,Cash,0.3,76b48549391dbcc08ff0b44e642bdc5e2aff8531044ba139d91b609d81dce037,XXXXXX7057,successful
1722,105,Melanie Valencia,104,8000.0,shoes,clothing,offline,Chennai,2025-09-11,4,Card,0.15,a482cd95b59d524b31b1316695dc2fa7c8772b3bd678e1245030db123aeb2196,XXXXXX0473,successful
1723,771,Matthew Greer,110,45000.0,microwave,home appliances,online,Bangalore,2025-04-29,5,Card,0.35,3f3bea6b25b9a906a43ca5bc5f949204662acf9415b364b724f7d7b7d7cceb42,XXXXXX0012,successful
1724,95,John Jacobs,105,45000.0,tv,electronics,offline,Bangalore,2025-08-10,2,Cash,0.1,4da2ee955b2ce29944421695331f7c50cb8a80de53d5435695382380a8b17adc,XXXXXX7560,successful
1725,531,Frances Hines,108,15000.0,mixer grinder,home appliances,offline,Bangalore,2025-08-24,3,NetBanking,0.35,c44ac84cad4a9cce7617118f47b2f45e6f477ec5d56ed8fc75564166bdaad097,XXXXXX3278,successful
1726,382,Billy Ramirez,110,45000.0,microwave,home appliances,offline,Mumbai,2025-12-17,2,Cash,0.35,17dac5693954bfe4c1a96dcf261ecf3606b4aa7b9c5196ba9736b33a862b1ef4,XXXXXX3185,successful
1728,224,Benjamin Reyes,103,1300.0,shirt,clothing,online,Mumbai,2025-04-16,5,NetBanking,0.25,404f46f1d76952844cd37fb1e46e7a162c0f08ecc041d46964497d0f49b89054,XXXXXX1609,successful
1729,445,Steven Byrd,103,1300.0,shirt,clothing,offline,Chennai,2025-10-16,1,UPI,0.25,cb5994c495e8ab55f26d19df3fa20b79ed6f557b50fdee721f3556658823c264,XXXXXX6124,successful
1730,866,Jasmine Guerrero,108,15000.0,mixer grinder,home appliances,offline,Hyderabad,2025-04-21,3,UPI,0.4,e2a007ad2bf1a477b8de22c74b0c4809ecf28aea91b9955496bf90c07e5b3bf6,XXXXXX9366,successful
1731,112,Bill Maldonado,103,1300.0,shirt,clothing,offline,Mumbai,2025-11-18,1,Cash,0.4,3e1ac8e2f277b83d57b0a67324636c3e37bad56f2f1f7e6ca3d9f707db9e317f,XXXXXX1130,successful
1732,619,Angelica Wood,110,45000.0,microwave,home appliances,offline,Mumbai,2026-02-09,5,Card,0.05,17119693190a05341f7466672de970dfcdca90e50898cb9ac1901711b9d96e98,XXXXXX4769,successful
1734,202,Amanda Reed,110,45000.0,microwave,home appliances,online,Delhi,2026-02-09,5,Cash,0.05,31a58b7cecbfb6d45a52ad268be567e2c40845ee8b9ff3db2d29dcbaf1758947,XXXXXX7299,successful
1735,151,Jennifer Sims,110,45000.0,microwave,home appliances,offline,Delhi,2025-11-10,3,Cash,0.05,1726d10374e3c1cd6c1b03fa698205ac881829c298c6275ef115a66d9eac6ea5,XXXXXX3778,successful
1736,2,Steven Evans,105,45000.0,tv,electronics,online,Delhi,2025-09-27,4,Card,0.15,a6c45101e45fecc6ce25041fc13a69d13c16e5ec020f7349067bd0d00783c948,XXXXXX2287,successful
1737,735,Elizabeth Kemp,108,15000.0,mixer grinder,home appliances,online,Bangalore,2026-11-01,2,Cash,0.25,5477286d77cee4d02f0f9599428a627ffed898555933e2eb8b11dd5915099a84,XXXXXX1868,successful
1738,754,Joshua Chandler,107,50000.0,dining table,furniture,online,Mumbai,2026-01-28,4,UPI,0.2,9569e296989c97c1c11350f1f23189d13c4d6be6683b154b461f204ffdca87f2,XXXXXX7470,successful
1739,618,Alan Torres,104,8000.0,shoes,clothing,offline,Chennai,2026-04-09,4,Card,0.35,3c4a253fedb370c969f1d7bb815eb1bd3e05ca768a5381eae01ce92957eca220,XXXXXX3305,successful
1740,959,Andrea Bailey,101,250000.0,laptop,electronics,offline,Chennai,2025-12-06,4,NetBanking,0.25,c7e8d3c3c44c371f7fdf29ce7a58516b506b37a3b20b8f83ff0971548a37bb37,XXXXXX0607,successful
1741,989,Jason Huerta,110,45000.0,microwave,home appliances,offline,Chennai,2025-09-16,3,Card,0.35,ca01b3776da49595034b90d569bf37f772e29ed76801bd2b47f4bc97ad5cb6b4,XXXXXX4162,successful
1742,240,Traci Farmer,106,80000.0,sofa,furniture,offline,Bangalore,2025-10-08,3,NetBanking,0.35,4b3448fdf01b1e264b5254030babf8b4ac1042d8873b8d59df19eafba171dc54,XXXXXX1925,successful
1743,628,Kelly Turner,101,250000.0,laptop,electronics,online,Chennai,2025-10-05,5,UPI,0.3,32f4726443565b0472771369535d0c6f62fdda854cfe7639e618d88f91c7e951,XXXXXX5626,successful
1744,636,Christopher Clark,101,250000.0,laptop,electronics,online,Mumbai,2026-01-23,5,Cash,0.2,91f0ebaad8498b70d1b5d1c590e0ffd0d7db3950f796c0185e429911f51af33f,XXXXXX2866,successful
1745,438,Lindsay Bartlett,101,250000.0,laptop,electronics,offline,Mumbai,2025-11-14,4,UPI,0.3,c41d30bfe4975036710fbc8ff65cda93b88e22b5c37192dbb47e478a51c472bc,XXXXXX1410,successful
1746,333,Gloria Hill,102,70000.0,phone,electronics,online,Chennai,2025-10-22,3,UPI,0.4,f3e3204f8bb95d42284d6263420dfa7c22848a4a9dd1506377b0c529a1252ea9,XXXXXX1552,successful
1747,237,Jamie Casey,105,45000.0,tv,electronics,online,Mumbai,2025-09-13,1,UPI,0.15,6de0aa5d870a6192bff5a57fb71945abbf6ec1af4ee37571c17c51188567f8f0,XXXXXX9410,successful
1748,229,Randy Wilkins,105,45000.0,tv,electronics,online,Hyderabad,2025-11-09,4,Cash,0.4,6710a0de2017476618706d50bb6f75c06718ec08013c68d97cd6d1d8a7d717ad,XXXXXX2127,successful
1749,469,Michael Garcia,103,1300.0,shirt,clothing,online,Delhi,2025-07-03,2,UPI,0.05,8a0689462b7641a7b89e3f1835cc2893a7180ce5e3cf9172c527a48ba9161db4,XXXXXX9516,successful
1751,648,Samantha Barrett,104,8000.0,shoes,clothing,online,Hyderabad,2025-12-21,5,NetBanking,0.2,dbff466156891f82e9ee83d2c6eece521ce72b59196f3134da6f5398e8bdcadf,XXXXXX8096,successful
1752,164,Shawn Stewart,102,70000.0,phone,electronics,online,Chennai,2025-09-24,1,Cash,0.3,b49023f0bee370414cd5d009ad3aa042b02b1105fb6bc41e829785165754764b,XXXXXX4854,successful
1755,933,Zachary Khan,106,80000.0,sofa,furniture,offline,Bangalore,2025-03-12,5,Card,0.15,355b3b9a9289c38591536242d2715661cca3197dcd916c580ed7ee6afb4f95dc,XXXXXX3581,successful
1756,711,Jennifer Carlson,105,45000.0,tv,electronics,offline,Hyderabad,2025-10-06,2,NetBanking,0.4,ce700b754c865085494f15f92a68ac4186e2dfa1775a99d105ebf6835474e60c,XXXXXX8568,successful
1758,562,Breanna Fletcher,102,70000.0,phone,electronics,online,Chennai,2026-03-04,5,Card,0.35,79d4965d7f563998e966c435b5da7313b1c80d4afc718773f640ed6bc1e6e463,XXXXXX6207,successful
1759,861,Tim Brock,101,250000.0,laptop,electronics,online,Bangalore,2026-10-04,3,Card,0.35,ad972f3e86af2111d6d9c8a54628697e91c72887b5b1d2fec9822819b61e4970,XXXXXX1491,successful
1760,675,Marissa Wilson,106,80000.0,sofa,furniture,online,Bangalore,2025-05-20,5,NetBanking,0.25,a332f420e8c60b417ceaae5a2acc96097f6e3b0f54bad7a7bbe8f421b7b5674a,XXXXXX3456,successful
1762,839,Erik Watson,102,70000.0,phone,electronics,offline,Chennai,2025-10-28,3,Cash,0.25,7d6f57e3316b6947436e044f515e34d87c6647a738093f5f0d60f08cf8b1cb79,XXXXXX2146,successful
1763,410,Briana Greene,107,50000.0,dining table,furniture,offline,Mumbai,2025-06-01,4,Cash,0.3,bb4b8ca5ffa0123972e440a50c640a7356349da18dd39dbe19fe9c368c237b59,XXXXXX5615,successful
1764,921,Jessica Taylor,105,45000.0,tv,electronics,online,Mumbai,2025-06-05,1,NetBanking,0.3,e6a5ab5eb42b5e54e1dff5eaf79a46b497ef81f9dc64bb1781e71d30b77fed85,XXXXXX0882,successful
1765,951,Richard Miller,108,15000.0,mixer grinder,home appliances,online,Mumbai,2025-09-03,2,UPI,0.15,fd4e3836a31a99f33b387ba6f5ce09ea2c2539bd382c2b1c34dfb408b0b21dc1,XXXXXX6379,successful
1766,675,Marissa Wilson,103,1300.0,shirt,clothing,online,Bangalore,2025-09-18,3,Cash,0.3,a332f420e8c60b417ceaae5a2acc96097f6e3b0f54bad7a7bbe8f421b7b5674a,XXXXXX3456,successful
1767,560,Anthony Lawrence,108,15000.0,mixer grinder,home appliances,online,Hyderabad,2025-06-21,1,NetBanking,0.3,ab06975a3ca9f219c529cd26a6c4eed9001bd4b69e079c1ce58eef6523296acc,XXXXXX7287,successful
1768,152,Levi Leon,105,45000.0,tv,electronics,online,Chennai,2025-10-18,2,UPI,0.15,cdab3302014cb3c5666e6efbb0160b3a50709c64b25a78ce0279fe97f62e57ad,XXXXXX3306,successful
1769,409,Elizabeth Watson,105,45000.0,tv,electronics,online,Bangalore,2025-04-17,3,UPI,0.15,1c1c4f8a987877603b2546504a87f3d0a3167ce6c09bab3419ca3ed2ffda889d,XXXXXX5929,successful
1770,536,Nicole Steele,106,80000.0,sofa,furniture,offline,Delhi,2025-11-26,3,UPI,0.1,414d173a9e256a2407f3ad368c326790d1ebad6c26beeafe76ce964066ca63c4,XXXXXX3854,successful
1771,747,Laura Edwards,108,15000.0,mixer grinder,home appliances,offline,Bangalore,2025-08-26,2,UPI,0.4,a10cf71c68cb5673d5b71df1663a208cae47df21b7b6585d5d357f89b62b5151,XXXXXX5369,successful
1772,320,Stephen Tyler,110,45000.0,microwave,home appliances,online,Hyderabad,2026-01-08,5,UPI,0.3,04f13add35a131df814b4d0712e98873643f629b15b873d987235c02b1d37d8d,XXXXXX6167,successful
1773,14,Joseph Jones,105,45000.0,tv,electronics,online,Hyderabad,2025-12-26,1,Card,0.2,5ac3130d2ec27e90d13d00173b383a6800867521b93a878c24541564c20cea5e,XXXXXX5282,successful
1774,171,Michael Church,109,65000.0,refrigerator,home appliances,offline,Hyderabad,2026-02-01,2,Card,0.4,12702c468d94b6b8ed0d5e9582f63916fa9941a31cba203fd00861019c6bbb87,XXXXXX4681,successful
1775,176,Robin Scott,104,8000.0,shoes,clothing,online,Chennai,2026-02-04,4,NetBanking,0.4,7319c418f39e26bf651c2c8211d8e9b17776aa14f8f9a3dd323256c9a7560182,XXXXXX0905,successful
1776,965,Donald Poole,109,65000.0,refrigerator,home appliances,online,Mumbai,2025-12-14,4,Cash,0.3,adc7e31babd42852a89754072c811e885a901e4d43edbcf038e28eba4aee6673,XXXXXX4135,successful
1777,565,Craig Moore,110,45000.0,microwave,home appliances,offline,Mumbai,2025-11-27,3,Card,0.2,85a16ee2e4ec76cb62f30db773fb4475fe2da9225f62f4864f8b98c133cf599e,XXXXXX2911,successful
1779,37,Joshua Nunez,106,80000.0,sofa,furniture,offline,Mumbai,2026-02-21,1,NetBanking,0.4,72837615be7d1b08611790f3f3ff8f99b0a3cde6c646c7e7fc540a8e81120c3f,XXXXXX8785,successful
1780,220,Maria Walker,104,8000.0,shoes,clothing,offline,Bangalore,2025-06-17,2,Card,0.1,c76ab918524edd26ba90c27092cb6025cd4ad445a8034e1a744a3c8e2c6bcb70,XXXXXX5210,successful
1781,282,Tasha Roberson,106,80000.0,sofa,furniture,online,Hyderabad,2025-08-11,3,Card,0.4,d3faba4026a16ab0bdda26007a6e5d93a09678f0d7669d9887c3d1ff65adb9e6,XXXXXX3095,successful
1782,352,Daniel Gonzales,104,8000.0,shoes,clothing,online,Delhi,2025-11-29,1,NetBanking,0.05,565b2ecbf33023b756e0cb500df213bb51bfb91f43fd51e31eb014f07bdf1751,XXXXXX2541,successful
1783,526,Paul Fields,101,250000.0,laptop,electronics,online,Chennai,2025-11-21,1,Cash,0.3,482566124ec59dcdd7c75a845be056a9b79b10e69fb3d2196e4974234f9ea0ef,XXXXXX1606,successful
1784,82,Brittney Watkins,110,45000.0,microwave,home appliances,offline,Hyderabad,2025-11-18,1,UPI,0.3,25c2b11e42c20dc3af0ef8c70bffed808715ac1cafd4c5d5fe0ad2614278ad7f,XXXXXX3667,successful
1785,241,James Gonzales,103,1300.0,shirt,clothing,offline,Chennai,2026-02-24,3,NetBanking,0.35,866988245ad72c7145dc4839143d10d0237dabbc66509feb649f2b30c922be18,XXXXXX9128,successful
1786,997,Destiny Fields,101,250000.0,laptop,electronics,online,Mumbai,2026-01-25,1,NetBanking,0.1,99062228ff6941eefc0bec403854f3b6dd86ef84c643ebb7000f9c044209e1fd,XXXXXX2916,successful
1787,338,Lisa Garrison,110,45000.0,microwave,home appliances,online,Delhi,2025-12-07,1,UPI,0.35,2ec47ae623f838a8a542c2baae2c33ebbaafbc742f4ce3d71941fd11ce6f022d,XXXXXX9437,successful
1788,474,Jennifer Garner,105,45000.0,tv,electronics,online,Bangalore,2025-05-10,1,UPI,0.3,c580281042ccc0746238b0e0d18ea65229627c2adb1c1fa133fc75e53b70faa6,XXXXXX1172,successful
1789,798,Amber Murphy,107,50000.0,dining table,furniture,offline,Hyderabad,2025-04-28,1,NetBanking,0.2,05a5b0575faa38d0083c52d65db172c373dcbeb1905f9972fc2165cadc42529b,XXXXXX9807,successful
1790,16,Cesar Dean,104,8000.0,shoes,clothing,online,Bangalore,2025-04-22,5,NetBanking,0.35,e9921811fdd4ce066b7c5824562a61c9e947e7166c6717929e2e8529a5b486c8,XXXXXX5103,successful
1791,779,Daniel Nielsen,101,250000.0,laptop,electronics,offline,Chennai,2026-02-18,3,Cash,0.3,92c620bb63713c675871750c02e6141c88ccbdf8135cebd25187a316b04e0588,XXXXXX1407,successful
1792,855,Linda Shelton,106,80000.0,sofa,furniture,online,Delhi,2025-04-24,2,Card,0.2,299a45857058a14549d91b84631faed85110226d5ff44f2cbe54c629873460b6,XXXXXX5453,successful
1793,783,Breanna Gill,104,8000.0,shoes,clothing,online,Hyderabad,2026-02-26,5,Cash,0.25,c6ce3f46f70c357fddfb5bd0c6c8eb5ee38cdd53cd6ff278060846725a9d9fed,XXXXXX3064,successful
1795,773,Gerald Cox,106,80000.0,sofa,furniture,online,Mumbai,2025-04-21,1,Cash,0.2,d057e4b3988e205476ba3ed1e8571142443e8a44fe59f3f9647b7c7d17f97b67,XXXXXX4312,successful
1796,903,Susan Nicholson,105,45000.0,tv,electronics,online,Mumbai,2025-12-12,1,Cash,0.15,253e3ce080f23c5d4bb5413d4d25bc17a81f37448785631b016a3c8f3b4d5638,XXXXXX3859,successful
1797,644,John Parrish,110,45000.0,microwave,home appliances,offline,Delhi,2026-01-21,1,UPI,0.15,0b27904ae50a57d9b6087cfd2d78eb549a077e1474fb5346ad52d16294be70e4,XXXXXX7481,successful
1798,908,Michelle Shaw,102,70000.0,phone,electronics,offline,Hyderabad,2025-07-11,1,Card,0.2,157390344d6efad1d90ba64e742ca381f0056094e97d467920d5ff33fb8c36ae,XXXXXX3812,successful
1799,767,John Farmer,106,80000.0,sofa,furniture,online,Mumbai,2026-01-21,2,Card,0.35,9fc50fc1f8ad5cfaa98c68e89237ec12ee8d5fa6c20a2ae9e72d9e2cb3e7797e,XXXXXX7080,successful
1800,33,John Sullivan,110,45000.0,microwave,home appliances,online,Hyderabad,2026-02-15,4,Card,0.25,f8b595062c0e854de043faeda8999e8c12f003c688b74165f0ebd8822e659f93,XXXXXX9763,successful
1801,430,Elizabeth Stephens,108,15000.0,mixer grinder,home appliances,offline,Delhi,2026-03-20,5,Cash,0.1,151ed22dbf2f84da4b13c959f9c37b305583fa9d3e14b48afce5dfc8fb3fa4c7,XXXXXX8257,successful
1802,749,Linda Lara,104,8000.0,shoes,clothing,offline,Mumbai,2025-05-19,3,Card,0.35,cb4afee4597a3d0dda92f69441f05067c40c08f1f1921e5aba8e8f3f3ca25e1c,XXXXXX4201,successful
1803,17,Duane Hall,104,8000.0,shoes,clothing,online,Bangalore,2026-03-18,4,Cash,0.2,ebb6c6dfe3b541831f15161769c5bf41b8bbb024f6411827b053836ce821ec5c,XXXXXX1149,successful
1804,474,Jennifer Garner,107,50000.0,dining table,furniture,online,Bangalore,2025-11-07,3,NetBanking,0.3,c580281042ccc0746238b0e0d18ea65229627c2adb1c1fa133fc75e53b70faa6,XXXXXX1172,successful
1805,325,Theresa Villarreal,108,15000.0,mixer grinder,home appliances,offline,Bangalore,2026-02-19,4,UPI,0.25,dfc0fbd2a0f798da6ebe3d7c0ae5b6958316581af9e5735b53dddc4e722767e1,XXXXXX2924,successful
1806,104,Amanda Castillo,106,80000.0,sofa,furniture,offline,Hyderabad,2025-11-22,5,NetBanking,0.4,5e6f5536a427d3fbd6ea71f1c859a2295451d6abc5d077109d81857dea0e543a,XXXXXX9548,successful
1807,169,Angela Dixon,110,45000.0,microwave,home appliances,offline,Mumbai,2025-07-26,1,UPI,0.4,070401fdfcbc473b369637cbe954a7388e61a7d5508f05bb325cbf5c2dc5dade,XXXXXX7904,successful
1808,930,Jason Hubbard,110,45000.0,microwave,home appliances,online,Chennai,2026-04-08,4,UPI,0.1,09e9b260dc2f30dedf0b45d60c5a6c7ce771a0c15dbee63decc7766311217951,XXXXXX5628,successful
1809,848,Eric Phillips,109,65000.0,refrigerator,home appliances,online,Hyderabad,2025-07-16,3,NetBanking,0.25,90a8f7c105e4cf63877e59aa0ed9cd10bdcb09009eac15625e749d9707ce53f8,XXXXXX6213,successful
1810,618,Alan Torres,104,8000.0,shoes,clothing,online,Chennai,2026-02-22,3,Cash,0.05,3c4a253fedb370c969f1d7bb815eb1bd3e05ca768a5381eae01ce92957eca220,XXXXXX3305,successful
1811,888,Jade Garza,107,50000.0,dining table,furniture,online,Hyderabad,2026-03-26,4,UPI,0.2,629873393d19cb75131bb72584af1e59868a0cbf812a72d967b858d49358424b,XXXXXX5623,successful
1812,102,Jennifer Rodriguez,110,45000.0,microwave,home appliances,offline,Mumbai,2025-11-06,2,Cash,0.05,469ceb3782b94a37a16f500286d034454f326383e7215dcda5f987e7bae60816,XXXXXX4588,successful
1813,50,Stacey Henderson,106,80000.0,sofa,furniture,offline,Mumbai,2025-06-18,2,NetBanking,0.2,12a13a49dea01990cf597c22fabd0d4051b0f9e7cb783b454f3af15341d50957,XXXXXX2385,successful
1814,343,Allen Mcdowell,104,8000.0,shoes,clothing,offline,Bangalore,2025-06-22,1,Cash,0.05,c01d0229e45d0660d58eb5a3cd00d9faca9bed5a21dfb9ddd036156ff904a3d9,XXXXXX1170,successful
1815,850,Zachary Abbott,108,15000.0,mixer grinder,home appliances,offline,Chennai,2025-10-11,2,UPI,0.25,46434c01725663470694c4b05f370fa4f859d67446b4e53e259828fd4c98e679,XXXXXX4917,successful
1816,119,Dana Castro,110,45000.0,microwave,home appliances,online,Delhi,2025-08-03,4,Cash,0.3,f3d6a29279135dc25a3dacec37f5cb26b749fa5af90e2e1eabadea38ada6568a,XXXXXX1072,successful
1817,253,Emily Rodriguez,104,8000.0,shoes,clothing,online,Delhi,2026-01-26,2,UPI,0.15,960f348e93082ba4e3a4ac55ece83f35eabaaf75168a2179c6f9fc82a0294e37,XXXXXX6545,successful
1819,672,Austin Perez,110,45000.0,microwave,home appliances,offline,Delhi,2025-11-19,2,Cash,0.4,b439538e82950d728515c34222fee5ad741082238512d612412a1abe1792d30f,XXXXXX4218,successful
1820,262,Michael Elliott,108,15000.0,mixer grinder,home appliances,offline,Mumbai,2025-12-21,1,UPI,0.05,8c45f048648a50c15739fc948181dc6a76c4ef88158f89e13f0c256b67a6f87d,XXXXXX1322,successful
1821,50,Stacey Henderson,105,45000.0,tv,electronics,online,Mumbai,2025-06-22,5,NetBanking,0.15,12a13a49dea01990cf597c22fabd0d4051b0f9e7cb783b454f3af15341d50957,XXXXXX2385,successful
1822,847,Eric Mejia,102,70000.0,phone,electronics,offline,Delhi,2025-12-02,1,NetBanking,0.3,ac97b4c4e4e390c7f963fb5afbe0cb21f9ee5ae07d737bf18f6b401914821365,XXXXXX1886,successful
1823,770,Paul Jarvis,106,80000.0,sofa,furniture,offline,Mumbai,2025-07-29,4,Card,0.4,7df344cbac88fd26e17c87c8d420947be9ceb7f613ab28a7b3bdfb8781e2a39d,XXXXXX6027,successful
1824,415,Jackson Kaiser,108,15000.0,mixer grinder,home appliances,online,Delhi,2025-08-07,2,Cash,0.4,3c4e6bc549b0a58e29be009196e03d6dc1724a95e1226d34a88630998ad7b8d4,XXXXXX4305,successful
1825,443,Judy Patton,102,70000.0,phone,electronics,online,Chennai,2026-03-06,3,Card,0.3,80efdb5f4296ec718e67293f86b65ac294228724deae17701516a628746dd717,XXXXXX5429,successful
1826,300,Tiffany Miller,106,80000.0,sofa,furniture,online,Hyderabad,2025-09-21,4,Cash,0.15,4d4504d6c1723e073aa177e46c984f6ea2087c5667f16ff02db9320d9adbf78c,XXXXXX0297,successful
1827,830,Joel Charles,109,65000.0,refrigerator,home appliances,offline,Hyderabad,2026-03-26,4,UPI,0.25,e17c56a6a38b56e866527a72df29bf6ae42c31c09a0a4e3ebdc402cde3e18eb2,XXXXXX2354,successful
1828,627,Nicole Allen,107,50000.0,dining table,furniture,offline,Bangalore,2026-04-04,1,UPI,0.15,5db16276041dde40e47a571f104d6f7807e44f0c870468c534a0de65a09f4f84,XXXXXX1056,successful
1829,745,Jennifer Weeks,106,80000.0,sofa,furniture,online,Hyderabad,2025-08-30,2,Cash,0.25,badc3e46ccdf90c2e5cb1170bdad31cfb226bc70313755e2a2a7323fc3458672,XXXXXX2095,successful
1830,309,Gary Allen,101,250000.0,laptop,electronics,offline,Delhi,2025-05-05,5,Cash,0.25,ac8e0a6c20658035bae53c70f471b2b45dfcae36b797ce4c4d2ba7b73e0802cd,XXXXXX3177,successful
1832,352,Daniel Gonzales,102,70000.0,phone,electronics,online,Delhi,2025-07-03,2,Cash,0.05,565b2ecbf33023b756e0cb500df213bb51bfb91f43fd51e31eb014f07bdf1751,XXXXXX2541,successful
1833,809,Kayla Hart,110,45000.0,microwave,home appliances,online,Bangalore,2025-08-06,5,UPI,0.35,4170d81c97aff3761a97548659581ce429fc6194caca589196305b6f0e7e7267,XXXXXX6458,successful
1834,999,Elizabeth Brooks,107,50000.0,dining table,furniture,online,Hyderabad,2025-08-05,2,Cash,0.3,b772aa1b57925c0a554eac858a177c72cdd8258d572c178657d8f2e0cd281a43,XXXXXX7706,successful
1835,935,Samantha Brewer,107,50000.0,dining table,furniture,offline,Mumbai,2025-10-10,3,Cash,0.15,51fdae50bdf464fdc7a15a5bd5da64b719d1fc3f2ded0fc1bd433f9b79ee860b,XXXXXX9224,successful
1836,208,Matthew Berry,106,80000.0,sofa,furniture,online,Hyderabad,2026-08-04,3,UPI,0.05,1550a4a4ab3b8cfd37226773007703236bd8b1202cf5404128837db31ea46945,XXXXXX8727,successful
1837,362,David Wells,106,80000.0,sofa,furniture,offline,Bangalore,2026-01-23,5,NetBanking,0.2,5a56165ec47a3c6bb4e409fc869a51affcfddc2bdfb75458f155ed429a1ea645,XXXXXX9722,successful
1838,762,Linda Webb,102,70000.0,phone,electronics,offline,Mumbai,2026-01-24,2,Card,0.15,ffc4093c94e294b2ec845ac8af2bb45c149e457809c573b438ce219d72c60295,XXXXXX1908,successful
1839,671,Sarah Frederick,104,8000.0,shoes,clothing,offline,Chennai,2026-01-16,4,Cash,0.4,d7ff5ebc2d22d2c12fdf656b54fcdcb0fa4a1bdecc17cc548fda5a03b44f97d1,XXXXXX5538,successful
1840,129,Thomas Wells,101,250000.0,laptop,electronics,offline,Bangalore,2026-03-30,3,Cash,0.35,bd4b3f0342aa8697bfb94dfdba6e13793a707467baebc15e753a57b7f877be23,XXXXXX7186,successful
1841,651,Ashley Odonnell,110,45000.0,microwave,home appliances,offline,Hyderabad,2026-02-25,5,Card,0.15,d9d0df4288ed0e29e2e7e34a17b468ddc3a2b04c63ea4c3650fc12a8abff034f,XXXXXX0338,successful
1843,308,Lori Bowen,104,8000.0,shoes,clothing,offline,Mumbai,2026-04-03,3,Cash,0.25,e41be8fbfc8810d53864121e15d9a4162e39b96f0f3bc23d3b3d88a56c3971f7,XXXXXX7114,successful
1844,752,Mark Hill,110,45000.0,microwave,home appliances,offline,Chennai,2025-10-03,5,Cash,0.05,e519cb99cbcf7c08ed61ee5610a82a1f8ccfe19c276041c2b882d0c84e2a3597,XXXXXX5046,successful
1845,557,Joseph Cowan,102,70000.0,phone,electronics,online,Hyderabad,2025-07-11,2,Card,0.25,aa00ffd546bf483d71da026f1e214834f4bd1541f59eb2a36c5b8ccf908dd9e4,XXXXXX9909,successful
1846,987,Daniel Harper,101,250000.0,laptop,electronics,offline,Delhi,2025-01-08,3,NetBanking,0.4,6e54d96bc2dd7786b39b68c1fe203128158ff583fc7f48158d74a342cb4c76aa,XXXXXX1659,successful
1847,127,Carlos Hickman,105,45000.0,tv,electronics,online,Bangalore,2025-02-12,2,UPI,0.3,6e1f51c238a72676b2e7e455c3a63942b60e417bd57bbc47c55b68f8975a64ce,XXXXXX3186,successful
1848,977,Gloria Navarro,110,45000.0,microwave,home appliances,offline,Chennai,2025-07-17,2,Card,0.4,57a55b9550f75bc8de4f58e05098c93805b9c3afdcad32b88448f39709bf1949,XXXXXX0862,successful
1849,720,Ariel Salinas,103,1300.0,shirt,clothing,online,Bangalore,2025-09-06,3,NetBanking,0.15,635c469b00ae74ef5f3c6014495d51b7e3e3a218e202eddede2ee752b60f2fcc,XXXXXX7407,successful
1850,167,Madison Gentry,110,45000.0,microwave,home appliances,offline,Delhi,2025-12-14,3,UPI,0.35,e05d7af087971ecaebb9fb22e1f24e92062c0c9962dbe46e15fd049d2306d3f9,XXXXXX4928,successful
1851,20,John Marshall,107,50000.0,dining table,furniture,offline,Chennai,2025-07-30,1,UPI,0.1,fcb48cf55cd822f31638d53f56afe73065a371c0f7fd8ee07c442a6cf7e4954a,XXXXXX1116,successful
1852,510,Gregory Montgomery,109,65000.0,refrigerator,home appliances,online,Bangalore,2025-11-30,2,NetBanking,0.35,9f5b4565079b078e230fe760a628e227483c34a8bcad4a3482fca2c0faf5107e,XXXXXX7234,successful
1853,185,Sarah Cohen,103,1300.0,shirt,clothing,offline,Mumbai,2025-11-29,4,UPI,0.25,333c07cb15baa993691251d3221c465a9cee192e36c5c946146df7ef23c02a20,XXXXXX4728,successful
1854,853,James Guerrero,105,45000.0,tv,electronics,online,Mumbai,2026-03-11,1,NetBanking,0.15,12d362225a57b02c41b04690acb8d6bf03df1ffa2f202a9820efa1dfd5cd8575,XXXXXX4649,successful
1855,561,Allison Lee,103,1300.0,shirt,clothing,online,Mumbai,2025-09-24,5,Cash,0.1,c4305ed04ccf1353cefcdcc3e3b4508516e85898279fca1ecfc8997dc6888381,XXXXXX4275,successful
1856,258,Larry Taylor,103,1300.0,shirt,clothing,offline,Chennai,2026-03-26,3,NetBanking,0.3,02d9817a2e3d817e654ce74ff71c58ab931bbd59b02a8b8aa567c9751b72dcf7,XXXXXX7795,successful
1857,481,Valerie Phillips,108,15000.0,mixer grinder,home appliances,offline,Chennai,2025-08-14,5,Card,0.25,924f9c219200eca55869d895a975b2e187e682ba279e90dc9b55ef22310e6019,XXXXXX6027,successful
1858,264,Kelli Johnson,109,65000.0,refrigerator,home appliances,offline,Bangalore,2025-12-13,3,UPI,0.25,3aaa6ae0a7b9a1c8b63158b1c3de5f2ac397ffd9e5820b12ded699bba5bc097b,XXXXXX6731,successful
1859,274,Joseph Parker,110,45000.0,microwave,home appliances,online,Bangalore,2025-08-24,5,NetBanking,0.15,48aa520cac435014d8e490321859cf36e2659250a6589143269569102e2a6812,XXXXXX9206,successful
1860,719,Michelle Bates,110,45000.0,microwave,home appliances,online,Chennai,2025-08-06,2,NetBanking,0.2,c36ea3050de8a479e41289995616e682f0ef4124aef963c089029f0ccbd30ff4,XXXXXX4312,successful
1861,617,Patrick Rodriguez,102,70000.0,phone,electronics,offline,Delhi,2026-03-23,1,Cash,0.3,6a437244ee2777b7f798ce5f0438e0e356b41270d734f1a9d7aeaf4f3b26b8db,XXXXXX6634,successful
1862,359,Ryan Williams,109,65000.0,refrigerator,home appliances,online,Delhi,2025-06-14,1,Cash,0.35,06204311b1bc37521e80b495f291436159c5253c4ca8ed1610b0d9c0788f8134,XXXXXX5599,successful
1863,110,Dale Hughes,108,15000.0,mixer grinder,home appliances,online,Delhi,2025-06-02,5,Cash,0.15,09005638699c42929058ec5b96ea894abe44864905a5051bfb8662465d465b17,XXXXXX4973,successful
1864,750,Kristi Blackwell,105,45000.0,tv,electronics,online,Hyderabad,2025-11-29,4,NetBanking,0.05,c6025288e5e7d7882ac5d39ef6437e85e7dc0bfca0679ed961821ef5359e5613,XXXXXX3501,successful
1866,301,Alexandra Nguyen,108,15000.0,mixer grinder,home appliances,online,Delhi,2025-11-01,1,NetBanking,0.15,723fd3dd13fe8fb910e1d9c1f038e2882824b82970576b970d2da2a7ab65ba74,XXXXXX9566,successful
1867,703,David Austin,106,80000.0,sofa,furniture,offline,Delhi,2026-08-04,1,Cash,0.1,e5befa563a82ae7a203a143c796254b1fd1872b302cf26028d907fb3339b68df,XXXXXX2395,successful
1868,40,Kristina Harrell,104,8000.0,shoes,clothing,offline,Hyderabad,2026-02-01,4,Cash,0.35,b01cddc057bd4c511d704c040852faca4bd59d85b563747942b1857f99ccfa76,XXXXXX6674,successful
1869,540,Amy Cruz,110,45000.0,microwave,home appliances,online,Delhi,2025-10-12,1,Cash,0.4,cd64f386e4ce8e95c5e0c059bbe14f4421db7c0a9e1d3bca17cf6cf34a1ac680,XXXXXX6867,successful
1870,212,Russell Day,101,250000.0,laptop,electronics,offline,Bangalore,2026-01-16,3,Cash,0.3,128b7feac4946081df391459e9c341958980aaae01e4a9ec23e6486ce4a70c23,XXXXXX3203,successful
1871,563,Robert Baird,103,1300.0,shirt,clothing,offline,Hyderabad,2025-05-30,3,UPI,0.1,9435bce45e3607f40832453e176751f0dbe09f4bfcc54bc8f1f673e49b7390ea,XXXXXX9200,successful
1872,473,Daniel Tapia,103,1300.0,shirt,clothing,online,Hyderabad,2026-03-04,4,Cash,0.05,184428a7316ad27a87e3cab290972bcc6e0b6f769a6aba06f81798a3a19ffe1b,XXXXXX3308,successful
1873,254,Daniel Santos,109,65000.0,refrigerator,home appliances,offline,Hyderabad,2025-06-13,3,NetBanking,0.25,e40199af9c2a5a4856696afe90caaa05585084649424190e5bbaffdd4ec52967,XXXXXX7463,successful
1874,887,Robert Brown,104,8000.0,shoes,clothing,offline,Bangalore,2025-04-20,5,NetBanking,0.1,f2269745addadbbe7c0eb2c8211627f9c6773723cc5dad1451a8672fb5f00a7d,XXXXXX3326,successful
1875,417,Kristina Lewis,108,15000.0,mixer grinder,home appliances,offline,Delhi,2026-03-25,5,Card,0.3,fd426419a08291b763b84cfa4ce559b748c78ff75928b492ce9cbaa669ad10f3,XXXXXX9732,successful
1876,976,Paula Rogers,101,250000.0,laptop,electronics,offline,Chennai,2025-10-08,5,UPI,0.4,e829391271382528f66bd5466d41092ac4c3087dc195c2f5c63a9c1208d7f996,XXXXXX1725,successful
1877,135,Daniel Wallace,109,65000.0,refrigerator,home appliances,offline,Bangalore,2025-05-01,3,Cash,0.25,fd2c5408f08effc1df28bd48983da63517cbd20c4d01621870ea6478ca5737b1,XXXXXX3314,successful
1878,808,Brandon Hicks,103,1300.0,shirt,clothing,online,Mumbai,2025-08-15,4,Cash,0.4,5a09166e01725779b05a0c424ad677ba8998f8af2bf91d2949d646f60c9f112e,XXXXXX0549,successful
1879,69,Pamela Williamson,109,65000.0,refrigerator,home appliances,offline,Chennai,2025-08-21,2,NetBanking,0.4,292232bc7ee0fa0ac4ec5727d32b59fad369ca2a401d4db2eb6c7b60c29abdd9,XXXXXX6233,successful
1880,735,Elizabeth Kemp,105,45000.0,tv,electronics,online,Bangalore,2025-08-10,1,Card,0.1,5477286d77cee4d02f0f9599428a627ffed898555933e2eb8b11dd5915099a84,XXXXXX1868,successful
1881,979,Amy Cherry,101,250000.0,laptop,electronics,online,Hyderabad,2025-05-06,3,Cash,0.15,489f0fe955e22514c7365de21b66eabd4b893918eea1d9ea3890fbc240dd29ea,XXXXXX8168,successful
1882,538,Haley Henderson,103,1300.0,shirt,clothing,online,Bangalore,2025-12-13,4,UPI,0.3,6e32dab411d44f761105368545dded7e8c4e3ef77c8c9e95db2a842fbbc8250a,XXXXXX6076,successful
1883,434,Robert Sosa,101,250000.0,laptop,electronics,offline,Bangalore,2026-01-27,2,NetBanking,0.3,b054e80e6fc9410eb751330d1a64925c862c94f2e58c0375c7d003d21b7cf20f,XXXXXX2630,successful
1884,361,Daniel Williams,102,70000.0,phone,electronics,online,Delhi,2025-07-24,4,Cash,0.2,06ed1c24223928007b489e3359c1304c89d2ddf57eafab17375bf8ad0d7911b8,XXXXXX7366,successful
1885,87,Peter Silva,106,80000.0,sofa,furniture,online,Chennai,2025-07-29,2,Card,0.3,d6bd37045cec12b53415caf216722a21736d30f981f9c6624823e14676236179,XXXXXX0954,successful
1887,473,Daniel Tapia,109,65000.0,refrigerator,home appliances,online,Hyderabad,2025-06-12,2,NetBanking,0.3,184428a7316ad27a87e3cab290972bcc6e0b6f769a6aba06f81798a3a19ffe1b,XXXXXX3308,successful
1888,901,Robert Mccoy,103,1300.0,shirt,clothing,online,Mumbai,2026-03-31,4,UPI,0.05,2ae0aad33c250376d24a455ec238a10a7b29890e8ec355fa5950f77f0ec51808,XXXXXX9632,successful
1889,191,Megan Nguyen,101,250000.0,laptop,electronics,offline,Bangalore,2026-01-01,4,NetBanking,0.35,5782d17758095f696a4c8bd6dc66f2d3a9fa89962e12ec8a08a50613776f4f6b,XXXXXX9888,successful
1890,38,Laura Shelton,108,15000.0,mixer grinder,home appliances,online,Bangalore,2025-09-27,3,Card,0.3,f0127c09f5e3264ee1dde43f3570716b6ac8a951113c0dfb72314decf1cf0fe6,XXXXXX7405,successful
1891,884,Isaac Byrd,110,45000.0,microwave,home appliances,offline,Delhi,2025-05-05,5,UPI,0.3,234092e0a970a620cdb58205eae4a5e848554982408a5ad2b1010371c077e7a7,XXXXXX4208,successful
1892,637,Kevin King,102,70000.0,phone,electronics,offline,Bangalore,2026-02-16,1,Card,0.3,ac31a7e7c3c2abae18e68715840308acd9f94155b6791e6212e9dcf4ab6f59c8,XXXXXX5430,successful
1894,639,James Blankenship,108,15000.0,mixer grinder,home appliances,offline,Bangalore,2025-06-20,1,Cash,0.15,87519decd6da64c00a35917bd25fe41f0ffff9dedf330ca0253c010acdaf478a,XXXXXX9394,successful
1896,394,Jeffrey Johnson,104,8000.0,shoes,clothing,offline,Mumbai,2025-03-10,4,Cash,0.3,5ac931c3f19a95924b537b3b94468f6e61b2ddda9176a14cbe1f98b3e87479c8,XXXXXX5341,successful
1897,998,Joseph Perez,107,50000.0,dining table,furniture,offline,Delhi,2025-05-19,3,Card,0.25,bf6f6e0fa1a4880486cb516d660d22070dab87e48b3389e04401f8343320b71f,XXXXXX3136,successful
1898,213,Nancy Lee,103,1300.0,shirt,clothing,online,Hyderabad,2025-11-14,3,UPI,0.2,839a63fef735376c205b347b958be55da99de95e793775baf84361fbeeba01c6,XXXXXX7242,successful
1899,104,Amanda Castillo,106,80000.0,sofa,furniture,offline,Hyderabad,2025-02-12,3,UPI,0.1,5e6f5536a427d3fbd6ea71f1c859a2295451d6abc5d077109d81857dea0e543a,XXXXXX9548,successful
1900,182,Kathleen Castro,102,70000.0,phone,electronics,offline,Hyderabad,2025-05-17,5,Card,0.1,b968291086a95323d5bba7d5a446dfa484cd63bf57e8e25fc7e2bf74b5720cd9,XXXXXX9367,successful
1901,984,Janet Long,110,45000.0,microwave,home appliances,offline,Bangalore,2026-02-09,3,Card,0.2,07cef015b740fea3058efb3edfb55aacc940fc0b06ef810c377f88692fa408c3,XXXXXX6095,successful
1902,642,Troy Mitchell,101,250000.0,laptop,electronics,online,Bangalore,2025-07-26,1,NetBanking,0.25,40a175d94b67c5b138751e12e16c6ea52cdbc0ab22559fe806ac2eeca13b7f76,XXXXXX6968,successful
1903,970,William Freeman,108,15000.0,mixer grinder,home appliances,offline,Delhi,2025-10-07,1,UPI,0.15,490b3fea5968ec825c8eed2a8dabd41c93589dfba62775299915b91434be18a7,XXXXXX9842,successful
1904,67,Jamie Harvey,102,70000.0,phone,electronics,offline,Chennai,2026-02-02,1,Cash,0.15,9c26b6aadb8feda99cd9788bc382326776141dad08065ab739b8cf8896cfb68d,XXXXXX5928,successful
1905,382,Billy Ramirez,103,1300.0,shirt,clothing,online,Mumbai,2025-04-09,5,UPI,0.3,17dac5693954bfe4c1a96dcf261ecf3606b4aa7b9c5196ba9736b33a862b1ef4,XXXXXX3185,successful
1906,940,Nicole Briggs,107,50000.0,dining table,furniture,online,Chennai,2025-10-23,5,UPI,0.1,49dae1c6c61cb68add3476765f3caeea6052af0a2550af2cce7d2d18779e572e,XXXXXX0293,successful
1907,936,Brian Larson,110,45000.0,microwave,home appliances,online,Hyderabad,2025-01-10,1,Card,0.25,d8ead218737a0541a6c7b79d172d2a62288a0cb1208b8919b0a04046a94473b4,XXXXXX8514,successful
1908,556,Roger Guerrero,109,65000.0,refrigerator,home appliances,offline,Mumbai,2025-12-24,5,UPI,0.1,73d26a4985b59a560c2575ee0a51d0b5da69892dcb84ebe33d4a2d6e9b4e5d97,XXXXXX5988,successful
1909,742,Wesley Davis,101,250000.0,laptop,electronics,offline,Delhi,2026-04-04,1,NetBanking,0.2,5b9633b24f3672c78120c26037eec1569a5d34806f7343c73a785979d0a3ecc0,XXXXXX9946,successful
1910,814,Donna Bennett,106,80000.0,sofa,furniture,offline,Hyderabad,2025-07-19,2,UPI,0.2,3d396594237e25e4176d615a14fa7772270234550886cafa3e1e0fed31aa5b24,XXXXXX2067,successful
1911,431,Tracie Kim,102,70000.0,phone,electronics,offline,Bangalore,2025-04-23,2,Cash,0.15,ea820d3d630b7ac55cb8412a53d6328bb258a9604b0288bd7f1feb4de4c0026c,XXXXXX5130,successful
1912,933,Zachary Khan,106,80000.0,sofa,furniture,offline,Bangalore,2026-08-03,4,Cash,0.1,355b3b9a9289c38591536242d2715661cca3197dcd916c580ed7ee6afb4f95dc,XXXXXX3581,successful
1913,681,Heather Williams,110,45000.0,microwave,home appliances,online,Mumbai,2025-05-07,2,Cash,0.25,2f88515e63f81d6b5edec0f6f7625d6e0d1d6899927784e8aca9d6fc495aa7b8,XXXXXX9467,successful
1914,379,Andres Stokes,107,50000.0,dining table,furniture,offline,Mumbai,2025-04-25,5,Cash,0.3,59712e06dd3e791240c47f488e2c650aa5ddc83e591941a2ffb887bcf2b88c93,XXXXXX0361,successful
1915,62,Sarah Park,108,15000.0,mixer grinder,home appliances,online,Delhi,2025-10-16,1,Card,0.05,04d572a92cd8dd6dd750847bab4e96342f1b7b62d7ac9c9f7b6af8dfb89bcf71,XXXXXX5051,successful
1916,53,John Bridges,109,65000.0,refrigerator,home appliances,online,Hyderabad,2025-04-16,5,UPI,0.05,0d96493f4e42ecb00a0c478d165f9153611d69ba81d3610952c5ec165bc7c680,XXXXXX8917,successful
1917,745,Jennifer Weeks,110,45000.0,microwave,home appliances,offline,Hyderabad,2026-01-18,5,UPI,0.35,badc3e46ccdf90c2e5cb1170bdad31cfb226bc70313755e2a2a7323fc3458672,XXXXXX2095,successful
1918,565,Craig Moore,101,250000.0,laptop,electronics,online,Mumbai,2025-12-02,2,Card,0.15,85a16ee2e4ec76cb62f30db773fb4475fe2da9225f62f4864f8b98c133cf599e,XXXXXX2911,successful
1919,888,Jade Garza,106,80000.0,sofa,furniture,offline,Hyderabad,2025-05-29,1,NetBanking,0.35,629873393d19cb75131bb72584af1e59868a0cbf812a72d967b858d49358424b,XXXXXX5623,successful
1920,842,Amy Quinn,109,65000.0,refrigerator,home appliances,offline,Hyderabad,2025-07-15,5,Card,0.05,a0c244c987b4329350e532d44529291317a263b841ac0e9a1f8c34ddfdf1f417,XXXXXX3795,successful
1921,728,Lisa Miller,109,65000.0,refrigerator,home appliances,offline,Chennai,2026-04-12,1,UPI,0.05,4fdac8377bcedb28f81b68f0a705c723fa8db723aaf81bae28160a1f37eaea1a,XXXXXX3795,successful
1922,943,Sharon Smith,101,250000.0,laptop,electronics,online,Chennai,2025-08-09,1,UPI,0.25,a7a141a3ace1bc66c3375fefcf4748294f47e3791628478a6da15274402a87d0,XXXXXX1161,successful
1923,72,Michael Wood,106,80000.0,sofa,furniture,offline,Chennai,2026-02-24,5,UPI,0.4,b94c1522b70d47f00abc49ac947eed1c74f16aa53fce19ac34c0b7731b741fe0,XXXXXX0077,successful
1924,497,Walter Peterson,106,80000.0,sofa,furniture,offline,Mumbai,2025-01-09,4,NetBanking,0.1,8725215d4cb78a97d75b6a654ae22f37a5ba4f7442a8502207ea196c75aebb83,XXXXXX1460,successful
1925,298,Ryan Massey,108,15000.0,mixer grinder,home appliances,online,Delhi,2025-12-14,5,Card,0.15,f2df03e7510fbf2bd2fe7fa98c6a0cefdff3fdf3bdc154ccc61b80be5b1e5709,XXXXXX7586,successful
1926,305,Zachary Cabrera,106,80000.0,sofa,furniture,offline,Delhi,2025-05-11,3,NetBanking,0.15,daa13b369137878266ad9a441873086bc1f99730ddbe4d135c9421d4d6c4612f,XXXXXX3696,successful
1928,202,Amanda Reed,106,80000.0,sofa,furniture,offline,Delhi,2025-05-12,5,NetBanking,0.05,31a58b7cecbfb6d45a52ad268be567e2c40845ee8b9ff3db2d29dcbaf1758947,XXXXXX7299,successful
1929,197,Gabriel Mills,106,80000.0,sofa,furniture,online,Mumbai,2025-11-09,1,UPI,0.2,219bfe91e98f2f52f90479d138b034d7e64f50258f7433a988ec488f20aaf71d,XXXXXX4137,successful
1930,120,Michael Horton,103,1300.0,shirt,clothing,online,Delhi,2026-02-27,5,Card,0.25,4d0e32cf6434c300144fe6456f835f684e5c176c7e5f6854f6b6ee6555fecd4a,XXXXXX5729,successful
1931,553,Veronica Davis,108,15000.0,mixer grinder,home appliances,offline,Mumbai,2025-12-04,3,UPI,0.3,6d250aacb701bdd06d787e6edddbb4e5a8a3668ac60dbe77ad4e921de8f0e63d,XXXXXX9972,successful
1932,429,Michael Welch,106,80000.0,sofa,furniture,online,Delhi,2025-08-10,2,Card,0.05,29eb9dae4c5607e26afe03e349b6f1305098f8d55bf1e9501fe8ebb6a0e0735e,XXXXXX3250,successful
1934,184,Katherine Jones,109,65000.0,refrigerator,home appliances,offline,Hyderabad,2025-05-18,2,UPI,0.1,49b00a023f5a9f06c8e0308c8f0b9f2df4cec5e26f5f099d651947ee895121b6,XXXXXX1838,successful
1935,780,Elizabeth Miller,110,45000.0,microwave,home appliances,offline,Delhi,2025-09-05,4,Card,0.35,949c6017c73b139e05e482f00c9f1ca11ad3934dba8886fc4ece6e1ba7a4cbd6,XXXXXX9798,successful
1937,446,Scott Smith,107,50000.0,dining table,furniture,online,Bangalore,2025-02-05,1,Card,0.1,3558a2d03af1033804171272a1bbb434ed4df73b541c7218fa64b319d015e194,XXXXXX0183,successful
1938,450,Matthew Martinez,107,50000.0,dining table,furniture,online,Bangalore,2025-07-28,2,Card,0.25,b470a9b15f8be6311593be2fb7c6a3821695fa3c193e7c7b218cc9800ad2d924,XXXXXX4344,successful
1939,18,Allison Adams,105,45000.0,tv,electronics,offline,Mumbai,2025-09-09,3,UPI,0.4,71f22587125c00dac090d0922a524b815f178ede552c9f108cf56cfe28d43430,XXXXXX8299,successful
1940,979,Amy Cherry,102,70000.0,phone,electronics,online,Hyderabad,2025-12-29,1,Cash,0.15,489f0fe955e22514c7365de21b66eabd4b893918eea1d9ea3890fbc240dd29ea,XXXXXX8168,successful
1941,32,Shane Carlson,110,45000.0,microwave,home appliances,online,Mumbai,2026-02-27,2,UPI,0.25,4467fc7bbc7af4f3484c14db3b104318fb7572a952d8b8996f581343495bb641,XXXXXX2910,successful
1942,832,Carolyn Miller,106,80000.0,sofa,furniture,online,Delhi,2026-02-26,1,Card,0.4,d7a7442b0864e414a66ae75eb309671ab3f03d45d0787173e0e8f3ac843dfb70,XXXXXX8684,successful
1943,969,Keith Woods,101,250000.0,laptop,electronics,offline,Chennai,2025-09-23,4,UPI,0.3,6254400239665b715af81fe1992afcf7ff9bdc1d65f2351d5abfee6ae5fff436,XXXXXX5957,successful
1944,120,Michael Horton,110,45000.0,microwave,home appliances,online,Delhi,2026-02-04,5,UPI,0.15,4d0e32cf6434c300144fe6456f835f684e5c176c7e5f6854f6b6ee6555fecd4a,XXXXXX5729,successful
1945,642,Troy Mitchell,102,70000.0,phone,electronics,online,Bangalore,2025-07-18,5,NetBanking,0.4,40a175d94b67c5b138751e12e16c6ea52cdbc0ab22559fe806ac2eeca13b7f76,XXXXXX6968,successful
1946,27,Ashley Simpson,109,65000.0,refrigerator,home appliances,offline,Chennai,2025-12-19,3,UPI,0.1,e6edf61ee79d5215b3e080ebc172859c467c7801fa97e8683692c77e1f804cf5,XXXXXX5505,successful
1947,44,John Saunders,104,8000.0,shoes,clothing,offline,Mumbai,2025-03-06,3,Cash,0.4,d037d42f69986797432b2f28238a6b49f835ed35e95cda30b6fa28f4ab5d6aef,XXXXXX5526,successful
1948,232,Joel Reid,105,45000.0,tv,electronics,offline,Chennai,2025-08-18,5,UPI,0.15,d4251670d710a9b946663ee7ee10add0b23fe4308fa2e1b5025d590280551912,XXXXXX5220,successful
1949,771,Matthew Greer,102,70000.0,phone,electronics,offline,Bangalore,2025-02-09,4,Card,0.35,3f3bea6b25b9a906a43ca5bc5f949204662acf9415b364b724f7d7b7d7cceb42,XXXXXX0012,successful
1950,298,Ryan Massey,107,50000.0,dining table,furniture,offline,Delhi,2025-07-06,1,UPI,0.25,f2df03e7510fbf2bd2fe7fa98c6a0cefdff3fdf3bdc154ccc61b80be5b1e5709,XXXXXX7586,successful
1951,126,Matthew Park,110,45000.0,microwave,home appliances,online,Hyderabad,2025-08-23,2,Cash,0.3,9d4af51c977133dac15802779ccdf53125cac1672c9274811284fc15c0a844e2,XXXXXX2576,successful
1952,799,Stephanie Dunn,108,15000.0,mixer grinder,home appliances,offline,Delhi,2025-12-31,5,Card,0.4,08194ee6d135d934e7d0321240c43f7fd76a2cb0f9dbcb3c7e8f9c7daf748b66,XXXXXX0744,successful
1953,445,Steven Byrd,109,65000.0,refrigerator,home appliances,offline,Chennai,2025-05-18,5,Cash,0.3,cb5994c495e8ab55f26d19df3fa20b79ed6f557b50fdee721f3556658823c264,XXXXXX6124,successful
1955,468,Sonya Watts,107,50000.0,dining table,furniture,online,Mumbai,2025-09-12,1,Card,0.35,c68b2338207f43f2ec932a93450a2598dd9b2ca7837f9ee556a5f288e7f32fd2,XXXXXX6164,successful
1956,862,Lisa Stewart,106,80000.0,sofa,furniture,offline,Chennai,2026-03-15,3,Cash,0.25,bf2dc7d0ded20fd8e173edca619c907e4947a79594c1f8794b7e02fb0c547ded,XXXXXX0095,successful
1958,922,Isaiah Watson,101,250000.0,laptop,electronics,online,Bangalore,2025-12-20,1,NetBanking,0.4,6788e1c734c344c61b1bbbb6a4df5181b2a6ae2cf0b59e700be7526a61aaf6aa,XXXXXX9837,successful
1959,219,Alexander Phillips,102,70000.0,phone,electronics,offline,Mumbai,2026-03-11,3,Cash,0.15,021e7ca6ad8debc97d53ec502e54da9f5e09453f9e7c3da2bd01fce0d3e4e898,XXXXXX9492,successful
1961,925,Steve Ayala,104,8000.0,shoes,clothing,offline,Hyderabad,2025-10-12,2,NetBanking,0.3,519a8b9922886b0a0b63b4da372f335f5b01f0777c3796e130ef87e16155d5fb,XXXXXX7018,successful
1962,115,Linda Graham,101,250000.0,laptop,electronics,offline,Chennai,2025-09-28,1,Card,0.4,49c50fed6fc1ee333e01605b7d2832a08209268aab4d1107af333ae63e28b5fc,XXXXXX1568,successful
1963,158,Tiffany Mitchell,108,15000.0,mixer grinder,home appliances,online,Delhi,2026-03-31,1,Cash,0.1,01067541295986fa9e8fc52c97a12fdcd59b5b8cbb83289be0bfc808fd2850ad,XXXXXX6316,successful
1964,663,Haley Todd,109,65000.0,refrigerator,home appliances,online,Hyderabad,2026-02-19,3,NetBanking,0.15,9998d07c8c18dc0b60c7855ffd8f53946f225126d6e37c75679df0b221e98c93,XXXXXX0835,successful
1965,643,Stacy Hughes,107,50000.0,dining table,furniture,offline,Mumbai,2025-09-22,5,NetBanking,0.1,cbd45dfe55dd6fd7da29f831df98f42ea3a2b3391f2b950e90ca237f7d5eee16,XXXXXX9724,successful
1966,789,Bryan Walker,102,70000.0,phone,electronics,online,Chennai,2025-09-07,1,Card,0.35,017c6f695867051d91bd7edd635ba1953ed01f655d1f4789a2f839debefa48ea,XXXXXX8567,successful
1967,186,Dawn Garrett,103,1300.0,shirt,clothing,offline,Chennai,2025-12-20,2,Cash,0.3,79680eda3b6a449222dc65431c9a8ea1135f0b51f11ec4e086fc861a020fffd5,XXXXXX0201,successful
1969,332,James Morris,105,45000.0,tv,electronics,offline,Mumbai,2025-11-02,4,Cash,0.4,c81d5159c91864d9ef5366b883b30996111630d85ff1471bf48b36cb17c29025,XXXXXX6896,successful
1970,361,Daniel Williams,104,8000.0,shoes,clothing,offline,Delhi,2026-04-09,5,UPI,0.35,06ed1c24223928007b489e3359c1304c89d2ddf57eafab17375bf8ad0d7911b8,XXXXXX7366,successful
1971,974,Phillip Rodriguez,109,65000.0,refrigerator,home appliances,online,Bangalore,2025-10-04,5,UPI,0.35,247a07191d126b8f8a050060cc1c9be077c4d4d4a35f6d824a4e886b795e1284,XXXXXX9416,successful
1972,733,Jessica Lin,101,250000.0,laptop,electronics,offline,Delhi,2025-11-12,1,Cash,0.1,0db191a9ef3cbd33bb05c0caf39be9b0df3c869b5015693ad271009cddd1622a,XXXXXX6363,successful
1974,1,Karen Pollard,105,45000.0,tv,electronics,online,Hyderabad,2026-02-21,1,UPI,0.35,38878d194d81226c14a1998858917cc7069bd1cafc635e6fa376320e9f561484,XXXXXX6363,successful
1975,132,Ronald Harrison,108,15000.0,mixer grinder,home appliances,online,Delhi,2025-10-24,4,UPI,0.3,a8d0ba99792e8afe98eae9d1df6159782db9148aac4a548446f49a3d59e5b05f,XXXXXX5967,successful
1976,848,Eric Phillips,104,8000.0,shoes,clothing,offline,Hyderabad,2026-02-11,2,Card,0.1,90a8f7c105e4cf63877e59aa0ed9cd10bdcb09009eac15625e749d9707ce53f8,XXXXXX6213,successful
1977,22,James Walters,104,8000.0,shoes,clothing,offline,Chennai,2025-10-09,4,UPI,0.05,ec2d6f294e97b0d6857fb8bbfc52cef910731d7835d27fa3c1b6b9ec432764c2,XXXXXX4842,successful
1978,316,James Jordan,107,50000.0,dining table,furniture,online,Delhi,2025-07-09,4,Card,0.25,52cc9379119970827060a3c043d5edcee6c07fc407117f771c7a4cc29cfb393a,XXXXXX4613,successful
1979,470,Jasmine Harris,101,250000.0,laptop,electronics,offline,Mumbai,2026-03-17,5,Cash,0.1,c4a1390bc2d7e0b5a3a772a54b75371c33bb84a4e1c3933ecccf5013300cbd2e,XXXXXX5355,successful
1980,627,Nicole Allen,108,15000.0,mixer grinder,home appliances,offline,Bangalore,2025-06-13,1,Card,0.1,5db16276041dde40e47a571f104d6f7807e44f0c870468c534a0de65a09f4f84,XXXXXX1056,successful
1981,783,Breanna Gill,103,1300.0,shirt,clothing,online,Hyderabad,2025-10-05,1,UPI,0.3,c6ce3f46f70c357fddfb5bd0c6c8eb5ee38cdd53cd6ff278060846725a9d9fed,XXXXXX3064,successful
1982,296,Katherine Frazier,109,65000.0,refrigerator,home appliances,offline,Bangalore,2026-03-18,1,UPI,0.3,7ff52c0b45d5ab21b781cdf26e43bd734245dab1947ce6b762f53e1967704107,XXXXXX6097,successful
1983,53,John Bridges,106,80000.0,sofa,furniture,online,Hyderabad,2025-09-09,2,UPI,0.25,0d96493f4e42ecb00a0c478d165f9153611d69ba81d3610952c5ec165bc7c680,XXXXXX8917,successful
1986,388,Daniel Wilson,102,70000.0,phone,electronics,online,Bangalore,2025-04-29,1,Card,0.4,50333aba4ba992eac593f77d9280e93a1739f3bf7b9a4bf8e532e34fb819c3e4,XXXXXX0453,successful
1987,530,Mark Fowler,109,65000.0,refrigerator,home appliances,offline,Delhi,2025-11-09,3,UPI,0.25,daf2eafdfdb888892edf50967787f15a0435c09e8fda14b632f0c293e358d620,XXXXXX5263,successful
1988,414,Chase Johnson,106,80000.0,sofa,furniture,offline,Delhi,2025-08-20,3,Cash,0.05,a246e6452c2be333b10432d4a0d948ac6210d1f14782c93ceb07a4b811d5ad8d,XXXXXX1815,successful
1990,972,Allen Wright,104,8000.0,shoes,clothing,offline,Bangalore,2026-01-11,3,Card,0.4,e9d63d249a4a76a04dcf02d0dc9dcf2436e9d80c19c7491b9cc2ad9d7f3e09fd,XXXXXX3892,successful
1991,503,Lauren Thomas,107,50000.0,dining table,furniture,offline,Delhi,2025-06-26,4,UPI,0.4,82d934e9f2b2dcff0b75b2a60e89375c142fdaa298802493adc28b11ff5732f6,XXXXXX4143,successful
1992,14,Joseph Jones,101,250000.0,laptop,electronics,online,Hyderabad,2025-06-12,4,NetBanking,0.15,5ac3130d2ec27e90d13d00173b383a6800867521b93a878c24541564c20cea5e,XXXXXX5282,successful
1993,914,Nicholas Mays,102,70000.0,phone,electronics,online,Chennai,2025-06-04,4,NetBanking,0.3,e4825d171af4e16bacd43132a778a70a29adbb335d959ac0d30ece883eff210d,XXXXXX4916,successful
1994,579,Christian Clay,110,45000.0,microwave,home appliances,online,Mumbai,2025-03-05,1,NetBanking,0.15,414e0f010f760b463810d9444e140b2105ea924f4803bae4eca5b695b20f65fa,XXXXXX2846,successful
1995,982,James Munoz,109,65000.0,refrigerator,home appliances,online,Mumbai,2026-02-24,3,Card,0.4,3cfea7077082667f957b5eb42be8d488de5c45a51ac6b1e359c998930effdbbc,XXXXXX8023,successful
1996,633,Julie Jackson,108,15000.0,mixer grinder,home appliances,online,Delhi,2025-04-07,1,Cash,0.35,812914589c86f9387a3bbbe3486405a0cc95f00fd0708ecc66ca43a96564d053,XXXXXX3701,successful
1997,840,Veronica Ashley,107,50000.0,dining table,furniture,online,Delhi,2025-04-30,5,Card,0.05,ee2f58209125cd568d074d8b9b7f72432da124650edcf2151d18c9ce5925586f,XXXXXX9830,successful
1998,423,Mary Cooke,108,15000.0,mixer grinder,home appliances,offline,Hyderabad,2025-10-14,3,UPI,0.25,d531ac6a9036ee04fcbb105d21d0ef8c589c1a0f0cdd9a0a34b74e4bf7ea6416,XXXXXX8855,successful
1999,190,Heather Martinez,105,45000.0,tv,electronics,offline,Chennai,2025-10-23,3,NetBanking,0.05,ad161a32f0a134c2e8838b7588dac82c00864eaa91c87b665b63b93b6bd56d8f,XXXXXX3476,successful
2000,92,Kelly Chang,103,1300.0,shirt,clothing,online,Chennai,2025-03-11,3,Card,0.05,9c2b8cfe84c4d6e167e4123a1c56fe972d11980dd1439cf7f391f4c0c23b02ee,XXXXXX9379,successful
2001,249,Alyssa Henderson,106,80000.0,sofa,furniture,offline,Bangalore,2026-02-16,4,UPI,0.2,e85a7a09d6dca5929883dce5a1217bb242b0d7843835621294dd1c824464795a,XXXXXX5109,successful
2002,854,Dennis Dorsey,105,45000.0,tv,electronics,offline,Hyderabad,2025-10-08,4,NetBanking,0.2,e42e15768da2a9b674df11f18e1069faa449917d02434623fb3c5a8342dca42e,XXXXXX2116,successful
2003,923,George Wilkinson,102,70000.0,phone,electronics,online,Mumbai,2026-01-31,2,UPI,0.35,e7f779b76a2b0d1be8c1ec2ccd3f8685316ed57130009eacec74f64ce3ef4362,XXXXXX9222,successful
2006,120,Michael Horton,107,50000.0,dining table,furniture,online,Delhi,2025-06-09,2,NetBanking,0.2,4d0e32cf6434c300144fe6456f835f684e5c176c7e5f6854f6b6ee6555fecd4a,XXXXXX5729,successful
2007,872,David Miller,102,70000.0,phone,electronics,offline,Mumbai,2026-01-11,5,UPI,0.3,b24be28a1b7a84e10c867e14eeca002c365fa00934c58a7025f78d211dca6443,XXXXXX0205,successful
2008,400,Brenda Johnson,109,65000.0,refrigerator,home appliances,offline,Chennai,2025-11-10,2,Card,0.1,e6d59c0e946ca57d90e04054988859bae6094255dc3e03cb4c83e7021a043487,XXXXXX8393,successful
2009,353,Rachel Velasquez,110,45000.0,microwave,home appliances,online,Bangalore,2025-02-07,2,UPI,0.35,6c83d7483a1eaf23a076da56e9a08b263b68eb86148107636da41e698b3c21ba,XXXXXX5596,successful
2010,174,Jeffrey Lamb,105,45000.0,tv,electronics,offline,Hyderabad,2025-05-20,2,Card,0.1,e80f910170da55f0d7e5a21e2f84308a759dc669e8aea59469b4ee8e7e832bf3,XXXXXX9242,successful
2011,850,Zachary Abbott,101,250000.0,laptop,electronics,online,Chennai,2025-10-02,4,UPI,0.3,46434c01725663470694c4b05f370fa4f859d67446b4e53e259828fd4c98e679,XXXXXX4917,successful
2012,282,Tasha Roberson,108,15000.0,mixer grinder,home appliances,offline,Hyderabad,2025-12-22,2,Cash,0.1,d3faba4026a16ab0bdda26007a6e5d93a09678f0d7669d9887c3d1ff65adb9e6,XXXXXX3095,successful
2013,620,Alexander Meyer,107,50000.0,dining table,furniture,online,Mumbai,2025-12-09,3,NetBanking,0.25,58df4a025ecd1f67650a5bf628a920fd353d9bcacb607178214845ca70638a1e,XXXXXX8157,successful
2015,122,Sara Chen,110,45000.0,microwave,home appliances,online,Delhi,2026-02-20,3,UPI,0.25,65ae677979ef16e499dfb4f4116abc5e5b7b6b1d841c6c4e54b20e252d2772f1,XXXXXX8225,successful
2017,201,Lisa Tran,107,50000.0,dining table,furniture,offline,Bangalore,2025-05-14,4,NetBanking,0.1,f257e121c851892f80ec7127b2a623847e29120ebce26fc50f0b3352123e245d,XXXXXX2874,successful
2018,775,Roy Chavez,102,70000.0,phone,electronics,online,Chennai,2025-07-24,2,Card,0.3,0b2a9527681ee155c1aa922875f20af02a915bf1732dd75d468716a7fdaae242,XXXXXX6010,successful
2019,275,Edward Beck,106,80000.0,sofa,furniture,offline,Bangalore,2026-02-04,3,UPI,0.1,8c6a498853878d2359ad77191610b474fa1df41590815b246b125d28f95ca8c0,XXXXXX4934,successful
2020,336,Gregory Mitchell,106,80000.0,sofa,furniture,online,Chennai,2025-05-11,4,NetBanking,0.35,5e50ef03abdd96208d8b438ebb0ab8302bb8d198290d03745d76a5d6b5e6dbaa,XXXXXX0045,successful
2021,415,Jackson Kaiser,102,70000.0,phone,electronics,offline,Delhi,2025-10-06,3,UPI,0.05,3c4e6bc549b0a58e29be009196e03d6dc1724a95e1226d34a88630998ad7b8d4,XXXXXX4305,successful
2022,694,Lori Barrera,102,70000.0,phone,electronics,online,Hyderabad,2025-11-27,1,NetBanking,0.2,89d04fad7a8834b711f0ab6136ab49484b1963cc23189e9bae32ca64de46fd72,XXXXXX4973,successful
2023,976,Paula Rogers,104,8000.0,shoes,clothing,online,Chennai,2025-09-28,5,Cash,0.35,e829391271382528f66bd5466d41092ac4c3087dc195c2f5c63a9c1208d7f996,XXXXXX1725,successful
2024,733,Jessica Lin,109,65000.0,refrigerator,home appliances,online,Delhi,2025-06-03,4,UPI,0.4,0db191a9ef3cbd33bb05c0caf39be9b0df3c869b5015693ad271009cddd1622a,XXXXXX6363,successful
2026,641,Andre Rodriguez,106,80000.0,sofa,furniture,offline,Bangalore,2026-01-03,5,NetBanking,0.05,c55d2d65e5cda91bfec4ebd508c6535d9a8b57ead1db7c8d3a258b14c3da46b4,XXXXXX3170,successful
2027,569,Lindsay Levine,108,15000.0,mixer grinder,home appliances,offline,Mumbai,2025-05-23,3,NetBanking,0.3,cba5f44eaf1456873974cb1275e9bd79a70499ed68c3c1f2aeb5b56a9a45901d,XXXXXX7618,successful
2028,350,Gregory Knapp,103,1300.0,shirt,clothing,offline,Chennai,2025-12-28,1,UPI,0.2,4f09a15e328f19000e5811f4bccc308a2e4f775d365991c886fb30e0458a2bc5,XXXXXX3947,successful
2029,978,Nicole George,101,250000.0,laptop,electronics,online,Delhi,2025-08-28,1,Card,0.3,7af84a96238610026974417b423869c69e9604b4391c4d059220b1aab2838744,XXXXXX9250,successful
2030,174,Jeffrey Lamb,105,45000.0,tv,electronics,online,Hyderabad,2026-03-09,4,Cash,0.05,e80f910170da55f0d7e5a21e2f84308a759dc669e8aea59469b4ee8e7e832bf3,XXXXXX9242,successful
2031,88,Alex Mccullough,101,250000.0,laptop,electronics,offline,Chennai,2025-11-19,3,UPI,0.2,1e09ed52b80b0898c8d376f7ee65937e0c869aefe8677c0b8b32f3a975a1ea28,XXXXXX4131,successful
2032,356,Larry Mercado,102,70000.0,phone,electronics,offline,Hyderabad,2026-02-11,3,Card,0.3,549c551b3c15d66afc3cd7045cdc8af036aea80f6bd91ee7baf88109bded2b72,XXXXXX0420,successful
2034,850,Zachary Abbott,104,8000.0,shoes,clothing,online,Chennai,2026-02-02,1,NetBanking,0.15,46434c01725663470694c4b05f370fa4f859d67446b4e53e259828fd4c98e679,XXXXXX4917,successful
2035,814,Donna Bennett,102,70000.0,phone,electronics,online,Hyderabad,2025-09-12,5,UPI,0.25,3d396594237e25e4176d615a14fa7772270234550886cafa3e1e0fed31aa5b24,XXXXXX2067,successful
2036,884,Isaac Byrd,103,1300.0,shirt,clothing,online,Delhi,2025-09-22,2,UPI,0.25,234092e0a970a620cdb58205eae4a5e848554982408a5ad2b1010371c077e7a7,XXXXXX4208,successful
2037,45,Tasha Baker,102,70000.0,phone,electronics,offline,Delhi,2026-01-06,2,Card,0.3,9ee2bff76016cc468aedfc4602a2ba1039731a1ba142ccf1a98572cf79cf3dd1,XXXXXX5843,successful
2038,934,Brandi Phillips,105,45000.0,tv,electronics,offline,Hyderabad,2025-07-10,4,Card,0.25,ab00ac55efb8ea9ce0adb7c23b73358c91d69809244c8731aaf78d04b185cac2,XXXXXX8609,successful
2039,216,Patricia Myers,104,8000.0,shoes,clothing,online,Chennai,2026-04-10,3,UPI,0.05,df13b2ed4d71af2b15dcec3e7b165d66e4e82acbeb3f02b21338cac7c1861989,XXXXXX5111,successful
2041,814,Donna Bennett,102,70000.0,phone,electronics,offline,Hyderabad,2025-04-30,2,NetBanking,0.1,3d396594237e25e4176d615a14fa7772270234550886cafa3e1e0fed31aa5b24,XXXXXX2067,successful
2042,308,Lori Bowen,107,50000.0,dining table,furniture,offline,Mumbai,2025-02-10,1,Card,0.05,e41be8fbfc8810d53864121e15d9a4162e39b96f0f3bc23d3b3d88a56c3971f7,XXXXXX7114,successful
2044,409,Elizabeth Watson,104,8000.0,shoes,clothing,offline,Bangalore,2025-06-15,3,Card,0.15,1c1c4f8a987877603b2546504a87f3d0a3167ce6c09bab3419ca3ed2ffda889d,XXXXXX5929,successful
2045,804,Tiffany Caldwell,106,80000.0,sofa,furniture,online,Bangalore,2026-03-23,5,Card,0.4,c46cc978f44fe5671bc275b617737f604e63134decd4360b8113d7551cbca1e4,XXXXXX7153,successful
2046,166,David Simmons,103,1300.0,shirt,clothing,offline,Bangalore,2026-02-13,4,Cash,0.4,ce59ff42b752d588cd4da0799b29a2ef1d4f1a9e545f4d31caa61c8a40a5ab9d,XXXXXX2394,successful
2047,189,Melinda Rodriguez,102,70000.0,phone,electronics,offline,Chennai,2025-07-29,3,Card,0.05,b3a17d24e65cc625ca470f8c39b64d0cd832a90fd7f36a011cc9d718032d5185,XXXXXX9897,successful
2048,635,Kelly Anderson,107,50000.0,dining table,furniture,online,Delhi,2025-08-14,3,Cash,0.2,08ceb77eff094413d2fe5f2022a3a0eafbfbaa376de7a9a548eba4b1116d16be,XXXXXX1494,successful
2049,325,Theresa Villarreal,102,70000.0,phone,electronics,online,Bangalore,2025-09-27,5,Cash,0.15,dfc0fbd2a0f798da6ebe3d7c0ae5b6958316581af9e5735b53dddc4e722767e1,XXXXXX2924,successful
2050,328,Anna Chase,110,45000.0,microwave,home appliances,online,Mumbai,2025-11-02,3,NetBanking,0.2,16c217c7cdbb3786e6ef5b1ffa8760c6fa6295f3b18162601040c7f2c1a2655b,XXXXXX5697,successful
2051,879,Andrew Johnston,107,50000.0,dining table,furniture,offline,Mumbai,2025-07-17,4,UPI,0.05,00c35cabe59c83334d07138ab1012cc4751373225292a52b8e8488d820954870,XXXXXX8466,successful
2052,714,Scott Lane,106,80000.0,sofa,furniture,online,Mumbai,2025-09-12,1,Card,0.3,ecc28f19e00519f5a3ca5ca5b69480dd9df6643a3b2842fc51263f3cdee3a003,XXXXXX4950,successful
2053,86,Rachel Gonzales,107,50000.0,dining table,furniture,offline,Mumbai,2026-02-01,2,NetBanking,0.25,8a92ac63b76bbf8c71fa35cfae77bfab778dfeaa5e3f52f5ab8d33c2597723bd,XXXXXX5951,successful
2055,682,Crystal Mccarthy,101,250000.0,laptop,electronics,offline,Delhi,2025-10-13,3,NetBanking,0.05,606eac1372fd4d40d2f2e8267d5b8dc68bbdb4e94a86bd64e1b6aec07f2081eb,XXXXXX8526,successful
2056,713,Jason Griffin,108,15000.0,mixer grinder,home appliances,online,Hyderabad,2025-04-26,1,NetBanking,0.35,33d0498fc058e1f019e9479799a125a860f1da5937b1c4fb7c42f9dca86e10be,XXXXXX8007,successful
2058,825,Jose Rodriguez,101,250000.0,laptop,electronics,online,Bangalore,2025-07-06,5,Cash,0.05,a7f0223af5aca6344c2323291cf541cada7a996db9179815b43bc9f43938e6c2,XXXXXX8368,successful
2060,856,Suzanne Carroll,106,80000.0,sofa,furniture,online,Bangalore,2025-05-06,4,NetBanking,0.4,cedf09c02763734adaad3cfd6caef09e2a9d5f5bbddfbd019f4716776ed32561,XXXXXX1008,successful
2061,858,Kristina Stewart,106,80000.0,sofa,furniture,online,Hyderabad,2025-10-02,3,NetBanking,0.1,1ac0907856b2c2227c8b73f739213ce07dc4843fc2ace1a689a104490e7e2d3a,XXXXXX5897,successful
2062,165,Rebecca Hays,102,70000.0,phone,electronics,online,Hyderabad,2026-01-08,5,UPI,0.2,adcad24a737e5808b499cea626a157c72f243eeb572e930e3999398d54f7ecad,XXXXXX1179,successful
2063,872,David Miller,107,50000.0,dining table,furniture,offline,Mumbai,2025-09-09,4,Card,0.35,b24be28a1b7a84e10c867e14eeca002c365fa00934c58a7025f78d211dca6443,XXXXXX0205,successful
2064,878,Sarah Brown,101,250000.0,laptop,electronics,online,Chennai,2025-12-17,3,Cash,0.25,7bbe566abde868222ad2f5a0147ea44df8ebb6d4e210d2b9ab338eec2b08ca0e,XXXXXX2098,successful
2065,134,Marie Thomas,107,50000.0,dining table,furniture,online,Bangalore,2025-07-18,3,NetBanking,0.25,18992e1948a3a40d44c2144acdb9162bd92dd9a506be20d6bf9503f684adaa58,XXXXXX4377,successful
2066,655,Julie Todd,104,8000.0,shoes,clothing,offline,Delhi,2026-04-09,4,Cash,0.4,b442a531b3b3c1c97e3e379f0050f963d81904140c5ab8cd2cfc3936b1ccafd1,XXXXXX2456,successful
2067,34,Rachel Ball,104,8000.0,shoes,clothing,offline,Hyderabad,2026-06-03,1,UPI,0.3,c6c1fa6034cd2b5b4cdbad9d354c2967520c42d6b07be3ad05e743c1e6efcaec,XXXXXX5891,successful
2068,816,Erika Martin,105,45000.0,tv,electronics,offline,Delhi,2025-06-07,1,Card,0.1,b18e9cfc7c54c789d86de7b91cf4a727cd6d910683d3f74ffe6b99dd30708205,XXXXXX1945,successful
2069,791,April Anderson,105,45000.0,tv,electronics,offline,Hyderabad,2026-01-05,1,UPI,0.4,997871b22f12a7e97ffb1591ab5242aa4883f60b4c666e0acfd19824d5e4ccf3,XXXXXX6529,successful
2070,283,Anna Bernard,107,50000.0,dining table,furniture,online,Chennai,2025-07-24,2,Cash,0.15,876a28ff4cc7d164a6f1c5d9e5da0cd815d9881f5de47a6cf4f47c732c2b09af,XXXXXX4842,successful
2071,803,Michelle Lewis,101,250000.0,laptop,electronics,online,Chennai,2025-09-14,5,UPI,0.2,d998d96a72814bc62917042fd8b8394d29d80a0792fa9c9cbf10e2b204ce5029,XXXXXX5886,successful
2072,224,Benjamin Reyes,105,45000.0,tv,electronics,offline,Mumbai,2025-12-08,2,Cash,0.2,404f46f1d76952844cd37fb1e46e7a162c0f08ecc041d46964497d0f49b89054,XXXXXX1609,successful
2074,168,Joyce Robertson,106,80000.0,sofa,furniture,online,Mumbai,2025-09-14,4,Card,0.15,bf415c654f33244dbfda908e4e5e7c167de81383a776a4e1dc6dc0b4d66c06e0,XXXXXX0417,successful
2075,935,Samantha Brewer,108,15000.0,mixer grinder,home appliances,online,Mumbai,2026-04-03,2,Cash,0.2,51fdae50bdf464fdc7a15a5bd5da64b719d1fc3f2ded0fc1bd433f9b79ee860b,XXXXXX9224,successful
2076,821,Margaret Parker,107,50000.0,dining table,furniture,online,Delhi,2026-03-29,3,UPI,0.25,efc2bdddd854f7da3a79df19ee931e34b5b87d5465ea9c1520b94b44af3b473a,XXXXXX7968,successful
2078,902,Logan Reyes,101,250000.0,laptop,electronics,offline,Mumbai,2025-12-16,1,NetBanking,0.3,4328f316f8c609f91085cb65a5f9884ab09a374c63a729c24b348407b44eff8d,XXXXXX2031,successful
2079,495,John Cummings,110,45000.0,microwave,home appliances,online,Hyderabad,2025-09-01,3,UPI,0.25,deff447adabc5e132c994d4648ccfe19ea87da1c2fb3bd0725013ed00b33f7e0,XXXXXX7125,successful
2081,495,John Cummings,103,1300.0,shirt,clothing,offline,Hyderabad,2025-11-04,4,NetBanking,0.25,deff447adabc5e132c994d4648ccfe19ea87da1c2fb3bd0725013ed00b33f7e0,XXXXXX7125,successful
2082,557,Joseph Cowan,107,50000.0,dining table,furniture,online,Hyderabad,2025-08-21,1,NetBanking,0.25,aa00ffd546bf483d71da026f1e214834f4bd1541f59eb2a36c5b8ccf908dd9e4,XXXXXX9909,successful
2083,379,Andres Stokes,102,70000.0,phone,electronics,online,Mumbai,2025-06-05,2,Cash,0.1,59712e06dd3e791240c47f488e2c650aa5ddc83e591941a2ffb887bcf2b88c93,XXXXXX0361,successful
2085,611,Robert Lucas,106,80000.0,sofa,furniture,offline,Mumbai,2026-03-31,1,NetBanking,0.25,77a464ebd4ca0920e4fd792f8ac008e820f568ce2c46f51e67da17f990c01804,XXXXXX6473,successful
2086,402,Patricia Herring,109,65000.0,refrigerator,home appliances,online,Bangalore,2025-08-23,2,Card,0.2,8e5c2b20eaa09a4e3d4f41e82809727e23d4777bdb4d07f69f9b40e687ac141e,XXXXXX5134,successful
2087,530,Mark Fowler,101,250000.0,laptop,electronics,online,Delhi,2025-12-31,5,NetBanking,0.15,daf2eafdfdb888892edf50967787f15a0435c09e8fda14b632f0c293e358d620,XXXXXX5263,successful
2088,508,Jesus Decker,104,8000.0,shoes,clothing,online,Bangalore,2026-03-27,3,NetBanking,0.05,dd86268869a60caf70adbc6f8e7b8da0df4ea1905c6aa5fffa3741236dd3723e,XXXXXX8892,successful
2089,141,Brooke Nunez,110,45000.0,microwave,home appliances,online,Bangalore,2025-06-02,1,Card,0.25,00bca60eecd040d0f980b01729ba996b4a969a5fb0440b16f7d42f3edbc40e3a,XXXXXX2705,successful
2090,559,Todd Stevens,103,1300.0,shirt,clothing,offline,Hyderabad,2025-06-30,3,NetBanking,0.35,b27ab34db9a6179cd808f86f16332c89eb2944234019fe830060db6ca79de5e2,XXXXXX1769,successful
2091,934,Brandi Phillips,106,80000.0,sofa,furniture,offline,Hyderabad,2026-03-08,3,Card,0.05,ab00ac55efb8ea9ce0adb7c23b73358c91d69809244c8731aaf78d04b185cac2,XXXXXX8609,successful
2093,81,Michael Wagner,109,65000.0,refrigerator,home appliances,online,Chennai,2025-10-11,4,NetBanking,0.05,fe30f3915ecc2c76aef29919f2d173b8fcaf90edfdb2b75764f4f4c86488a593,XXXXXX7974,successful
2094,542,Angela Martin,107,50000.0,dining table,furniture,online,Chennai,2025-06-15,1,Card,0.2,f455c867b71e2d8d962049741437b55042e58f9c78d6c95ad420cfaa6383df7a,XXXXXX6387,successful
2095,375,Jessica Harrell,108,15000.0,mixer grinder,home appliances,online,Chennai,2025-07-26,4,Card,0.05,ee06e7a6761bcfc1745da93f8febc6967f03f6b0bc71565abb9c03d6f2bf4199,XXXXXX3067,successful
2096,141,Brooke Nunez,106,80000.0,sofa,furniture,offline,Bangalore,2025-07-11,1,UPI,0.1,00bca60eecd040d0f980b01729ba996b4a969a5fb0440b16f7d42f3edbc40e3a,XXXXXX2705,successful
2097,703,David Austin,108,15000.0,mixer grinder,home appliances,online,Delhi,2025-09-18,1,UPI,0.35,e5befa563a82ae7a203a143c796254b1fd1872b302cf26028d907fb3339b68df,XXXXXX2395,successful
2098,459,Jason Moreno,104,8000.0,shoes,clothing,online,Mumbai,2026-01-17,1,UPI,0.35,ec0eed02314dcee52b4be2470f59547e7c3d3c402912b9635e4d55d327aedf2f,XXXXXX2001,successful
2099,938,Mary Rogers,102,70000.0,phone,electronics,online,Hyderabad,2025-12-10,1,NetBanking,0.25,714a0ff6cc07477e6c1ded39cb5f98bf7f3ca3dafdd6aedffb78d6de762c5989,XXXXXX3823,successful
2100,667,Kelsey Mendoza,110,45000.0,microwave,home appliances,online,Bangalore,2025-07-23,1,UPI,0.25,4d253fdd114aeba7b5480248814364d807224bcc9b0c8ed5c59d2c5d0b288963,XXXXXX9912,successful
2101,119,Dana Castro,102,70000.0,phone,electronics,online,Delhi,2025-11-16,1,Cash,0.15,f3d6a29279135dc25a3dacec37f5cb26b749fa5af90e2e1eabadea38ada6568a,XXXXXX1072,successful
2102,87,Peter Silva,104,8000.0,shoes,clothing,offline,Chennai,2025-08-27,4,NetBanking,0.25,d6bd37045cec12b53415caf216722a21736d30f981f9c6624823e14676236179,XXXXXX0954,successful
2103,771,Matthew Greer,108,15000.0,mixer grinder,home appliances,online,Bangalore,2025-04-26,3,Card,0.2,3f3bea6b25b9a906a43ca5bc5f949204662acf9415b364b724f7d7b7d7cceb42,XXXXXX0012,successful
2104,950,Cheyenne Mason,105,45000.0,tv,electronics,offline,Delhi,2025-04-18,3,UPI,0.05,7fe743331ca3637e03d7c422ed883dce2007f2d6b5316949a7b6488a665e8e23,XXXXXX9331,successful
2105,305,Zachary Cabrera,104,8000.0,shoes,clothing,online,Delhi,2025-05-28,5,Cash,0.05,daa13b369137878266ad9a441873086bc1f99730ddbe4d135c9421d4d6c4612f,XXXXXX3696,successful
2106,550,Raymond Martinez,101,250000.0,laptop,electronics,offline,Chennai,2025-11-09,2,UPI,0.35,e02061a735abe9b0b49ac07f0fb676491345a3d24a3687d096f48abc364e8b22,XXXXXX9650,successful
2107,415,Jackson Kaiser,106,80000.0,sofa,furniture,online,Delhi,2025-06-16,5,UPI,0.1,3c4e6bc549b0a58e29be009196e03d6dc1724a95e1226d34a88630998ad7b8d4,XXXXXX4305,successful
2108,778,Angela Park,107,50000.0,dining table,furniture,online,Mumbai,2026-01-22,2,Card,0.25,78fb938d79940e4b665bbcec47ccdb9237c1bbe6261d8d7577d414dee1e5c660,XXXXXX1196,successful
2109,616,Misty Gregory,107,50000.0,dining table,furniture,online,Bangalore,2025-12-24,2,UPI,0.25,b73fa16a8c8e513d4f3ba490574602e8760e3da8d550d6eca08241606e0b92e2,XXXXXX3156,successful
2110,961,Derek Hall,105,45000.0,tv,electronics,online,Hyderabad,2025-09-27,5,NetBanking,0.15,2953b725ef0fc963cf9cc35025f22a8e307ad00d6014d04e6b88954f3f04e0a4,XXXXXX8075,successful
2111,620,Alexander Meyer,109,65000.0,refrigerator,home appliances,offline,Mumbai,2025-09-30,1,UPI,0.2,58df4a025ecd1f67650a5bf628a920fd353d9bcacb607178214845ca70638a1e,XXXXXX8157,successful
2112,99,Maria Mathews,104,8000.0,shoes,clothing,online,Mumbai,2025-08-31,5,UPI,0.4,7ee08aa49efd31f046bcf9edcbe6dd830baef8f7d31f20fb53e5c573a1656c92,XXXXXX8664,successful
2113,334,Brenda Gonzales,108,15000.0,mixer grinder,home appliances,online,Chennai,2026-08-03,4,UPI,0.2,58d1d62c08ac3255fc654fac32d4b9d96bbd947fb8553526edc31b5593aec51d,XXXXXX1783,successful
2114,182,Kathleen Castro,102,70000.0,phone,electronics,online,Hyderabad,2025-05-05,4,UPI,0.05,b968291086a95323d5bba7d5a446dfa484cd63bf57e8e25fc7e2bf74b5720cd9,XXXXXX9367,successful
2115,628,Kelly Turner,109,65000.0,refrigerator,home appliances,online,Chennai,2026-02-24,1,UPI,0.1,32f4726443565b0472771369535d0c6f62fdda854cfe7639e618d88f91c7e951,XXXXXX5626,successful
2116,687,Robert Estrada,103,1300.0,shirt,clothing,offline,Hyderabad,2025-10-23,3,NetBanking,0.2,c3247b8e7d93f18177755e97012815788f24b57e3afc4d29cce01c6e38304046,XXXXXX9773,successful
2117,13,Jay Knight,101,250000.0,laptop,electronics,online,Bangalore,2025-11-30,3,NetBanking,0.25,ec682f9bc2e2cdf21af201bfb3f4f68f93a6197337fb35147c910624ce2c1aa6,XXXXXX2670,successful
2118,272,Gary Gilbert,109,65000.0,refrigerator,home appliances,offline,Delhi,2026-03-31,1,UPI,0.3,e0471c235dff29d88768d221ce9af10d5a285cd734b5217f3b30a71f4a2f44f0,XXXXXX6225,successful
2119,553,Veronica Davis,107,50000.0,dining table,furniture,offline,Mumbai,2025-05-02,3,Card,0.25,6d250aacb701bdd06d787e6edddbb4e5a8a3668ac60dbe77ad4e921de8f0e63d,XXXXXX9972,successful
2120,72,Michael Wood,105,45000.0,tv,electronics,online,Chennai,2025-11-15,4,NetBanking,0.3,b94c1522b70d47f00abc49ac947eed1c74f16aa53fce19ac34c0b7731b741fe0,XXXXXX0077,successful
2121,964,Amy Brown,101,250000.0,laptop,electronics,offline,Mumbai,2025-05-18,3,NetBanking,0.35,e71eb59a467deb3d3fbf5b4962cb617ef4b84edf17039984b222022e21809814,XXXXXX0526,successful
2123,165,Rebecca Hays,104,8000.0,shoes,clothing,online,Hyderabad,2025-05-18,1,UPI,0.25,adcad24a737e5808b499cea626a157c72f243eeb572e930e3999398d54f7ecad,XXXXXX1179,successful
2124,183,Paul Gomez,107,50000.0,dining table,furniture,offline,Hyderabad,2025-06-13,5,NetBanking,0.15,23f80d7b013d36c394f49ac373d755109384e6ced5eaff67a20d106b7f19d89f,XXXXXX0750,successful
2125,113,Patricia Carlson,103,1300.0,shirt,clothing,online,Delhi,2025-10-30,4,Cash,0.1,c236f20bc99e9c3d0b361d097015f035327aeb1a2acf1f8aff22f704fec9e9cc,XXXXXX1759,successful
2126,867,Jeffrey Sanders,109,65000.0,refrigerator,home appliances,offline,Chennai,2025-07-16,2,UPI,0.3,d0508ccbd66b3d861f68bfd7ae611b68a19824451d6a94ea025972ff64f7d3b6,XXXXXX0432,successful
2127,334,Brenda Gonzales,108,15000.0,mixer grinder,home appliances,offline,Chennai,2026-04-05,4,Cash,0.3,58d1d62c08ac3255fc654fac32d4b9d96bbd947fb8553526edc31b5593aec51d,XXXXXX1783,successful
2128,874,Samuel Patel,105,45000.0,tv,electronics,online,Mumbai,2025-06-09,2,Cash,0.3,353296568ff9fab18059185a83d8f0d2a3499768c55a55d610f4bcba83b3fd26,XXXXXX3067,successful
2129,3,Marc Carter,110,45000.0,microwave,home appliances,online,Delhi,2025-08-04,2,UPI,0.1,747c60e9adac7109c248d804340bb8e1c9574482ac6265dac411a39e2636e1d9,XXXXXX4372,successful
2130,193,Mary White,106,80000.0,sofa,furniture,offline,Bangalore,2026-03-20,4,UPI,0.15,a21bb09735b6cce8b0847b4e59e3de8cde313d64c23328246b9c836b15b135f1,XXXXXX7194,successful
2131,712,Laura Rogers,101,250000.0,laptop,electronics,offline,Hyderabad,2025-08-20,4,Card,0.2,ed8ed02dbfef163e6a3d9e1ac9103490bbeeab074e58ee8094f0028dffb4e3e1,XXXXXX5295,successful
2134,822,Christine Rivera,104,8000.0,shoes,clothing,offline,Hyderabad,2025-01-11,1,UPI,0.3,c42738025f906498b431e904b38c9d8f2cde2c8bce623d9bd71c504260ebda79,XXXXXX6621,successful
2135,530,Mark Fowler,108,15000.0,mixer grinder,home appliances,offline,Delhi,2025-07-02,3,NetBanking,0.2,daf2eafdfdb888892edf50967787f15a0435c09e8fda14b632f0c293e358d620,XXXXXX5263,successful
2136,146,Jose Thomas,108,15000.0,mixer grinder,home appliances,online,Bangalore,2025-06-19,2,Card,0.2,abd7e3dafa4e2a5244ee3c32d8cbf9a1693aa8e69bd4931a3d3be98d6776180f,XXXXXX9963,successful
2137,965,Donald Poole,110,45000.0,microwave,home appliances,online,Mumbai,2025-12-26,1,Cash,0.25,adc7e31babd42852a89754072c811e885a901e4d43edbcf038e28eba4aee6673,XXXXXX4135,successful
2138,406,Gregory Nelson,105,45000.0,tv,electronics,offline,Delhi,2025-09-30,4,Card,0.15,7db4c9edb9299de66a56fc5dc25f30252d70b32f056bd88450b495ba5e9e73f7,XXXXXX4867,successful
2139,68,Stephanie Scott,102,70000.0,phone,electronics,offline,Chennai,2025-09-30,1,NetBanking,0.15,bbf7a51d290e848b37e92d84722fc2445a20afa651b1cb891d942d9ba1f6d8cb,XXXXXX0889,successful
2140,636,Christopher Clark,103,1300.0,shirt,clothing,offline,Mumbai,2026-03-19,5,Card,0.2,91f0ebaad8498b70d1b5d1c590e0ffd0d7db3950f796c0185e429911f51af33f,XXXXXX2866,successful
2141,774,Antonio Evans,107,50000.0,dining table,furniture,offline,Hyderabad,2025-08-12,2,NetBanking,0.1,eff10c82064736299a4a97c53f83ba6e4234dc7ada8c52642eaa6b4d8d275289,XXXXXX7042,successful
2142,852,Morgan Lewis,105,45000.0,tv,electronics,online,Mumbai,2025-09-20,1,Card,0.2,5c6818ab42c84d363fa29dc24c7d4c7294aedf286935dbc01bc1720099e48ba5,XXXXXX4387,successful
2143,239,Tyler Greene,106,80000.0,sofa,furniture,online,Delhi,2025-12-18,4,UPI,0.15,3f6662589024338f4b1a47cd105e46478af2497c6479587081773a171537cbaa,XXXXXX3007,successful
2144,236,Frank Gray,104,8000.0,shoes,clothing,online,Bangalore,2026-07-02,3,NetBanking,0.15,6fd787212dea8d7ed4170dc16106b9707f80465bfcf9849b8c6bbb36ed0e34d0,XXXXXX3732,successful
2145,6,Eric Turner,102,70000.0,phone,electronics,online,Hyderabad,2025-10-22,5,NetBanking,0.3,c0dbdc98188a54ac6cbdf84412a915f233d651a8a332e1a2b57bc45add3505af,XXXXXX6182,successful
2146,735,Elizabeth Kemp,109,65000.0,refrigerator,home appliances,offline,Bangalore,2025-04-27,3,Card,0.1,5477286d77cee4d02f0f9599428a627ffed898555933e2eb8b11dd5915099a84,XXXXXX1868,successful
2147,283,Anna Bernard,109,65000.0,refrigerator,home appliances,offline,Chennai,2025-09-16,5,UPI,0.3,876a28ff4cc7d164a6f1c5d9e5da0cd815d9881f5de47a6cf4f47c732c2b09af,XXXXXX4842,successful
2148,963,Laura Stevenson,103,1300.0,shirt,clothing,online,Chennai,2026-02-07,3,Cash,0.3,b995779805ba57ae0d0e4136fb34a113efe083fe02c7d0d15e37eaaf1dee960d,XXXXXX4205,successful
2150,976,Paula Rogers,101,250000.0,laptop,electronics,offline,Chennai,2025-10-15,5,Card,0.15,e829391271382528f66bd5466d41092ac4c3087dc195c2f5c63a9c1208d7f996,XXXXXX1725,successful
2151,79,Tony Jones,104,8000.0,shoes,clothing,online,Bangalore,2025-05-21,4,Card,0.1,7f5abbb6fcb2c5ad19c929b32eca4f8a34ccf4ac54a9200e2afd7089bafbf93f,XXXXXX5623,successful
2152,600,James Schaefer,106,80000.0,sofa,furniture,online,Chennai,2025-12-30,2,UPI,0.35,d267e2659aadead31909b31b81ead73645ac2e7a5910a96f039e54f76a297d74,XXXXXX4220,successful
2153,150,Donald Bradley,108,15000.0,mixer grinder,home appliances,online,Mumbai,2025-05-17,4,Card,0.3,b074363965b7c108071097f2f56509c52f7c62645b15bfe660391a7ab8d8692f,XXXXXX9420,successful
2154,216,Patricia Myers,104,8000.0,shoes,clothing,offline,Chennai,2025-05-29,4,NetBanking,0.35,df13b2ed4d71af2b15dcec3e7b165d66e4e82acbeb3f02b21338cac7c1861989,XXXXXX5111,successful
2155,504,Victor Hendricks,103,1300.0,shirt,clothing,online,Mumbai,2025-12-19,5,UPI,0.05,a90c227eb3f5bec125f2c387d00f0afca603c4e42035e687491796580983e15c,XXXXXX0307,successful
2156,391,Catherine Beard,101,250000.0,laptop,electronics,online,Mumbai,2026-03-31,3,NetBanking,0.25,9f58d044673af925ce04a88a0d83e2585b613ed11e52411572b6547fef36185b,XXXXXX7305,successful
2157,902,Logan Reyes,104,8000.0,shoes,clothing,offline,Mumbai,2025-07-07,5,NetBanking,0.35,4328f316f8c609f91085cb65a5f9884ab09a374c63a729c24b348407b44eff8d,XXXXXX2031,successful
2158,432,Charles Nelson,108,15000.0,mixer grinder,home appliances,online,Mumbai,2025-06-26,5,Card,0.1,e55ed831ce8b88594eb595fd9e9bd007e6474a3a0ab7014d7af1429b51efe250,XXXXXX1774,successful
2159,948,Deborah Payne,108,15000.0,mixer grinder,home appliances,online,Mumbai,2025-11-25,4,UPI,0.35,2c30efcbcfb9511992fc794eccffe9e1ff60f6ebf6a259f128fa638977fef15a,XXXXXX2428,successful
2160,440,Tracy Sheppard,106,80000.0,sofa,furniture,online,Hyderabad,2025-08-20,1,UPI,0.4,6f59796303068fc280d79a713121e24aa075b6fe648191206affed7e6521133f,XXXXXX3396,successful
2161,283,Anna Bernard,103,1300.0,shirt,clothing,online,Chennai,2025-12-15,2,Cash,0.4,876a28ff4cc7d164a6f1c5d9e5da0cd815d9881f5de47a6cf4f47c732c2b09af,XXXXXX4842,successful
2162,868,Timothy Henderson,106,80000.0,sofa,furniture,online,Hyderabad,2025-11-11,1,Cash,0.35,f1b5203b101f9022599b48a3b2ab5b84df11f001df2ef25839a2056d931fd23c,XXXXXX8386,successful
2165,217,Eric Cross,108,15000.0,mixer grinder,home appliances,online,Bangalore,2025-09-09,4,NetBanking,0.1,5237d61b91bebbe1f34517fc22ea22dd4877b94708bdd71116c36964401ee111,XXXXXX4796,successful
2166,191,Megan Nguyen,109,65000.0,refrigerator,home appliances,offline,Bangalore,2025-04-17,2,NetBanking,0.4,5782d17758095f696a4c8bd6dc66f2d3a9fa89962e12ec8a08a50613776f4f6b,XXXXXX9888,successful
2167,560,Anthony Lawrence,103,1300.0,shirt,clothing,offline,Hyderabad,2026-04-02,3,UPI,0.15,ab06975a3ca9f219c529cd26a6c4eed9001bd4b69e079c1ce58eef6523296acc,XXXXXX7287,successful
2169,699,Kristin Hawkins,108,15000.0,mixer grinder,home appliances,online,Mumbai,2025-09-09,3,Card,0.05,e471618908bd1db4a654ac6628cd5a61768720cdd8dd4b481bef556f860b704b,XXXXXX3116,successful
2170,172,Daniel Smith,105,45000.0,tv,electronics,offline,Delhi,2025-07-18,3,Cash,0.3,8be5e4c05181899d6e1b5c95fa2dabffb0a76825f1a70537800d30c479445f0d,XXXXXX2879,successful
2171,442,Gregory Vazquez,109,65000.0,refrigerator,home appliances,offline,Chennai,2026-07-02,5,Card,0.35,f9e33b253651960603ee50c764d589573bbdd8bb01953c4cdeae0335539144d1,XXXXXX2802,successful
2172,264,Kelli Johnson,104,8000.0,shoes,clothing,offline,Bangalore,2025-09-10,1,NetBanking,0.35,3aaa6ae0a7b9a1c8b63158b1c3de5f2ac397ffd9e5820b12ded699bba5bc097b,XXXXXX6731,successful
2173,599,David Johnson,102,70000.0,phone,electronics,online,Mumbai,2025-04-21,2,UPI,0.15,e97d5d0431c0344f98cccf27bc733ceaeb3bab706046f5d42aad349020b9708f,XXXXXX4774,successful
2174,104,Amanda Castillo,110,45000.0,microwave,home appliances,online,Hyderabad,2025-09-12,3,NetBanking,0.4,5e6f5536a427d3fbd6ea71f1c859a2295451d6abc5d077109d81857dea0e543a,XXXXXX9548,successful
2175,633,Julie Jackson,102,70000.0,phone,electronics,offline,Delhi,2025-10-07,4,NetBanking,0.05,812914589c86f9387a3bbbe3486405a0cc95f00fd0708ecc66ca43a96564d053,XXXXXX3701,successful
2177,962,Sharon Wood,102,70000.0,phone,electronics,online,Mumbai,2025-07-23,3,UPI,0.25,0a216b909c49a5553ce742884688944106fb5f58dc1ccfa868f155a5fd8e7479,XXXXXX2684,successful
2178,71,Tina Bowers,109,65000.0,refrigerator,home appliances,online,Bangalore,2025-12-11,4,NetBanking,0.05,98a7716adca1f996edc88696de7be32d8e1eadde66575a25e6d1fe916c8c7935,XXXXXX6205,successful
2179,312,James Morales,109,65000.0,refrigerator,home appliances,offline,Bangalore,2025-08-27,5,NetBanking,0.15,7697edf68ba785afc16cc453a09891caef14153124fc1ee23b2c155ae383a092,XXXXXX0000,successful
2180,301,Alexandra Nguyen,109,65000.0,refrigerator,home appliances,online,Delhi,2025-12-06,2,Card,0.05,723fd3dd13fe8fb910e1d9c1f038e2882824b82970576b970d2da2a7ab65ba74,XXXXXX9566,successful
2181,198,Carrie Houston,101,250000.0,laptop,electronics,online,Chennai,2025-12-28,3,Card,0.05,de4bb8f258077babfb8c305f90f76e2be85682a12b975e11a98fdc8c93188546,XXXXXX2807,successful
2182,748,Sabrina Hopkins,101,250000.0,laptop,electronics,online,Chennai,2025-12-08,1,Cash,0.1,68289ddb5d3f8668d4d7b504b76fffefef99f8262157a9a475095dc72307dd72,XXXXXX4790,successful
2183,585,Clifford Hayes,107,50000.0,dining table,furniture,offline,Delhi,2025-11-13,1,Cash,0.2,e5d9fa281a253d55b442c9c98bb9b4a13e7f115b9aec14e65c98eef05cf8f86f,XXXXXX1942,successful
2184,519,Kylie Ferguson,109,65000.0,refrigerator,home appliances,offline,Bangalore,2026-03-07,5,Card,0.2,4c81b180d2a379c1c946777a71bebafae168504f7c617bdc64f34dfb9576d6ca,XXXXXX6178,successful
2185,71,Tina Bowers,108,15000.0,mixer grinder,home appliances,online,Bangalore,2026-02-19,2,Card,0.3,98a7716adca1f996edc88696de7be32d8e1eadde66575a25e6d1fe916c8c7935,XXXXXX6205,successful
2186,409,Elizabeth Watson,110,45000.0,microwave,home appliances,offline,Bangalore,2025-11-09,3,Cash,0.2,1c1c4f8a987877603b2546504a87f3d0a3167ce6c09bab3419ca3ed2ffda889d,XXXXXX5929,successful
2187,232,Joel Reid,108,15000.0,mixer grinder,home appliances,online,Chennai,2026-02-03,4,UPI,0.25,d4251670d710a9b946663ee7ee10add0b23fe4308fa2e1b5025d590280551912,XXXXXX5220,successful
2188,53,John Bridges,110,45000.0,microwave,home appliances,offline,Hyderabad,2026-04-14,5,Card,0.2,0d96493f4e42ecb00a0c478d165f9153611d69ba81d3610952c5ec165bc7c680,XXXXXX8917,successful
2189,534,Deborah Lopez,101,250000.0,laptop,electronics,online,Delhi,2025-11-06,3,Card,0.2,6eb794af9739e0e2bbb59efc35e83248e1af5804c4c91ebdbd118883d3e8fcf7,XXXXXX1818,successful
2191,917,Alexandria Marks,107,50000.0,dining table,furniture,online,Hyderabad,2025-09-04,1,Card,0.2,aa68c27cb1ccf0b9000a765c327f734d7b818f61c3b848d9bb13733a5cdf8fff,XXXXXX3519,successful
2192,221,David Hart,105,45000.0,tv,electronics,online,Hyderabad,2025-07-17,1,Card,0.25,238383abbb4a9e8e416ff04a533b1cba4cbae9bb4db86fa7c75a3d6546639fe5,XXXXXX1312,successful
2193,567,Benjamin Peters,109,65000.0,refrigerator,home appliances,offline,Bangalore,2025-04-17,3,Card,0.15,60a1d0627dbc26ecfff84f406c648fa5056e049e0375210bcfff0763ce67bd2e,XXXXXX8438,successful
2195,852,Morgan Lewis,105,45000.0,tv,electronics,offline,Mumbai,2026-01-07,4,Cash,0.1,5c6818ab42c84d363fa29dc24c7d4c7294aedf286935dbc01bc1720099e48ba5,XXXXXX4387,successful
2196,222,Emily Hernandez,108,15000.0,mixer grinder,home appliances,offline,Delhi,2025-01-09,2,Card,0.35,36cb6b29605f90a285321306ac65b8d1dc2bae5db5f3f0c3bf6d475b13d07355,XXXXXX8256,successful
2197,176,Robin Scott,103,1300.0,shirt,clothing,online,Chennai,2025-05-22,4,Cash,0.15,7319c418f39e26bf651c2c8211d8e9b17776aa14f8f9a3dd323256c9a7560182,XXXXXX0905,successful
2198,687,Robert Estrada,101,250000.0,laptop,electronics,offline,Hyderabad,2026-01-16,4,NetBanking,0.2,c3247b8e7d93f18177755e97012815788f24b57e3afc4d29cce01c6e38304046,XXXXXX9773,successful
2199,16,Cesar Dean,105,45000.0,tv,electronics,offline,Bangalore,2026-08-02,3,Card,0.15,e9921811fdd4ce066b7c5824562a61c9e947e7166c6717929e2e8529a5b486c8,XXXXXX5103,successful
2200,384,Jeffrey Williams,101,250000.0,laptop,electronics,offline,Mumbai,2025-08-09,5,UPI,0.05,ef2ab7e7b184014bcca5540db2dee0084ef46b86e8140d906add98d9c3c91ec8,XXXXXX1749,successful
2201,479,Tracy Underwood,109,65000.0,refrigerator,home appliances,online,Chennai,2025-06-10,4,Cash,0.2,bda7252f8e3865672ae89dfd7af5f51421cdee140e419e17385708aeca48ed09,XXXXXX5808,successful
2202,17,Duane Hall,102,70000.0,phone,electronics,online,Bangalore,2025-07-08,4,NetBanking,0.35,ebb6c6dfe3b541831f15161769c5bf41b8bbb024f6411827b053836ce821ec5c,XXXXXX1149,successful
2203,142,Charles Brown,108,15000.0,mixer grinder,home appliances,online,Hyderabad,2025-05-04,2,Card,0.35,dd8e7e1212fb3dadf7d88f50f3662b130bb9658196408112c7b3c2319d2f2159,XXXXXX6322,successful
2204,865,Jessica Patterson,104,8000.0,shoes,clothing,offline,Hyderabad,2026-10-02,2,UPI,0.35,e3592139e35c685053cfae7009c4f6e4c20ba3034c91d18a59d67a907a108aad,XXXXXX0460,successful
2205,656,Adam White,109,65000.0,refrigerator,home appliances,offline,Hyderabad,2026-06-03,1,NetBanking,0.25,448ef813a5248beb5d33c9eff9267e91e6bddb7e0572bb3132d06cf5ad916419,XXXXXX8407,successful
2206,199,Marissa Cortez,105,45000.0,tv,electronics,offline,Chennai,2025-07-17,1,NetBanking,0.15,2c5db219cebb5d80609890f8e9f2eb58d52eb5ec02f28ae238561e3a3f8c4ee2,XXXXXX0400,successful
2207,345,Kathy Smith,107,50000.0,dining table,furniture,offline,Chennai,2025-05-01,2,Cash,0.05,961223bbefe9d0c8f7cc54cbbc702ea286d4d1dae243d3f8cdc2bd45e2f4b6b5,XXXXXX5171,successful
2208,845,Sara Smith,110,45000.0,microwave,home appliances,online,Chennai,2025-10-28,2,NetBanking,0.25,b7b1e934efd61e751e05f496ca45a16459c27296e3ba828c0cbee46f0c3534eb,XXXXXX0226,successful
2209,277,Robert Baker,108,15000.0,mixer grinder,home appliances,offline,Hyderabad,2025-12-21,2,UPI,0.2,1a5a39e89ef015697e481a71caf9100d2df5d7fcc357064c076577d9b4eac353,XXXXXX9651,successful
2210,52,David Hernandez,106,80000.0,sofa,furniture,online,Mumbai,2025-06-21,5,Card,0.4,9b82d5cceae5bfca42eb719b58003af6a0b4b422d227fdeb3e7ff72affaa1087,XXXXXX2999,successful
2211,548,Jesse King,110,45000.0,microwave,home appliances,offline,Mumbai,2025-04-28,5,Card,0.4,525da10228f4d7aec9323c70e9c6bf454a59d2e542db2987cac25ff0e353ef16,XXXXXX3975,successful
2212,247,David Cherry,102,70000.0,phone,electronics,online,Bangalore,2025-04-17,4,UPI,0.2,9c946e82b017f71f88ecc7ddf6421114d33c5f765b7b0aa6f84fddf198c758ed,XXXXXX9339,successful
2213,363,Leonard Travis,103,1300.0,shirt,clothing,offline,Delhi,2025-05-16,1,Card,0.3,931d48b3582e271bcc47c98ec02ea48136b7661fcaecc6b949402d939233e531,XXXXXX0472,successful
2214,947,Gabriel Golden,102,70000.0,phone,electronics,offline,Mumbai,2025-08-05,2,Card,0.1,5d303e9f7f4abdf43f20290d19c7b53e13a4eff6e803b2a3a8597cf99724643d,XXXXXX7330,successful
2215,626,Tyler Martinez,107,50000.0,dining table,furniture,online,Hyderabad,2025-08-26,1,Card,0.05,42933ff4c17b19688855d962071de4d9a80f609086b10e37e1165348b69b1b3f,XXXXXX7616,successful
2216,608,Amanda Wade,106,80000.0,sofa,furniture,offline,Delhi,2025-07-26,4,NetBanking,0.2,1bf1504b4e98ae77c9ec2f86872d5e487555b40f4d8bb35ca42eca67303ffbc4,XXXXXX8038,successful
2217,263,Joshua Anderson,101,250000.0,laptop,electronics,online,Hyderabad,2026-02-28,2,Card,0.15,6aac9df6376ca8fcb39e97e55e37ad12784b0c6ef41160622f87eaa9e976c8ec,XXXXXX8142,successful
2219,917,Alexandria Marks,105,45000.0,tv,electronics,online,Hyderabad,2025-12-06,2,Card,0.15,aa68c27cb1ccf0b9000a765c327f734d7b818f61c3b848d9bb13733a5cdf8fff,XXXXXX3519,successful
2220,761,Larry Yates,103,1300.0,shirt,clothing,offline,Chennai,2026-03-26,2,UPI,0.05,ed783a25678a9bbe65dc5410b4471b0c83492a486ba8e7dfc3fc08f71da8bec0,XXXXXX1557,successful
2221,618,Alan Torres,110,45000.0,microwave,home appliances,online,Chennai,2025-08-20,1,UPI,0.4,3c4a253fedb370c969f1d7bb815eb1bd3e05ca768a5381eae01ce92957eca220,XXXXXX3305,successful
2222,987,Daniel Harper,102,70000.0,phone,electronics,online,Delhi,2025-08-01,3,Cash,0.35,6e54d96bc2dd7786b39b68c1fe203128158ff583fc7f48158d74a342cb4c76aa,XXXXXX1659,successful
2223,131,Pamela Peterson,103,1300.0,shirt,clothing,online,Bangalore,2025-07-29,2,Cash,0.2,28b8883658580d5d23c90b08b705f71911fc97ba36150f89090da069e07ec881,XXXXXX8147,successful
2225,368,Emily Scott,103,1300.0,shirt,clothing,online,Mumbai,2025-08-26,3,Cash,0.15,3d25dd5d7c199750096763cdaeed68f87a7b1787eb721495e9bee99ca4740c63,XXXXXX9634,successful
2226,622,Hannah Bell,110,45000.0,microwave,home appliances,offline,Chennai,2025-11-07,2,UPI,0.2,f9a7b53c5a0c8bffbb60f208d576478ea8350650f24caa62f5eebede496e680c,XXXXXX1523,successful
2227,37,Joshua Nunez,105,45000.0,tv,electronics,online,Mumbai,2025-07-12,2,Cash,0.35,72837615be7d1b08611790f3f3ff8f99b0a3cde6c646c7e7fc540a8e81120c3f,XXXXXX8785,successful
2229,310,Lee Brown,109,65000.0,refrigerator,home appliances,online,Mumbai,2025-04-16,2,NetBanking,0.1,2d9fb74f6d5ab1d053c1670d22709c48d312b2e4c69e3d180515a43db019fd00,XXXXXX3316,successful
2230,585,Clifford Hayes,103,1300.0,shirt,clothing,online,Delhi,2025-06-23,4,Card,0.4,e5d9fa281a253d55b442c9c98bb9b4a13e7f115b9aec14e65c98eef05cf8f86f,XXXXXX1942,successful
2231,886,Ashley Gamble,102,70000.0,phone,electronics,offline,Bangalore,2025-11-05,3,UPI,0.4,90027d531b8207d03addea3f900c3413cc99111e0319e4104a5156cd7d6954e3,XXXXXX3316,successful
2232,592,Timothy Medina,102,70000.0,phone,electronics,online,Delhi,2025-10-07,2,Cash,0.2,cd9282215d61733f3e44cbecd97ece549a11194632475037329882d94141cc4c,XXXXXX8501,successful
2233,453,Sarah Brown,103,1300.0,shirt,clothing,offline,Delhi,2025-10-16,4,Card,0.3,48d1d5ab75bf5a22719296b8582738726beaeed19728f0487fe637ef8cc12fca,XXXXXX5841,successful
2234,899,Whitney Avila,107,50000.0,dining table,furniture,online,Delhi,2025-11-25,1,Card,0.15,c9edf608ce0d388914a91fd598f7e3f783f0dd84d708edc086a410533891d522,XXXXXX3615,successful
2235,408,Hannah Russell,107,50000.0,dining table,furniture,online,Hyderabad,2025-07-28,3,Card,0.1,8230562eba285745b6a0676f4f6fce1e6404ee6ce387bba4bced74069dad9b18,XXXXXX3608,successful
2236,865,Jessica Patterson,110,45000.0,microwave,home appliances,online,Hyderabad,2025-08-18,5,UPI,0.05,e3592139e35c685053cfae7009c4f6e4c20ba3034c91d18a59d67a907a108aad,XXXXXX0460,successful
2237,100,Thomas Walker,110,45000.0,microwave,home appliances,online,Delhi,2025-08-26,2,Cash,0.35,d00b3292df7fa2825d9d19980e8e31e35fb24759ce09f0c87030404e26a3faaf,XXXXXX4824,successful
2238,767,John Farmer,101,250000.0,laptop,electronics,online,Mumbai,2025-04-27,1,UPI,0.4,9fc50fc1f8ad5cfaa98c68e89237ec12ee8d5fa6c20a2ae9e72d9e2cb3e7797e,XXXXXX7080,successful
2239,647,Michelle Conway,110,45000.0,microwave,home appliances,online,Chennai,2025-06-11,1,Card,0.1,d3994be131c88b29ab7e545fad47a57ba24fdee3aac21457787edfaa61dc5790,XXXXXX9105,successful
2240,11,James Leblanc,108,15000.0,mixer grinder,home appliances,online,Delhi,2025-06-03,1,UPI,0.4,94996625068723cbf9e80a28bce46f1407ffcf1cdcbce738bcb8fdb01580e696,XXXXXX0360,successful
2241,883,Charles David,101,250000.0,laptop,electronics,online,Delhi,2026-01-11,5,UPI,0.2,6c164b15e77002bde0c041e0267f3f33643d1924c7dbb78f54898621bd8eaa08,XXXXXX7922,successful
2242,488,Kathy Henry,109,65000.0,refrigerator,home appliances,offline,Chennai,2025-07-13,3,NetBanking,0.05,2b629d6305d99485be4c6622a33404bfa1efc1b446c3b3b841544db2af4c0e7d,XXXXXX7501,successful
2243,888,Jade Garza,102,70000.0,phone,electronics,offline,Hyderabad,2025-10-04,2,Card,0.1,629873393d19cb75131bb72584af1e59868a0cbf812a72d967b858d49358424b,XXXXXX5623,successful
2244,348,James Nash,110,45000.0,microwave,home appliances,offline,Chennai,2025-06-20,5,UPI,0.3,d267e2659aadead31909b31b81ead73645ac2e7a5910a96f039e54f76a297d74,XXXXXX6437,successful
2245,119,Dana Castro,104,8000.0,shoes,clothing,offline,Delhi,2025-09-16,1,Cash,0.1,f3d6a29279135dc25a3dacec37f5cb26b749fa5af90e2e1eabadea38ada6568a,XXXXXX1072,successful
2246,932,Jessica Harrell,105,45000.0,tv,electronics,offline,Hyderabad,2025-07-08,4,NetBanking,0.1,63bd5afa54cee1c31d5ef12fe5dc140663086690973e47ebb7a52d2763e1fe51,XXXXXX1025,successful
2247,161,Christopher Davis,102,70000.0,phone,electronics,offline,Mumbai,2025-06-03,3,NetBanking,0.1,c5abd8e0a5d2b758b1e750c237a5acc2f7a282bf30282db9913405d999d725ae,XXXXXX5633,successful
2248,988,John Thomas,101,250000.0,laptop,electronics,online,Delhi,2025-05-17,1,UPI,0.25,9137fdca7f564c9993f78c995a679bbe6e035b9342ff4626bc724be8c1797670,XXXXXX9139,successful
2250,701,Dylan Stanley,103,1300.0,shirt,clothing,online,Mumbai,2025-07-05,5,Card,0.2,974f7f67495c81357ec6b5b9421599edf04b9dba6cec20b26ef38adcf9d5ad0e,XXXXXX1562,successful
2251,314,Paul Gonzales,109,65000.0,refrigerator,home appliances,offline,Hyderabad,2025-08-12,5,Card,0.15,00d4ffedb1c5c280672ff283988c048fe7241076ffecdb0dc5a14c49c1a07eb9,XXXXXX4983,successful
2252,538,Haley Henderson,105,45000.0,tv,electronics,online,Bangalore,2026-02-24,5,NetBanking,0.25,6e32dab411d44f761105368545dded7e8c4e3ef77c8c9e95db2a842fbbc8250a,XXXXXX6076,successful
2253,467,Tommy Brown,108,15000.0,mixer grinder,home appliances,offline,Chennai,2025-05-16,2,Cash,0.05,463a8ea13c9cb2f1e401450a560e449203e461bf08383abc6c2a22d0753db494,XXXXXX3392,successful
2254,873,Tracy Bass,105,45000.0,tv,electronics,online,Hyderabad,2025-05-09,4,Card,0.1,0316e141aed4d0c833de7cbf0254ea2e03778e391e037dbce5af3413b35279db,XXXXXX8034,successful
2255,198,Carrie Houston,104,8000.0,shoes,clothing,online,Chennai,2026-03-26,3,Cash,0.15,de4bb8f258077babfb8c305f90f76e2be85682a12b975e11a98fdc8c93188546,XXXXXX2807,successful
2256,485,James Harris,109,65000.0,refrigerator,home appliances,offline,Delhi,2025-04-24,4,Cash,0.15,b4add930b3e517d8f0b5c7ece3568bd22fdff0adfec268dc5aa5d2cdbf971213,XXXXXX7157,successful
2257,819,Daniel Vang,109,65000.0,refrigerator,home appliances,offline,Chennai,2025-05-29,3,NetBanking,0.15,fe669b97d4a5a0c559cc69fc072bc0b6e436ad54124b9168de45f62b51748b48,XXXXXX9771,successful
2259,641,Andre Rodriguez,107,50000.0,dining table,furniture,offline,Bangalore,2025-04-29,4,UPI,0.4,c55d2d65e5cda91bfec4ebd508c6535d9a8b57ead1db7c8d3a258b14c3da46b4,XXXXXX3170,successful
2260,444,Diamond King,108,15000.0,mixer grinder,home appliances,offline,Bangalore,2025-10-20,1,Card,0.25,72a458920402c702ef899e8a177be24cfb69375439e5523d63fe10ebe860cacc,XXXXXX1887,successful
2261,77,Robert Diaz,104,8000.0,shoes,clothing,offline,Hyderabad,2026-03-10,4,NetBanking,0.35,529bd4969fc178139bcd315998e4b4095d1b761d259aad6c017703d506f8d032,XXXXXX6645,successful
2262,325,Theresa Villarreal,105,45000.0,tv,electronics,online,Bangalore,2025-09-04,2,NetBanking,0.35,dfc0fbd2a0f798da6ebe3d7c0ae5b6958316581af9e5735b53dddc4e722767e1,XXXXXX2924,successful
2263,130,Bailey Smith,102,70000.0,phone,electronics,offline,Hyderabad,2026-01-20,2,Cash,0.2,a1127b790235a08d62de8cdb9142a1ce9ab8388b05f95145b9ac48a2c7b0ea0d,XXXXXX1953,successful
2264,833,Shawn Cooper,101,250000.0,laptop,electronics,online,Chennai,2025-10-24,2,Card,0.2,e8733fbd40f3a4a51a10259a9c2f0161ca67d1dcefce971015385fbbc305bd8a,XXXXXX9509,successful
2265,939,Megan Tran,105,45000.0,tv,electronics,online,Hyderabad,2025-10-12,2,Cash,0.3,3a41fcf9e0a4af7c7c6d6430212e7e287de0012479c6d73b5c5474b99e3923bb,XXXXXX9384,successful
2266,937,Nicole Woods,107,50000.0,dining table,furniture,online,Mumbai,2025-09-08,4,UPI,0.15,222801174f3e68d9dba2b85c643ab89edc17c4c64dbeababa062c61b3966b69a,XXXXXX9075,successful
2267,802,John Mills,110,45000.0,microwave,home appliances,online,Bangalore,2025-07-27,2,Card,0.3,8661b20bc9ab8763b0823d66e41c5c42e9a7e5f16c054be7fc9982119ed51c65,XXXXXX8815,successful
2268,280,David Morales,102,70000.0,phone,electronics,offline,Delhi,2025-08-06,5,Cash,0.35,f11f8efc1cc667d06bf4d4d74f7c3e21db9b9caad2a3aad9fe51520e6c98a806,XXXXXX1730,successful
2270,348,James Nash,104,8000.0,shoes,clothing,online,Chennai,2026-11-04,1,UPI,0.4,d267e2659aadead31909b31b81ead73645ac2e7a5910a96f039e54f76a297d74,XXXXXX6437,successful
2271,30,Todd Harding,108,15000.0,mixer grinder,home appliances,offline,Hyderabad,2025-07-25,1,NetBanking,0.15,6b15d5dcd8573cdd1ad248f296efc296f69e76e184df00215adc2e043b88d681,XXXXXX4621,successful
2272,942,Melissa Wilkerson,101,250000.0,laptop,electronics,offline,Chennai,2025-08-15,1,Cash,0.4,745255d1be8eb834ca43f3ac1084ef6d88d237295a71cc13d6d2605fe11c08ae,XXXXXX0620,successful
2273,746,James Meyer,103,1300.0,shirt,clothing,online,Bangalore,2025-06-19,5,Card,0.2,294abc118bbadcc6ff78705861aed6a25232fd1f426f2bcbb4c0f3d60f2cfaa4,XXXXXX5357,successful
2276,241,James Gonzales,109,65000.0,refrigerator,home appliances,offline,Chennai,2025-07-19,5,Cash,0.3,866988245ad72c7145dc4839143d10d0237dabbc66509feb649f2b30c922be18,XXXXXX9128,successful
2277,311,Juan Murphy,107,50000.0,dining table,furniture,online,Bangalore,2025-07-05,5,Cash,0.2,51d163013824714cc3d173b26c90f18906fd7b7eda9f4f0f234e243b0f76afe5,XXXXXX7160,successful
2278,35,Guy Walker,107,50000.0,dining table,furniture,offline,Chennai,2026-02-26,4,UPI,0.15,0f2a0caf336487af8d4ae49a83083e32c2537265969e849b1e76d6e6b9b91d71,XXXXXX0611,successful
2279,788,William Wright,102,70000.0,phone,electronics,offline,Bangalore,2025-05-26,5,Card,0.3,9549234d8c813d49d9207b55137f3a303aaa67a2d976eb09807531443ca17374,XXXXXX5393,successful
2280,692,Paige Brown,106,80000.0,sofa,furniture,online,Bangalore,2026-03-07,5,Cash,0.15,19c66f0c05ca813a58b9de8e8bddbdc88a628a01c2be6c19c51a9d808d9a3a4a,XXXXXX7367,successful
2281,745,Jennifer Weeks,108,15000.0,mixer grinder,home appliances,offline,Hyderabad,2025-12-04,2,NetBanking,0.4,badc3e46ccdf90c2e5cb1170bdad31cfb226bc70313755e2a2a7323fc3458672,XXXXXX2095,successful
2282,692,Paige Brown,105,45000.0,tv,electronics,offline,Bangalore,2025-09-17,3,UPI,0.05,19c66f0c05ca813a58b9de8e8bddbdc88a628a01c2be6c19c51a9d808d9a3a4a,XXXXXX7367,successful
2283,285,Amanda Anderson,105,45000.0,tv,electronics,online,Chennai,2025-04-24,5,UPI,0.3,b16f4e6d8be3b6bfd68203c6498a14c19a23148a6faa7159900571cfda9889db,XXXXXX0174,successful
2285,919,Stephanie White,105,45000.0,tv,electronics,offline,Mumbai,2025-09-24,1,NetBanking,0.4,a0c01bacc88672b864d9db609a806648b64daf05eda679274108452b64230b58,XXXXXX8517,successful
2287,829,Jeffery Perez,108,15000.0,mixer grinder,home appliances,offline,Mumbai,2025-11-07,2,Card,0.25,b828d3a496c2f08d58b79553d56020bd7ad49db0a8c636a5d8dcd161598106f5,XXXXXX9348,successful
2288,419,William Taylor,102,70000.0,phone,electronics,offline,Bangalore,2025-05-02,4,Cash,0.3,c13f78cae738f825d7b64d4c5254bec5ceac166e17e875a1f9791604de315b23,XXXXXX7668,successful
2289,295,Samuel Decker,104,8000.0,shoes,clothing,online,Mumbai,2025-10-27,4,NetBanking,0.2,7301bc79347bfc4125e022f75880e5973eda2f667573ac194466336ccfec9bc4,XXXXXX4676,successful
2290,119,Dana Castro,106,80000.0,sofa,furniture,online,Delhi,2025-09-19,3,Cash,0.15,f3d6a29279135dc25a3dacec37f5cb26b749fa5af90e2e1eabadea38ada6568a,XXXXXX1072,successful
2291,435,Wendy Robinson,107,50000.0,dining table,furniture,online,Delhi,2026-01-05,1,Card,0.3,c96db1c3fb5dcbb76de4dea884c75221dcdccf50f2d1e2c550cc89827aa9ff9e,XXXXXX4454,successful
2292,364,Kelly Graves,109,65000.0,refrigerator,home appliances,online,Bangalore,2025-07-24,3,UPI,0.4,72120a480226289750b248cb09ce58347c57737b11e4d484dcff5d9fc422026c,XXXXXX0043,successful
2293,909,Jacqueline Frye,109,65000.0,refrigerator,home appliances,offline,Chennai,2025-07-07,2,NetBanking,0.2,b7bc3ad91c34dcb7476112d46b58931728e9eb5ffa97ec91dbfb9a379eb57a22,XXXXXX2895,successful
2294,27,Ashley Simpson,102,70000.0,phone,electronics,online,Chennai,2025-07-28,3,UPI,0.1,e6edf61ee79d5215b3e080ebc172859c467c7801fa97e8683692c77e1f804cf5,XXXXXX5505,successful
2295,798,Amber Murphy,110,45000.0,microwave,home appliances,offline,Hyderabad,2026-03-12,2,Cash,0.3,05a5b0575faa38d0083c52d65db172c373dcbeb1905f9972fc2165cadc42529b,XXXXXX9807,successful
2296,131,Pamela Peterson,103,1300.0,shirt,clothing,offline,Bangalore,2026-03-04,4,Cash,0.25,28b8883658580d5d23c90b08b705f71911fc97ba36150f89090da069e07ec881,XXXXXX8147,successful
2297,247,David Cherry,106,80000.0,sofa,furniture,online,Bangalore,2025-07-18,1,NetBanking,0.35,9c946e82b017f71f88ecc7ddf6421114d33c5f765b7b0aa6f84fddf198c758ed,XXXXXX9339,successful
2298,22,James Walters,109,65000.0,refrigerator,home appliances,online,Chennai,2025-10-19,5,Cash,0.1,ec2d6f294e97b0d6857fb8bbfc52cef910731d7835d27fa3c1b6b9ec432764c2,XXXXXX4842,successful
2299,340,Paul Smith,103,1300.0,shirt,clothing,offline,Chennai,2026-06-04,2,UPI,0.35,c40a366eb2fa03194e614944798867cf5c7244365c93833356fad520f7890a5f,XXXXXX9550,successful
2300,958,Joshua West,106,80000.0,sofa,furniture,online,Hyderabad,2026-02-20,5,Card,0.4,499324bcc0ec6ef7343a258348be6a52e8d0b1b120d46a8d858dc815cf69dc9b,XXXXXX2265,successful
2302,323,Victoria Phillips,110,45000.0,microwave,home appliances,offline,Hyderabad,2026-01-20,5,UPI,0.25,efb886dfcda463d9db025884f2bf890bdc5a9dd08f82cde9dabbd1248637af70,XXXXXX0994,successful
2303,42,Michael Swanson,105,45000.0,tv,electronics,offline,Hyderabad,2025-08-14,2,Cash,0.4,2615f974566f2ecc01a92b6411128e01a981c9c884e0f7408bdac3eace0809b1,XXXXXX2466,successful
2304,423,Mary Cooke,105,45000.0,tv,electronics,online,Hyderabad,2026-03-07,5,Cash,0.1,d531ac6a9036ee04fcbb105d21d0ef8c589c1a0f0cdd9a0a34b74e4bf7ea6416,XXXXXX8855,successful
2305,379,Andres Stokes,107,50000.0,dining table,furniture,online,Mumbai,2025-12-23,5,UPI,0.25,59712e06dd3e791240c47f488e2c650aa5ddc83e591941a2ffb887bcf2b88c93,XXXXXX0361,successful
2306,488,Kathy Henry,101,250000.0,laptop,electronics,online,Chennai,2025-11-25,5,NetBanking,0.2,2b629d6305d99485be4c6622a33404bfa1efc1b446c3b3b841544db2af4c0e7d,XXXXXX7501,successful
2308,975,Jacqueline Doyle,108,15000.0,mixer grinder,home appliances,offline,Hyderabad,2025-06-21,3,UPI,0.35,afc12ad7c2b1d3b34e95b56e4b2cdf43e6f7a3cc2bb9f33f4493186fa4a36b13,XXXXXX0490,successful
2309,990,Carmen Bradford,107,50000.0,dining table,furniture,online,Hyderabad,2025-08-12,5,Card,0.2,ed679fd2d784793a06915589f5beb9ad46003875492eb5424b4337bc9483eab0,XXXXXX4862,successful
2310,488,Kathy Henry,107,50000.0,dining table,furniture,offline,Chennai,2025-05-18,2,Cash,0.35,2b629d6305d99485be4c6622a33404bfa1efc1b446c3b3b841544db2af4c0e7d,XXXXXX7501,successful
2311,37,Joshua Nunez,107,50000.0,dining table,furniture,offline,Mumbai,2025-06-01,2,Cash,0.1,72837615be7d1b08611790f3f3ff8f99b0a3cde6c646c7e7fc540a8e81120c3f,XXXXXX8785,successful
2312,691,Clayton Miles,109,65000.0,refrigerator,home appliances,online,Mumbai,2025-05-03,4,Card,0.4,5e8ba638d2fa9cba5d254b2244d8643b146061a6693e2dd45233ecd21e0b6121,XXXXXX4137,successful
2313,116,Doris Banks,102,70000.0,phone,electronics,offline,Delhi,2025-12-25,4,Card,0.05,0ab053522f3e30c644abf74fd2cce89243b25a4fbe2daf1d08b62910de7a182e,XXXXXX6106,successful
2315,235,Robyn Rodriguez,103,1300.0,shirt,clothing,offline,Mumbai,2026-01-09,2,Card,0.15,b9cc8dcc66031e3331562caa85d5133f594c2c98e8851bfb6e69f30f88e78ec0,XXXXXX9697,successful
2316,885,Alexander Jacobs,106,80000.0,sofa,furniture,online,Delhi,2025-12-31,1,Card,0.4,bbc943ea62c40ef117d693f96b313fee57d243b6d00e1a077561d5874fc496d9,XXXXXX6172,successful
2317,227,Tracey Garcia,110,45000.0,microwave,home appliances,offline,Bangalore,2025-07-26,5,NetBanking,0.3,0886d39fbead9b166c433edfd15e49260490dbaee3d9d015851ef630af5c9c41,XXXXXX6120,successful
2318,807,Steven Li,101,250000.0,laptop,electronics,offline,Mumbai,2025-11-14,3,NetBanking,0.2,5b5169307df8d1d47a7cb18c97b70ed9777a7fbb19eaa99e70a799f8e78b9ccd,XXXXXX2530,successful
2319,192,Nina Robinson,106,80000.0,sofa,furniture,online,Bangalore,2026-01-22,2,Card,0.1,222c27986390f5ea914ddd23b266a931ae771fbc400588afaa384cd7ec3d1302,XXXXXX7116,successful
2320,618,Alan Torres,103,1300.0,shirt,clothing,online,Chennai,2026-01-29,1,NetBanking,0.3,3c4a253fedb370c969f1d7bb815eb1bd3e05ca768a5381eae01ce92957eca220,XXXXXX3305,successful
2321,824,Michael Vaughn,102,70000.0,phone,electronics,online,Chennai,2026-01-12,2,UPI,0.15,84ca4a341dc37de6ff69d92bd30ccd43c2e33f17e505a6208b36bc69ab68fd7b,XXXXXX8745,successful
2322,763,David Howard,104,8000.0,shoes,clothing,online,Delhi,2025-10-06,1,UPI,0.35,63243b95cc98e32e940dcf88ef6afda17654f3e50c9412fe53075bc596129b10,XXXXXX3189,successful
2323,172,Daniel Smith,101,250000.0,laptop,electronics,online,Delhi,2025-04-22,4,Card,0.3,8be5e4c05181899d6e1b5c95fa2dabffb0a76825f1a70537800d30c479445f0d,XXXXXX2879,successful
2324,558,Bryan Phelps,101,250000.0,laptop,electronics,online,Chennai,2026-03-12,3,UPI,0.2,535ff4df6f44adeeb410da41f1c510a9fb62e0c5a02ef7e20b2b0bfc9bdf6363,XXXXXX3862,successful
2325,560,Anthony Lawrence,101,250000.0,laptop,electronics,online,Hyderabad,2025-08-19,1,NetBanking,0.2,ab06975a3ca9f219c529cd26a6c4eed9001bd4b69e079c1ce58eef6523296acc,XXXXXX7287,successful
2326,408,Hannah Russell,102,70000.0,phone,electronics,online,Hyderabad,2025-07-18,4,Card,0.1,8230562eba285745b6a0676f4f6fce1e6404ee6ce387bba4bced74069dad9b18,XXXXXX3608,successful
2327,187,Timothy Salazar,107,50000.0,dining table,furniture,online,Bangalore,2026-01-19,1,Card,0.2,1bc180c6af17a37f3f22db599b516ed11b9cf3e22d55a5448cd0da342ea8c1c2,XXXXXX1410,successful
2328,150,Donald Bradley,105,45000.0,tv,electronics,offline,Mumbai,2025-10-16,5,Cash,0.4,b074363965b7c108071097f2f56509c52f7c62645b15bfe660391a7ab8d8692f,XXXXXX9420,successful
2330,927,Bradley Sparks,109,65000.0,refrigerator,home appliances,online,Chennai,2025-11-21,1,Card,0.4,a024997c5651f4411537ebb806814534febcace615b62465d94f79bb8ebae92f,XXXXXX0514,successful
2331,550,Raymond Martinez,107,50000.0,dining table,furniture,online,Chennai,2025-06-21,5,Cash,0.35,e02061a735abe9b0b49ac07f0fb676491345a3d24a3687d096f48abc364e8b22,XXXXXX9650,successful
2332,672,Austin Perez,108,15000.0,mixer grinder,home appliances,offline,Delhi,2025-02-06,5,UPI,0.3,b439538e82950d728515c34222fee5ad741082238512d612412a1abe1792d30f,XXXXXX4218,successful
2333,948,Deborah Payne,102,70000.0,phone,electronics,offline,Mumbai,2025-04-24,4,Card,0.3,2c30efcbcfb9511992fc794eccffe9e1ff60f6ebf6a259f128fa638977fef15a,XXXXXX2428,successful
2334,340,Paul Smith,109,65000.0,refrigerator,home appliances,offline,Chennai,2025-12-18,5,Card,0.15,c40a366eb2fa03194e614944798867cf5c7244365c93833356fad520f7890a5f,XXXXXX9550,successful
2335,348,James Nash,104,8000.0,shoes,clothing,online,Chennai,2025-08-21,4,Card,0.25,d267e2659aadead31909b31b81ead73645ac2e7a5910a96f039e54f76a297d74,XXXXXX6437,successful
2336,428,Michelle Rogers,107,50000.0,dining table,furniture,offline,Bangalore,2026-01-29,1,Cash,0.25,c8408b50105d8e82276f0fab5af0b23581040f8ab9feb2dbb3397f4de0f67e85,XXXXXX0299,successful
2337,709,Mike Roberts,108,15000.0,mixer grinder,home appliances,offline,Hyderabad,2026-10-04,4,UPI,0.3,ef943fae8a173f5adfdc9ee0c56d587d99983a00c68174e51c8cd4fffe84aea2,XXXXXX5792,successful
2338,103,Mathew Perkins,101,250000.0,laptop,electronics,online,Delhi,2026-01-20,2,UPI,0.25,ecc6cd94b8ef58c5b2a7afe6816001e8f75deccfae255804cde85659d32e7621,XXXXXX8766,successful
2339,100,Thomas Walker,109,65000.0,refrigerator,home appliances,offline,Delhi,2026-04-16,4,NetBanking,0.4,d00b3292df7fa2825d9d19980e8e31e35fb24759ce09f0c87030404e26a3faaf,XXXXXX4824,successful
2340,521,Christopher Colon,110,45000.0,microwave,home appliances,offline,Hyderabad,2026-12-04,5,NetBanking,0.3,47f5134e257892ae9e4a3a8c252e447950bfa6b0eef7124d92224c2893ef6b34,XXXXXX9928,successful
2341,457,Cathy Harris,104,8000.0,shoes,clothing,offline,Hyderabad,2026-03-31,4,UPI,0.3,50ae2f3087f040cb08fb469964bd35e3fda48e18b7f834d2fa7e982e7593b5ba,XXXXXX7576,successful
2342,781,Connor Farrell,110,45000.0,microwave,home appliances,online,Mumbai,2025-05-14,1,UPI,0.15,dcac40670925c8a746cfecda06268015ad21d111074a4e5cc82cd08b812b389a,XXXXXX3407,successful
2343,441,Austin Bowman,104,8000.0,shoes,clothing,online,Bangalore,2025-01-11,2,UPI,0.05,1a71778c1e6eaccd60bbd80b7acdb265a733aadd42b7358c3b2b5f3b7059e155,XXXXXX5527,successful
2344,495,John Cummings,109,65000.0,refrigerator,home appliances,online,Hyderabad,2025-06-13,3,Cash,0.3,deff447adabc5e132c994d4648ccfe19ea87da1c2fb3bd0725013ed00b33f7e0,XXXXXX7125,successful
2345,890,Holly Mckay,103,1300.0,shirt,clothing,offline,Chennai,2026-01-28,5,Cash,0.3,526648252f3335cbd365bf59e4b2664571a2f96254ee0c1b1fa716c03e0c4715,XXXXXX6494,successful
2347,297,Susan Hill,103,1300.0,shirt,clothing,offline,Delhi,2025-07-26,2,NetBanking,0.05,701815f3bbdbd2a553c74af36a33b4b1c74170294d50c7b3a8312ce36ff56281,XXXXXX2263,successful
2348,911,Kelly Le,103,1300.0,shirt,clothing,offline,Delhi,2026-01-20,5,Card,0.35,cbffc93beafe626b9849d01039f0c856849d8832f104e0d4fce7b804e015318b,XXXXXX5769,successful
2349,98,Cindy Mueller,110,45000.0,microwave,home appliances,online,Chennai,2026-02-22,3,UPI,0.3,c5b1aff6c934f059cc6989319cfcc7c8a11035361d742db8f1553c2244f063be,XXXXXX4089,successful
2350,864,Cameron Black,110,45000.0,microwave,home appliances,offline,Chennai,2025-05-10,1,Cash,0.05,f842de5fc6e0b75b586d413b7f3d48e6dc07751f2385c2bd38e503377b43b861,XXXXXX9477,successful
2351,135,Daniel Wallace,103,1300.0,shirt,clothing,online,Bangalore,2025-08-25,3,Card,0.15,fd2c5408f08effc1df28bd48983da63517cbd20c4d01621870ea6478ca5737b1,XXXXXX3314,successful
2352,160,Eric Richardson,104,8000.0,shoes,clothing,offline,Bangalore,2025-08-09,4,Card,0.3,2b053d537a07f405851d86b836ff78105ab7e9b77d725c7ef4cb43bd97251e33,XXXXXX9726,successful
2354,8,Francisco Suarez,104,8000.0,shoes,clothing,online,Hyderabad,2025-08-31,2,NetBanking,0.2,41d402a727f92daeaed76794afbeb1c9d034edc57513ebfbb7290ca1ad6a9b90,XXXXXX3830,successful
2355,238,Zachary Hooper,103,1300.0,shirt,clothing,offline,Bangalore,2025-05-05,3,Card,0.25,eb7cfa9601bbfd2d11f446f87f8e38bf8f5604f313f14d831fdf37e3f0d6baff,XXXXXX0012,successful
2356,432,Charles Nelson,102,70000.0,phone,electronics,offline,Mumbai,2026-09-03,1,Card,0.3,e55ed831ce8b88594eb595fd9e9bd007e6474a3a0ab7014d7af1429b51efe250,XXXXXX1774,successful
2357,813,John Harris,102,70000.0,phone,electronics,offline,Chennai,2025-08-18,3,Card,0.2,85b4b64e4940d5ae6ba4a1ab532019cd08dda9c1523d098c9b344d92aef0e635,XXXXXX3148,successful
2358,657,Carly Lucas,110,45000.0,microwave,home appliances,offline,Hyderabad,2025-10-09,3,Card,0.2,dfccda2f1e1a5633fcd150227478cec2e449c8c0772e458d0db44fdda9a2df82,XXXXXX2685,successful
2360,661,Jennifer Cooper,102,70000.0,phone,electronics,online,Chennai,2025-07-28,3,Cash,0.2,c111f9ef0623808dc5ecc7fb44bdbdd94d5df536ebf836aef7112acbf1690e95,XXXXXX4609,successful
2361,811,Mike Matthews,103,1300.0,shirt,clothing,offline,Bangalore,2025-08-30,2,UPI,0.35,6909a68143ef6c686e466872f12e78ceb0fe82248fec54da654230b99ed5d8dd,XXXXXX2802,successful
2362,502,Amy Stewart,103,1300.0,shirt,clothing,offline,Delhi,2025-08-14,3,Cash,0.05,608bc2105cc974c248c31e6282166ec8bc104e333d9056a6fc7685fa64c1d573,XXXXXX7862,successful
2364,167,Madison Gentry,109,65000.0,refrigerator,home appliances,offline,Delhi,2025-07-14,4,Cash,0.2,e05d7af087971ecaebb9fb22e1f24e92062c0c9962dbe46e15fd049d2306d3f9,XXXXXX4928,successful
2365,477,Willie Mata,101,250000.0,laptop,electronics,online,Hyderabad,2025-07-24,4,Cash,0.2,8ff397333391a367d4fbe747f1e89cff836b48c9f224c7cc7135b1a70ec86e27,XXXXXX0729,successful
2366,894,Felicia Rollins,110,45000.0,microwave,home appliances,offline,Bangalore,2026-02-02,4,NetBanking,0.2,13b0c3feff2803c928fde6571142f93639e898bdcc5bd619f23dd8e87ff385f2,XXXXXX8195,successful
2367,347,David Medina,110,45000.0,microwave,home appliances,offline,Delhi,2025-11-03,4,NetBanking,0.2,00afbdcf1bff6bb94e8e47324960f4d059af30f94ea942381a924aa347ad4473,XXXXXX4389,successful
2369,424,Tiffany Williams,110,45000.0,microwave,home appliances,offline,Chennai,2025-08-22,3,Cash,0.35,f3c01bc8185b5e1bd0a043ef75f41eb66235d78f174527a8fa02645652b44a3b,XXXXXX2793,successful
2370,886,Ashley Gamble,108,15000.0,mixer grinder,home appliances,online,Bangalore,2025-09-24,1,NetBanking,0.1,90027d531b8207d03addea3f900c3413cc99111e0319e4104a5156cd7d6954e3,XXXXXX3316,successful
2371,854,Dennis Dorsey,103,1300.0,shirt,clothing,online,Hyderabad,2025-08-29,3,Cash,0.35,e42e15768da2a9b674df11f18e1069faa449917d02434623fb3c5a8342dca42e,XXXXXX2116,successful
2372,446,Scott Smith,107,50000.0,dining table,furniture,online,Bangalore,2025-10-31,5,NetBanking,0.3,3558a2d03af1033804171272a1bbb434ed4df73b541c7218fa64b319d015e194,XXXXXX0183,successful
2374,657,Carly Lucas,108,15000.0,mixer grinder,home appliances,offline,Hyderabad,2025-11-23,1,Card,0.4,dfccda2f1e1a5633fcd150227478cec2e449c8c0772e458d0db44fdda9a2df82,XXXXXX2685,successful
2375,290,Megan Carter,107,50000.0,dining table,furniture,offline,Chennai,2026-01-24,1,Cash,0.25,06101d7c9b7617f52efd208f24f6530e561a65145d634953dec8dbccc7ef7868,XXXXXX1923,successful
2376,33,John Sullivan,101,250000.0,laptop,electronics,offline,Hyderabad,2025-06-17,2,Card,0.3,f8b595062c0e854de043faeda8999e8c12f003c688b74165f0ebd8822e659f93,XXXXXX9763,successful
2377,727,Rodney Simmons,102,70000.0,phone,electronics,offline,Bangalore,2025-08-07,2,Cash,0.4,fbddafd90e7b0ed1da5bcc2ab7e9885d58d8e901c29de468d881eb1d56f89ecd,XXXXXX3682,successful
2378,184,Katherine Jones,104,8000.0,shoes,clothing,offline,Hyderabad,2025-06-28,4,Card,0.4,49b00a023f5a9f06c8e0308c8f0b9f2df4cec5e26f5f099d651947ee895121b6,XXXXXX1838,successful
2379,748,Sabrina Hopkins,105,45000.0,tv,electronics,offline,Chennai,2025-12-07,4,UPI,0.25,68289ddb5d3f8668d4d7b504b76fffefef99f8262157a9a475095dc72307dd72,XXXXXX4790,successful
2380,74,David Alvarez,107,50000.0,dining table,furniture,online,Delhi,2025-11-10,4,UPI,0.35,a7dc05459b67af97d4f94ddf8d45f8ab4f6029f9397aec3c8213e25c720e5bc8,XXXXXX5242,successful
2381,72,Michael Wood,107,50000.0,dining table,furniture,offline,Chennai,2025-08-29,4,NetBanking,0.4,b94c1522b70d47f00abc49ac947eed1c74f16aa53fce19ac34c0b7731b741fe0,XXXXXX0077,successful
2382,624,Hannah Munoz,106,80000.0,sofa,furniture,online,Chennai,2025-06-09,3,NetBanking,0.35,01fd19cadb1d880dae2f50e92bed40d94ecd274b5b395886204014297312cac8,XXXXXX9338,successful
2383,259,Kevin Ramirez,105,45000.0,tv,electronics,online,Hyderabad,2025-12-27,2,NetBanking,0.2,f81e5f075377d81bf399e8869699aeceffd18d4373a9715392631db90139dee8,XXXXXX8185,successful
2384,162,Kirsten Thomas,109,65000.0,refrigerator,home appliances,online,Hyderabad,2025-05-09,3,NetBanking,0.05,82367fb1435333bdf013aba7bcd0ca3d7867d7b7658c2af3469567664377a123,XXXXXX0018,successful
2385,398,Michele Sanchez,109,65000.0,refrigerator,home appliances,online,Bangalore,2025-08-06,5,Cash,0.4,1b78169f48b79a5f3f7953d174b339ed9a6e6ba25226725a53fcb0b4d143424b,XXXXXX4961,successful
2387,476,Jill Bryant,109,65000.0,refrigerator,home appliances,online,Hyderabad,2025-08-11,2,Card,0.15,6d0beadbc80d6105bb0a721dd945546353145455dc6ddaf5cb5707d8e31fafae,XXXXXX9421,successful
2388,872,David Miller,107,50000.0,dining table,furniture,online,Mumbai,2026-02-15,2,NetBanking,0.05,b24be28a1b7a84e10c867e14eeca002c365fa00934c58a7025f78d211dca6443,XXXXXX0205,successful
2390,400,Brenda Johnson,103,1300.0,shirt,clothing,offline,Chennai,2025-08-11,4,UPI,0.25,e6d59c0e946ca57d90e04054988859bae6094255dc3e03cb4c83e7021a043487,XXXXXX8393,successful
2391,9,Dillon Harris,109,65000.0,refrigerator,home appliances,online,Mumbai,2025-05-18,4,Cash,0.2,d6af1438bf0339772ce6582c4479e6d78f6a3a8a6b5b3d11e0f74910483a9a8b,XXXXXX5006,successful
2392,825,Jose Rodriguez,105,45000.0,tv,electronics,offline,Bangalore,2025-05-18,2,UPI,0.1,a7f0223af5aca6344c2323291cf541cada7a996db9179815b43bc9f43938e6c2,XXXXXX8368,successful
2393,581,Lindsey Tran,108,15000.0,mixer grinder,home appliances,offline,Delhi,2025-11-21,4,Card,0.15,19fbb82fc0cd44b29b3bddaa2ef41d38af0ab1d9ccc38119acfe3e490fc96776,XXXXXX4624,successful
2394,564,Spencer Davis,105,45000.0,tv,electronics,offline,Chennai,2025-06-27,4,UPI,0.15,da26f382d2ac516e504d4f9173004908f41bc2e287c1eb479582c4c0ea26879d,XXXXXX0711,successful
2395,564,Spencer Davis,106,80000.0,sofa,furniture,offline,Chennai,2026-03-14,5,Cash,0.2,da26f382d2ac516e504d4f9173004908f41bc2e287c1eb479582c4c0ea26879d,XXXXXX0711,successful
2396,135,Daniel Wallace,110,45000.0,microwave,home appliances,offline,Bangalore,2025-10-31,3,UPI,0.15,fd2c5408f08effc1df28bd48983da63517cbd20c4d01621870ea6478ca5737b1,XXXXXX3314,successful
2397,255,Madison Tate,110,45000.0,microwave,home appliances,offline,Bangalore,2025-11-29,4,Cash,0.05,c70fa67f9fde991ba55dc36e36ea8df86cb301e11a4b544c4b4dcf322e833b14,XXXXXX6379,successful
2398,208,Matthew Berry,101,250000.0,laptop,electronics,online,Hyderabad,2026-01-02,3,Cash,0.3,1550a4a4ab3b8cfd37226773007703236bd8b1202cf5404128837db31ea46945,XXXXXX8727,successful
2399,600,James Schaefer,106,80000.0,sofa,furniture,offline,Chennai,2025-09-20,4,NetBanking,0.25,d267e2659aadead31909b31b81ead73645ac2e7a5910a96f039e54f76a297d74,XXXXXX4220,successful
2400,652,Charles Fleming,108,15000.0,mixer grinder,home appliances,online,Delhi,2025-09-03,1,Cash,0.15,2286702f6adac1b9abaeefc7a80e7c1dd8f760fc6ebe86d22573d13dbe09a35b,XXXXXX4499,successful
2401,193,Mary White,105,45000.0,tv,electronics,online,Bangalore,2025-12-19,1,NetBanking,0.1,a21bb09735b6cce8b0847b4e59e3de8cde313d64c23328246b9c836b15b135f1,XXXXXX7194,successful
2402,133,Christy Stone,108,15000.0,mixer grinder,home appliances,offline,Chennai,2026-01-02,4,UPI,0.05,a6041cdb2ec6a105872a99ab61bfbcc637f0620ec693357e0ea97341440d55b4,XXXXXX5000,successful
2403,384,Jeffrey Williams,101,250000.0,laptop,electronics,online,Mumbai,2025-10-19,4,Cash,0.2,ef2ab7e7b184014bcca5540db2dee0084ef46b86e8140d906add98d9c3c91ec8,XXXXXX1749,successful
2404,302,James Robles,101,250000.0,laptop,electronics,offline,Bangalore,2026-02-26,2,UPI,0.35,0f94f348209ca715775bd93530a481de53e2d185ae4094c4b1c19edce2cb92e7,XXXXXX5908,successful
2405,485,James Harris,109,65000.0,refrigerator,home appliances,online,Delhi,2025-06-27,3,NetBanking,0.05,b4add930b3e517d8f0b5c7ece3568bd22fdff0adfec268dc5aa5d2cdbf971213,XXXXXX7157,successful
2406,143,Brian Johnson,106,80000.0,sofa,furniture,offline,Chennai,2025-11-19,2,NetBanking,0.1,57b51bde95e67c68d36a03867f04dceccd554b4a1c0c31745542364f80bf8600,XXXXXX0131,successful
2407,869,Krystal Hudson,101,250000.0,laptop,electronics,offline,Mumbai,2025-08-16,3,Cash,0.4,627e52bcba8dcdccf79a7ab5dc6ebe26438a2fe7723bfd6d1e639f1ebb15860c,XXXXXX3079,successful
2408,337,Cameron Myers,103,1300.0,shirt,clothing,offline,Chennai,2026-03-02,4,NetBanking,0.2,e7a78278a002da5b88e0cd5a46f88c6a1f75aaa37660650861a35efddce79c1a,XXXXXX1877,successful
2410,390,Erika Knight,104,8000.0,shoes,clothing,offline,Mumbai,2025-12-20,5,NetBanking,0.15,002e230a14753479faa5bef3a74da4610e857b4e4b7b992a12ef59e25302bbf3,XXXXXX7025,successful
2412,89,Joseph Davis,108,15000.0,mixer grinder,home appliances,online,Hyderabad,2026-04-03,2,UPI,0.4,8ad46431983c9a027829c7aee83479c2523f334f779f4d58af6b4ddd789bd41b,XXXXXX8548,successful
2413,696,Kristen Lloyd,105,45000.0,tv,electronics,online,Mumbai,2025-08-09,2,Card,0.05,489ce32cedddee83c57e08dbae7da02c0fdcc06825fcd45deae0055c8053f130,XXXXXX4445,successful
2414,514,Joshua Cummings,101,250000.0,laptop,electronics,online,Chennai,2026-02-25,3,Cash,0.2,1f0ee252057af91bc5f8db0a11904a0d46be53eb016efb2bb9f46b6958e06128,XXXXXX8341,successful
2415,375,Jessica Harrell,105,45000.0,tv,electronics,offline,Chennai,2025-12-23,2,UPI,0.4,ee06e7a6761bcfc1745da93f8febc6967f03f6b0bc71565abb9c03d6f2bf4199,XXXXXX3067,successful
2416,904,Audrey Skinner,107,50000.0,dining table,furniture,offline,Bangalore,2026-01-14,2,UPI,0.35,edb4f0e2052f3905615080c425a64da0afdfdb62387f3caeac34e231e9d895a5,XXXXXX2073,successful
2417,153,Stephanie Hanna,102,70000.0,phone,electronics,offline,Hyderabad,2025-12-13,1,Cash,0.1,81d76d5fc5a56873d2e21cdb1c2968b6c8cb660e37dbdcf81d3d57b68c6bd899,XXXXXX8701,successful
2418,487,Mark Thompson,104,8000.0,shoes,clothing,offline,Hyderabad,2025-08-04,1,NetBanking,0.4,5cb6d5225c5a8a040ae89746b4ca43963e8c666a304f6712e26d36c9c3c65053,XXXXXX3888,successful
2419,988,John Thomas,108,15000.0,mixer grinder,home appliances,offline,Delhi,2025-10-18,4,UPI,0.35,9137fdca7f564c9993f78c995a679bbe6e035b9342ff4626bc724be8c1797670,XXXXXX9139,successful
2420,884,Isaac Byrd,105,45000.0,tv,electronics,online,Delhi,2025-11-26,4,Card,0.3,234092e0a970a620cdb58205eae4a5e848554982408a5ad2b1010371c077e7a7,XXXXXX4208,successful
2421,918,Grant Harris,109,65000.0,refrigerator,home appliances,offline,Bangalore,2025-12-29,4,Cash,0.15,ced92f85f81f17372e933f8a24af8200173273f99e1b2cebd6003b0cf2f5801d,XXXXXX4421,successful
2422,330,Don Thompson,109,65000.0,refrigerator,home appliances,online,Hyderabad,2025-06-02,2,Cash,0.15,91754523b711b8b370078e095c42ea9cb7fa095aad8e3773a30137b9961dd0a4,XXXXXX1714,successful
2423,248,Anthony Henry,106,80000.0,sofa,furniture,online,Hyderabad,2026-02-20,5,NetBanking,0.3,3decb182b6f79687e4a635f0ed9d34bd10b177e7f0e8b608b7b18cb3f0a72196,XXXXXX7330,successful
2424,640,Carrie Jacobson,102,70000.0,phone,electronics,offline,Bangalore,2025-05-15,3,NetBanking,0.05,48004bb85c12fae1566c5775172309769584efb0f43ebb8572be08c74599158c,XXXXXX2507,successful
2425,14,Joseph Jones,108,15000.0,mixer grinder,home appliances,offline,Hyderabad,2026-01-02,3,UPI,0.3,5ac3130d2ec27e90d13d00173b383a6800867521b93a878c24541564c20cea5e,XXXXXX5282,successful
2426,243,Christian Martin,108,15000.0,mixer grinder,home appliances,offline,Delhi,2026-02-08,4,UPI,0.2,e5c34d6186b0f45bd51377bfeabf6dce3548cfb2115d72b2058719fefb6b6282,XXXXXX1962,successful
2427,621,David Kline,110,45000.0,microwave,home appliances,offline,Delhi,2025-05-21,3,Cash,0.25,fabdea70043cfd4e5af31300af4b5c6df2e0292cd501bc47b5e1d2859f4aee9e,XXXXXX6381,successful
2428,800,Ricardo Arnold,110,45000.0,microwave,home appliances,online,Hyderabad,2025-05-25,4,NetBanking,0.25,49c876b945f6a197cb0c7af6ae9e1be1bc24a457b4886c5360746bf19dfb6a75,XXXXXX8877,successful
2429,724,Kimberly Winters,102,70000.0,phone,electronics,offline,Chennai,2025-05-05,3,NetBanking,0.2,0ff3b92ed6c76c752922d8cdaeed55063b97e67c56d8f36acf0d634dee9fc08b,XXXXXX1493,successful
2430,64,Sheri Osborne,104,8000.0,shoes,clothing,online,Mumbai,2026-09-04,2,UPI,0.1,e00d981d32242bcb3cc5b7114c71035e8019759fc77406dab38aa856d3ae6bb9,XXXXXX9475,successful
2431,761,Larry Yates,109,65000.0,refrigerator,home appliances,online,Chennai,2026-03-12,1,NetBanking,0.3,ed783a25678a9bbe65dc5410b4471b0c83492a486ba8e7dfc3fc08f71da8bec0,XXXXXX1557,successful
2432,824,Michael Vaughn,107,50000.0,dining table,furniture,online,Chennai,2026-03-21,2,Card,0.25,84ca4a341dc37de6ff69d92bd30ccd43c2e33f17e505a6208b36bc69ab68fd7b,XXXXXX8745,successful
2434,361,Daniel Williams,107,50000.0,dining table,furniture,offline,Delhi,2025-10-03,2,Cash,0.3,06ed1c24223928007b489e3359c1304c89d2ddf57eafab17375bf8ad0d7911b8,XXXXXX7366,successful
2435,370,Jessica Moreno,104,8000.0,shoes,clothing,online,Delhi,2025-09-19,3,Card,0.4,b19be758d0d504ebce9ae0e691e1c946b007610309a16d2321fa9c62d432fe62,XXXXXX3938,successful
2436,771,Matthew Greer,109,65000.0,refrigerator,home appliances,online,Bangalore,2025-11-24,1,Cash,0.1,3f3bea6b25b9a906a43ca5bc5f949204662acf9415b364b724f7d7b7d7cceb42,XXXXXX0012,successful
2437,326,Deborah Reyes,103,1300.0,shirt,clothing,offline,Delhi,2025-04-30,3,Card,0.1,c97b4d983b4031381900ff59c4a2cf6cdd8c592f44ebf3d44ddf922895e55915,XXXXXX7757,successful
2438,4,Kelly Brown,105,45000.0,tv,electronics,online,Chennai,2025-06-27,3,NetBanking,0.05,7780f25662c3fc399eb75692de5a59dc10978f84eaa4bd4a0fcef255eebe149e,XXXXXX2599,successful
2440,1,Karen Pollard,108,15000.0,mixer grinder,home appliances,offline,Hyderabad,2026-03-27,5,Card,0.2,38878d194d81226c14a1998858917cc7069bd1cafc635e6fa376320e9f561484,XXXXXX6363,successful
2441,597,Paul Foster,107,50000.0,dining table,furniture,online,Bangalore,2025-06-18,5,Card,0.1,8b1cdb86a3cad1450a1359dc5cd63bc90eaba8a7aea175eee740c4cdfa531d84,XXXXXX0674,successful
2442,758,Nichole Jones,105,45000.0,tv,electronics,online,Chennai,2025-07-23,4,Cash,0.4,619d4c2306021529d41a2f1dadbf7cac66747afac77fc6ec6eb547402c385dba,XXXXXX6772,successful
2443,778,Angela Park,108,15000.0,mixer grinder,home appliances,offline,Mumbai,2026-04-05,4,Card,0.05,78fb938d79940e4b665bbcec47ccdb9237c1bbe6261d8d7577d414dee1e5c660,XXXXXX1196,successful
2445,996,Barbara Morris,106,80000.0,sofa,furniture,offline,Hyderabad,2025-06-25,1,NetBanking,0.1,2de9cc6882a7ce0eef9e47ff7812f1ae6f2ab38ce0b66a20fd57b6855a32ba83,XXXXXX7956,successful
2446,611,Robert Lucas,107,50000.0,dining table,furniture,online,Mumbai,2025-10-19,3,Card,0.35,77a464ebd4ca0920e4fd792f8ac008e820f568ce2c46f51e67da17f990c01804,XXXXXX6473,successful
2447,113,Patricia Carlson,101,250000.0,laptop,electronics,offline,Delhi,2025-05-20,4,Cash,0.4,c236f20bc99e9c3d0b361d097015f035327aeb1a2acf1f8aff22f704fec9e9cc,XXXXXX1759,successful
2448,676,James Sanders,108,15000.0,mixer grinder,home appliances,online,Bangalore,2026-08-03,2,Card,0.15,0911a539764d0f3e8c9f5f05b0490133ecd4406f82451f8967775e7c2c4a8591,XXXXXX6646,successful
2449,907,Jeffrey Mccall,108,15000.0,mixer grinder,home appliances,offline,Hyderabad,2026-03-01,2,NetBanking,0.2,47fe75e59d0acad1a49942fafcf906362be00efb29f89ec160b18122249d3174,XXXXXX4650,successful
2450,640,Carrie Jacobson,107,50000.0,dining table,furniture,online,Bangalore,2025-09-23,4,NetBanking,0.35,48004bb85c12fae1566c5775172309769584efb0f43ebb8572be08c74599158c,XXXXXX2507,successful
2452,574,Carl Barrera,104,8000.0,shoes,clothing,online,Bangalore,2025-08-14,4,Card,0.35,65bac5b5f62828c20a2a15fdbae86d939aadd4d6b4647e3d96933a9d54ec8229,XXXXXX6775,successful
2453,707,Andrea Silva,108,15000.0,mixer grinder,home appliances,offline,Delhi,2026-03-11,2,Cash,0.3,ec82ac412a40f2c2992817a743b5482c56b4cfa8d750d3dd7681b6e067451d02,XXXXXX3815,successful
2454,153,Stephanie Hanna,110,45000.0,microwave,home appliances,online,Hyderabad,2025-08-18,1,Cash,0.05,81d76d5fc5a56873d2e21cdb1c2968b6c8cb660e37dbdcf81d3d57b68c6bd899,XXXXXX8701,successful
2455,880,Miranda Frank,106,80000.0,sofa,furniture,online,Chennai,2025-07-30,2,Cash,0.35,470c7f396d52e60d69ac435c19b5125054807a484f2f4ec7eec2ad5900b71c2a,XXXXXX9940,successful
2456,398,Michele Sanchez,110,45000.0,microwave,home appliances,online,Bangalore,2025-08-12,3,Cash,0.15,1b78169f48b79a5f3f7953d174b339ed9a6e6ba25226725a53fcb0b4d143424b,XXXXXX4961,successful
2457,790,Andrea Jimenez,105,45000.0,tv,electronics,online,Bangalore,2025-09-23,4,NetBanking,0.35,fb89d8b51a9bd1ecbd5276b3fa0f5ac74d720b6f8b3350ebb1405796b192d7ec,XXXXXX0703,successful
2458,384,Jeffrey Williams,110,45000.0,microwave,home appliances,offline,Mumbai,2026-02-17,5,UPI,0.35,ef2ab7e7b184014bcca5540db2dee0084ef46b86e8140d906add98d9c3c91ec8,XXXXXX1749,successful
2459,197,Gabriel Mills,101,250000.0,laptop,electronics,online,Mumbai,2025-04-19,4,NetBanking,0.4,219bfe91e98f2f52f90479d138b034d7e64f50258f7433a988ec488f20aaf71d,XXXXXX4137,successful
2460,613,Vanessa Vasquez,109,65000.0,refrigerator,home appliances,offline,Hyderabad,2025-10-29,3,UPI,0.3,610913848757d180bf35ab668754e31ad9ef21b9d62e13a4fc6d4e23d390438c,XXXXXX4380,successful
2461,885,Alexander Jacobs,104,8000.0,shoes,clothing,offline,Delhi,2025-04-22,4,NetBanking,0.3,bbc943ea62c40ef117d693f96b313fee57d243b6d00e1a077561d5874fc496d9,XXXXXX6172,successful
2462,312,James Morales,110,45000.0,microwave,home appliances,online,Bangalore,2025-09-10,2,NetBanking,0.4,7697edf68ba785afc16cc453a09891caef14153124fc1ee23b2c155ae383a092,XXXXXX0000,successful
2463,528,Kerri Rodriguez,110,45000.0,microwave,home appliances,offline,Chennai,2025-06-15,3,Card,0.25,8c51fb1e34f92f845932b5204e80a397331a4d8abc4058dd2e132f4d5da91a7b,XXXXXX0493,successful
2465,693,Joseph Maldonado,107,50000.0,dining table,furniture,online,Delhi,2026-03-09,5,UPI,0.4,620906c08a4041373730723e7eadd094e026d0cb9df225a51a4955837a5add4b,XXXXXX5157,successful
2466,576,Angela Weiss,108,15000.0,mixer grinder,home appliances,online,Delhi,2026-02-09,5,UPI,0.35,25a9d1c837f4bf2812bcc3ed8ebb759fe08eeb63c6e02247ad8cc10d86874f62,XXXXXX3539,successful
2467,798,Amber Murphy,110,45000.0,microwave,home appliances,offline,Hyderabad,2025-05-05,1,Card,0.15,05a5b0575faa38d0083c52d65db172c373dcbeb1905f9972fc2165cadc42529b,XXXXXX9807,successful
2468,601,Mark Herrera,101,250000.0,laptop,electronics,online,Hyderabad,2026-02-04,2,UPI,0.1,6cd67807e7e5e447753caa8cc47a759037818f4c48b09c65cd26026d24543473,XXXXXX2878,successful
2470,443,Judy Patton,107,50000.0,dining table,furniture,offline,Chennai,2026-02-20,3,Cash,0.1,80efdb5f4296ec718e67293f86b65ac294228724deae17701516a628746dd717,XXXXXX5429,successful
2471,813,John Harris,108,15000.0,mixer grinder,home appliances,online,Chennai,2026-02-02,5,Card,0.35,85b4b64e4940d5ae6ba4a1ab532019cd08dda9c1523d098c9b344d92aef0e635,XXXXXX3148,successful
2472,347,David Medina,102,70000.0,phone,electronics,online,Delhi,2026-02-07,4,UPI,0.3,00afbdcf1bff6bb94e8e47324960f4d059af30f94ea942381a924aa347ad4473,XXXXXX4389,successful
2473,86,Rachel Gonzales,105,45000.0,tv,electronics,offline,Mumbai,2025-08-31,5,Cash,0.05,8a92ac63b76bbf8c71fa35cfae77bfab778dfeaa5e3f52f5ab8d33c2597723bd,XXXXXX5951,successful
2475,934,Brandi Phillips,102,70000.0,phone,electronics,offline,Hyderabad,2025-05-05,1,Card,0.4,ab00ac55efb8ea9ce0adb7c23b73358c91d69809244c8731aaf78d04b185cac2,XXXXXX8609,successful
2476,356,Larry Mercado,103,1300.0,shirt,clothing,online,Hyderabad,2025-12-18,4,Card,0.4,549c551b3c15d66afc3cd7045cdc8af036aea80f6bd91ee7baf88109bded2b72,XXXXXX0420,successful
2477,590,Christine Brown,105,45000.0,tv,electronics,offline,Bangalore,2025-05-31,5,NetBanking,0.4,92c5ae269fc9336e40ff0747dfd31b69b977f76f9928d79d58a2aa9bd02021e9,XXXXXX9553,successful
2478,28,Nicholas Carroll,109,65000.0,refrigerator,home appliances,online,Chennai,2025-11-13,1,UPI,0.3,a7ae57ac27a7b11f2cce0c74971444608cf24758b6f3953d32892fde45f303e8,XXXXXX3542,successful
2479,300,Tiffany Miller,104,8000.0,shoes,clothing,offline,Hyderabad,2025-09-21,4,UPI,0.05,4d4504d6c1723e073aa177e46c984f6ea2087c5667f16ff02db9320d9adbf78c,XXXXXX0297,successful
2480,289,Kelly Powell,104,8000.0,shoes,clothing,online,Bangalore,2025-08-25,3,NetBanking,0.25,2aad87f1a011ac9023e67ad1d5173713d71e6295aa03b549655127348b8a427e,XXXXXX9444,successful
2481,220,Maria Walker,106,80000.0,sofa,furniture,online,Bangalore,2025-05-29,2,Cash,0.15,c76ab918524edd26ba90c27092cb6025cd4ad445a8034e1a744a3c8e2c6bcb70,XXXXXX5210,successful
2482,667,Kelsey Mendoza,109,65000.0,refrigerator,home appliances,online,Bangalore,2025-10-29,4,NetBanking,0.2,4d253fdd114aeba7b5480248814364d807224bcc9b0c8ed5c59d2c5d0b288963,XXXXXX9912,successful
2483,482,Nathaniel Montes,101,250000.0,laptop,electronics,online,Chennai,2025-07-01,3,Card,0.25,070284d69cebaba0f34a9ab26d4c80599497c6ca3429b51431fe18a8b6e598b8,XXXXXX3012,successful
2484,560,Anthony Lawrence,106,80000.0,sofa,furniture,online,Hyderabad,2026-02-11,3,Cash,0.35,ab06975a3ca9f219c529cd26a6c4eed9001bd4b69e079c1ce58eef6523296acc,XXXXXX7287,successful
2485,386,Brittney Moreno,106,80000.0,sofa,furniture,online,Chennai,2026-01-13,3,Cash,0.05,97cfc39de23c414f918f244c3e2f6e07290f226790996fc78ca3787ac3da99f5,XXXXXX2269,successful
2486,562,Breanna Fletcher,101,250000.0,laptop,electronics,offline,Chennai,2026-03-10,3,NetBanking,0.3,79d4965d7f563998e966c435b5da7313b1c80d4afc718773f640ed6bc1e6e463,XXXXXX6207,successful
2487,140,Aaron Black,102,70000.0,phone,electronics,online,Chennai,2026-04-10,1,Card,0.2,129f9fd8cc16fc955c8d18208d9a0eb852a81024ed539b73b4ffb21c34a7fd24,XXXXXX9959,successful
2488,17,Duane Hall,106,80000.0,sofa,furniture,online,Bangalore,2026-03-26,2,Cash,0.4,ebb6c6dfe3b541831f15161769c5bf41b8bbb024f6411827b053836ce821ec5c,XXXXXX1149,successful
2489,1000,Shannon Haley,108,15000.0,mixer grinder,home appliances,online,Bangalore,2025-10-29,3,Cash,0.25,0afe9899b036930f0c3c383b7ad3136568096a69c1d08d3cb2a4301d96640c3e,XXXXXX6701,successful
2490,390,Erika Knight,105,45000.0,tv,electronics,offline,Mumbai,2025-11-30,5,Card,0.05,002e230a14753479faa5bef3a74da4610e857b4e4b7b992a12ef59e25302bbf3,XXXXXX7025,successful
2491,463,Kevin Cruz,103,1300.0,shirt,clothing,online,Delhi,2025-07-01,5,Card,0.1,82517fa8d5c87d23de33c09519d379699e04d1425c16002a263a311f80d935d4,XXXXXX4173,successful
2492,937,Nicole Woods,106,80000.0,sofa,furniture,offline,Mumbai,2025-12-31,4,UPI,0.35,222801174f3e68d9dba2b85c643ab89edc17c4c64dbeababa062c61b3966b69a,XXXXXX9075,successful
2493,879,Andrew Johnston,110,45000.0,microwave,home appliances,offline,Mumbai,2026-03-15,4,Card,0.05,00c35cabe59c83334d07138ab1012cc4751373225292a52b8e8488d820954870,XXXXXX8466,successful
2495,215,Crystal Aguilar,103,1300.0,shirt,clothing,offline,Mumbai,2025-10-12,1,NetBanking,0.1,e09d7b327f4e1686347bf500493ee805799de0ee48318320d2e16ea64e5c57c2,XXXXXX5910,successful
2497,472,Christian Jennings,109,65000.0,refrigerator,home appliances,offline,Chennai,2026-12-02,2,Card,0.15,fd3390fb3ddb55ccd3ef77da175ccbd21fca55843a8a32656651ef88f0ce8707,XXXXXX1240,successful
2498,722,Alejandro Wagner,107,50000.0,dining table,furniture,offline,Bangalore,2026-01-13,2,Cash,0.15,dbcd0ca954351db4357a53238abff25345fa99567c00d6039bd8488e907237d6,XXXXXX7695,successful
2499,60,Kathleen Moreno,110,45000.0,microwave,home appliances,offline,Bangalore,2025-07-14,2,Card,0.05,b33ff3bfaf6638d27ea5243a1351ffc504c2fc5e372b2c9480fcf685625ec46d,XXXXXX1955,successful
2500,875,Jennifer Smith,101,250000.0,laptop,electronics,offline,Delhi,2025-08-05,1,NetBanking,0.05,8f28e4d8467207d75891cbda55fae216a810d975daf324f05149ca928babfa2a,XXXXXX7229,successful
2501,435,Wendy Robinson,110,45000.0,microwave,home appliances,online,Delhi,2025-07-07,5,NetBanking,0.3,c96db1c3fb5dcbb76de4dea884c75221dcdccf50f2d1e2c550cc89827aa9ff9e,XXXXXX4454,successful
2502,453,Sarah Brown,103,1300.0,shirt,clothing,offline,Delhi,2026-02-27,5,UPI,0.15,48d1d5ab75bf5a22719296b8582738726beaeed19728f0487fe637ef8cc12fca,XXXXXX5841,successful
2503,493,Stacy Bass,105,45000.0,tv,electronics,offline,Hyderabad,2025-11-14,4,Cash,0.4,93624843ea83d9800573b15d75e6f1c6f4f64e96f7c0ac37566c210258bd768c,XXXXXX1130,successful
2504,18,Allison Adams,107,50000.0,dining table,furniture,online,Mumbai,2026-02-25,4,NetBanking,0.05,71f22587125c00dac090d0922a524b815f178ede552c9f108cf56cfe28d43430,XXXXXX8299,successful
2506,349,Joel Baker,110,45000.0,microwave,home appliances,offline,Bangalore,2026-04-16,5,UPI,0.2,3a9445c9c51ea5d7d95f3471023ffffa0666a126c05605fa39a3dc12e0f2cf2a,XXXXXX8393,successful
2507,280,David Morales,106,80000.0,sofa,furniture,online,Delhi,2025-12-23,1,UPI,0.35,f11f8efc1cc667d06bf4d4d74f7c3e21db9b9caad2a3aad9fe51520e6c98a806,XXXXXX1730,successful
2508,870,Thomas Morris,104,8000.0,shoes,clothing,online,Bangalore,2025-08-10,1,Cash,0.3,dc35f71d07dab788246233e7cac9b7b693f580e43cfb38e45986b1032bca5f40,XXXXXX7719,successful
2509,400,Brenda Johnson,101,250000.0,laptop,electronics,online,Chennai,2026-01-26,5,Card,0.25,e6d59c0e946ca57d90e04054988859bae6094255dc3e03cb4c83e7021a043487,XXXXXX8393,successful
2510,949,Madison Goodwin,109,65000.0,refrigerator,home appliances,offline,Bangalore,2025-12-04,4,Cash,0.3,71b01ff13e5172563894ac69b5b58ef80f79e7ee759950889d613e679c7934f7,XXXXXX0493,successful
2511,564,Spencer Davis,108,15000.0,mixer grinder,home appliances,online,Chennai,2025-12-04,2,UPI,0.35,da26f382d2ac516e504d4f9173004908f41bc2e287c1eb479582c4c0ea26879d,XXXXXX0711,successful
2512,791,April Anderson,104,8000.0,shoes,clothing,online,Hyderabad,2025-08-17,2,NetBanking,0.35,997871b22f12a7e97ffb1591ab5242aa4883f60b4c666e0acfd19824d5e4ccf3,XXXXXX6529,successful
2513,649,Carrie Johnson,104,8000.0,shoes,clothing,online,Bangalore,2025-07-12,2,NetBanking,0.35,16ce3824f2f2fe7516d9748e101cb5197bd8d0c51790db6fb04795a47ffdfeb5,XXXXXX3544,successful
2514,775,Roy Chavez,105,45000.0,tv,electronics,offline,Chennai,2025-12-11,4,Card,0.2,0b2a9527681ee155c1aa922875f20af02a915bf1732dd75d468716a7fdaae242,XXXXXX6010,successful
2515,609,David Adams,102,70000.0,phone,electronics,online,Delhi,2026-03-06,5,Card,0.35,8192497941b0d6311dbc97c18b44c6d5ba82fdd43b962ffa20eeba15365f450d,XXXXXX4422,successful
2517,678,David Barnett,102,70000.0,phone,electronics,offline,Delhi,2025-06-16,2,Card,0.4,29346c91cb32479c2608cace696ec483222a382ecd6a1e13653ffba5b342fb33,XXXXXX9972,successful
2519,515,Amy Lee,110,45000.0,microwave,home appliances,offline,Chennai,2025-04-17,5,UPI,0.15,0b943ce1d1b723104f6a237e75fc90f73efcb8b631af4923987d38e3b8e3e921,XXXXXX0756,successful
2520,838,Susan Torres,102,70000.0,phone,electronics,online,Chennai,2025-05-12,4,UPI,0.1,d963ec958fe698223197322410b345061770c0599a9638fd33e321690a5f8ae6,XXXXXX6426,successful
2522,817,Nicole Ross,110,45000.0,microwave,home appliances,online,Chennai,2026-01-08,4,Cash,0.4,aab66299ef9b27e20d47501aed00a6b7bed14967cedf54517506f97e8dace882,XXXXXX9866,successful
2523,368,Emily Scott,102,70000.0,phone,electronics,online,Mumbai,2025-11-27,5,Cash,0.3,3d25dd5d7c199750096763cdaeed68f87a7b1787eb721495e9bee99ca4740c63,XXXXXX9634,successful
2524,189,Melinda Rodriguez,104,8000.0,shoes,clothing,offline,Chennai,2026-01-28,3,NetBanking,0.1,b3a17d24e65cc625ca470f8c39b64d0cd832a90fd7f36a011cc9d718032d5185,XXXXXX9897,successful
2525,926,Lisa Reynolds,105,45000.0,tv,electronics,online,Hyderabad,2025-09-07,3,NetBanking,0.1,86f52346f9e98f92669200bc144a7ea20943ecad60d06cb9a599aad4d8348291,XXXXXX4840,successful
2526,921,Jessica Taylor,106,80000.0,sofa,furniture,offline,Mumbai,2026-03-19,2,Card,0.2,e6a5ab5eb42b5e54e1dff5eaf79a46b497ef81f9dc64bb1781e71d30b77fed85,XXXXXX0882,successful
2527,51,Cory Ellis,109,65000.0,refrigerator,home appliances,offline,Chennai,2025-11-10,3,NetBanking,0.05,5325e4fe6e3ad1ad9798f3d67b5dd4425dac9fb43952587529dc3f2ef0d18209,XXXXXX3422,successful
2528,377,Michael Black,103,1300.0,shirt,clothing,offline,Mumbai,2025-11-27,1,Card,0.25,e881ad21ded5da1b7bd5ea1b74cbaa9b0d52dae29fd252b42c4a48952c72987a,XXXXXX3502,successful
2529,466,Kyle Morris,105,45000.0,tv,electronics,offline,Delhi,2026-01-08,4,Card,0.3,e67581b68c170e39c0f7ad296c084019687829d2e075a1db54f59233e7f3bb2a,XXXXXX6629,successful
2530,186,Dawn Garrett,108,15000.0,mixer grinder,home appliances,offline,Chennai,2025-08-23,5,Cash,0.4,79680eda3b6a449222dc65431c9a8ea1135f0b51f11ec4e086fc861a020fffd5,XXXXXX0201,successful
2531,374,Brian King,107,50000.0,dining table,furniture,offline,Mumbai,2025-12-19,4,Cash,0.4,bf0be9ebd8421e7bf649f465d7db049cb8de9bdb0ed994e646ab5401c4e7579e,XXXXXX7189,successful
2532,17,Duane Hall,102,70000.0,phone,electronics,online,Bangalore,2025-12-23,1,Card,0.4,ebb6c6dfe3b541831f15161769c5bf41b8bbb024f6411827b053836ce821ec5c,XXXXXX1149,successful
2533,23,Rebecca Smith,103,1300.0,shirt,clothing,offline,Chennai,2026-04-11,2,Cash,0.4,809c08bdb379d49bfca7b91be19866396f1852be310c138570da2e582b51035f,XXXXXX1340,successful
2534,951,Richard Miller,109,65000.0,refrigerator,home appliances,offline,Mumbai,2026-03-20,1,Card,0.2,fd4e3836a31a99f33b387ba6f5ce09ea2c2539bd382c2b1c34dfb408b0b21dc1,XXXXXX6379,successful
2535,358,Jasmin Anderson,107,50000.0,dining table,furniture,online,Delhi,2025-04-24,2,Cash,0.1,f2907e40f9b4b1d724249682fbfc232219a45be3dba3412e9b519a8fb48a8a74,XXXXXX2092,successful
2536,853,James Guerrero,107,50000.0,dining table,furniture,offline,Mumbai,2025-07-16,1,Cash,0.1,12d362225a57b02c41b04690acb8d6bf03df1ffa2f202a9820efa1dfd5cd8575,XXXXXX4649,successful
2537,45,Tasha Baker,105,45000.0,tv,electronics,online,Delhi,2025-12-30,2,Card,0.2,9ee2bff76016cc468aedfc4602a2ba1039731a1ba142ccf1a98572cf79cf3dd1,XXXXXX5843,successful
2538,862,Lisa Stewart,105,45000.0,tv,electronics,offline,Chennai,2025-06-10,4,Cash,0.35,bf2dc7d0ded20fd8e173edca619c907e4947a79594c1f8794b7e02fb0c547ded,XXXXXX0095,successful
2539,431,Tracie Kim,105,45000.0,tv,electronics,offline,Bangalore,2025-08-04,1,Cash,0.1,ea820d3d630b7ac55cb8412a53d6328bb258a9604b0288bd7f1feb4de4c0026c,XXXXXX5130,successful
2541,43,Jennifer Frye,110,45000.0,microwave,home appliances,offline,Chennai,2025-04-24,5,Card,0.3,e712367a942c63899d1287ba7b6607922155942ffadeff271b388f53589fb4dc,XXXXXX1395,successful
2542,302,James Robles,102,70000.0,phone,electronics,offline,Bangalore,2026-03-08,5,NetBanking,0.05,0f94f348209ca715775bd93530a481de53e2d185ae4094c4b1c19edce2cb92e7,XXXXXX5908,successful
2543,342,Jessica Fowler,104,8000.0,shoes,clothing,online,Hyderabad,2026-04-10,4,NetBanking,0.4,dbf46676cb0b5fd64917b3ba540ea640d019fe0b89d7987fb5e78e2594db39ee,XXXXXX0818,successful
2544,81,Michael Wagner,103,1300.0,shirt,clothing,online,Chennai,2025-10-19,1,NetBanking,0.3,fe30f3915ecc2c76aef29919f2d173b8fcaf90edfdb2b75764f4f4c86488a593,XXXXXX7974,successful
2545,153,Stephanie Hanna,105,45000.0,tv,electronics,online,Hyderabad,2026-03-27,3,Cash,0.4,81d76d5fc5a56873d2e21cdb1c2968b6c8cb660e37dbdcf81d3d57b68c6bd899,XXXXXX8701,successful
2546,812,Chris Lane,109,65000.0,refrigerator,home appliances,offline,Hyderabad,2025-10-29,4,UPI,0.2,ca3c693d5882bb9d9f6bec790201085f4e34e2ed54a218e45022a775329bd27a,XXXXXX0684,successful
2547,322,Allison Foster,105,45000.0,tv,electronics,online,Bangalore,2026-03-13,5,Cash,0.15,5ff3a34393adaf6d3874cba884ad0436a0940b9089db8a19a715cef1196982a9,XXXXXX7370,successful
2549,299,Megan Harris,110,45000.0,microwave,home appliances,offline,Chennai,2025-04-26,2,UPI,0.1,bd0d46164399936140fc40edd716b3e6183a5c07fbef20fcf8ed07ac9fcda11e,XXXXXX1134,successful
2550,806,Jacqueline Cantu,102,70000.0,phone,electronics,online,Chennai,2025-12-29,2,Card,0.15,bad84afa5c740ef5260b7a4fc808f8620d6723099edd27ad2ce5b6ddbdce3bc2,XXXXXX4533,successful
2551,800,Ricardo Arnold,107,50000.0,dining table,furniture,offline,Hyderabad,2025-06-08,1,UPI,0.15,49c876b945f6a197cb0c7af6ae9e1be1bc24a457b4886c5360746bf19dfb6a75,XXXXXX8877,successful
2552,223,Jocelyn Peterson,108,15000.0,mixer grinder,home appliances,online,Hyderabad,2025-12-27,3,Card,0.35,1347b057b968d72d790246cd0a9e6019b1c03dcd2d321a78abdc73c253fe6ef0,XXXXXX4540,successful
2553,40,Kristina Harrell,107,50000.0,dining table,furniture,online,Hyderabad,2025-08-19,3,Card,0.05,b01cddc057bd4c511d704c040852faca4bd59d85b563747942b1857f99ccfa76,XXXXXX6674,successful
2554,239,Tyler Greene,102,70000.0,phone,electronics,offline,Delhi,2025-12-28,4,Card,0.3,3f6662589024338f4b1a47cd105e46478af2497c6479587081773a171537cbaa,XXXXXX3007,successful
2555,832,Carolyn Miller,103,1300.0,shirt,clothing,online,Delhi,2025-10-10,2,Cash,0.25,d7a7442b0864e414a66ae75eb309671ab3f03d45d0787173e0e8f3ac843dfb70,XXXXXX8684,successful
2556,660,Jessica Stephenson,102,70000.0,phone,electronics,online,Hyderabad,2026-03-09,5,NetBanking,0.1,adefda058ca7369ebd85ec19865072ce00512ef9832d2209cbdf212783668d55,XXXXXX1390,successful
2557,798,Amber Murphy,104,8000.0,shoes,clothing,online,Hyderabad,2025-04-30,2,Card,0.3,05a5b0575faa38d0083c52d65db172c373dcbeb1905f9972fc2165cadc42529b,XXXXXX9807,successful
2558,541,Melissa Perez,104,8000.0,shoes,clothing,offline,Delhi,2025-10-24,1,NetBanking,0.1,cafa52b9fc206d9deec98f6194aa2be564454adbbccf6347f92ba2a6c4c00cc1,XXXXXX7972,successful
2559,209,Aaron Mclaughlin,109,65000.0,refrigerator,home appliances,online,Chennai,2025-12-29,5,Card,0.1,563415b8c779a8ab6f511307eb1040ec033a462044114d62e8b259bd9c49c2dc,XXXXXX5147,successful
2561,728,Lisa Miller,103,1300.0,shirt,clothing,online,Chennai,2025-05-16,1,Card,0.1,4fdac8377bcedb28f81b68f0a705c723fa8db723aaf81bae28160a1f37eaea1a,XXXXXX3795,successful
2562,730,Adam Maldonado,110,45000.0,microwave,home appliances,online,Mumbai,2026-04-04,5,Cash,0.4,730533d1ca521c2e6d287ee58d5175250137b35077a635dd37ebdb9df9a707fd,XXXXXX5345,successful
2563,709,Mike Roberts,101,250000.0,laptop,electronics,offline,Hyderabad,2026-03-16,4,UPI,0.25,ef943fae8a173f5adfdc9ee0c56d587d99983a00c68174e51c8cd4fffe84aea2,XXXXXX5792,successful
2564,710,April Moore,101,250000.0,laptop,electronics,online,Mumbai,2025-09-10,2,Card,0.1,b114d5e8c557d3ae9fe30998345a0b5b8ce02e13672317453528308ef8494f13,XXXXXX1176,successful
2565,878,Sarah Brown,101,250000.0,laptop,electronics,offline,Chennai,2025-10-20,3,UPI,0.4,7bbe566abde868222ad2f5a0147ea44df8ebb6d4e210d2b9ab338eec2b08ca0e,XXXXXX2098,successful
2566,866,Jasmine Guerrero,107,50000.0,dining table,furniture,online,Hyderabad,2026-09-04,4,NetBanking,0.2,e2a007ad2bf1a477b8de22c74b0c4809ecf28aea91b9955496bf90c07e5b3bf6,XXXXXX9366,successful
2567,520,Holly Jackson,103,1300.0,shirt,clothing,online,Mumbai,2025-05-10,5,NetBanking,0.35,824bae16bdd2b506354e11dc48c29057a9b85343249b54c1dfd9756284739998,XXXXXX5736,successful
2568,927,Bradley Sparks,110,45000.0,microwave,home appliances,offline,Chennai,2025-06-02,1,UPI,0.1,a024997c5651f4411537ebb806814534febcace615b62465d94f79bb8ebae92f,XXXXXX0514,successful
2569,814,Donna Bennett,101,250000.0,laptop,electronics,online,Hyderabad,2025-02-06,2,UPI,0.3,3d396594237e25e4176d615a14fa7772270234550886cafa3e1e0fed31aa5b24,XXXXXX2067,successful
2570,595,Jennifer Johnson,108,15000.0,mixer grinder,home appliances,online,Hyderabad,2026-10-02,1,UPI,0.25,561315b3b57b5b406f5b433e97043fdd603baa1f89278a9d9ef404745af4acca,XXXXXX2512,successful
2571,153,Stephanie Hanna,103,1300.0,shirt,clothing,offline,Hyderabad,2025-01-10,4,UPI,0.3,81d76d5fc5a56873d2e21cdb1c2968b6c8cb660e37dbdcf81d3d57b68c6bd899,XXXXXX8701,successful
2572,950,Cheyenne Mason,104,8000.0,shoes,clothing,online,Delhi,2025-07-17,2,Card,0.3,7fe743331ca3637e03d7c422ed883dce2007f2d6b5316949a7b6488a665e8e23,XXXXXX9331,successful
2573,347,David Medina,107,50000.0,dining table,furniture,online,Delhi,2025-09-10,5,Cash,0.3,00afbdcf1bff6bb94e8e47324960f4d059af30f94ea942381a924aa347ad4473,XXXXXX4389,successful
2574,153,Stephanie Hanna,104,8000.0,shoes,clothing,offline,Hyderabad,2026-03-12,5,UPI,0.05,81d76d5fc5a56873d2e21cdb1c2968b6c8cb660e37dbdcf81d3d57b68c6bd899,XXXXXX8701,successful
2575,148,Christopher Shepherd,101,250000.0,laptop,electronics,online,Hyderabad,2025-05-13,4,UPI,0.4,6bbb2ce43df066a2b044e3ca1fdd86d70471bd11e0a06a3a90a975fdbc72872d,XXXXXX1250,successful
2576,531,Frances Hines,106,80000.0,sofa,furniture,online,Bangalore,2025-10-05,5,UPI,0.1,c44ac84cad4a9cce7617118f47b2f45e6f477ec5d56ed8fc75564166bdaad097,XXXXXX3278,successful
2577,375,Jessica Harrell,102,70000.0,phone,electronics,online,Chennai,2025-09-23,3,Cash,0.4,ee06e7a6761bcfc1745da93f8febc6967f03f6b0bc71565abb9c03d6f2bf4199,XXXXXX3067,successful
2578,885,Alexander Jacobs,108,15000.0,mixer grinder,home appliances,offline,Delhi,2025-06-17,4,Cash,0.35,bbc943ea62c40ef117d693f96b313fee57d243b6d00e1a077561d5874fc496d9,XXXXXX6172,successful
2579,773,Gerald Cox,107,50000.0,dining table,furniture,online,Mumbai,2025-08-14,4,Card,0.25,d057e4b3988e205476ba3ed1e8571142443e8a44fe59f3f9647b7c7d17f97b67,XXXXXX4312,successful
2580,623,Amanda George,101,250000.0,laptop,electronics,online,Chennai,2025-10-28,1,UPI,0.1,8f99daea2632bb1b117677ca2dbf16508332697cf46fef4afd3f4af919eb37f9,XXXXXX7000,successful
2581,998,Joseph Perez,104,8000.0,shoes,clothing,online,Delhi,2025-07-06,3,UPI,0.05,bf6f6e0fa1a4880486cb516d660d22070dab87e48b3389e04401f8343320b71f,XXXXXX3136,successful
2582,514,Joshua Cummings,106,80000.0,sofa,furniture,online,Chennai,2025-05-21,4,Cash,0.3,1f0ee252057af91bc5f8db0a11904a0d46be53eb016efb2bb9f46b6958e06128,XXXXXX8341,successful
2583,569,Lindsay Levine,104,8000.0,shoes,clothing,online,Mumbai,2025-11-23,1,NetBanking,0.35,cba5f44eaf1456873974cb1275e9bd79a70499ed68c3c1f2aeb5b56a9a45901d,XXXXXX7618,successful
2584,594,Matthew Miranda,108,15000.0,mixer grinder,home appliances,online,Mumbai,2025-10-10,2,Card,0.35,9023350a92c878df699b279f9e425302a53c61319405ffd27f76804a422ba3f0,XXXXXX8083,successful
2586,592,Timothy Medina,103,1300.0,shirt,clothing,online,Delhi,2025-06-07,5,NetBanking,0.3,cd9282215d61733f3e44cbecd97ece549a11194632475037329882d94141cc4c,XXXXXX8501,successful
2587,658,Douglas Sanders,105,45000.0,tv,electronics,offline,Bangalore,2025-11-20,5,NetBanking,0.3,d829ec5b2756f5555ac366a23386ffea9a581aa41fc04a4c8b5b7c79c69aded1,XXXXXX7580,successful
2588,702,Robert Jackson,105,45000.0,tv,electronics,online,Delhi,2026-03-16,2,Card,0.15,f338814c7e5111e7af6919f8028b285dffcbd2914882f8e6cff7f55d6aff2163,XXXXXX6138,successful
2589,904,Audrey Skinner,109,65000.0,refrigerator,home appliances,offline,Bangalore,2025-10-16,5,UPI,0.4,edb4f0e2052f3905615080c425a64da0afdfdb62387f3caeac34e231e9d895a5,XXXXXX2073,successful
2590,143,Brian Johnson,105,45000.0,tv,electronics,offline,Chennai,2025-12-03,2,NetBanking,0.05,57b51bde95e67c68d36a03867f04dceccd554b4a1c0c31745542364f80bf8600,XXXXXX0131,successful
2592,309,Gary Allen,109,65000.0,refrigerator,home appliances,offline,Delhi,2025-05-19,2,NetBanking,0.35,ac8e0a6c20658035bae53c70f471b2b45dfcae36b797ce4c4d2ba7b73e0802cd,XXXXXX3177,successful
2594,705,Amy Brewer,110,45000.0,microwave,home appliances,offline,Hyderabad,2025-08-25,2,Cash,0.1,d229abafce4b52b063aae3dd3f138d9c8dd2aba3ac5bf7978433f0005d9b5651,XXXXXX1218,successful
2595,371,Janice Morris,109,65000.0,refrigerator,home appliances,online,Mumbai,2025-07-05,1,UPI,0.05,91119655e9426f8e38e2628aeb67cdc3134e55dbbd0632d78dd41cce88b8dc89,XXXXXX4660,successful
2596,550,Raymond Martinez,104,8000.0,shoes,clothing,offline,Chennai,2026-01-08,1,Cash,0.05,e02061a735abe9b0b49ac07f0fb676491345a3d24a3687d096f48abc364e8b22,XXXXXX9650,successful
2597,939,Megan Tran,105,45000.0,tv,electronics,offline,Hyderabad,2026-01-05,4,NetBanking,0.3,3a41fcf9e0a4af7c7c6d6430212e7e287de0012479c6d73b5c5474b99e3923bb,XXXXXX9384,successful
2598,539,Kari Austin,102,70000.0,phone,electronics,offline,Bangalore,2026-03-08,1,Cash,0.4,757cccc1922bbfdf8af4ed25e9ea49be29ef0667bd6bbaef93a64f37aace7acf,XXXXXX0010,successful
2599,871,Joel Hall,105,45000.0,tv,electronics,online,Chennai,2025-08-07,5,Card,0.15,c74aa91d88e60dafe563e6acbf2855ceed401f828d0da3c4e03ac2d2ae03bdd2,XXXXXX5629,successful
2600,16,Cesar Dean,101,250000.0,laptop,electronics,online,Bangalore,2025-11-13,5,Cash,0.4,e9921811fdd4ce066b7c5824562a61c9e947e7166c6717929e2e8529a5b486c8,XXXXXX5103,successful
2601,681,Heather Williams,106,80000.0,sofa,furniture,offline,Mumbai,2025-10-08,3,Card,0.35,2f88515e63f81d6b5edec0f6f7625d6e0d1d6899927784e8aca9d6fc495aa7b8,XXXXXX9467,successful
2602,435,Wendy Robinson,108,15000.0,mixer grinder,home appliances,online,Delhi,2026-07-04,3,Cash,0.25,c96db1c3fb5dcbb76de4dea884c75221dcdccf50f2d1e2c550cc89827aa9ff9e,XXXXXX4454,successful
2603,154,Michael Smith,110,45000.0,microwave,home appliances,offline,Chennai,2025-08-10,5,Cash,0.1,d8958404f26ef69cb6360f7015fca986ef8ff3b9002b657d2e724f1b4fd44fde,XXXXXX4650,successful
2604,644,John Parrish,104,8000.0,shoes,clothing,offline,Delhi,2026-03-05,5,Cash,0.35,0b27904ae50a57d9b6087cfd2d78eb549a077e1474fb5346ad52d16294be70e4,XXXXXX7481,successful
2605,2,Steven Evans,101,250000.0,laptop,electronics,online,Delhi,2026-01-22,2,Cash,0.15,a6c45101e45fecc6ce25041fc13a69d13c16e5ec020f7349067bd0d00783c948,XXXXXX2287,successful
2606,459,Jason Moreno,109,65000.0,refrigerator,home appliances,online,Mumbai,2025-07-10,4,Card,0.05,ec0eed02314dcee52b4be2470f59547e7c3d3c402912b9635e4d55d327aedf2f,XXXXXX2001,successful
2608,275,Edward Beck,102,70000.0,phone,electronics,online,Bangalore,2025-12-16,5,Card,0.35,8c6a498853878d2359ad77191610b474fa1df41590815b246b125d28f95ca8c0,XXXXXX4934,successful
2610,148,Christopher Shepherd,105,45000.0,tv,electronics,offline,Hyderabad,2025-10-05,3,NetBanking,0.25,6bbb2ce43df066a2b044e3ca1fdd86d70471bd11e0a06a3a90a975fdbc72872d,XXXXXX1250,successful
2611,471,Jamie Kelly,104,8000.0,shoes,clothing,offline,Chennai,2025-08-06,1,NetBanking,0.4,3f66a4b98d40f4856474d68be5341648bccae5e6bc9347f68004d3b8c5d3d708,XXXXXX9015,successful
2612,588,Casey Edwards,105,45000.0,tv,electronics,offline,Delhi,2026-02-23,4,Cash,0.05,e25ad9352cb0f38a4c83acd3f6d0e6d6dee16ae5ebc9e307eefb963feb02db7b,XXXXXX1845,successful
2613,45,Tasha Baker,102,70000.0,phone,electronics,offline,Delhi,2025-06-15,2,Card,0.1,9ee2bff76016cc468aedfc4602a2ba1039731a1ba142ccf1a98572cf79cf3dd1,XXXXXX5843,successful
2614,253,Emily Rodriguez,109,65000.0,refrigerator,home appliances,offline,Delhi,2025-12-01,5,UPI,0.1,960f348e93082ba4e3a4ac55ece83f35eabaaf75168a2179c6f9fc82a0294e37,XXXXXX6545,successful
2615,421,Rebecca Holland,109,65000.0,refrigerator,home appliances,offline,Delhi,2026-05-01,5,Card,0.25,894509abc5a859b77eab65bc7abdab1ecf763f1ec9812f93988874d4533fe306,XXXXXX2960,successful
2616,93,Judith Sanchez,107,50000.0,dining table,furniture,offline,Mumbai,2025-10-16,5,UPI,0.15,67c1f660398c79a3e7e5929280b8745bb599b40a98d6d54f7419e5c4fbeb5d0a,XXXXXX7676,successful
2617,945,Misty Parker,105,45000.0,tv,electronics,online,Hyderabad,2025-09-03,4,UPI,0.1,09191b02e2a048ecdb6acfe67128ac8892af0a300c9fdce59e199c28343cf749,XXXXXX8545,successful
2618,43,Jennifer Frye,103,1300.0,shirt,clothing,online,Chennai,2025-05-26,3,Cash,0.05,e712367a942c63899d1287ba7b6607922155942ffadeff271b388f53589fb4dc,XXXXXX1395,successful
2619,296,Katherine Frazier,110,45000.0,microwave,home appliances,online,Bangalore,2025-10-31,1,NetBanking,0.1,7ff52c0b45d5ab21b781cdf26e43bd734245dab1947ce6b762f53e1967704107,XXXXXX6097,successful
2620,60,Kathleen Moreno,108,15000.0,mixer grinder,home appliances,offline,Bangalore,2025-05-20,1,UPI,0.15,b33ff3bfaf6638d27ea5243a1351ffc504c2fc5e372b2c9480fcf685625ec46d,XXXXXX1955,successful
2621,967,Brittany Bush,107,50000.0,dining table,furniture,online,Hyderabad,2025-10-21,4,Cash,0.05,5d929216eff9d713bf0bedf384347d6004aab30bb10d5cc10ed8b89c8a74ec97,XXXXXX4454,successful
2622,881,Sarah Guerrero,107,50000.0,dining table,furniture,offline,Bangalore,2025-06-21,3,UPI,0.15,24ebfd46331edd85d7f408a907f7a6b0f75b1204bb7ca18fa01cb69fe9629578,XXXXXX8911,successful
2623,144,Amber Boyd,109,65000.0,refrigerator,home appliances,online,Mumbai,2026-08-03,3,Cash,0.2,6453c152acffc8ba48ded2948ce3bd172798bbaa0272740e056f155459e3b8ef,XXXXXX5581,successful
2624,504,Victor Hendricks,102,70000.0,phone,electronics,online,Mumbai,2025-06-06,4,NetBanking,0.05,a90c227eb3f5bec125f2c387d00f0afca603c4e42035e687491796580983e15c,XXXXXX0307,successful
2627,502,Amy Stewart,104,8000.0,shoes,clothing,offline,Delhi,2025-11-15,3,Cash,0.05,608bc2105cc974c248c31e6282166ec8bc104e333d9056a6fc7685fa64c1d573,XXXXXX7862,successful
2628,188,Allison Oliver,109,65000.0,refrigerator,home appliances,online,Hyderabad,2025-07-18,5,Cash,0.1,439c379db3104f1775b7d94c3bb5fb7da619570aa9a03f7d9795fc13f5684505,XXXXXX7624,successful
2629,172,Daniel Smith,107,50000.0,dining table,furniture,online,Delhi,2026-02-06,2,NetBanking,0.1,8be5e4c05181899d6e1b5c95fa2dabffb0a76825f1a70537800d30c479445f0d,XXXXXX2879,successful
2630,377,Michael Black,110,45000.0,microwave,home appliances,online,Mumbai,2025-12-08,1,UPI,0.05,e881ad21ded5da1b7bd5ea1b74cbaa9b0d52dae29fd252b42c4a48952c72987a,XXXXXX3502,successful
2631,888,Jade Garza,104,8000.0,shoes,clothing,offline,Hyderabad,2025-08-13,1,Cash,0.4,629873393d19cb75131bb72584af1e59868a0cbf812a72d967b858d49358424b,XXXXXX5623,successful
2632,52,David Hernandez,109,65000.0,refrigerator,home appliances,online,Mumbai,2025-06-09,1,Card,0.35,9b82d5cceae5bfca42eb719b58003af6a0b4b422d227fdeb3e7ff72affaa1087,XXXXXX2999,successful
2633,465,Heather Walker,107,50000.0,dining table,furniture,online,Hyderabad,2025-11-20,2,UPI,0.15,3538d2724d1fcfd7942835e9da8be773b7a50884553c6fa01b9c5b3383b15613,XXXXXX1402,successful
2634,463,Kevin Cruz,107,50000.0,dining table,furniture,offline,Delhi,2025-09-05,3,NetBanking,0.2,82517fa8d5c87d23de33c09519d379699e04d1425c16002a263a311f80d935d4,XXXXXX4173,successful
2635,260,Cynthia Fields,106,80000.0,sofa,furniture,offline,Chennai,2025-03-12,5,NetBanking,0.4,51eb2cefbc7227dda48d50e86925510cd29584fb421e8ee38d47b3d3ad8cd8c5,XXXXXX5111,successful
2636,417,Kristina Lewis,107,50000.0,dining table,furniture,offline,Delhi,2026-03-31,4,Card,0.3,fd426419a08291b763b84cfa4ce559b748c78ff75928b492ce9cbaa669ad10f3,XXXXXX9732,successful
2637,312,James Morales,110,45000.0,microwave,home appliances,online,Bangalore,2026-04-01,5,UPI,0.2,7697edf68ba785afc16cc453a09891caef14153124fc1ee23b2c155ae383a092,XXXXXX0000,successful
2638,281,Ashley Anderson,101,250000.0,laptop,electronics,online,Bangalore,2026-02-16,2,UPI,0.15,6f78c76d95c2da6b588cbe16279910e72a0fb52cd25b2bdfc21dae2223f3b153,XXXXXX5033,successful
2639,604,Craig Miller,107,50000.0,dining table,furniture,offline,Chennai,2026-04-08,3,NetBanking,0.2,f594775c4ad6ffd1a56420eb4510c550c3ef17e36570e76e80d42c0fdead13b6,XXXXXX2647,successful
2641,692,Paige Brown,102,70000.0,phone,electronics,offline,Bangalore,2025-12-20,3,UPI,0.35,19c66f0c05ca813a58b9de8e8bddbdc88a628a01c2be6c19c51a9d808d9a3a4a,XXXXXX7367,successful
2642,273,John Evans,101,250000.0,laptop,electronics,offline,Hyderabad,2026-12-04,4,NetBanking,0.05,547481c76eb582353380219f0a807d516687f5c30b2a9ab632e394afdfd9b2b5,XXXXXX1499,successful
2643,647,Michelle Conway,103,1300.0,shirt,clothing,offline,Chennai,2025-04-16,2,NetBanking,0.05,d3994be131c88b29ab7e545fad47a57ba24fdee3aac21457787edfaa61dc5790,XXXXXX9105,successful
2644,337,Cameron Myers,106,80000.0,sofa,furniture,offline,Chennai,2026-04-14,5,NetBanking,0.05,e7a78278a002da5b88e0cd5a46f88c6a1f75aaa37660650861a35efddce79c1a,XXXXXX1877,successful
2646,585,Clifford Hayes,104,8000.0,shoes,clothing,offline,Delhi,2025-11-14,3,UPI,0.35,e5d9fa281a253d55b442c9c98bb9b4a13e7f115b9aec14e65c98eef05cf8f86f,XXXXXX1942,successful
2647,582,Kristin Bradley,106,80000.0,sofa,furniture,online,Hyderabad,2025-10-03,3,NetBanking,0.2,1fe510f253241b87edb5c029c6ee40ab35d705d0e17022f21f3b8fc35e979925,XXXXXX1944,successful
2648,959,Andrea Bailey,102,70000.0,phone,electronics,online,Chennai,2025-12-08,3,Card,0.1,c7e8d3c3c44c371f7fdf29ce7a58516b506b37a3b20b8f83ff0971548a37bb37,XXXXXX0607,successful
2649,440,Tracy Sheppard,105,45000.0,tv,electronics,offline,Hyderabad,2025-07-02,4,NetBanking,0.35,6f59796303068fc280d79a713121e24aa075b6fe648191206affed7e6521133f,XXXXXX3396,successful
2650,846,Chris Garcia,104,8000.0,shoes,clothing,offline,Hyderabad,2025-08-23,5,Card,0.05,d839d7118047ab5dff4427101725c4ba59e0ae6cd0053aa87b863517f77574a8,XXXXXX9191,successful
2651,565,Craig Moore,103,1300.0,shirt,clothing,online,Mumbai,2025-11-07,5,Cash,0.05,85a16ee2e4ec76cb62f30db773fb4475fe2da9225f62f4864f8b98c133cf599e,XXXXXX2911,successful
2652,363,Leonard Travis,106,80000.0,sofa,furniture,offline,Delhi,2025-08-30,5,UPI,0.1,931d48b3582e271bcc47c98ec02ea48136b7661fcaecc6b949402d939233e531,XXXXXX0472,successful
2653,928,Katherine Oneal,110,45000.0,microwave,home appliances,online,Bangalore,2026-01-05,2,Cash,0.4,952a08f3fa1dfa1ab052aec4ab4e7a8bdc8260852ad9f47b63f0c0874d50cc1b,XXXXXX0522,successful
2654,288,Darren Parker,106,80000.0,sofa,furniture,offline,Hyderabad,2025-10-25,2,UPI,0.05,10e29cbeda48e534b6c580cf8e53d92364939d1826d5e1a6b7b6e538bbdd53ad,XXXXXX3569,successful
2655,569,Lindsay Levine,106,80000.0,sofa,furniture,online,Mumbai,2025-12-05,4,UPI,0.1,cba5f44eaf1456873974cb1275e9bd79a70499ed68c3c1f2aeb5b56a9a45901d,XXXXXX7618,successful
2658,109,Michael Walker,102,70000.0,phone,electronics,offline,Mumbai,2026-03-11,3,UPI,0.25,dd5e3426d5dfb69ef583ec656d7c4e4702b4cfa9a529efb7014828ec45ea3e07,XXXXXX7171,successful
2659,918,Grant Harris,107,50000.0,dining table,furniture,online,Bangalore,2025-10-31,4,Cash,0.1,ced92f85f81f17372e933f8a24af8200173273f99e1b2cebd6003b0cf2f5801d,XXXXXX4421,successful
2661,715,Rachel Hogan,108,15000.0,mixer grinder,home appliances,offline,Delhi,2025-11-06,2,Cash,0.05,a64f4b9e158d715ccf5d5c359730e3e87400158ba23e143e4f740fb6b63d1ebe,XXXXXX0977,successful
2662,688,Peter Chavez,107,50000.0,dining table,furniture,offline,Mumbai,2025-08-12,1,UPI,0.35,c6a01febc25a70b3194627633a5e54a465449b822e9452eedf40215e05ec6f5c,XXXXXX2648,successful
2664,29,Leah Dunn,103,1300.0,shirt,clothing,offline,Hyderabad,2025-09-05,3,UPI,0.1,a4be4ea2fc553b12c27194bc24cb8d5f9b6583bb9f24d25b4537b1afa6ec02c0,XXXXXX6479,successful
2665,321,Chris Garcia,110,45000.0,microwave,home appliances,offline,Mumbai,2025-01-09,3,Cash,0.1,eccf4c37df234ac54f6b76c56400e1b134ea3891d1dcdaee2d98cd47e28a4787,XXXXXX5695,successful
2666,912,Brian Randall,110,45000.0,microwave,home appliances,offline,Mumbai,2025-08-08,1,Cash,0.4,51fa0dd3a2c7f65f90615b588c3e55a455abfbc922402fcdda2a8baba69a1a1f,XXXXXX3966,successful
2667,960,Michaela Brown,106,80000.0,sofa,furniture,offline,Delhi,2025-09-27,5,Cash,0.2,e2efd544ce00db9dad814def9b29b1e70adffb86b661f6d8cc94e0cac18b242b,XXXXXX9942,successful
2668,11,James Leblanc,106,80000.0,sofa,furniture,offline,Delhi,2025-08-19,3,Cash,0.1,94996625068723cbf9e80a28bce46f1407ffcf1cdcbce738bcb8fdb01580e696,XXXXXX0360,successful
2669,224,Benjamin Reyes,101,250000.0,laptop,electronics,online,Mumbai,2026-02-20,5,Cash,0.25,404f46f1d76952844cd37fb1e46e7a162c0f08ecc041d46964497d0f49b89054,XXXXXX1609,successful
2670,750,Kristi Blackwell,101,250000.0,laptop,electronics,offline,Hyderabad,2025-10-28,3,NetBanking,0.4,c6025288e5e7d7882ac5d39ef6437e85e7dc0bfca0679ed961821ef5359e5613,XXXXXX3501,successful
2671,894,Felicia Rollins,106,80000.0,sofa,furniture,offline,Bangalore,2025-07-31,1,NetBanking,0.25,13b0c3feff2803c928fde6571142f93639e898bdcc5bd619f23dd8e87ff385f2,XXXXXX8195,successful
2672,652,Charles Fleming,110,45000.0,microwave,home appliances,offline,Delhi,2026-01-21,1,NetBanking,0.2,2286702f6adac1b9abaeefc7a80e7c1dd8f760fc6ebe86d22573d13dbe09a35b,XXXXXX4499,successful
2673,864,Cameron Black,110,45000.0,microwave,home appliances,offline,Chennai,2026-02-22,4,Card,0.25,f842de5fc6e0b75b586d413b7f3d48e6dc07751f2385c2bd38e503377b43b861,XXXXXX9477,successful
2674,81,Michael Wagner,105,45000.0,tv,electronics,online,Chennai,2025-05-22,5,UPI,0.35,fe30f3915ecc2c76aef29919f2d173b8fcaf90edfdb2b75764f4f4c86488a593,XXXXXX7974,successful
2675,504,Victor Hendricks,105,45000.0,tv,electronics,offline,Mumbai,2025-05-02,3,Cash,0.05,a90c227eb3f5bec125f2c387d00f0afca603c4e42035e687491796580983e15c,XXXXXX0307,successful
2676,67,Jamie Harvey,107,50000.0,dining table,furniture,offline,Chennai,2025-09-21,4,Cash,0.3,9c26b6aadb8feda99cd9788bc382326776141dad08065ab739b8cf8896cfb68d,XXXXXX5928,successful
2677,228,James Hernandez,105,45000.0,tv,electronics,online,Hyderabad,2025-04-24,1,UPI,0.4,cd931453c2a38b73fd95150d1e8a54298ab4647c6f0f451e9588a55758fa7a38,XXXXXX4253,successful
2678,542,Angela Martin,109,65000.0,refrigerator,home appliances,online,Chennai,2025-12-23,1,NetBanking,0.3,f455c867b71e2d8d962049741437b55042e58f9c78d6c95ad420cfaa6383df7a,XXXXXX6387,successful
2679,616,Misty Gregory,103,1300.0,shirt,clothing,offline,Bangalore,2025-10-14,4,Card,0.3,b73fa16a8c8e513d4f3ba490574602e8760e3da8d550d6eca08241606e0b92e2,XXXXXX3156,successful
2680,640,Carrie Jacobson,106,80000.0,sofa,furniture,online,Bangalore,2025-05-31,3,Cash,0.1,48004bb85c12fae1566c5775172309769584efb0f43ebb8572be08c74599158c,XXXXXX2507,successful
2681,988,John Thomas,109,65000.0,refrigerator,home appliances,offline,Delhi,2025-09-21,4,NetBanking,0.4,9137fdca7f564c9993f78c995a679bbe6e035b9342ff4626bc724be8c1797670,XXXXXX9139,successful
2683,259,Kevin Ramirez,107,50000.0,dining table,furniture,offline,Hyderabad,2025-05-31,2,Card,0.35,f81e5f075377d81bf399e8869699aeceffd18d4373a9715392631db90139dee8,XXXXXX8185,successful
2684,744,Ashley Hull,101,250000.0,laptop,electronics,online,Chennai,2025-06-14,3,NetBanking,0.2,a1b161599dcfb54b62c6cc6b98202574bfe9d3fbc2c6daef9f7383565a545430,XXXXXX9482,successful
2685,301,Alexandra Nguyen,107,50000.0,dining table,furniture,offline,Delhi,2026-01-18,1,Card,0.35,723fd3dd13fe8fb910e1d9c1f038e2882824b82970576b970d2da2a7ab65ba74,XXXXXX9566,successful
2686,911,Kelly Le,103,1300.0,shirt,clothing,online,Delhi,2026-04-08,5,Card,0.05,cbffc93beafe626b9849d01039f0c856849d8832f104e0d4fce7b804e015318b,XXXXXX5769,successful
2687,940,Nicole Briggs,102,70000.0,phone,electronics,online,Chennai,2025-12-18,2,Card,0.25,49dae1c6c61cb68add3476765f3caeea6052af0a2550af2cce7d2d18779e572e,XXXXXX0293,successful
2688,515,Amy Lee,103,1300.0,shirt,clothing,offline,Chennai,2025-04-19,1,Cash,0.05,0b943ce1d1b723104f6a237e75fc90f73efcb8b631af4923987d38e3b8e3e921,XXXXXX0756,successful
2689,408,Hannah Russell,103,1300.0,shirt,clothing,offline,Hyderabad,2026-01-02,3,Cash,0.3,8230562eba285745b6a0676f4f6fce1e6404ee6ce387bba4bced74069dad9b18,XXXXXX3608,successful
2690,302,James Robles,108,15000.0,mixer grinder,home appliances,offline,Bangalore,2025-07-08,4,UPI,0.25,0f94f348209ca715775bd93530a481de53e2d185ae4094c4b1c19edce2cb92e7,XXXXXX5908,successful
2691,761,Larry Yates,110,45000.0,microwave,home appliances,offline,Chennai,2025-06-05,5,Cash,0.4,ed783a25678a9bbe65dc5410b4471b0c83492a486ba8e7dfc3fc08f71da8bec0,XXXXXX1557,successful
2693,290,Megan Carter,106,80000.0,sofa,furniture,offline,Chennai,2025-08-28,4,Card,0.25,06101d7c9b7617f52efd208f24f6530e561a65145d634953dec8dbccc7ef7868,XXXXXX1923,successful
2694,193,Mary White,105,45000.0,tv,electronics,online,Bangalore,2025-08-11,3,UPI,0.35,a21bb09735b6cce8b0847b4e59e3de8cde313d64c23328246b9c836b15b135f1,XXXXXX7194,successful
2695,199,Marissa Cortez,105,45000.0,tv,electronics,online,Chennai,2025-11-25,2,Cash,0.25,2c5db219cebb5d80609890f8e9f2eb58d52eb5ec02f28ae238561e3a3f8c4ee2,XXXXXX0400,successful
2696,15,Robin Ray,101,250000.0,laptop,electronics,offline,Chennai,2025-07-21,4,Card,0.1,fc075d18e93a753f07de8e0f3294d6274a18f991e0945c849ca451c005ad68bd,XXXXXX1348,successful
2698,507,Thomas Cameron,106,80000.0,sofa,furniture,offline,Delhi,2025-10-24,2,NetBanking,0.2,d1a3662414787e46f75a4c7dfc80a30ace6eb31de5488f1e9b660701cb9f4138,XXXXXX2264,successful
2699,234,Kristin Taylor,109,65000.0,refrigerator,home appliances,online,Delhi,2025-07-15,3,Card,0.35,495666da97215ae82318316ff943a8800abae2e5a395c4d59f51b9b361c5e840,XXXXXX3410,successful
2700,363,Leonard Travis,109,65000.0,refrigerator,home appliances,online,Delhi,2026-03-24,2,NetBanking,0.15,931d48b3582e271bcc47c98ec02ea48136b7661fcaecc6b949402d939233e531,XXXXXX0472,successful
2701,186,Dawn Garrett,101,250000.0,laptop,electronics,online,Chennai,2025-07-22,3,Cash,0.15,79680eda3b6a449222dc65431c9a8ea1135f0b51f11ec4e086fc861a020fffd5,XXXXXX0201,successful
2702,16,Cesar Dean,110,45000.0,microwave,home appliances,online,Bangalore,2025-12-25,4,NetBanking,0.05,e9921811fdd4ce066b7c5824562a61c9e947e7166c6717929e2e8529a5b486c8,XXXXXX5103,successful
2703,600,James Schaefer,105,45000.0,tv,electronics,online,Chennai,2026-02-27,2,NetBanking,0.05,d267e2659aadead31909b31b81ead73645ac2e7a5910a96f039e54f76a297d74,XXXXXX4220,successful
2704,539,Kari Austin,102,70000.0,phone,electronics,online,Bangalore,2025-11-20,5,UPI,0.2,757cccc1922bbfdf8af4ed25e9ea49be29ef0667bd6bbaef93a64f37aace7acf,XXXXXX0010,successful
2705,296,Katherine Frazier,102,70000.0,phone,electronics,offline,Bangalore,2025-10-12,3,UPI,0.4,7ff52c0b45d5ab21b781cdf26e43bd734245dab1947ce6b762f53e1967704107,XXXXXX6097,successful
2706,951,Richard Miller,105,45000.0,tv,electronics,online,Mumbai,2026-02-12,4,Card,0.05,fd4e3836a31a99f33b387ba6f5ce09ea2c2539bd382c2b1c34dfb408b0b21dc1,XXXXXX6379,successful
2708,846,Chris Garcia,109,65000.0,refrigerator,home appliances,online,Hyderabad,2025-05-11,5,Card,0.35,d839d7118047ab5dff4427101725c4ba59e0ae6cd0053aa87b863517f77574a8,XXXXXX9191,successful
2710,180,Chelsea Meyer,106,80000.0,sofa,furniture,offline,Bangalore,2026-02-18,3,Cash,0.1,65b59fa4ffaf267c149288747774acc0ffcc5bd35c0022ec3b1fd121c4648074,XXXXXX6560,successful
2711,728,Lisa Miller,102,70000.0,phone,electronics,offline,Chennai,2025-07-09,1,NetBanking,0.05,4fdac8377bcedb28f81b68f0a705c723fa8db723aaf81bae28160a1f37eaea1a,XXXXXX3795,successful
2712,230,Jose Guerrero,108,15000.0,mixer grinder,home appliances,offline,Hyderabad,2026-12-03,2,Cash,0.15,1bd662bf7c2b8a2805e52bff5d4285e77234b60beef56529c05def844f1fe349,XXXXXX5176,successful
2714,894,Felicia Rollins,105,45000.0,tv,electronics,online,Bangalore,2026-02-16,5,Cash,0.35,13b0c3feff2803c928fde6571142f93639e898bdcc5bd619f23dd8e87ff385f2,XXXXXX8195,successful
2715,106,James Pham,102,70000.0,phone,electronics,offline,Chennai,2025-09-26,3,Card,0.15,46e343f78b051a8a59490a12eff7cfec9222df1e53fadd10a6ce4aa6d8f158ff,XXXXXX0047,successful
2716,54,Jessica Hernandez,101,250000.0,laptop,electronics,offline,Hyderabad,2025-12-14,1,Card,0.4,c2484578a36fec04c41a3dfea89136e407d6e790090c7e130a3e1b54fefab2b1,XXXXXX1854,successful
2717,138,Andrea Olson,108,15000.0,mixer grinder,home appliances,offline,Bangalore,2026-01-14,3,NetBanking,0.35,06a3e4face5948d9fd6de56333352bc54fee0ad49844e94080d5841b92dfb5c4,XXXXXX8168,successful
2718,131,Pamela Peterson,103,1300.0,shirt,clothing,online,Bangalore,2025-10-08,5,Cash,0.35,28b8883658580d5d23c90b08b705f71911fc97ba36150f89090da069e07ec881,XXXXXX8147,successful
2719,647,Michelle Conway,108,15000.0,mixer grinder,home appliances,online,Chennai,2025-04-16,4,NetBanking,0.3,d3994be131c88b29ab7e545fad47a57ba24fdee3aac21457787edfaa61dc5790,XXXXXX9105,successful
2720,933,Zachary Khan,101,250000.0,laptop,electronics,online,Bangalore,2026-04-03,4,NetBanking,0.15,355b3b9a9289c38591536242d2715661cca3197dcd916c580ed7ee6afb4f95dc,XXXXXX3581,successful
2721,43,Jennifer Frye,101,250000.0,laptop,electronics,online,Chennai,2026-01-01,4,Card,0.35,e712367a942c63899d1287ba7b6607922155942ffadeff271b388f53589fb4dc,XXXXXX1395,successful
2722,261,Ronnie Martin,110,45000.0,microwave,home appliances,offline,Bangalore,2025-03-05,4,NetBanking,0.05,62ab53d06a5c0dbcac3301b815adfecee72509402576e9edcff342d51bd63ff3,XXXXXX1260,successful
2723,819,Daniel Vang,102,70000.0,phone,electronics,online,Chennai,2026-03-21,5,Cash,0.1,fe669b97d4a5a0c559cc69fc072bc0b6e436ad54124b9168de45f62b51748b48,XXXXXX9771,successful
2724,265,Frederick Ortiz,105,45000.0,tv,electronics,offline,Bangalore,2025-10-06,4,UPI,0.4,477d8524e573e743da129b6ed9e1fdebf11d0136be8533e2fd64767133d6cb74,XXXXXX1554,successful
2725,924,Mikayla Krause,106,80000.0,sofa,furniture,offline,Hyderabad,2025-12-21,1,UPI,0.3,a2308c0a093902245116aa424f16bb8f01d88631aa93177a8f1441e2a0a700ee,XXXXXX7031,successful
2726,296,Katherine Frazier,101,250000.0,laptop,electronics,online,Bangalore,2026-01-16,2,UPI,0.35,7ff52c0b45d5ab21b781cdf26e43bd734245dab1947ce6b762f53e1967704107,XXXXXX6097,successful
2727,671,Sarah Frederick,106,80000.0,sofa,furniture,online,Chennai,2026-01-28,4,UPI,0.15,d7ff5ebc2d22d2c12fdf656b54fcdcb0fa4a1bdecc17cc548fda5a03b44f97d1,XXXXXX5538,successful
2728,779,Daniel Nielsen,105,45000.0,tv,electronics,offline,Chennai,2025-06-11,4,NetBanking,0.4,92c620bb63713c675871750c02e6141c88ccbdf8135cebd25187a316b04e0588,XXXXXX1407,successful
2729,189,Melinda Rodriguez,106,80000.0,sofa,furniture,offline,Chennai,2025-04-28,4,Card,0.05,b3a17d24e65cc625ca470f8c39b64d0cd832a90fd7f36a011cc9d718032d5185,XXXXXX9897,successful
2730,845,Sara Smith,108,15000.0,mixer grinder,home appliances,online,Chennai,2025-04-26,5,UPI,0.15,b7b1e934efd61e751e05f496ca45a16459c27296e3ba828c0cbee46f0c3534eb,XXXXXX0226,successful
2731,422,Patrick Ramirez,108,15000.0,mixer grinder,home appliances,offline,Delhi,2026-01-22,2,Cash,0.2,8d0155644973ff939fc0c2c472de8244c3702b5d308cd2420b39fb1be1e5023e,XXXXXX5459,successful
2732,338,Lisa Garrison,103,1300.0,shirt,clothing,online,Delhi,2025-04-26,5,Card,0.35,2ec47ae623f838a8a542c2baae2c33ebbaafbc742f4ce3d71941fd11ce6f022d,XXXXXX9437,successful
2733,822,Christine Rivera,103,1300.0,shirt,clothing,offline,Hyderabad,2025-05-26,2,Cash,0.05,c42738025f906498b431e904b38c9d8f2cde2c8bce623d9bd71c504260ebda79,XXXXXX6621,successful
2734,59,Mathew Jackson,102,70000.0,phone,electronics,offline,Hyderabad,2026-03-22,2,Card,0.15,f80ed55ace5d336d804ad34d97cd6dcc1a4b2242bf5d3367ad930c9024323aae,XXXXXX2008,successful
2735,987,Daniel Harper,104,8000.0,shoes,clothing,online,Delhi,2025-10-28,5,UPI,0.05,6e54d96bc2dd7786b39b68c1fe203128158ff583fc7f48158d74a342cb4c76aa,XXXXXX1659,successful
2736,98,Cindy Mueller,109,65000.0,refrigerator,home appliances,offline,Chennai,2026-01-27,1,NetBanking,0.15,c5b1aff6c934f059cc6989319cfcc7c8a11035361d742db8f1553c2244f063be,XXXXXX4089,successful
2737,727,Rodney Simmons,101,250000.0,laptop,electronics,offline,Bangalore,2026-03-27,2,Card,0.4,fbddafd90e7b0ed1da5bcc2ab7e9885d58d8e901c29de468d881eb1d56f89ecd,XXXXXX3682,successful
2738,190,Heather Martinez,107,50000.0,dining table,furniture,offline,Chennai,2026-03-11,1,UPI,0.35,ad161a32f0a134c2e8838b7588dac82c00864eaa91c87b665b63b93b6bd56d8f,XXXXXX3476,successful
2739,192,Nina Robinson,104,8000.0,shoes,clothing,online,Bangalore,2026-04-01,4,Card,0.4,222c27986390f5ea914ddd23b266a931ae771fbc400588afaa384cd7ec3d1302,XXXXXX7116,successful
2740,699,Kristin Hawkins,102,70000.0,phone,electronics,online,Mumbai,2026-03-16,4,Card,0.15,e471618908bd1db4a654ac6628cd5a61768720cdd8dd4b481bef556f860b704b,XXXXXX3116,successful
2741,450,Matthew Martinez,107,50000.0,dining table,furniture,offline,Bangalore,2025-05-23,2,Cash,0.35,b470a9b15f8be6311593be2fb7c6a3821695fa3c193e7c7b218cc9800ad2d924,XXXXXX4344,successful
2742,519,Kylie Ferguson,106,80000.0,sofa,furniture,online,Bangalore,2026-02-08,3,Card,0.3,4c81b180d2a379c1c946777a71bebafae168504f7c617bdc64f34dfb9576d6ca,XXXXXX6178,successful
2743,896,Tara Church,108,15000.0,mixer grinder,home appliances,online,Mumbai,2026-04-09,3,Cash,0.25,e199d2896181d7cf1af749619198b2c53623518f768b316576eeb0305b9ead34,XXXXXX0847,successful
2744,797,Anthony Martinez,102,70000.0,phone,electronics,online,Bangalore,2025-10-01,5,UPI,0.1,1daa3d7da0df522ae5e24fc8f50239a9c27630ce1d99c0e01c087f4e65e783a3,XXXXXX0534,successful
2745,425,Lindsay Buchanan,102,70000.0,phone,electronics,online,Hyderabad,2026-01-20,3,Card,0.4,b7a2e0353ae0edc0414ca897ae4eed9e589d4be43a8ebce0f9bd271f95da4327,XXXXXX1779,successful
2746,241,James Gonzales,108,15000.0,mixer grinder,home appliances,offline,Chennai,2025-08-03,1,UPI,0.1,866988245ad72c7145dc4839143d10d0237dabbc66509feb649f2b30c922be18,XXXXXX9128,successful
2747,409,Elizabeth Watson,110,45000.0,microwave,home appliances,offline,Bangalore,2025-07-13,5,Card,0.35,1c1c4f8a987877603b2546504a87f3d0a3167ce6c09bab3419ca3ed2ffda889d,XXXXXX5929,successful
2749,264,Kelli Johnson,108,15000.0,mixer grinder,home appliances,online,Bangalore,2025-12-28,4,UPI,0.1,3aaa6ae0a7b9a1c8b63158b1c3de5f2ac397ffd9e5820b12ded699bba5bc097b,XXXXXX6731,successful
2750,897,Johnathan Fox,103,1300.0,shirt,clothing,offline,Mumbai,2026-04-08,3,Card,0.15,59afb9515445604e824c6d67297dd8878d71915b30c5f7ca5884039bb6a42fc3,XXXXXX4977,successful
2751,501,Tammy Gomez,101,250000.0,laptop,electronics,online,Bangalore,2025-05-17,5,Cash,0.2,58113ab88f9317b8700f6fd27a1d7cb397cf94a31555421520f21b10a0f31bab,XXXXXX1201,successful
2752,140,Aaron Black,102,70000.0,phone,electronics,offline,Chennai,2025-07-12,2,UPI,0.3,129f9fd8cc16fc955c8d18208d9a0eb852a81024ed539b73b4ffb21c34a7fd24,XXXXXX9959,successful
2753,715,Rachel Hogan,108,15000.0,mixer grinder,home appliances,online,Delhi,2026-02-04,2,UPI,0.15,a64f4b9e158d715ccf5d5c359730e3e87400158ba23e143e4f740fb6b63d1ebe,XXXXXX0977,successful
2754,628,Kelly Turner,102,70000.0,phone,electronics,online,Chennai,2026-01-31,4,UPI,0.3,32f4726443565b0472771369535d0c6f62fdda854cfe7639e618d88f91c7e951,XXXXXX5626,successful
2755,190,Heather Martinez,110,45000.0,microwave,home appliances,online,Chennai,2025-06-22,1,NetBanking,0.1,ad161a32f0a134c2e8838b7588dac82c00864eaa91c87b665b63b93b6bd56d8f,XXXXXX3476,successful
2756,97,Joseph Nolan,101,250000.0,laptop,electronics,offline,Bangalore,2026-03-13,5,UPI,0.4,fc3683a5d6f99fdecf3be7fb548a53f44b4d7abc5e033d26239453e8bdf0f6f3,XXXXXX3593,successful
2757,557,Joseph Cowan,110,45000.0,microwave,home appliances,offline,Hyderabad,2026-03-28,2,UPI,0.35,aa00ffd546bf483d71da026f1e214834f4bd1541f59eb2a36c5b8ccf908dd9e4,XXXXXX9909,successful
2758,748,Sabrina Hopkins,104,8000.0,shoes,clothing,online,Chennai,2025-07-11,1,UPI,0.15,68289ddb5d3f8668d4d7b504b76fffefef99f8262157a9a475095dc72307dd72,XXXXXX4790,successful
2759,2,Steven Evans,106,80000.0,sofa,furniture,online,Delhi,2025-02-12,5,NetBanking,0.25,a6c45101e45fecc6ce25041fc13a69d13c16e5ec020f7349067bd0d00783c948,XXXXXX2287,successful
2760,895,Aaron Foster,101,250000.0,laptop,electronics,online,Bangalore,2025-06-29,4,Cash,0.1,233af812d49bf5aa3a6737cf507bac2a35972fc826d2dbb093e15d2b03b5e86d,XXXXXX5793,successful
2761,128,Ethan Porter,102,70000.0,phone,electronics,online,Bangalore,2025-07-18,2,Card,0.3,f5ce7c8c8577bd2d49c325f9af19f9f39a2d6fe0add4ae54eeda433bb87df488,XXXXXX4264,successful
2762,142,Charles Brown,110,45000.0,microwave,home appliances,online,Hyderabad,2025-10-12,4,NetBanking,0.35,dd8e7e1212fb3dadf7d88f50f3662b130bb9658196408112c7b3c2319d2f2159,XXXXXX6322,successful
2763,974,Phillip Rodriguez,104,8000.0,shoes,clothing,offline,Bangalore,2025-07-28,4,Cash,0.15,247a07191d126b8f8a050060cc1c9be077c4d4d4a35f6d824a4e886b795e1284,XXXXXX9416,successful
2764,374,Brian King,106,80000.0,sofa,furniture,offline,Mumbai,2025-08-13,5,UPI,0.3,bf0be9ebd8421e7bf649f465d7db049cb8de9bdb0ed994e646ab5401c4e7579e,XXXXXX7189,successful
2765,300,Tiffany Miller,104,8000.0,shoes,clothing,online,Hyderabad,2025-12-26,4,Cash,0.2,4d4504d6c1723e073aa177e46c984f6ea2087c5667f16ff02db9320d9adbf78c,XXXXXX0297,successful
2766,425,Lindsay Buchanan,105,45000.0,tv,electronics,offline,Hyderabad,2025-10-06,2,NetBanking,0.25,b7a2e0353ae0edc0414ca897ae4eed9e589d4be43a8ebce0f9bd271f95da4327,XXXXXX1779,successful
2767,355,Robert Nelson,103,1300.0,shirt,clothing,online,Hyderabad,2026-01-26,5,Card,0.25,6908f00d2013df148fd88d6d24d6ef016c67e0da11d92c0cd1d5e6eab174cbfb,XXXXXX1462,successful
2768,58,Michelle Barnes,107,50000.0,dining table,furniture,online,Hyderabad,2025-07-12,1,Card,0.1,5d1b8ec80899b065f285a3a52fa7290f7706e59b5f9a1ea7173ee68f4f9bfb00,XXXXXX6620,successful
2769,456,Christopher Williams,110,45000.0,microwave,home appliances,online,Chennai,2026-01-04,1,Cash,0.1,bd2250683958a722e639faff39ddcf2f6ffc85b80379bdfa22ea380f3682c164,XXXXXX1250,successful
2770,588,Casey Edwards,103,1300.0,shirt,clothing,online,Delhi,2025-11-14,2,Cash,0.4,e25ad9352cb0f38a4c83acd3f6d0e6d6dee16ae5ebc9e307eefb963feb02db7b,XXXXXX1845,successful
2771,684,Melissa Cervantes,109,65000.0,refrigerator,home appliances,offline,Mumbai,2025-07-27,2,NetBanking,0.15,ad837ea28da1b65c55a7b51c3ee1e15d02591c7f779be2c1b7ab1d3587ad998a,XXXXXX8839,successful
2772,674,Haley Alvarez,103,1300.0,shirt,clothing,offline,Bangalore,2025-05-21,3,UPI,0.3,93c41008d2c7d281e67d383836fc615f9686eb3dcbfcb38dcec394e7f0731028,XXXXXX8272,successful
2773,557,Joseph Cowan,103,1300.0,shirt,clothing,online,Hyderabad,2026-02-03,3,NetBanking,0.3,aa00ffd546bf483d71da026f1e214834f4bd1541f59eb2a36c5b8ccf908dd9e4,XXXXXX9909,successful
2775,603,Shawn Roberson,110,45000.0,microwave,home appliances,online,Chennai,2025-03-11,2,Card,0.4,9d472fcd9bd2f759c005cb2055ad0b610f6e8f8b792a350e47e333373d030351,XXXXXX2575,successful
2776,665,Nicole Gutierrez,102,70000.0,phone,electronics,online,Delhi,2025-12-16,1,Card,0.25,5cf3fc140302baba664a6b3d2fca5ce1126e97e0e1ee54b98b59d6c4a2ce7b8f,XXXXXX6956,successful
2777,754,Joshua Chandler,103,1300.0,shirt,clothing,offline,Mumbai,2025-12-27,3,NetBanking,0.25,9569e296989c97c1c11350f1f23189d13c4d6be6683b154b461f204ffdca87f2,XXXXXX7470,successful
2778,672,Austin Perez,108,15000.0,mixer grinder,home appliances,online,Delhi,2025-05-03,3,NetBanking,0.35,b439538e82950d728515c34222fee5ad741082238512d612412a1abe1792d30f,XXXXXX4218,successful
2779,279,Lucas Stevens,104,8000.0,shoes,clothing,offline,Hyderabad,2026-02-02,1,Cash,0.15,33933446c67203085ccdace92d436095f6c499802174dff50401efc4ad22da46,XXXXXX3687,successful
2780,342,Jessica Fowler,104,8000.0,shoes,clothing,offline,Hyderabad,2025-09-18,4,UPI,0.2,dbf46676cb0b5fd64917b3ba540ea640d019fe0b89d7987fb5e78e2594db39ee,XXXXXX0818,successful
2781,525,Laura Barajas,105,45000.0,tv,electronics,offline,Bangalore,2025-07-02,1,Card,0.05,3579dadb7ec0ea0b8de3fa92b4f3cdc171c6103c063bd94b7243ed4fe4daa30c,XXXXXX1400,successful
2782,958,Joshua West,110,45000.0,microwave,home appliances,online,Hyderabad,2025-06-30,3,Cash,0.15,499324bcc0ec6ef7343a258348be6a52e8d0b1b120d46a8d858dc815cf69dc9b,XXXXXX2265,successful
2783,449,Erin Summers,101,250000.0,laptop,electronics,online,Delhi,2025-07-20,1,Cash,0.05,b3749b9a23d734fa8c2eb1ba644ad5855fedaa8fe7d3a9e9c91453122bd37f1d,XXXXXX3005,successful
2784,974,Phillip Rodriguez,106,80000.0,sofa,furniture,offline,Bangalore,2025-08-03,1,UPI,0.05,247a07191d126b8f8a050060cc1c9be077c4d4d4a35f6d824a4e886b795e1284,XXXXXX9416,successful
2785,480,Denise Guerra,108,15000.0,mixer grinder,home appliances,offline,Hyderabad,2025-11-19,5,NetBanking,0.15,099f714054b00f0cfc28be88ac839f7e0ff384408f244763e23dde05bdb47bb2,XXXXXX2109,successful
2786,586,Michael Mason,101,250000.0,laptop,electronics,online,Delhi,2026-03-30,1,UPI,0.4,6800c67372141360b00ba423cffb9efcc1d3cb5810cff170c76779dfa505ebdc,XXXXXX8672,successful
2787,885,Alexander Jacobs,107,50000.0,dining table,furniture,offline,Delhi,2026-01-31,5,NetBanking,0.2,bbc943ea62c40ef117d693f96b313fee57d243b6d00e1a077561d5874fc496d9,XXXXXX6172,successful
2788,791,April Anderson,108,15000.0,mixer grinder,home appliances,offline,Hyderabad,2026-01-19,2,Cash,0.1,997871b22f12a7e97ffb1591ab5242aa4883f60b4c666e0acfd19824d5e4ccf3,XXXXXX6529,successful
2789,785,Michael Russell,104,8000.0,shoes,clothing,offline,Chennai,2025-08-17,1,Cash,0.1,86dfc35fa6bb945ae609458094a094ec62ca7b3b380861190331bbfb2aaecda4,XXXXXX3407,successful
2790,212,Russell Day,108,15000.0,mixer grinder,home appliances,offline,Bangalore,2025-06-22,5,NetBanking,0.15,128b7feac4946081df391459e9c341958980aaae01e4a9ec23e6486ce4a70c23,XXXXXX3203,successful
2791,661,Jennifer Cooper,103,1300.0,shirt,clothing,offline,Chennai,2026-02-25,1,Card,0.15,c111f9ef0623808dc5ecc7fb44bdbdd94d5df536ebf836aef7112acbf1690e95,XXXXXX4609,successful
2793,611,Robert Lucas,106,80000.0,sofa,furniture,online,Mumbai,2025-09-01,5,UPI,0.25,77a464ebd4ca0920e4fd792f8ac008e820f568ce2c46f51e67da17f990c01804,XXXXXX6473,successful
2794,657,Carly Lucas,106,80000.0,sofa,furniture,online,Hyderabad,2025-06-17,5,UPI,0.3,dfccda2f1e1a5633fcd150227478cec2e449c8c0772e458d0db44fdda9a2df82,XXXXXX2685,successful
2795,523,Emily Cohen,103,1300.0,shirt,clothing,online,Chennai,2025-10-07,5,UPI,0.2,4bea21dfb692c8467a967765c6baea13dd2f1e0ea834f3638e9fc372ec04a9fd,XXXXXX9627,successful
2796,202,Amanda Reed,105,45000.0,tv,electronics,online,Delhi,2026-08-04,2,UPI,0.2,31a58b7cecbfb6d45a52ad268be567e2c40845ee8b9ff3db2d29dcbaf1758947,XXXXXX7299,successful
2797,775,Roy Chavez,109,65000.0,refrigerator,home appliances,offline,Chennai,2026-02-10,3,Card,0.3,0b2a9527681ee155c1aa922875f20af02a915bf1732dd75d468716a7fdaae242,XXXXXX6010,successful
2799,704,Susan Thomas,105,45000.0,tv,electronics,offline,Chennai,2025-09-21,2,Card,0.2,d0eaa2e61d6d7ea439efb1f67011431e81c3a1344bb32bc2caefac78e9bea049,XXXXXX6032,successful
2800,913,Craig Harris,102,70000.0,phone,electronics,offline,Delhi,2026-03-26,5,Card,0.4,dfb0bd5d59c42f8aca67dc782e0fbbcc80fbc318ba73c2fb5424e0f332bb04c4,XXXXXX3910,successful
2801,877,John Warren,110,45000.0,microwave,home appliances,online,Hyderabad,2025-05-25,4,NetBanking,0.25,9f002ac63381289e8bbf21e59081952489e54f9ddacaba336b3609bc6234070e,XXXXXX0546,successful
2802,804,Tiffany Caldwell,102,70000.0,phone,electronics,online,Bangalore,2026-01-10,1,UPI,0.3,c46cc978f44fe5671bc275b617737f604e63134decd4360b8113d7551cbca1e4,XXXXXX7153,successful
2803,944,Julie Rodriguez,101,250000.0,laptop,electronics,offline,Delhi,2026-04-14,2,Cash,0.25,a6a9fb54d3a08e426816fc447d19303d6fa33f461848b906f9ba3dab17897dfe,XXXXXX0779,successful
2804,926,Lisa Reynolds,103,1300.0,shirt,clothing,online,Hyderabad,2025-09-15,4,Card,0.15,86f52346f9e98f92669200bc144a7ea20943ecad60d06cb9a599aad4d8348291,XXXXXX4840,successful
2805,923,George Wilkinson,107,50000.0,dining table,furniture,offline,Mumbai,2025-07-02,3,Card,0.4,e7f779b76a2b0d1be8c1ec2ccd3f8685316ed57130009eacec74f64ce3ef4362,XXXXXX9222,successful
2806,22,James Walters,109,65000.0,refrigerator,home appliances,offline,Chennai,2025-10-31,5,Card,0.05,ec2d6f294e97b0d6857fb8bbfc52cef910731d7835d27fa3c1b6b9ec432764c2,XXXXXX4842,successful
2807,260,Cynthia Fields,104,8000.0,shoes,clothing,online,Chennai,2026-01-23,1,NetBanking,0.35,51eb2cefbc7227dda48d50e86925510cd29584fb421e8ee38d47b3d3ad8cd8c5,XXXXXX5111,successful
2808,14,Joseph Jones,103,1300.0,shirt,clothing,online,Hyderabad,2025-11-02,1,NetBanking,0.3,5ac3130d2ec27e90d13d00173b383a6800867521b93a878c24541564c20cea5e,XXXXXX5282,successful
2809,861,Tim Brock,108,15000.0,mixer grinder,home appliances,online,Bangalore,2026-02-12,4,Card,0.35,ad972f3e86af2111d6d9c8a54628697e91c72887b5b1d2fec9822819b61e4970,XXXXXX1491,successful
2810,38,Laura Shelton,110,45000.0,microwave,home appliances,online,Bangalore,2026-04-03,1,Card,0.05,f0127c09f5e3264ee1dde43f3570716b6ac8a951113c0dfb72314decf1cf0fe6,XXXXXX7405,successful
2811,508,Jesus Decker,102,70000.0,phone,electronics,online,Bangalore,2025-12-16,3,Card,0.3,dd86268869a60caf70adbc6f8e7b8da0df4ea1905c6aa5fffa3741236dd3723e,XXXXXX8892,successful
2812,221,David Hart,103,1300.0,shirt,clothing,offline,Hyderabad,2026-02-25,2,Cash,0.05,238383abbb4a9e8e416ff04a533b1cba4cbae9bb4db86fa7c75a3d6546639fe5,XXXXXX1312,successful
2814,258,Larry Taylor,102,70000.0,phone,electronics,offline,Chennai,2025-05-01,1,Card,0.15,02d9817a2e3d817e654ce74ff71c58ab931bbd59b02a8b8aa567c9751b72dcf7,XXXXXX7795,successful
2815,207,Tonya Lopez,110,45000.0,microwave,home appliances,offline,Bangalore,2025-04-24,4,UPI,0.15,e6c2ad62d4f046d746d1b4d19d9ec348370080945c294412aef19ced4542c094,XXXXXX0519,successful
2817,388,Daniel Wilson,104,8000.0,shoes,clothing,offline,Bangalore,2026-03-29,3,UPI,0.25,50333aba4ba992eac593f77d9280e93a1739f3bf7b9a4bf8e532e34fb819c3e4,XXXXXX0453,successful
2818,893,Taylor Walton,110,45000.0,microwave,home appliances,offline,Delhi,2026-03-30,2,UPI,0.3,62b55ca9bc80c3d8e2b0bf46d326e39f1205292a4ecb43b50d5f1dc64e72ae29,XXXXXX5386,successful
2820,614,Gregory Hernandez,105,45000.0,tv,electronics,offline,Delhi,2026-03-26,2,Cash,0.4,51aebf9ceb78e201af751ee4764ca274080bd51dd05ff7327407a473d849134d,XXXXXX2995,successful
2821,10,Tracy Olson,109,65000.0,refrigerator,home appliances,online,Delhi,2025-04-05,1,Card,0.35,70b07ae0d2bf845affb83930306ba827cde6ea15788bb3e01eb77121d69d444b,XXXXXX9098,successful
2822,997,Destiny Fields,102,70000.0,phone,electronics,offline,Mumbai,2025-11-30,2,UPI,0.1,99062228ff6941eefc0bec403854f3b6dd86ef84c643ebb7000f9c044209e1fd,XXXXXX2916,successful
2824,303,Derek Rose,101,250000.0,laptop,electronics,online,Chennai,2025-05-09,3,NetBanking,0.35,4117ae38b31d31609b96d20584c208151df5ac2783c30bfb3ac3435ec3061952,XXXXXX1211,successful
2825,10,Tracy Olson,105,45000.0,tv,electronics,online,Delhi,2025-12-19,3,Cash,0.3,70b07ae0d2bf845affb83930306ba827cde6ea15788bb3e01eb77121d69d444b,XXXXXX9098,successful
2826,703,David Austin,103,1300.0,shirt,clothing,online,Delhi,2025-04-25,5,Cash,0.4,e5befa563a82ae7a203a143c796254b1fd1872b302cf26028d907fb3339b68df,XXXXXX2395,successful
2827,195,Janice Berry,110,45000.0,microwave,home appliances,offline,Bangalore,2025-08-28,5,NetBanking,0.3,0cc8f380883273da85a91885a9fcb401a7f17de562b814ad43c6f3cefd4e2d3b,XXXXXX8500,successful
2828,576,Angela Weiss,107,50000.0,dining table,furniture,online,Delhi,2025-06-18,4,Card,0.2,25a9d1c837f4bf2812bcc3ed8ebb759fe08eeb63c6e02247ad8cc10d86874f62,XXXXXX3539,successful
2829,634,Melissa Marshall,101,250000.0,laptop,electronics,online,Mumbai,2026-01-23,4,Card,0.15,0683485fece451aed527b062b8b35af7c8b9f9a930c8cfcc8564b74a145b5016,XXXXXX9039,successful
2830,922,Isaiah Watson,103,1300.0,shirt,clothing,offline,Bangalore,2026-03-29,3,UPI,0.3,6788e1c734c344c61b1bbbb6a4df5181b2a6ae2cf0b59e700be7526a61aaf6aa,XXXXXX9837,successful
2831,726,Joshua Walker,107,50000.0,dining table,furniture,offline,Mumbai,2025-09-23,3,Cash,0.1,63e5ca8242fb7f7c6d10760728a8a511b7d5ae711b1dbc00eeaf6148d9ca2b82,XXXXXX9809,successful
2832,713,Jason Griffin,101,250000.0,laptop,electronics,online,Hyderabad,2025-10-09,3,UPI,0.05,33d0498fc058e1f019e9479799a125a860f1da5937b1c4fb7c42f9dca86e10be,XXXXXX8007,successful
2833,426,Amber Hess,107,50000.0,dining table,furniture,offline,Bangalore,2025-05-18,5,UPI,0.25,42af8ee40b821fd31ab2f919ba3002ab54d7248618449b469eb92541a0e544cf,XXXXXX5074,successful
2834,585,Clifford Hayes,109,65000.0,refrigerator,home appliances,offline,Delhi,2025-05-30,2,Card,0.4,e5d9fa281a253d55b442c9c98bb9b4a13e7f115b9aec14e65c98eef05cf8f86f,XXXXXX1942,successful
2835,595,Jennifer Johnson,104,8000.0,shoes,clothing,online,Hyderabad,2026-03-27,1,UPI,0.1,561315b3b57b5b406f5b433e97043fdd603baa1f89278a9d9ef404745af4acca,XXXXXX2512,successful
2837,521,Christopher Colon,104,8000.0,shoes,clothing,online,Hyderabad,2025-07-05,1,UPI,0.4,47f5134e257892ae9e4a3a8c252e447950bfa6b0eef7124d92224c2893ef6b34,XXXXXX9928,successful
2838,52,David Hernandez,104,8000.0,shoes,clothing,online,Mumbai,2025-12-25,4,NetBanking,0.4,9b82d5cceae5bfca42eb719b58003af6a0b4b422d227fdeb3e7ff72affaa1087,XXXXXX2999,successful
2839,226,Shawn Townsend,103,1300.0,shirt,clothing,offline,Delhi,2025-06-11,5,NetBanking,0.25,754b188f697a42af274b1f60b60ec995f2148d2a3d2dcefe3540e06585658e4f,XXXXXX2678,successful
2840,377,Michael Black,110,45000.0,microwave,home appliances,offline,Mumbai,2026-12-01,2,NetBanking,0.05,e881ad21ded5da1b7bd5ea1b74cbaa9b0d52dae29fd252b42c4a48952c72987a,XXXXXX3502,successful
2841,868,Timothy Henderson,107,50000.0,dining table,furniture,online,Hyderabad,2025-08-16,5,UPI,0.1,f1b5203b101f9022599b48a3b2ab5b84df11f001df2ef25839a2056d931fd23c,XXXXXX8386,successful
2843,960,Michaela Brown,101,250000.0,laptop,electronics,offline,Delhi,2025-08-17,1,Cash,0.2,e2efd544ce00db9dad814def9b29b1e70adffb86b661f6d8cc94e0cac18b242b,XXXXXX9942,successful
2844,411,Robin Hernandez,102,70000.0,phone,electronics,online,Hyderabad,2025-09-18,4,NetBanking,0.35,19f0285b1382ced604327d00568a487bb6a3de91f096aeb573dcb23541c7f8fa,XXXXXX0606,successful
2845,267,Scott Price,109,65000.0,refrigerator,home appliances,offline,Delhi,2025-09-11,5,NetBanking,0.4,5279839c2ca895760f8cd1fb9474739c48c9d59b9da2013bd8113b53d94eaa8f,XXXXXX0629,successful
2847,699,Kristin Hawkins,104,8000.0,shoes,clothing,online,Mumbai,2025-09-13,4,Cash,0.25,e471618908bd1db4a654ac6628cd5a61768720cdd8dd4b481bef556f860b704b,XXXXXX3116,successful
2848,397,Shelley Garza,106,80000.0,sofa,furniture,online,Bangalore,2025-10-21,5,Card,0.1,852465faae2c225594a752c655c43276f90cc48b37d3495eace9434a6090dc32,XXXXXX2570,successful
2849,661,Jennifer Cooper,104,8000.0,shoes,clothing,offline,Chennai,2025-02-07,2,Cash,0.4,c111f9ef0623808dc5ecc7fb44bdbdd94d5df536ebf836aef7112acbf1690e95,XXXXXX4609,successful
2850,826,Ryan Wade,103,1300.0,shirt,clothing,offline,Mumbai,2025-12-24,3,Card,0.35,42eb9d54757c6d51abff66e391a76e95095bafa05ead77bc100d0f5e6a89c1eb,XXXXXX3000,successful
2851,223,Jocelyn Peterson,102,70000.0,phone,electronics,offline,Hyderabad,2026-02-02,1,NetBanking,0.25,1347b057b968d72d790246cd0a9e6019b1c03dcd2d321a78abdc73c253fe6ef0,XXXXXX4540,successful
2852,901,Robert Mccoy,106,80000.0,sofa,furniture,offline,Mumbai,2025-12-03,5,NetBanking,0.05,2ae0aad33c250376d24a455ec238a10a7b29890e8ec355fa5950f77f0ec51808,XXXXXX9632,successful
2853,406,Gregory Nelson,107,50000.0,dining table,furniture,offline,Delhi,2025-06-19,1,UPI,0.25,7db4c9edb9299de66a56fc5dc25f30252d70b32f056bd88450b495ba5e9e73f7,XXXXXX4867,successful
2854,627,Nicole Allen,104,8000.0,shoes,clothing,online,Bangalore,2025-08-27,2,UPI,0.15,5db16276041dde40e47a571f104d6f7807e44f0c870468c534a0de65a09f4f84,XXXXXX1056,successful
2855,810,Mary Martin,108,15000.0,mixer grinder,home appliances,online,Delhi,2025-07-16,1,Cash,0.15,1462c2728229b3a428677b94f8422d00899bc10bed7f804e7e7475d51169cc77,XXXXXX3960,successful
2856,446,Scott Smith,107,50000.0,dining table,furniture,offline,Bangalore,2026-04-08,3,NetBanking,0.2,3558a2d03af1033804171272a1bbb434ed4df73b541c7218fa64b319d015e194,XXXXXX0183,successful
2857,207,Tonya Lopez,106,80000.0,sofa,furniture,offline,Bangalore,2026-03-31,3,UPI,0.25,e6c2ad62d4f046d746d1b4d19d9ec348370080945c294412aef19ced4542c094,XXXXXX0519,successful
2858,714,Scott Lane,108,15000.0,mixer grinder,home appliances,offline,Mumbai,2025-06-23,1,UPI,0.05,ecc28f19e00519f5a3ca5ca5b69480dd9df6643a3b2842fc51263f3cdee3a003,XXXXXX4950,successful
2859,149,Ashley Mejia,101,250000.0,laptop,electronics,offline,Chennai,2025-09-11,1,Card,0.1,8318efc7a721b12bf05c325351d78424b571cb4130b1f8a2602d30190b28e09c,XXXXXX6443,successful
2860,632,Paula Reed,101,250000.0,laptop,electronics,offline,Hyderabad,2026-02-14,4,Cash,0.1,e2abb5c29ffee397f79224fda5286ced52c2df2756c01bf68a15971a5fc28dcf,XXXXXX0764,successful
2861,964,Amy Brown,104,8000.0,shoes,clothing,online,Mumbai,2026-09-04,1,Cash,0.25,e71eb59a467deb3d3fbf5b4962cb617ef4b84edf17039984b222022e21809814,XXXXXX0526,successful
2862,754,Joshua Chandler,101,250000.0,laptop,electronics,online,Mumbai,2025-10-12,2,Cash,0.2,9569e296989c97c1c11350f1f23189d13c4d6be6683b154b461f204ffdca87f2,XXXXXX7470,successful
2863,292,Brenda Reilly,102,70000.0,phone,electronics,offline,Delhi,2025-04-17,5,Cash,0.1,b42a7b9a255ef8e3b9c046d77c87f2be217db6391e309a8ca6a19ac4dd45eb9f,XXXXXX1549,successful
2864,288,Darren Parker,101,250000.0,laptop,electronics,offline,Hyderabad,2026-04-13,3,UPI,0.3,10e29cbeda48e534b6c580cf8e53d92364939d1826d5e1a6b7b6e538bbdd53ad,XXXXXX3569,successful
2866,577,John Johnson,108,15000.0,mixer grinder,home appliances,offline,Hyderabad,2026-03-20,5,NetBanking,0.1,c3fff537aff1840731c99df31cc4b9ea2cb9c0fb2e534d290803e18ac10dff74,XXXXXX7120,successful
2867,423,Mary Cooke,102,70000.0,phone,electronics,offline,Hyderabad,2026-03-31,2,NetBanking,0.15,d531ac6a9036ee04fcbb105d21d0ef8c589c1a0f0cdd9a0a34b74e4bf7ea6416,XXXXXX8855,successful
2868,322,Allison Foster,110,45000.0,microwave,home appliances,online,Bangalore,2025-08-12,2,Card,0.2,5ff3a34393adaf6d3874cba884ad0436a0940b9089db8a19a715cef1196982a9,XXXXXX7370,successful
2869,677,Mario Evans,109,65000.0,refrigerator,home appliances,offline,Mumbai,2025-09-09,5,NetBanking,0.15,641a38aff2bae7cb0f1c3ec1a2c23acfb1b2ee9b472f48f9b03bc0cf0ff974f7,XXXXXX0125,successful
2870,692,Paige Brown,106,80000.0,sofa,furniture,offline,Bangalore,2025-10-24,5,Card,0.25,19c66f0c05ca813a58b9de8e8bddbdc88a628a01c2be6c19c51a9d808d9a3a4a,XXXXXX7367,successful
2871,198,Carrie Houston,110,45000.0,microwave,home appliances,online,Chennai,2025-12-12,3,Cash,0.15,de4bb8f258077babfb8c305f90f76e2be85682a12b975e11a98fdc8c93188546,XXXXXX2807,successful
2873,524,Derek Garza,102,70000.0,phone,electronics,offline,Mumbai,2025-04-19,2,NetBanking,0.2,1f67642eb950225ee54297ff360b9430752429fcae3571a9f3a815857b375911,XXXXXX9288,successful
2875,549,Jacob Hopkins,104,8000.0,shoes,clothing,offline,Bangalore,2026-03-23,2,Cash,0.25,7063f8908f5430c614b4d278c94bbe3d2d5820c7f59061f5ed8efbad6d201878,XXXXXX6590,successful
2876,930,Jason Hubbard,104,8000.0,shoes,clothing,offline,Chennai,2025-11-08,1,NetBanking,0.25,09e9b260dc2f30dedf0b45d60c5a6c7ce771a0c15dbee63decc7766311217951,XXXXXX5628,successful
2877,547,Melinda Brown,102,70000.0,phone,electronics,online,Bangalore,2025-11-25,2,Card,0.25,ab0a883a5770b7016580b4d0d93bfe98b449906995f14676c6a3283ece17d0a7,XXXXXX8347,successful
2878,51,Cory Ellis,104,8000.0,shoes,clothing,offline,Chennai,2025-10-19,5,Cash,0.25,5325e4fe6e3ad1ad9798f3d67b5dd4425dac9fb43952587529dc3f2ef0d18209,XXXXXX3422,successful
2879,714,Scott Lane,102,70000.0,phone,electronics,offline,Mumbai,2025-10-30,2,Cash,0.1,ecc28f19e00519f5a3ca5ca5b69480dd9df6643a3b2842fc51263f3cdee3a003,XXXXXX4950,successful
2880,935,Samantha Brewer,109,65000.0,refrigerator,home appliances,online,Mumbai,2025-05-23,5,UPI,0.1,51fdae50bdf464fdc7a15a5bd5da64b719d1fc3f2ded0fc1bd433f9b79ee860b,XXXXXX9224,successful
2881,993,Julie Wade,101,250000.0,laptop,electronics,offline,Bangalore,2025-07-08,4,UPI,0.05,32ec0365cd83c9ee50254b2a7a778c66f45dbab864002357bfcb5e074f33dee8,XXXXXX9325,successful
2882,266,Nicole Diaz,109,65000.0,refrigerator,home appliances,offline,Mumbai,2026-01-21,3,Card,0.15,b85ac49075249e5701a7a33d0a06aa3826a78f5025a626fe88f5beb5b681b5d2,XXXXXX3174,successful
2883,247,David Cherry,107,50000.0,dining table,furniture,offline,Bangalore,2026-01-07,2,Cash,0.05,9c946e82b017f71f88ecc7ddf6421114d33c5f765b7b0aa6f84fddf198c758ed,XXXXXX9339,successful
2884,145,Michael Hendrix,107,50000.0,dining table,furniture,offline,Delhi,2025-11-05,3,Cash,0.3,5c6a6c7f2c6ecc2c47a752fbed21e590c057866af9c0f8d124f389439d47a1c2,XXXXXX1396,successful
2885,748,Sabrina Hopkins,105,45000.0,tv,electronics,offline,Chennai,2025-06-21,1,UPI,0.35,68289ddb5d3f8668d4d7b504b76fffefef99f8262157a9a475095dc72307dd72,XXXXXX4790,successful
2886,223,Jocelyn Peterson,110,45000.0,microwave,home appliances,online,Hyderabad,2025-10-17,2,Cash,0.05,1347b057b968d72d790246cd0a9e6019b1c03dcd2d321a78abdc73c253fe6ef0,XXXXXX4540,successful
2888,544,Charles Weaver,102,70000.0,phone,electronics,offline,Mumbai,2026-02-15,2,Card,0.2,57e98d7b61f48b3aabd081480a86a73ecf29c9d5a6eab0e7756ff59d2938cf99,XXXXXX1294,successful
2890,728,Lisa Miller,101,250000.0,laptop,electronics,offline,Chennai,2025-06-29,4,NetBanking,0.05,4fdac8377bcedb28f81b68f0a705c723fa8db723aaf81bae28160a1f37eaea1a,XXXXXX3795,successful
2891,253,Emily Rodriguez,109,65000.0,refrigerator,home appliances,offline,Delhi,2025-11-14,2,Card,0.3,960f348e93082ba4e3a4ac55ece83f35eabaaf75168a2179c6f9fc82a0294e37,XXXXXX6545,successful
2892,298,Ryan Massey,101,250000.0,laptop,electronics,offline,Delhi,2026-02-18,4,Cash,0.25,f2df03e7510fbf2bd2fe7fa98c6a0cefdff3fdf3bdc154ccc61b80be5b1e5709,XXXXXX7586,successful
2893,786,Jeremiah Simmons,102,70000.0,phone,electronics,offline,Chennai,2025-12-23,1,NetBanking,0.3,831c6126f8a1de713d8632770c2566155e5c2d0ced549b90d0758edae64c0d1c,XXXXXX5116,successful
2894,951,Richard Miller,107,50000.0,dining table,furniture,offline,Mumbai,2026-08-03,5,NetBanking,0.4,fd4e3836a31a99f33b387ba6f5ce09ea2c2539bd382c2b1c34dfb408b0b21dc1,XXXXXX6379,successful
2895,367,Joshua Tate,105,45000.0,tv,electronics,online,Delhi,2025-12-18,4,Cash,0.15,ab0006ae0a752b7d16e45025179a49302ecc828b1171fd3ef17ae8925ff6cc4d,XXXXXX3716,successful
2896,636,Christopher Clark,106,80000.0,sofa,furniture,online,Mumbai,2025-05-20,1,UPI,0.15,91f0ebaad8498b70d1b5d1c590e0ffd0d7db3950f796c0185e429911f51af33f,XXXXXX2866,successful
2897,750,Kristi Blackwell,104,8000.0,shoes,clothing,online,Hyderabad,2026-02-05,2,Cash,0.1,c6025288e5e7d7882ac5d39ef6437e85e7dc0bfca0679ed961821ef5359e5613,XXXXXX3501,successful
2898,660,Jessica Stephenson,101,250000.0,laptop,electronics,offline,Hyderabad,2026-03-06,2,UPI,0.15,adefda058ca7369ebd85ec19865072ce00512ef9832d2209cbdf212783668d55,XXXXXX1390,successful
2899,753,Kelly Ball,109,65000.0,refrigerator,home appliances,online,Delhi,2026-03-01,2,Card,0.05,641a1e390bd1eaab1e00a2358c03674483bd762b42d3a5193fcddf88c416b9f2,XXXXXX2869,successful
2900,256,Nicole Williams,103,1300.0,shirt,clothing,offline,Chennai,2025-07-09,4,NetBanking,0.2,23f282bd744c97705ad26bcf56a6d8c77539f407c2457adf39ae0014fe17b9b4,XXXXXX1732,successful
2902,819,Daniel Vang,107,50000.0,dining table,furniture,offline,Chennai,2025-12-28,5,UPI,0.2,fe669b97d4a5a0c559cc69fc072bc0b6e436ad54124b9168de45f62b51748b48,XXXXXX9771,successful
2903,763,David Howard,106,80000.0,sofa,furniture,online,Delhi,2025-07-17,1,Card,0.15,63243b95cc98e32e940dcf88ef6afda17654f3e50c9412fe53075bc596129b10,XXXXXX3189,successful
2904,607,Robert Rodriguez,104,8000.0,shoes,clothing,offline,Hyderabad,2025-01-10,3,Cash,0.25,06f6340549d886975c3fa84a3745b2b4e52008fd2f76fe6ccbbeb14c9013da03,XXXXXX7205,successful
2905,825,Jose Rodriguez,109,65000.0,refrigerator,home appliances,online,Bangalore,2026-02-22,1,Cash,0.2,a7f0223af5aca6344c2323291cf541cada7a996db9179815b43bc9f43938e6c2,XXXXXX8368,successful
2906,920,Gary Thomas,110,45000.0,microwave,home appliances,online,Chennai,2026-01-26,5,NetBanking,0.05,ea537b84a2b7bede6cbd7a744054e017435647049ee806035366a2d9c3d1b1ba,XXXXXX5267,successful
2907,645,Joshua Burton,105,45000.0,tv,electronics,online,Mumbai,2026-02-03,5,NetBanking,0.4,be43f314624b421feccb992f36bac8c8b1055ff7aec155d1cb92aecbff560a66,XXXXXX6788,successful
2908,431,Tracie Kim,103,1300.0,shirt,clothing,online,Bangalore,2026-12-03,3,UPI,0.25,ea820d3d630b7ac55cb8412a53d6328bb258a9604b0288bd7f1feb4de4c0026c,XXXXXX5130,successful
2909,274,Joseph Parker,108,15000.0,mixer grinder,home appliances,online,Bangalore,2025-05-11,4,UPI,0.35,48aa520cac435014d8e490321859cf36e2659250a6589143269569102e2a6812,XXXXXX9206,successful
2910,933,Zachary Khan,103,1300.0,shirt,clothing,online,Bangalore,2025-09-26,5,Card,0.05,355b3b9a9289c38591536242d2715661cca3197dcd916c580ed7ee6afb4f95dc,XXXXXX3581,successful
2911,458,Jared Lane,107,50000.0,dining table,furniture,online,Hyderabad,2026-03-25,2,NetBanking,0.15,ba2f55088921ddc26fb09e0dd19e32c0553e9c5ab600d7b74e91ab9a6c400b8a,XXXXXX2658,successful
2912,643,Stacy Hughes,106,80000.0,sofa,furniture,online,Mumbai,2026-02-11,5,NetBanking,0.25,cbd45dfe55dd6fd7da29f831df98f42ea3a2b3391f2b950e90ca237f7d5eee16,XXXXXX9724,successful
2913,809,Kayla Hart,108,15000.0,mixer grinder,home appliances,online,Bangalore,2025-10-11,2,NetBanking,0.1,4170d81c97aff3761a97548659581ce429fc6194caca589196305b6f0e7e7267,XXXXXX6458,successful
2914,903,Susan Nicholson,107,50000.0,dining table,furniture,offline,Mumbai,2025-05-29,3,Card,0.05,253e3ce080f23c5d4bb5413d4d25bc17a81f37448785631b016a3c8f3b4d5638,XXXXXX3859,successful
2915,861,Tim Brock,108,15000.0,mixer grinder,home appliances,offline,Bangalore,2025-12-26,1,NetBanking,0.25,ad972f3e86af2111d6d9c8a54628697e91c72887b5b1d2fec9822819b61e4970,XXXXXX1491,successful
2916,171,Michael Church,110,45000.0,microwave,home appliances,offline,Hyderabad,2025-12-09,3,UPI,0.4,12702c468d94b6b8ed0d5e9582f63916fa9941a31cba203fd00861019c6bbb87,XXXXXX4681,successful
2917,372,Brandon Gordon,103,1300.0,shirt,clothing,online,Mumbai,2025-05-12,3,Cash,0.25,735517cb6ffef86351d258acdf08c8284f1be3d4205d421de84cda4535018029,XXXXXX1702,successful
2918,528,Kerri Rodriguez,106,80000.0,sofa,furniture,offline,Chennai,2025-05-21,5,UPI,0.1,8c51fb1e34f92f845932b5204e80a397331a4d8abc4058dd2e132f4d5da91a7b,XXXXXX0493,successful
2919,659,Jason Liu,106,80000.0,sofa,furniture,online,Chennai,2025-09-23,2,UPI,0.4,534588048e9d43eee9874b80144127d8956469f5759b10f15f2ac2227c667e51,XXXXXX1592,successful
2920,709,Mike Roberts,102,70000.0,phone,electronics,offline,Hyderabad,2025-09-20,4,Cash,0.25,ef943fae8a173f5adfdc9ee0c56d587d99983a00c68174e51c8cd4fffe84aea2,XXXXXX5792,successful
2921,508,Jesus Decker,109,65000.0,refrigerator,home appliances,online,Bangalore,2026-01-11,2,NetBanking,0.4,dd86268869a60caf70adbc6f8e7b8da0df4ea1905c6aa5fffa3741236dd3723e,XXXXXX8892,successful
2922,348,James Nash,105,45000.0,tv,electronics,offline,Chennai,2025-08-16,3,NetBanking,0.15,d267e2659aadead31909b31b81ead73645ac2e7a5910a96f039e54f76a297d74,XXXXXX6437,successful
2923,833,Shawn Cooper,109,65000.0,refrigerator,home appliances,offline,Chennai,2025-08-29,4,NetBanking,0.15,e8733fbd40f3a4a51a10259a9c2f0161ca67d1dcefce971015385fbbc305bd8a,XXXXXX9509,successful
2924,237,Jamie Casey,108,15000.0,mixer grinder,home appliances,offline,Mumbai,2026-03-23,5,UPI,0.2,6de0aa5d870a6192bff5a57fb71945abbf6ec1af4ee37571c17c51188567f8f0,XXXXXX9410,successful
2925,366,Kelsey Shelton,106,80000.0,sofa,furniture,offline,Mumbai,2025-10-31,1,Cash,0.35,0fad8b4598457b7eda14e738c54bfaaad7d07fb98cded2ed8a5efde4a5e2072f,XXXXXX5351,successful
2926,641,Andre Rodriguez,102,70000.0,phone,electronics,online,Bangalore,2025-06-08,2,NetBanking,0.2,c55d2d65e5cda91bfec4ebd508c6535d9a8b57ead1db7c8d3a258b14c3da46b4,XXXXXX3170,successful
2927,274,Joseph Parker,107,50000.0,dining table,furniture,offline,Bangalore,2026-03-13,3,NetBanking,0.15,48aa520cac435014d8e490321859cf36e2659250a6589143269569102e2a6812,XXXXXX9206,successful
2928,71,Tina Bowers,108,15000.0,mixer grinder,home appliances,offline,Bangalore,2025-08-23,2,NetBanking,0.05,98a7716adca1f996edc88696de7be32d8e1eadde66575a25e6d1fe916c8c7935,XXXXXX6205,successful
2929,597,Paul Foster,105,45000.0,tv,electronics,offline,Bangalore,2026-01-26,4,NetBanking,0.2,8b1cdb86a3cad1450a1359dc5cd63bc90eaba8a7aea175eee740c4cdfa531d84,XXXXXX0674,successful
2930,65,Sarah Jackson,109,65000.0,refrigerator,home appliances,offline,Mumbai,2026-01-17,5,Card,0.15,ad09dfc07bf62df93f81352272311eb547ed8db76af651f974c4695fba95209d,XXXXXX7407,successful
2931,93,Judith Sanchez,104,8000.0,shoes,clothing,offline,Mumbai,2025-06-07,3,NetBanking,0.1,67c1f660398c79a3e7e5929280b8745bb599b40a98d6d54f7419e5c4fbeb5d0a,XXXXXX7676,successful
2932,592,Timothy Medina,110,45000.0,microwave,home appliances,offline,Delhi,2026-01-08,5,UPI,0.35,cd9282215d61733f3e44cbecd97ece549a11194632475037329882d94141cc4c,XXXXXX8501,successful
2933,964,Amy Brown,109,65000.0,refrigerator,home appliances,offline,Mumbai,2026-03-17,5,NetBanking,0.4,e71eb59a467deb3d3fbf5b4962cb617ef4b84edf17039984b222022e21809814,XXXXXX0526,successful
2934,202,Amanda Reed,101,250000.0,laptop,electronics,online,Delhi,2025-04-29,5,NetBanking,0.15,31a58b7cecbfb6d45a52ad268be567e2c40845ee8b9ff3db2d29dcbaf1758947,XXXXXX7299,successful
2935,518,Alexander Davenport,109,65000.0,refrigerator,home appliances,offline,Bangalore,2025-08-16,3,Card,0.35,5f499cc262e0ff5f7e024725c9ed3d642d5bf49cd8d39431fc1dd4cb792fee06,XXXXXX9276,successful
2936,153,Stephanie Hanna,105,45000.0,tv,electronics,online,Hyderabad,2026-03-27,3,NetBanking,0.1,81d76d5fc5a56873d2e21cdb1c2968b6c8cb660e37dbdcf81d3d57b68c6bd899,XXXXXX8701,successful
2937,124,Sarah Rios,102,70000.0,phone,electronics,offline,Mumbai,2026-01-03,4,Cash,0.35,894e75ea24acf8bd88d3f8affd3fde2ede7c675bb16bf7071a6ecf4a5ca3c83d,XXXXXX4148,successful
2938,457,Cathy Harris,102,70000.0,phone,electronics,offline,Hyderabad,2025-06-11,3,NetBanking,0.35,50ae2f3087f040cb08fb469964bd35e3fda48e18b7f834d2fa7e982e7593b5ba,XXXXXX7576,successful
2939,27,Ashley Simpson,101,250000.0,laptop,electronics,offline,Chennai,2026-01-28,4,Card,0.3,e6edf61ee79d5215b3e080ebc172859c467c7801fa97e8683692c77e1f804cf5,XXXXXX5505,successful
2940,404,Julian Cox,108,15000.0,mixer grinder,home appliances,online,Delhi,2025-07-22,2,Cash,0.25,e77c8dab14ba4c0ca13c73401ae9b8f832608d8ecce978f2d5a805a50c043374,XXXXXX3039,successful
2941,391,Catherine Beard,107,50000.0,dining table,furniture,online,Mumbai,2025-10-05,5,NetBanking,0.35,9f58d044673af925ce04a88a0d83e2585b613ed11e52411572b6547fef36185b,XXXXXX7305,successful
2942,768,Melissa Washington,106,80000.0,sofa,furniture,online,Chennai,2025-08-31,3,Cash,0.3,683d4206492952c593e6a82800a181e75d3fb2186daa4d59d8c1116cde6ea2fc,XXXXXX7527,successful
2943,476,Jill Bryant,110,45000.0,microwave,home appliances,offline,Hyderabad,2026-03-03,4,Cash,0.25,6d0beadbc80d6105bb0a721dd945546353145455dc6ddaf5cb5707d8e31fafae,XXXXXX9421,successful
2944,876,David Whitaker,106,80000.0,sofa,furniture,offline,Chennai,2026-02-22,1,NetBanking,0.35,97827d13cabb86c610eb3faf66cecaa99b270c0815de8221fec2d17321d229d9,XXXXXX3557,successful
2945,625,Elizabeth Duran,109,65000.0,refrigerator,home appliances,offline,Mumbai,2026-03-29,2,NetBanking,0.05,8cd6307521b4bf744816a966a63820824893f6481970aa8aa2027cd30676f18c,XXXXXX6997,successful
2946,857,Daniel Gutierrez,105,45000.0,tv,electronics,online,Bangalore,2025-08-06,5,Cash,0.2,fcf3d644d91da8df5c5126284f215e469b181871544c70b3d3e16912f2efe17b,XXXXXX0246,successful
2948,54,Jessica Hernandez,103,1300.0,shirt,clothing,online,Hyderabad,2025-10-04,3,UPI,0.4,c2484578a36fec04c41a3dfea89136e407d6e790090c7e130a3e1b54fefab2b1,XXXXXX1854,successful
2949,905,Katie George,103,1300.0,shirt,clothing,offline,Hyderabad,2025-11-17,5,Card,0.25,60ee388dcd89cabe35d66ac6cdc19bdc2e0764f9b000bdf2b1bb1baff8fd6939,XXXXXX2952,successful
2950,18,Allison Adams,104,8000.0,shoes,clothing,online,Mumbai,2026-01-03,5,Card,0.35,71f22587125c00dac090d0922a524b815f178ede552c9f108cf56cfe28d43430,XXXXXX8299,successful
2951,822,Christine Rivera,103,1300.0,shirt,clothing,offline,Hyderabad,2025-09-09,2,Cash,0.25,c42738025f906498b431e904b38c9d8f2cde2c8bce623d9bd71c504260ebda79,XXXXXX6621,successful
2952,302,James Robles,101,250000.0,laptop,electronics,offline,Bangalore,2025-09-17,5,Cash,0.35,0f94f348209ca715775bd93530a481de53e2d185ae4094c4b1c19edce2cb92e7,XXXXXX5908,successful
2954,947,Gabriel Golden,104,8000.0,shoes,clothing,offline,Mumbai,2025-08-10,5,Card,0.4,5d303e9f7f4abdf43f20290d19c7b53e13a4eff6e803b2a3a8597cf99724643d,XXXXXX7330,successful
2955,733,Jessica Lin,108,15000.0,mixer grinder,home appliances,offline,Delhi,2025-11-05,5,Cash,0.35,0db191a9ef3cbd33bb05c0caf39be9b0df3c869b5015693ad271009cddd1622a,XXXXXX6363,successful
2957,366,Kelsey Shelton,108,15000.0,mixer grinder,home appliances,online,Mumbai,2025-08-31,3,NetBanking,0.2,0fad8b4598457b7eda14e738c54bfaaad7d07fb98cded2ed8a5efde4a5e2072f,XXXXXX5351,successful
2958,806,Jacqueline Cantu,105,45000.0,tv,electronics,online,Chennai,2025-08-14,3,Card,0.05,bad84afa5c740ef5260b7a4fc808f8620d6723099edd27ad2ce5b6ddbdce3bc2,XXXXXX4533,successful
2959,67,Jamie Harvey,103,1300.0,shirt,clothing,offline,Chennai,2025-07-13,2,Cash,0.35,9c26b6aadb8feda99cd9788bc382326776141dad08065ab739b8cf8896cfb68d,XXXXXX5928,successful
2960,76,Cindy Lewis,105,45000.0,tv,electronics,offline,Chennai,2026-04-13,4,NetBanking,0.2,ed29090e1794416eed67ba5f72dd3d7f763ca71a8c1d7525972b8a25333ea3cd,XXXXXX9866,successful
2961,396,Connie Edwards,104,8000.0,shoes,clothing,online,Hyderabad,2025-09-06,4,Card,0.1,24f73d8ad939bc7941856a702f9fef87a180767e01fd86494f34b6da85b314de,XXXXXX5987,successful
2962,437,Carrie Landry,108,15000.0,mixer grinder,home appliances,online,Delhi,2025-05-05,2,Card,0.15,fe3c471c23522b47421db9cae00a4f01e88ee91705ab924c3e24203cef5bc63e,XXXXXX2206,successful
2963,599,David Johnson,107,50000.0,dining table,furniture,online,Mumbai,2025-06-18,2,Card,0.15,e97d5d0431c0344f98cccf27bc733ceaeb3bab706046f5d42aad349020b9708f,XXXXXX4774,successful
2964,567,Benjamin Peters,105,45000.0,tv,electronics,offline,Bangalore,2025-11-05,3,NetBanking,0.1,60a1d0627dbc26ecfff84f406c648fa5056e049e0375210bcfff0763ce67bd2e,XXXXXX8438,successful
2966,142,Charles Brown,110,45000.0,microwave,home appliances,offline,Hyderabad,2025-06-26,5,Cash,0.3,dd8e7e1212fb3dadf7d88f50f3662b130bb9658196408112c7b3c2319d2f2159,XXXXXX6322,successful
2967,955,Jake Davis,105,45000.0,tv,electronics,offline,Bangalore,2025-07-28,3,NetBanking,0.25,cce6db743386c129488f01681fc13bb12468cc0b1b31e77303c3cfe5af7907f9,XXXXXX8620,successful
2968,628,Kelly Turner,108,15000.0,mixer grinder,home appliances,online,Chennai,2025-06-25,5,Cash,0.1,32f4726443565b0472771369535d0c6f62fdda854cfe7639e618d88f91c7e951,XXXXXX5626,successful
2969,198,Carrie Houston,103,1300.0,shirt,clothing,online,Chennai,2025-04-21,5,UPI,0.1,de4bb8f258077babfb8c305f90f76e2be85682a12b975e11a98fdc8c93188546,XXXXXX2807,successful
2970,141,Brooke Nunez,104,8000.0,shoes,clothing,online,Bangalore,2025-09-12,5,UPI,0.2,00bca60eecd040d0f980b01729ba996b4a969a5fb0440b16f7d42f3edbc40e3a,XXXXXX2705,successful
2971,617,Patrick Rodriguez,110,45000.0,microwave,home appliances,offline,Delhi,2025-12-11,5,UPI,0.15,6a437244ee2777b7f798ce5f0438e0e356b41270d734f1a9d7aeaf4f3b26b8db,XXXXXX6634,successful
2972,144,Amber Boyd,110,45000.0,microwave,home appliances,online,Mumbai,2025-11-03,3,UPI,0.3,6453c152acffc8ba48ded2948ce3bd172798bbaa0272740e056f155459e3b8ef,XXXXXX5581,successful
2973,408,Hannah Russell,104,8000.0,shoes,clothing,offline,Hyderabad,2025-07-09,3,UPI,0.35,8230562eba285745b6a0676f4f6fce1e6404ee6ce387bba4bced74069dad9b18,XXXXXX3608,successful
2974,800,Ricardo Arnold,106,80000.0,sofa,furniture,offline,Hyderabad,2025-05-29,4,Cash,0.2,49c876b945f6a197cb0c7af6ae9e1be1bc24a457b4886c5360746bf19dfb6a75,XXXXXX8877,successful
2975,962,Sharon Wood,104,8000.0,shoes,clothing,offline,Mumbai,2026-02-25,3,UPI,0.05,0a216b909c49a5553ce742884688944106fb5f58dc1ccfa868f155a5fd8e7479,XXXXXX2684,successful
2976,644,John Parrish,101,250000.0,laptop,electronics,online,Delhi,2025-07-30,1,NetBanking,0.1,0b27904ae50a57d9b6087cfd2d78eb549a077e1474fb5346ad52d16294be70e4,XXXXXX7481,successful
2977,968,Keith Davis,108,15000.0,mixer grinder,home appliances,online,Hyderabad,2026-03-02,4,NetBanking,0.4,7200b56e33ad623e51c35b5b9703e693c583e789d0cf8352ade3392e81b3a460,XXXXXX4512,successful
2978,456,Christopher Williams,101,250000.0,laptop,electronics,online,Chennai,2026-03-03,1,Cash,0.05,bd2250683958a722e639faff39ddcf2f6ffc85b80379bdfa22ea380f3682c164,XXXXXX1250,successful
2979,306,Margaret Gordon,109,65000.0,refrigerator,home appliances,offline,Chennai,2025-11-20,1,NetBanking,0.35,548fafb80f2a99118886fe05aa97428fc4cea13f404aa136d613bc7ce0b3ce3b,XXXXXX2521,successful
2980,594,Matthew Miranda,104,8000.0,shoes,clothing,online,Mumbai,2026-01-16,2,NetBanking,0.25,9023350a92c878df699b279f9e425302a53c61319405ffd27f76804a422ba3f0,XXXXXX8083,successful
2981,396,Connie Edwards,102,70000.0,phone,electronics,online,Hyderabad,2026-01-23,2,Cash,0.25,24f73d8ad939bc7941856a702f9fef87a180767e01fd86494f34b6da85b314de,XXXXXX5987,successful
2982,293,Luke Cummings,110,45000.0,microwave,home appliances,offline,Hyderabad,2026-01-04,5,NetBanking,0.25,05975e0919aa17c67ef5be8b9cae08c5c030890dc456449eae384747b31bfc30,XXXXXX4761,successful
2983,994,Amy Edwards,106,80000.0,sofa,furniture,offline,Mumbai,2025-09-09,3,Cash,0.1,51ddb947b711d62a6825287f5c59c5b6c70e0b83155cd71c0c8d8d76c7a397cf,XXXXXX0933,successful
2984,771,Matthew Greer,102,70000.0,phone,electronics,offline,Bangalore,2026-02-02,3,Cash,0.4,3f3bea6b25b9a906a43ca5bc5f949204662acf9415b364b724f7d7b7d7cceb42,XXXXXX0012,successful
2985,798,Amber Murphy,108,15000.0,mixer grinder,home appliances,online,Hyderabad,2026-01-28,2,Cash,0.3,05a5b0575faa38d0083c52d65db172c373dcbeb1905f9972fc2165cadc42529b,XXXXXX9807,successful
2987,284,Erin Richmond,103,1300.0,shirt,clothing,online,Chennai,2025-06-25,3,Card,0.4,d8ab4780a03f23d4999c052542ccf2ca24cd1f49a81c1b036696f0168d2abda0,XXXXXX8578,successful
2988,625,Elizabeth Duran,103,1300.0,shirt,clothing,offline,Mumbai,2026-01-02,1,UPI,0.3,8cd6307521b4bf744816a966a63820824893f6481970aa8aa2027cd30676f18c,XXXXXX6997,successful
2989,666,Emily Griffith,104,8000.0,shoes,clothing,offline,Mumbai,2025-05-10,5,Card,0.2,3cf85c8cca0dce338eb6676a2947ee64cf309b327717a3f470ad6262fcd6547a,XXXXXX4680,successful
2990,800,Ricardo Arnold,103,1300.0,shirt,clothing,offline,Hyderabad,2025-10-29,2,Card,0.35,49c876b945f6a197cb0c7af6ae9e1be1bc24a457b4886c5360746bf19dfb6a75,XXXXXX8877,successful
2991,893,Taylor Walton,101,250000.0,laptop,electronics,offline,Delhi,2026-04-14,5,NetBanking,0.2,62b55ca9bc80c3d8e2b0bf46d326e39f1205292a4ecb43b50d5f1dc64e72ae29,XXXXXX5386,successful
2993,806,Jacqueline Cantu,105,45000.0,tv,electronics,online,Chennai,2025-08-12,4,Card,0.2,bad84afa5c740ef5260b7a4fc808f8620d6723099edd27ad2ce5b6ddbdce3bc2,XXXXXX4533,successful
2994,896,Tara Church,107,50000.0,dining table,furniture,online,Mumbai,2025-04-08,5,Cash,0.15,e199d2896181d7cf1af749619198b2c53623518f768b316576eeb0305b9ead34,XXXXXX0847,successful
2995,819,Daniel Vang,105,45000.0,tv,electronics,offline,Chennai,2026-01-06,1,Cash,0.15,fe669b97d4a5a0c559cc69fc072bc0b6e436ad54124b9168de45f62b51748b48,XXXXXX9771,successful
2996,782,Monique Davis,101,250000.0,laptop,electronics,offline,Chennai,2025-07-08,2,UPI,0.1,2bc2f135d5dc61a6380c6e948d0770f911530241d5684b0aceef431ea955fd1a,XXXXXX4485,successful
2997,104,Amanda Castillo,109,65000.0,refrigerator,home appliances,online,Hyderabad,2025-05-24,2,Cash,0.1,5e6f5536a427d3fbd6ea71f1c859a2295451d6abc5d077109d81857dea0e543a,XXXXXX9548,successful
2999,760,Teresa Ochoa,105,45000.0,tv,electronics,online,Mumbai,2025-05-02,5,NetBanking,0.3,47ef1efd5e1159b072e9d9bf209c59e53d5066fcc9ebd7ffa35ac7d2b21357a4,XXXXXX1762,successful
3000,487,Mark Thompson,107,50000.0,dining table,furniture,offline,Hyderabad,2025-11-11,2,NetBanking,0.25,5cb6d5225c5a8a040ae89746b4ca43963e8c666a304f6712e26d36c9c3c65053,XXXXXX3888,successful
3002,698,Jennifer Mendoza,103,1300.0,shirt,clothing,offline,Chennai,2026-02-14,2,UPI,0.4,8dc17e6eb23defde8dcf360dea4c33dfc41e49c970fe778d5953d267b7e136f6,XXXXXX3194,successful
3003,636,Christopher Clark,106,80000.0,sofa,furniture,online,Mumbai,2026-02-03,3,UPI,0.1,91f0ebaad8498b70d1b5d1c590e0ffd0d7db3950f796c0185e429911f51af33f,XXXXXX2866,successful
3004,711,Jennifer Carlson,101,250000.0,laptop,electronics,online,Hyderabad,2025-10-17,3,Cash,0.05,ce700b754c865085494f15f92a68ac4186e2dfa1775a99d105ebf6835474e60c,XXXXXX8568,successful
3005,857,Daniel Gutierrez,106,80000.0,sofa,furniture,online,Bangalore,2025-06-07,5,NetBanking,0.35,fcf3d644d91da8df5c5126284f215e469b181871544c70b3d3e16912f2efe17b,XXXXXX0246,successful
3006,998,Joseph Perez,105,45000.0,tv,electronics,online,Delhi,2025-07-30,3,UPI,0.25,bf6f6e0fa1a4880486cb516d660d22070dab87e48b3389e04401f8343320b71f,XXXXXX3136,successful
3008,320,Stephen Tyler,108,15000.0,mixer grinder,home appliances,online,Hyderabad,2025-08-27,5,Card,0.4,04f13add35a131df814b4d0712e98873643f629b15b873d987235c02b1d37d8d,XXXXXX6167,successful
3009,607,Robert Rodriguez,106,80000.0,sofa,furniture,offline,Hyderabad,2025-06-15,5,NetBanking,0.3,06f6340549d886975c3fa84a3745b2b4e52008fd2f76fe6ccbbeb14c9013da03,XXXXXX7205,successful
3010,739,Brian Fuller,110,45000.0,microwave,home appliances,offline,Delhi,2025-10-07,1,UPI,0.1,e83fd4650688c1ec7e39ba7779ae3dc710723187f90c1fcf81d806dd9694b41b,XXXXXX7238,successful
3011,528,Kerri Rodriguez,109,65000.0,refrigerator,home appliances,offline,Chennai,2025-09-15,5,UPI,0.2,8c51fb1e34f92f845932b5204e80a397331a4d8abc4058dd2e132f4d5da91a7b,XXXXXX0493,successful
3012,526,Paul Fields,101,250000.0,laptop,electronics,offline,Chennai,2025-08-21,2,UPI,0.1,482566124ec59dcdd7c75a845be056a9b79b10e69fb3d2196e4974234f9ea0ef,XXXXXX1606,successful
3013,673,Nicole Davis,102,70000.0,phone,electronics,online,Mumbai,2025-12-28,1,Card,0.4,7ca94171233cde0d35b3dcad9b958c8fafd28dafcd9a520810290c7582fcd5c4,XXXXXX3301,successful
3015,217,Eric Cross,107,50000.0,dining table,furniture,offline,Bangalore,2026-02-25,5,UPI,0.15,5237d61b91bebbe1f34517fc22ea22dd4877b94708bdd71116c36964401ee111,XXXXXX4796,successful
3017,104,Amanda Castillo,107,50000.0,dining table,furniture,online,Hyderabad,2025-11-01,1,Card,0.2,5e6f5536a427d3fbd6ea71f1c859a2295451d6abc5d077109d81857dea0e543a,XXXXXX9548,successful
3018,708,David Gibson,101,250000.0,laptop,electronics,online,Mumbai,2025-12-16,4,Cash,0.2,f835d5f8a254f2b42279a57163b70c86a671a09ed21f801be1cee12a02746ea8,XXXXXX9116,successful
3019,747,Laura Edwards,107,50000.0,dining table,furniture,offline,Bangalore,2025-11-26,4,UPI,0.25,a10cf71c68cb5673d5b71df1663a208cae47df21b7b6585d5d357f89b62b5151,XXXXXX5369,successful
3020,421,Rebecca Holland,107,50000.0,dining table,furniture,online,Delhi,2025-09-03,3,NetBanking,0.15,894509abc5a859b77eab65bc7abdab1ecf763f1ec9812f93988874d4533fe306,XXXXXX2960,successful
3021,256,Nicole Williams,102,70000.0,phone,electronics,offline,Chennai,2025-10-14,1,Card,0.2,23f282bd744c97705ad26bcf56a6d8c77539f407c2457adf39ae0014fe17b9b4,XXXXXX1732,successful
3022,331,Jordan May,110,45000.0,microwave,home appliances,online,Chennai,2025-04-12,3,UPI,0.15,6b8bff221aa5a44d1ad8e85257282acbc225866983f6dd0e3972c08ec0678d90,XXXXXX8000,successful
3024,931,Melissa Lewis,105,45000.0,tv,electronics,offline,Mumbai,2025-09-26,2,NetBanking,0.3,c8f5665b8a9ac7a8072e58c16db080914bb79ccecfb96adbb87d84d1ff0957dc,XXXXXX7595,successful
3025,902,Logan Reyes,105,45000.0,tv,electronics,online,Mumbai,2026-04-08,5,NetBanking,0.05,4328f316f8c609f91085cb65a5f9884ab09a374c63a729c24b348407b44eff8d,XXXXXX2031,successful
3026,538,Haley Henderson,109,65000.0,refrigerator,home appliances,offline,Bangalore,2025-08-28,5,Cash,0.15,6e32dab411d44f761105368545dded7e8c4e3ef77c8c9e95db2a842fbbc8250a,XXXXXX6076,successful
3027,843,Chelsea Hester,105,45000.0,tv,electronics,offline,Bangalore,2025-12-12,2,UPI,0.2,ecbc0e35dc196da620940dc02514da8ce48a37089853723b74a9d542d000b3eb,XXXXXX8861,successful
3029,873,Tracy Bass,110,45000.0,microwave,home appliances,offline,Hyderabad,2025-10-02,4,Cash,0.25,0316e141aed4d0c833de7cbf0254ea2e03778e391e037dbce5af3413b35279db,XXXXXX8034,successful
3031,741,Carla Spencer,104,8000.0,shoes,clothing,offline,Hyderabad,2025-08-29,3,NetBanking,0.1,34f50ad2b79602ad5dcd12458509969e1eb2f01bfc7431490f8cd666831501ee,XXXXXX6102,successful
3032,984,Janet Long,106,80000.0,sofa,furniture,offline,Bangalore,2025-11-27,4,Cash,0.35,07cef015b740fea3058efb3edfb55aacc940fc0b06ef810c377f88692fa408c3,XXXXXX6095,successful
3033,627,Nicole Allen,108,15000.0,mixer grinder,home appliances,offline,Bangalore,2025-04-27,4,NetBanking,0.25,5db16276041dde40e47a571f104d6f7807e44f0c870468c534a0de65a09f4f84,XXXXXX1056,successful
3034,17,Duane Hall,105,45000.0,tv,electronics,offline,Bangalore,2026-04-10,2,Cash,0.05,ebb6c6dfe3b541831f15161769c5bf41b8bbb024f6411827b053836ce821ec5c,XXXXXX1149,successful
3035,926,Lisa Reynolds,108,15000.0,mixer grinder,home appliances,online,Hyderabad,2025-11-15,2,Card,0.1,86f52346f9e98f92669200bc144a7ea20943ecad60d06cb9a599aad4d8348291,XXXXXX4840,successful
3036,889,Robert Carlson,104,8000.0,shoes,clothing,offline,Delhi,2025-01-08,2,UPI,0.1,d6819f9fb8a2dcb69bfb67e199ad01d7c462f89691eb10d0ea92ef1ed652d7f5,XXXXXX8201,successful
3037,84,Paul Pacheco,108,15000.0,mixer grinder,home appliances,offline,Bangalore,2025-12-11,5,UPI,0.15,ec7caa9065674ab91ac5eb3a3a95b00ee9f6fcf85a463f0086606668011bccec,XXXXXX4257,successful
3038,917,Alexandria Marks,109,65000.0,refrigerator,home appliances,offline,Hyderabad,2026-03-22,5,UPI,0.35,aa68c27cb1ccf0b9000a765c327f734d7b818f61c3b848d9bb13733a5cdf8fff,XXXXXX3519,successful
3039,305,Zachary Cabrera,107,50000.0,dining table,furniture,online,Delhi,2025-05-31,2,Card,0.4,daa13b369137878266ad9a441873086bc1f99730ddbe4d135c9421d4d6c4612f,XXXXXX3696,successful
3040,123,Trevor Sharp,107,50000.0,dining table,furniture,offline,Mumbai,2025-05-04,3,Card,0.2,0f1f6a65a7c67b7165ac46afdc77f5d3c47b1e77b71121c710b418cdef37c43c,XXXXXX8457,successful
3041,953,Adam Taylor,102,70000.0,phone,electronics,online,Bangalore,2025-11-08,2,UPI,0.25,613707aad3a712a9d1fee83dcf472b2e97cdca39d2fb906ba5168ac5f8f20a8e,XXXXXX0391,successful
3042,997,Destiny Fields,106,80000.0,sofa,furniture,online,Mumbai,2025-07-20,4,Card,0.1,99062228ff6941eefc0bec403854f3b6dd86ef84c643ebb7000f9c044209e1fd,XXXXXX2916,successful
3043,179,Joshua Spencer,106,80000.0,sofa,furniture,online,Delhi,2026-02-01,2,UPI,0.2,9dd841f0e89722d4aeb77e1730d0780814d280a266c7f1e8ccd4af1eed3e49fe,XXXXXX0290,successful
3044,918,Grant Harris,107,50000.0,dining table,furniture,offline,Bangalore,2026-01-23,5,UPI,0.25,ced92f85f81f17372e933f8a24af8200173273f99e1b2cebd6003b0cf2f5801d,XXXXXX4421,successful
3045,726,Joshua Walker,109,65000.0,refrigerator,home appliances,online,Mumbai,2025-11-13,5,Cash,0.05,63e5ca8242fb7f7c6d10760728a8a511b7d5ae711b1dbc00eeaf6148d9ca2b82,XXXXXX9809,successful
3046,807,Steven Li,101,250000.0,laptop,electronics,offline,Mumbai,2025-11-01,1,UPI,0.35,5b5169307df8d1d47a7cb18c97b70ed9777a7fbb19eaa99e70a799f8e78b9ccd,XXXXXX2530,successful
3047,88,Alex Mccullough,110,45000.0,microwave,home appliances,online,Chennai,2025-11-10,5,NetBanking,0.3,1e09ed52b80b0898c8d376f7ee65937e0c869aefe8677c0b8b32f3a975a1ea28,XXXXXX4131,successful
3048,565,Craig Moore,103,1300.0,shirt,clothing,offline,Mumbai,2025-12-28,2,Cash,0.2,85a16ee2e4ec76cb62f30db773fb4475fe2da9225f62f4864f8b98c133cf599e,XXXXXX2911,successful
3049,259,Kevin Ramirez,109,65000.0,refrigerator,home appliances,online,Hyderabad,2026-03-25,4,UPI,0.15,f81e5f075377d81bf399e8869699aeceffd18d4373a9715392631db90139dee8,XXXXXX8185,successful
3051,387,Kenneth Rocha,105,45000.0,tv,electronics,online,Mumbai,2025-11-01,3,Card,0.25,f42d5e3c5f55e537502d2540211ae55523fc461e910545d2c4282f0a5c5ffa3c,XXXXXX3283,successful
3052,747,Laura Edwards,104,8000.0,shoes,clothing,online,Bangalore,2025-10-28,3,NetBanking,0.1,a10cf71c68cb5673d5b71df1663a208cae47df21b7b6585d5d357f89b62b5151,XXXXXX5369,successful
3053,391,Catherine Beard,101,250000.0,laptop,electronics,offline,Mumbai,2025-08-15,3,NetBanking,0.1,9f58d044673af925ce04a88a0d83e2585b613ed11e52411572b6547fef36185b,XXXXXX7305,successful
3054,92,Kelly Chang,108,15000.0,mixer grinder,home appliances,online,Chennai,2025-07-17,1,Cash,0.25,9c2b8cfe84c4d6e167e4123a1c56fe972d11980dd1439cf7f391f4c0c23b02ee,XXXXXX9379,successful
3055,63,Joseph Little,101,250000.0,laptop,electronics,offline,Mumbai,2025-11-26,4,Card,0.1,e3799ea332d35ef9f5941efba1229b75871263cf173da4d962b37a1e292f739e,XXXXXX0553,successful
3056,557,Joseph Cowan,102,70000.0,phone,electronics,online,Hyderabad,2025-09-25,5,UPI,0.25,aa00ffd546bf483d71da026f1e214834f4bd1541f59eb2a36c5b8ccf908dd9e4,XXXXXX9909,successful
3057,820,Mary Goodwin,105,45000.0,tv,electronics,online,Delhi,2026-04-15,2,Card,0.3,628d076147024f7fae6fe26aeb716217047f8c5d8e390784fd74aab065970e04,XXXXXX9201,successful
3058,357,Kimberly Adams,107,50000.0,dining table,furniture,offline,Hyderabad,2025-05-11,2,Cash,0.15,61f1e7e5cf89516f0e58c89e9ee5e4cd9af6ca0a5534c45afbb7d66d3110ff6e,XXXXXX7851,successful
3059,734,Melissa Smith,109,65000.0,refrigerator,home appliances,offline,Chennai,2025-04-30,2,NetBanking,0.2,89fc50e7aac4a27b30582f18762aca52740bd9101c79ee69ccc83578174f73c6,XXXXXX8703,successful
3060,199,Marissa Cortez,101,250000.0,laptop,electronics,offline,Chennai,2026-01-25,4,Card,0.05,2c5db219cebb5d80609890f8e9f2eb58d52eb5ec02f28ae238561e3a3f8c4ee2,XXXXXX0400,successful
3061,203,Samantha Wells,109,65000.0,refrigerator,home appliances,offline,Hyderabad,2025-05-15,4,NetBanking,0.05,9947078859e29abc53f69cd9c3581706313b8d7d0a270b1a4b8efd0a2022a06c,XXXXXX2545,successful
3062,765,Eric Gaines,107,50000.0,dining table,furniture,online,Bangalore,2025-08-03,2,NetBanking,0.05,7994dd1de38b1118558ca1ca7d41855a8c0c42f7ff4044447b62896a94acecba,XXXXXX1327,successful
3063,698,Jennifer Mendoza,110,45000.0,microwave,home appliances,online,Chennai,2025-05-15,1,Cash,0.4,8dc17e6eb23defde8dcf360dea4c33dfc41e49c970fe778d5953d267b7e136f6,XXXXXX3194,successful
3064,568,Joshua Collins,107,50000.0,dining table,furniture,offline,Mumbai,2026-03-06,1,Card,0.25,0facaf668b39bf6a8456a1cf2cefec163cf9961435cd811aa25000a89789ff2d,XXXXXX6949,successful
3065,242,James Pham,109,65000.0,refrigerator,home appliances,online,Hyderabad,2025-06-06,4,Card,0.3,1a6d54e22d1fefc356bccdd94d8c7bf0567ea3ffb9d6f66189713154ab3e3c56,XXXXXX3250,successful
3066,277,Robert Baker,101,250000.0,laptop,electronics,offline,Hyderabad,2025-05-31,2,Cash,0.2,1a5a39e89ef015697e481a71caf9100d2df5d7fcc357064c076577d9b4eac353,XXXXXX9651,successful
3067,475,Natalie Andrews,105,45000.0,tv,electronics,offline,Mumbai,2026-02-14,1,NetBanking,0.25,c6c814b3ffa1df5c78428113fdb32b4ca6f35598c33efaa39849f1bf488f1a61,XXXXXX9248,successful
3068,662,James Osborn,105,45000.0,tv,electronics,online,Bangalore,2026-03-17,3,Card,0.4,572033317135c939edb4704d6619557d12b168b6f9bb18526bfa7b21b979d9be,XXXXXX0493,successful
3069,941,Chelsea Wallace,102,70000.0,phone,electronics,online,Bangalore,2026-01-04,2,Card,0.05,50ef9af42ae95622b41e46ae7bb2425ec7cdce4f68c4d0f0f0392982d513eceb,XXXXXX1736,successful
3070,173,Joshua Smith,101,250000.0,laptop,electronics,online,Delhi,2025-07-20,1,Cash,0.2,88c0402c27cfb1655c96894e7e1aa1a01d29b665c03df8d29c591f8cf7e547ed,XXXXXX7378,successful
3071,86,Rachel Gonzales,109,65000.0,refrigerator,home appliances,offline,Mumbai,2025-06-14,2,UPI,0.1,8a92ac63b76bbf8c71fa35cfae77bfab778dfeaa5e3f52f5ab8d33c2597723bd,XXXXXX5951,successful
3072,335,Jacob Evans,104,8000.0,shoes,clothing,offline,Mumbai,2025-12-13,5,Card,0.05,4e9a4154675455f45a1af6bccec6488cea6ca308837029b0d2ce6290557a126f,XXXXXX9310,successful
3073,303,Derek Rose,109,65000.0,refrigerator,home appliances,offline,Chennai,2025-04-23,5,UPI,0.3,4117ae38b31d31609b96d20584c208151df5ac2783c30bfb3ac3435ec3061952,XXXXXX1211,successful
3074,294,Jared Moreno,109,65000.0,refrigerator,home appliances,online,Hyderabad,2025-06-28,2,Cash,0.3,c84e6751a9e92a96a1365383f5c3dcdd3df09fcf648b771a5ae5877d58214e07,XXXXXX7809,successful
3075,513,Brandon Sims,106,80000.0,sofa,furniture,offline,Chennai,2025-09-27,5,NetBanking,0.2,51f1cbbcc3dc7c87cb52241b4278fddf066e18c9bf8c9a83ec9631cd1a85d9fe,XXXXXX7219,successful
3076,888,Jade Garza,103,1300.0,shirt,clothing,online,Hyderabad,2025-06-08,3,Cash,0.1,629873393d19cb75131bb72584af1e59868a0cbf812a72d967b858d49358424b,XXXXXX5623,successful
3077,386,Brittney Moreno,105,45000.0,tv,electronics,online,Chennai,2026-02-17,5,Card,0.25,97cfc39de23c414f918f244c3e2f6e07290f226790996fc78ca3787ac3da99f5,XXXXXX2269,successful
3078,436,Jesse Conway,108,15000.0,mixer grinder,home appliances,online,Hyderabad,2026-01-25,1,Cash,0.25,df072357edf07451021e625745f9c6b5a1bbad209327f57c00a8f43f05e57b60,XXXXXX8681,successful
3079,231,Jason Smith,101,250000.0,laptop,electronics,online,Hyderabad,2025-05-30,5,Card,0.1,2901ac840f3357b1dbfbe360083af0c9f8722785cdd9a0d3849252d212a900e2,XXXXXX1499,successful
3081,760,Teresa Ochoa,108,15000.0,mixer grinder,home appliances,offline,Mumbai,2026-04-05,1,NetBanking,0.15,47ef1efd5e1159b072e9d9bf209c59e53d5066fcc9ebd7ffa35ac7d2b21357a4,XXXXXX1762,successful
3083,127,Carlos Hickman,105,45000.0,tv,electronics,online,Bangalore,2026-08-02,2,Cash,0.2,6e1f51c238a72676b2e7e455c3a63942b60e417bd57bbc47c55b68f8975a64ce,XXXXXX3186,successful
3084,575,Willie Holloway,103,1300.0,shirt,clothing,offline,Chennai,2025-08-17,4,NetBanking,0.4,b95e2460a1bb7632815ec033656e4b4b7313b3556d5367775d5828678b99f1d2,XXXXXX5939,successful
3086,469,Michael Garcia,109,65000.0,refrigerator,home appliances,offline,Delhi,2025-10-06,2,NetBanking,0.35,8a0689462b7641a7b89e3f1835cc2893a7180ce5e3cf9172c527a48ba9161db4,XXXXXX9516,successful
3087,540,Amy Cruz,110,45000.0,microwave,home appliances,offline,Delhi,2026-02-16,5,NetBanking,0.1,cd64f386e4ce8e95c5e0c059bbe14f4421db7c0a9e1d3bca17cf6cf34a1ac680,XXXXXX6867,successful
3088,502,Amy Stewart,108,15000.0,mixer grinder,home appliances,online,Delhi,2025-11-19,5,NetBanking,0.05,608bc2105cc974c248c31e6282166ec8bc104e333d9056a6fc7685fa64c1d573,XXXXXX7862,successful
3090,42,Michael Swanson,103,1300.0,shirt,clothing,offline,Hyderabad,2025-09-11,4,Cash,0.3,2615f974566f2ecc01a92b6411128e01a981c9c884e0f7408bdac3eace0809b1,XXXXXX2466,successful
3091,208,Matthew Berry,105,45000.0,tv,electronics,offline,Hyderabad,2025-04-20,4,Card,0.3,1550a4a4ab3b8cfd37226773007703236bd8b1202cf5404128837db31ea46945,XXXXXX8727,successful
3092,596,Douglas Johnson,102,70000.0,phone,electronics,online,Chennai,2025-12-26,3,NetBanking,0.35,6e4719c9a0f8c9a0c9807cb2830eadc7c004d3f8f5a90e6071bb39ebf387f7fe,XXXXXX1050,successful
3093,329,William Jackson,103,1300.0,shirt,clothing,online,Mumbai,2025-11-25,2,Card,0.25,78cc409bdff749c72d9bbd07f9666f5a137d6ddbb147d54a176f48ca2dcc9f01,XXXXXX2206,successful
3094,724,Kimberly Winters,107,50000.0,dining table,furniture,online,Chennai,2025-11-03,4,NetBanking,0.05,0ff3b92ed6c76c752922d8cdaeed55063b97e67c56d8f36acf0d634dee9fc08b,XXXXXX1493,successful
3095,459,Jason Moreno,104,8000.0,shoes,clothing,offline,Mumbai,2025-07-06,1,Card,0.35,ec0eed02314dcee52b4be2470f59547e7c3d3c402912b9635e4d55d327aedf2f,XXXXXX2001,successful
3097,587,Lucas Acosta,104,8000.0,shoes,clothing,offline,Mumbai,2025-09-16,4,Card,0.35,3b31d6213e6923c24573fe2429a870b3e85a51845be6042e7cff525d9771a5b9,XXXXXX5493,successful
3098,390,Erika Knight,107,50000.0,dining table,furniture,online,Mumbai,2025-06-03,3,Card,0.25,002e230a14753479faa5bef3a74da4610e857b4e4b7b992a12ef59e25302bbf3,XXXXXX7025,successful
3100,563,Robert Baird,109,65000.0,refrigerator,home appliances,online,Hyderabad,2025-09-12,2,NetBanking,0.2,9435bce45e3607f40832453e176751f0dbe09f4bfcc54bc8f1f673e49b7390ea,XXXXXX9200,successful
3103,963,Laura Stevenson,107,50000.0,dining table,furniture,online,Chennai,2025-10-13,1,UPI,0.05,b995779805ba57ae0d0e4136fb34a113efe083fe02c7d0d15e37eaaf1dee960d,XXXXXX4205,successful
3104,820,Mary Goodwin,104,8000.0,shoes,clothing,online,Delhi,2026-11-01,1,NetBanking,0.2,628d076147024f7fae6fe26aeb716217047f8c5d8e390784fd74aab065970e04,XXXXXX9201,successful
3105,231,Jason Smith,104,8000.0,shoes,clothing,offline,Hyderabad,2025-08-09,1,NetBanking,0.4,2901ac840f3357b1dbfbe360083af0c9f8722785cdd9a0d3849252d212a900e2,XXXXXX1499,successful
3106,51,Cory Ellis,103,1300.0,shirt,clothing,offline,Chennai,2025-11-18,2,Cash,0.15,5325e4fe6e3ad1ad9798f3d67b5dd4425dac9fb43952587529dc3f2ef0d18209,XXXXXX3422,successful
3107,196,Mary Hicks,101,250000.0,laptop,electronics,online,Chennai,2025-08-04,1,NetBanking,0.25,d22b758cf70ee891e774972885a5933e6e15ce2525cbfe6ab3e0caec2116da9e,XXXXXX1272,successful
3109,45,Tasha Baker,105,45000.0,tv,electronics,online,Delhi,2026-01-26,2,UPI,0.05,9ee2bff76016cc468aedfc4602a2ba1039731a1ba142ccf1a98572cf79cf3dd1,XXXXXX5843,successful
3110,788,William Wright,104,8000.0,shoes,clothing,offline,Bangalore,2026-03-24,4,NetBanking,0.2,9549234d8c813d49d9207b55137f3a303aaa67a2d976eb09807531443ca17374,XXXXXX5393,successful
3113,64,Sheri Osborne,105,45000.0,tv,electronics,online,Mumbai,2025-07-15,1,Cash,0.4,e00d981d32242bcb3cc5b7114c71035e8019759fc77406dab38aa856d3ae6bb9,XXXXXX9475,successful
3114,892,Logan Hayes,107,50000.0,dining table,furniture,online,Mumbai,2026-02-25,1,NetBanking,0.15,ebfd080deb6edf589d2037d39d6f12602e3740633531d60b5bb631129cfdda63,XXXXXX0803,successful
3115,190,Heather Martinez,104,8000.0,shoes,clothing,online,Chennai,2025-08-02,2,UPI,0.1,ad161a32f0a134c2e8838b7588dac82c00864eaa91c87b665b63b93b6bd56d8f,XXXXXX3476,successful
3116,910,Cindy Price,103,1300.0,shirt,clothing,offline,Bangalore,2025-05-22,5,UPI,0.2,b77a1ab46589095e7d79c7d277e9b13de1bae6bdf129819d4d25e27d58e9c49d,XXXXXX1764,successful
3117,745,Jennifer Weeks,102,70000.0,phone,electronics,offline,Hyderabad,2025-09-27,4,UPI,0.1,badc3e46ccdf90c2e5cb1170bdad31cfb226bc70313755e2a2a7323fc3458672,XXXXXX2095,successful
3118,297,Susan Hill,102,70000.0,phone,electronics,online,Delhi,2025-12-03,1,Cash,0.25,701815f3bbdbd2a553c74af36a33b4b1c74170294d50c7b3a8312ce36ff56281,XXXXXX2263,successful
3119,563,Robert Baird,104,8000.0,shoes,clothing,online,Hyderabad,2026-03-26,5,UPI,0.05,9435bce45e3607f40832453e176751f0dbe09f4bfcc54bc8f1f673e49b7390ea,XXXXXX9200,successful
3120,996,Barbara Morris,103,1300.0,shirt,clothing,offline,Hyderabad,2025-11-23,1,Card,0.25,2de9cc6882a7ce0eef9e47ff7812f1ae6f2ab38ce0b66a20fd57b6855a32ba83,XXXXXX7956,successful
3121,252,Shannon Dennis,102,70000.0,phone,electronics,offline,Hyderabad,2025-08-19,5,Cash,0.4,6f224317a6fceae01b250b2eeab955f693af463cc0b66bd6d5b99e53da02d781,XXXXXX7631,successful
3122,877,John Warren,102,70000.0,phone,electronics,offline,Hyderabad,2025-07-12,1,UPI,0.2,9f002ac63381289e8bbf21e59081952489e54f9ddacaba336b3609bc6234070e,XXXXXX0546,successful
3123,313,Mary Lowe,108,15000.0,mixer grinder,home appliances,online,Delhi,2025-06-26,4,UPI,0.2,27880315cca11c389b4fc55c28781f1e3bfe5f32981b001e4879d996be3ee6ba,XXXXXX2640,successful
3124,642,Troy Mitchell,105,45000.0,tv,electronics,online,Bangalore,2026-01-20,4,NetBanking,0.4,40a175d94b67c5b138751e12e16c6ea52cdbc0ab22559fe806ac2eeca13b7f76,XXXXXX6968,successful
3125,565,Craig Moore,107,50000.0,dining table,furniture,offline,Mumbai,2025-12-04,3,Card,0.05,85a16ee2e4ec76cb62f30db773fb4475fe2da9225f62f4864f8b98c133cf599e,XXXXXX2911,successful
3126,264,Kelli Johnson,110,45000.0,microwave,home appliances,online,Bangalore,2026-11-01,1,Cash,0.1,3aaa6ae0a7b9a1c8b63158b1c3de5f2ac397ffd9e5820b12ded699bba5bc097b,XXXXXX6731,successful
3127,237,Jamie Casey,109,65000.0,refrigerator,home appliances,online,Mumbai,2026-03-22,4,NetBanking,0.1,6de0aa5d870a6192bff5a57fb71945abbf6ec1af4ee37571c17c51188567f8f0,XXXXXX9410,successful
3128,396,Connie Edwards,110,45000.0,microwave,home appliances,offline,Hyderabad,2025-11-08,1,Cash,0.05,24f73d8ad939bc7941856a702f9fef87a180767e01fd86494f34b6da85b314de,XXXXXX5987,successful
3129,912,Brian Randall,108,15000.0,mixer grinder,home appliances,online,Mumbai,2025-10-27,5,Cash,0.05,51fa0dd3a2c7f65f90615b588c3e55a455abfbc922402fcdda2a8baba69a1a1f,XXXXXX3966,successful
3130,879,Andrew Johnston,105,45000.0,tv,electronics,offline,Mumbai,2026-03-04,3,UPI,0.3,00c35cabe59c83334d07138ab1012cc4751373225292a52b8e8488d820954870,XXXXXX8466,successful
3131,796,Jasmine Lopez,102,70000.0,phone,electronics,online,Bangalore,2025-09-22,4,Cash,0.4,3b56ffa6073a1eb2ded4401962353dbb5ed5c455edbb29a06789db4d6d863c94,XXXXXX7917,successful
3132,362,David Wells,110,45000.0,microwave,home appliances,online,Bangalore,2025-10-13,1,Cash,0.2,5a56165ec47a3c6bb4e409fc869a51affcfddc2bdfb75458f155ed429a1ea645,XXXXXX9722,successful
3133,788,William Wright,108,15000.0,mixer grinder,home appliances,offline,Bangalore,2026-03-19,3,Cash,0.25,9549234d8c813d49d9207b55137f3a303aaa67a2d976eb09807531443ca17374,XXXXXX5393,successful
3134,205,Renee Harris,101,250000.0,laptop,electronics,online,Mumbai,2026-09-04,1,Cash,0.1,7e03139a80880ae8285b8e3c9360bab40a133452ea9df04075006e9c4677c702,XXXXXX1150,successful
3135,385,Austin Love,103,1300.0,shirt,clothing,offline,Hyderabad,2025-10-15,3,Cash,0.3,1554c349a547a8d7445d0698d1df9cd29f1da1b41c1ef432247debefefdbad7c,XXXXXX7684,successful
3136,284,Erin Richmond,110,45000.0,microwave,home appliances,offline,Chennai,2026-01-05,2,UPI,0.05,d8ab4780a03f23d4999c052542ccf2ca24cd1f49a81c1b036696f0168d2abda0,XXXXXX8578,successful
3137,182,Kathleen Castro,107,50000.0,dining table,furniture,online,Hyderabad,2026-11-01,3,UPI,0.25,b968291086a95323d5bba7d5a446dfa484cd63bf57e8e25fc7e2bf74b5720cd9,XXXXXX9367,successful
3138,998,Joseph Perez,108,15000.0,mixer grinder,home appliances,online,Delhi,2025-08-18,5,NetBanking,0.2,bf6f6e0fa1a4880486cb516d660d22070dab87e48b3389e04401f8343320b71f,XXXXXX3136,successful
3139,169,Angela Dixon,104,8000.0,shoes,clothing,online,Mumbai,2026-12-04,4,NetBanking,0.1,070401fdfcbc473b369637cbe954a7388e61a7d5508f05bb325cbf5c2dc5dade,XXXXXX7904,successful
3140,391,Catherine Beard,101,250000.0,laptop,electronics,offline,Mumbai,2026-03-30,5,NetBanking,0.3,9f58d044673af925ce04a88a0d83e2585b613ed11e52411572b6547fef36185b,XXXXXX7305,successful
3141,62,Sarah Park,108,15000.0,mixer grinder,home appliances,offline,Delhi,2026-02-25,3,UPI,0.4,04d572a92cd8dd6dd750847bab4e96342f1b7b62d7ac9c9f7b6af8dfb89bcf71,XXXXXX5051,successful
3142,181,Maria Robinson,102,70000.0,phone,electronics,online,Delhi,2025-09-14,3,Cash,0.2,35422c1d429d29fd2762fbd57ed7705b3be3f22ec4f67a573b7f5bb5321a12fa,XXXXXX2717,successful
3144,35,Guy Walker,110,45000.0,microwave,home appliances,online,Chennai,2025-10-27,1,UPI,0.4,0f2a0caf336487af8d4ae49a83083e32c2537265969e849b1e76d6e6b9b91d71,XXXXXX0611,successful
3145,355,Robert Nelson,108,15000.0,mixer grinder,home appliances,offline,Hyderabad,2026-02-07,1,UPI,0.15,6908f00d2013df148fd88d6d24d6ef016c67e0da11d92c0cd1d5e6eab174cbfb,XXXXXX1462,successful
3147,176,Robin Scott,101,250000.0,laptop,electronics,offline,Chennai,2026-03-24,5,UPI,0.1,7319c418f39e26bf651c2c8211d8e9b17776aa14f8f9a3dd323256c9a7560182,XXXXXX0905,successful
3148,892,Logan Hayes,110,45000.0,microwave,home appliances,online,Mumbai,2025-09-02,4,Card,0.15,ebfd080deb6edf589d2037d39d6f12602e3740633531d60b5bb631129cfdda63,XXXXXX0803,successful
3149,919,Stephanie White,103,1300.0,shirt,clothing,offline,Mumbai,2025-10-25,1,NetBanking,0.25,a0c01bacc88672b864d9db609a806648b64daf05eda679274108452b64230b58,XXXXXX8517,successful
3150,756,Juan Mata,104,8000.0,shoes,clothing,online,Bangalore,2025-08-15,2,Cash,0.4,0e08248b1952bf56f12aa2dbcf1a9743a2077b7d5bf13ac617308d3f527d1da2,XXXXXX4818,successful
3151,31,Lisa Velazquez,110,45000.0,microwave,home appliances,online,Bangalore,2026-03-25,5,Cash,0.25,743cf88309ecb2bc02cb564d800a6cb470bff4da10b69ed7d2c745b6081fd7ed,XXXXXX5435,successful
3152,127,Carlos Hickman,109,65000.0,refrigerator,home appliances,online,Bangalore,2026-11-03,5,Cash,0.35,6e1f51c238a72676b2e7e455c3a63942b60e417bd57bbc47c55b68f8975a64ce,XXXXXX3186,successful
3153,989,Jason Huerta,107,50000.0,dining table,furniture,offline,Chennai,2025-04-28,2,NetBanking,0.3,ca01b3776da49595034b90d569bf37f772e29ed76801bd2b47f4bc97ad5cb6b4,XXXXXX4162,successful
3154,40,Kristina Harrell,110,45000.0,microwave,home appliances,online,Hyderabad,2025-07-03,4,UPI,0.1,b01cddc057bd4c511d704c040852faca4bd59d85b563747942b1857f99ccfa76,XXXXXX6674,successful
3155,898,Joseph Tyler,105,45000.0,tv,electronics,online,Hyderabad,2025-09-22,1,Cash,0.35,41e321519736fe99f86fcbe8270a6f6cb3fc2397f7e5eb823206ccf4b731edb1,XXXXXX2797,successful
3156,845,Sara Smith,104,8000.0,shoes,clothing,offline,Chennai,2025-12-25,1,Card,0.05,b7b1e934efd61e751e05f496ca45a16459c27296e3ba828c0cbee46f0c3534eb,XXXXXX0226,successful
3157,156,Sara Romero,105,45000.0,tv,electronics,offline,Chennai,2026-01-17,1,Cash,0.2,4950b231cc9867673012764e446229afc81b10a76a63db15f84e732e838dde38,XXXXXX0162,successful
3158,63,Joseph Little,103,1300.0,shirt,clothing,online,Mumbai,2026-03-16,4,Card,0.3,e3799ea332d35ef9f5941efba1229b75871263cf173da4d962b37a1e292f739e,XXXXXX0553,successful
3159,293,Luke Cummings,107,50000.0,dining table,furniture,online,Hyderabad,2026-11-01,5,NetBanking,0.25,05975e0919aa17c67ef5be8b9cae08c5c030890dc456449eae384747b31bfc30,XXXXXX4761,successful
3160,695,Jillian Rodgers,109,65000.0,refrigerator,home appliances,online,Hyderabad,2025-06-10,1,Card,0.3,2837d353fb852d35f28f7a41baed417c5b0812afca08841636695798953c5fe2,XXXXXX1711,successful
3161,941,Chelsea Wallace,107,50000.0,dining table,furniture,offline,Bangalore,2025-12-15,1,NetBanking,0.3,50ef9af42ae95622b41e46ae7bb2425ec7cdce4f68c4d0f0f0392982d513eceb,XXXXXX1736,successful
3162,279,Lucas Stevens,106,80000.0,sofa,furniture,online,Hyderabad,2025-04-12,5,Cash,0.3,33933446c67203085ccdace92d436095f6c499802174dff50401efc4ad22da46,XXXXXX3687,successful
3163,813,John Harris,109,65000.0,refrigerator,home appliances,offline,Chennai,2026-12-02,1,UPI,0.05,85b4b64e4940d5ae6ba4a1ab532019cd08dda9c1523d098c9b344d92aef0e635,XXXXXX3148,successful
3164,388,Daniel Wilson,104,8000.0,shoes,clothing,offline,Bangalore,2025-11-12,3,UPI,0.1,50333aba4ba992eac593f77d9280e93a1739f3bf7b9a4bf8e532e34fb819c3e4,XXXXXX0453,successful
3165,882,Megan Kelley,104,8000.0,shoes,clothing,offline,Chennai,2025-08-26,2,Card,0.1,3a28b57f756b9f7dd5a0cdceef1dc31a0f3cc4a2ba8fe2ef888f672ae8d3142b,XXXXXX1948,successful
3166,669,Joseph Moses,103,1300.0,shirt,clothing,offline,Chennai,2025-09-25,4,Card,0.4,9cb732cf9d48ded2310a286dea0f0b123ae17e7b448470cd5d7657c68cdd150e,XXXXXX1125,successful
3167,526,Paul Fields,109,65000.0,refrigerator,home appliances,offline,Chennai,2025-10-01,1,Cash,0.25,482566124ec59dcdd7c75a845be056a9b79b10e69fb3d2196e4974234f9ea0ef,XXXXXX1606,successful
3168,55,Patrick Velez,105,45000.0,tv,electronics,offline,Bangalore,2026-04-06,4,Card,0.15,c704fda14173941daec783707dbe536dc4b2c10e7d5274a448b79f97dc212305,XXXXXX9585,successful
3169,62,Sarah Park,108,15000.0,mixer grinder,home appliances,online,Delhi,2025-11-27,4,Card,0.05,04d572a92cd8dd6dd750847bab4e96342f1b7b62d7ac9c9f7b6af8dfb89bcf71,XXXXXX5051,successful
3170,910,Cindy Price,107,50000.0,dining table,furniture,offline,Bangalore,2025-08-18,3,UPI,0.25,b77a1ab46589095e7d79c7d277e9b13de1bae6bdf129819d4d25e27d58e9c49d,XXXXXX1764,successful
3171,299,Megan Harris,106,80000.0,sofa,furniture,online,Chennai,2025-07-12,4,UPI,0.4,bd0d46164399936140fc40edd716b3e6183a5c07fbef20fcf8ed07ac9fcda11e,XXXXXX1134,successful
3172,261,Ronnie Martin,107,50000.0,dining table,furniture,online,Bangalore,2025-04-29,1,Card,0.05,62ab53d06a5c0dbcac3301b815adfecee72509402576e9edcff342d51bd63ff3,XXXXXX1260,successful
3173,968,Keith Davis,110,45000.0,microwave,home appliances,offline,Hyderabad,2025-12-23,4,Card,0.2,7200b56e33ad623e51c35b5b9703e693c583e789d0cf8352ade3392e81b3a460,XXXXXX4512,successful
3174,212,Russell Day,104,8000.0,shoes,clothing,online,Bangalore,2026-11-02,2,UPI,0.2,128b7feac4946081df391459e9c341958980aaae01e4a9ec23e6486ce4a70c23,XXXXXX3203,successful
3176,995,Anthony Holloway,103,1300.0,shirt,clothing,online,Chennai,2026-03-27,4,Card,0.1,b63054e362f9add1c9963f706c1147f1ddce592ab5f6c2b54b5ef1b677f86123,XXXXXX8077,successful
3177,364,Kelly Graves,106,80000.0,sofa,furniture,online,Bangalore,2025-08-03,1,UPI,0.05,72120a480226289750b248cb09ce58347c57737b11e4d484dcff5d9fc422026c,XXXXXX0043,successful
3179,87,Peter Silva,108,15000.0,mixer grinder,home appliances,online,Chennai,2025-06-24,5,Cash,0.3,d6bd37045cec12b53415caf216722a21736d30f981f9c6624823e14676236179,XXXXXX0954,successful
3181,146,Jose Thomas,104,8000.0,shoes,clothing,offline,Bangalore,2025-12-17,3,Cash,0.3,abd7e3dafa4e2a5244ee3c32d8cbf9a1693aa8e69bd4931a3d3be98d6776180f,XXXXXX9963,successful
3182,71,Tina Bowers,110,45000.0,microwave,home appliances,online,Bangalore,2025-11-27,4,Card,0.35,98a7716adca1f996edc88696de7be32d8e1eadde66575a25e6d1fe916c8c7935,XXXXXX6205,successful
3183,435,Wendy Robinson,101,250000.0,laptop,electronics,offline,Delhi,2025-11-29,5,Cash,0.35,c96db1c3fb5dcbb76de4dea884c75221dcdccf50f2d1e2c550cc89827aa9ff9e,XXXXXX4454,successful
3184,486,Juan Rios,102,70000.0,phone,electronics,online,Chennai,2025-10-15,5,Card,0.2,85477e7ef109e6cc5b1df41d2f37bc38e60a2f33ac8ecd81539b84c88032d0cb,XXXXXX4898,successful
3185,352,Daniel Gonzales,102,70000.0,phone,electronics,online,Delhi,2026-03-21,5,Card,0.1,565b2ecbf33023b756e0cb500df213bb51bfb91f43fd51e31eb014f07bdf1751,XXXXXX2541,successful
3186,370,Jessica Moreno,105,45000.0,tv,electronics,offline,Delhi,2025-11-04,1,Card,0.35,b19be758d0d504ebce9ae0e691e1c946b007610309a16d2321fa9c62d432fe62,XXXXXX3938,successful
3187,452,Cory Humphrey,101,250000.0,laptop,electronics,offline,Hyderabad,2026-04-01,3,Card,0.35,36c0fd5811151249b7527006cf1f2a30104d304917e361238015b6d082c8018a,XXXXXX7438,successful
3188,63,Joseph Little,105,45000.0,tv,electronics,offline,Mumbai,2025-02-11,4,Cash,0.2,e3799ea332d35ef9f5941efba1229b75871263cf173da4d962b37a1e292f739e,XXXXXX0553,successful
3189,118,Tammy Harding,110,45000.0,microwave,home appliances,online,Mumbai,2025-10-05,3,NetBanking,0.3,f823aef5a0562ad44860102cc25c598c7c2229af590fd957922c08a5d25f951b,XXXXXX0733,successful
3190,971,Larry Ramos,106,80000.0,sofa,furniture,offline,Chennai,2025-12-13,4,NetBanking,0.35,2cdff5bb460296020781eac93c84a9e1dfb2c0e531c81abc30b3f3c5826c5a7d,XXXXXX5114,successful
3191,729,Elizabeth Hunt,110,45000.0,microwave,home appliances,offline,Mumbai,2025-07-05,5,UPI,0.1,1ec3d340009a49b7bef53a20565c3be89393277b139578ffbfec6f40b7cee8ba,XXXXXX9121,successful
3193,529,Justin Brown,107,50000.0,dining table,furniture,online,Bangalore,2025-08-12,2,NetBanking,0.05,253b63efbe9b77a2c319f63832a0b8eaa18e9870ae6d6c86c3e8111501b83bfe,XXXXXX9082,successful
3194,368,Emily Scott,103,1300.0,shirt,clothing,online,Mumbai,2025-05-29,1,UPI,0.15,3d25dd5d7c199750096763cdaeed68f87a7b1787eb721495e9bee99ca4740c63,XXXXXX9634,successful
3195,204,Kevin Osborne,109,65000.0,refrigerator,home appliances,offline,Chennai,2026-04-15,5,Cash,0.4,ec3441dfb0ff0cfb05644e4cd85d85f352213077856f2a2a30bcdb7abe88c72c,XXXXXX8034,successful
3196,219,Alexander Phillips,108,15000.0,mixer grinder,home appliances,offline,Mumbai,2025-12-10,1,NetBanking,0.1,021e7ca6ad8debc97d53ec502e54da9f5e09453f9e7c3da2bd01fce0d3e4e898,XXXXXX9492,successful
3197,550,Raymond Martinez,110,45000.0,microwave,home appliances,online,Chennai,2025-09-29,3,Card,0.35,e02061a735abe9b0b49ac07f0fb676491345a3d24a3687d096f48abc364e8b22,XXXXXX9650,successful
3198,858,Kristina Stewart,110,45000.0,microwave,home appliances,online,Hyderabad,2025-07-02,1,NetBanking,0.05,1ac0907856b2c2227c8b73f739213ce07dc4843fc2ace1a689a104490e7e2d3a,XXXXXX5897,successful
3201,106,James Pham,105,45000.0,tv,electronics,offline,Chennai,2026-02-24,2,Card,0.1,46e343f78b051a8a59490a12eff7cfec9222df1e53fadd10a6ce4aa6d8f158ff,XXXXXX0047,successful
3202,258,Larry Taylor,101,250000.0,laptop,electronics,offline,Chennai,2025-11-10,1,UPI,0.1,02d9817a2e3d817e654ce74ff71c58ab931bbd59b02a8b8aa567c9751b72dcf7,XXXXXX7795,successful
3203,578,Kristi Wilson,105,45000.0,tv,electronics,online,Chennai,2025-05-21,2,Cash,0.25,d3a60d71674bec4b1767dd6de907b4fee5a31a67971ad4bc406f9d41942fa3b2,XXXXXX9323,successful
3204,139,Melissa Peterson,110,45000.0,microwave,home appliances,online,Mumbai,2025-06-09,5,NetBanking,0.15,90c965d07a3fd0bc98104e2646fa9118f0df9c82d926c094ecba5d16a117a9f9,XXXXXX2133,successful
3205,116,Doris Banks,102,70000.0,phone,electronics,offline,Delhi,2025-01-09,2,NetBanking,0.1,0ab053522f3e30c644abf74fd2cce89243b25a4fbe2daf1d08b62910de7a182e,XXXXXX6106,successful
3206,742,Wesley Davis,106,80000.0,sofa,furniture,online,Delhi,2026-04-02,3,UPI,0.3,5b9633b24f3672c78120c26037eec1569a5d34806f7343c73a785979d0a3ecc0,XXXXXX9946,successful
3208,262,Michael Elliott,102,70000.0,phone,electronics,offline,Mumbai,2026-03-02,4,Cash,0.4,8c45f048648a50c15739fc948181dc6a76c4ef88158f89e13f0c256b67a6f87d,XXXXXX1322,successful
3209,428,Michelle Rogers,108,15000.0,mixer grinder,home appliances,online,Bangalore,2026-02-12,2,NetBanking,0.15,c8408b50105d8e82276f0fab5af0b23581040f8ab9feb2dbb3397f4de0f67e85,XXXXXX0299,successful
3210,360,Lindsey Yang,101,250000.0,laptop,electronics,offline,Hyderabad,2025-07-28,4,Card,0.35,41275c1128d659c785a27e98bda7deb4822a76ac6cc02dbc620dea9fa06eef8d,XXXXXX4192,successful
3216,570,Donald Carter,107,50000.0,dining table,furniture,online,Chennai,2026-01-30,1,UPI,0.2,fac4dcc8ab7348aa83d911264d07925b9f733b815ce06bb28547fedb07d981eb,XXXXXX0219,successful
3217,177,Barbara Weber,110,45000.0,microwave,home appliances,online,Chennai,2025-07-28,3,UPI,0.4,12df3e14843b816ac32b26861bcf8858b90063430dfbcfb98626f6c74f838c90,XXXXXX0042,successful
3218,215,Crystal Aguilar,101,250000.0,laptop,electronics,offline,Mumbai,2025-08-06,3,Cash,0.4,e09d7b327f4e1686347bf500493ee805799de0ee48318320d2e16ea64e5c57c2,XXXXXX5910,successful
3219,787,Lauren Wallace,107,50000.0,dining table,furniture,offline,Hyderabad,2025-11-14,3,Cash,0.4,77e348763d3f4e0523e04a6b7e3f7eab1a28056f1221cb9860a33dbe241a8735,XXXXXX9267,successful
3220,243,Christian Martin,110,45000.0,microwave,home appliances,online,Delhi,2025-07-03,1,UPI,0.25,e5c34d6186b0f45bd51377bfeabf6dce3548cfb2115d72b2058719fefb6b6282,XXXXXX1962,successful
3221,45,Tasha Baker,107,50000.0,dining table,furniture,offline,Delhi,2025-12-11,1,UPI,0.2,9ee2bff76016cc468aedfc4602a2ba1039731a1ba142ccf1a98572cf79cf3dd1,XXXXXX5843,successful
3222,186,Dawn Garrett,102,70000.0,phone,electronics,online,Chennai,2025-05-16,3,Card,0.1,79680eda3b6a449222dc65431c9a8ea1135f0b51f11ec4e086fc861a020fffd5,XXXXXX0201,successful
3224,2,Steven Evans,102,70000.0,phone,electronics,offline,Delhi,2025-07-22,4,Cash,0.2,a6c45101e45fecc6ce25041fc13a69d13c16e5ec020f7349067bd0d00783c948,XXXXXX2287,successful
3225,552,Anthony Cox,109,65000.0,refrigerator,home appliances,offline,Hyderabad,2025-05-16,3,UPI,0.15,a2b4db22ca166aed82e4cbbbfb34b6fa883908a1df0d187d75389f57356d9c03,XXXXXX7392,successful
3226,173,Joshua Smith,101,250000.0,laptop,electronics,offline,Delhi,2025-12-05,4,NetBanking,0.4,88c0402c27cfb1655c96894e7e1aa1a01d29b665c03df8d29c591f8cf7e547ed,XXXXXX7378,successful
3228,905,Katie George,102,70000.0,phone,electronics,offline,Hyderabad,2026-03-07,2,Cash,0.35,60ee388dcd89cabe35d66ac6cdc19bdc2e0764f9b000bdf2b1bb1baff8fd6939,XXXXXX2952,successful
3229,892,Logan Hayes,101,250000.0,laptop,electronics,online,Mumbai,2025-08-18,3,NetBanking,0.05,ebfd080deb6edf589d2037d39d6f12602e3740633531d60b5bb631129cfdda63,XXXXXX0803,successful
3230,664,Catherine Anderson,104,8000.0,shoes,clothing,online,Bangalore,2026-06-03,3,NetBanking,0.05,9aaada168c647350daddd6de3235ace6190d2989f6ceb1e849cf43284850ddcf,XXXXXX7801,successful
3231,30,Todd Harding,110,45000.0,microwave,home appliances,online,Hyderabad,2025-10-16,3,Cash,0.1,6b15d5dcd8573cdd1ad248f296efc296f69e76e184df00215adc2e043b88d681,XXXXXX4621,successful
3232,713,Jason Griffin,109,65000.0,refrigerator,home appliances,online,Hyderabad,2025-04-09,3,Cash,0.05,33d0498fc058e1f019e9479799a125a860f1da5937b1c4fb7c42f9dca86e10be,XXXXXX8007,successful
3233,359,Ryan Williams,107,50000.0,dining table,furniture,offline,Delhi,2025-11-06,1,UPI,0.35,06204311b1bc37521e80b495f291436159c5253c4ca8ed1610b0d9c0788f8134,XXXXXX5599,successful
3234,117,Brent Clark,101,250000.0,laptop,electronics,offline,Delhi,2025-11-29,1,NetBanking,0.35,c5f829302296e1c2e9c8ce7f4a59fa56e01d59488851053529fb66a3ad5061dd,XXXXXX7598,successful
3235,432,Charles Nelson,103,1300.0,shirt,clothing,online,Mumbai,2025-07-10,4,UPI,0.2,e55ed831ce8b88594eb595fd9e9bd007e6474a3a0ab7014d7af1429b51efe250,XXXXXX1774,successful
3236,656,Adam White,108,15000.0,mixer grinder,home appliances,offline,Hyderabad,2025-09-07,4,NetBanking,0.15,448ef813a5248beb5d33c9eff9267e91e6bddb7e0572bb3132d06cf5ad916419,XXXXXX8407,successful
3237,282,Tasha Roberson,105,45000.0,tv,electronics,offline,Hyderabad,2025-07-11,5,Card,0.15,d3faba4026a16ab0bdda26007a6e5d93a09678f0d7669d9887c3d1ff65adb9e6,XXXXXX3095,successful
3238,843,Chelsea Hester,110,45000.0,microwave,home appliances,online,Bangalore,2025-08-01,4,NetBanking,0.05,ecbc0e35dc196da620940dc02514da8ce48a37089853723b74a9d542d000b3eb,XXXXXX8861,successful
3240,301,Alexandra Nguyen,108,15000.0,mixer grinder,home appliances,offline,Delhi,2025-08-12,3,Cash,0.2,723fd3dd13fe8fb910e1d9c1f038e2882824b82970576b970d2da2a7ab65ba74,XXXXXX9566,successful
3241,766,Stacey Jones,105,45000.0,tv,electronics,online,Mumbai,2025-08-14,4,NetBanking,0.15,90054e5026fd67a321cd841d2f54712fc948b19b130b6f0421adbd61888f64ff,XXXXXX5577,successful
3242,858,Kristina Stewart,109,65000.0,refrigerator,home appliances,online,Hyderabad,2025-09-05,3,Cash,0.05,1ac0907856b2c2227c8b73f739213ce07dc4843fc2ace1a689a104490e7e2d3a,XXXXXX5897,successful
3244,392,Jeffery Wallace,101,250000.0,laptop,electronics,online,Hyderabad,2025-06-23,1,Cash,0.3,07e82438d16697e630469dfee5584fdd8209d3f32ce5de30fe1ce0973bb5a19e,XXXXXX6777,successful
3245,441,Austin Bowman,106,80000.0,sofa,furniture,offline,Bangalore,2026-03-19,5,UPI,0.35,1a71778c1e6eaccd60bbd80b7acdb265a733aadd42b7358c3b2b5f3b7059e155,XXXXXX5527,successful
3246,704,Susan Thomas,102,70000.0,phone,electronics,online,Chennai,2025-07-24,2,UPI,0.4,d0eaa2e61d6d7ea439efb1f67011431e81c3a1344bb32bc2caefac78e9bea049,XXXXXX6032,successful
3247,988,John Thomas,107,50000.0,dining table,furniture,online,Delhi,2026-03-19,2,Card,0.35,9137fdca7f564c9993f78c995a679bbe6e035b9342ff4626bc724be8c1797670,XXXXXX9139,successful
3248,53,John Bridges,109,65000.0,refrigerator,home appliances,online,Hyderabad,2025-06-02,5,Card,0.2,0d96493f4e42ecb00a0c478d165f9153611d69ba81d3610952c5ec165bc7c680,XXXXXX8917,successful
3249,538,Haley Henderson,102,70000.0,phone,electronics,online,Bangalore,2025-05-20,2,Cash,0.3,6e32dab411d44f761105368545dded7e8c4e3ef77c8c9e95db2a842fbbc8250a,XXXXXX6076,successful
3251,808,Brandon Hicks,109,65000.0,refrigerator,home appliances,offline,Mumbai,2025-05-07,5,Card,0.2,5a09166e01725779b05a0c424ad677ba8998f8af2bf91d2949d646f60c9f112e,XXXXXX0549,successful
3252,767,John Farmer,109,65000.0,refrigerator,home appliances,offline,Mumbai,2025-12-03,3,NetBanking,0.2,9fc50fc1f8ad5cfaa98c68e89237ec12ee8d5fa6c20a2ae9e72d9e2cb3e7797e,XXXXXX7080,successful
3253,101,Craig Ray,109,65000.0,refrigerator,home appliances,online,Delhi,2025-10-22,1,Cash,0.35,285cfdf551e16977bb297b1c1721e2439ce305c9d9b6ea884c7bb659dc3d706e,XXXXXX5516,successful
3254,669,Joseph Moses,109,65000.0,refrigerator,home appliances,online,Chennai,2025-12-29,4,Card,0.2,9cb732cf9d48ded2310a286dea0f0b123ae17e7b448470cd5d7657c68cdd150e,XXXXXX1125,successful
3255,219,Alexander Phillips,103,1300.0,shirt,clothing,offline,Mumbai,2026-01-06,4,Card,0.3,021e7ca6ad8debc97d53ec502e54da9f5e09453f9e7c3da2bd01fce0d3e4e898,XXXXXX9492,successful
3256,586,Michael Mason,105,45000.0,tv,electronics,online,Delhi,2025-11-24,2,Card,0.1,6800c67372141360b00ba423cffb9efcc1d3cb5810cff170c76779dfa505ebdc,XXXXXX8672,successful
3257,562,Breanna Fletcher,106,80000.0,sofa,furniture,offline,Chennai,2025-10-19,1,Cash,0.05,79d4965d7f563998e966c435b5da7313b1c80d4afc718773f640ed6bc1e6e463,XXXXXX6207,successful
3258,479,Tracy Underwood,105,45000.0,tv,electronics,online,Chennai,2025-06-16,2,Card,0.3,bda7252f8e3865672ae89dfd7af5f51421cdee140e419e17385708aeca48ed09,XXXXXX5808,successful
3260,738,Brent Smith,108,15000.0,mixer grinder,home appliances,offline,Chennai,2025-07-05,5,UPI,0.3,7bf3d99bbd94548b22b8cfa6932b52e4d87ea0e3b3916b99188a69b435626433,XXXXXX2144,successful
3262,202,Amanda Reed,106,80000.0,sofa,furniture,offline,Delhi,2025-06-24,1,Card,0.2,31a58b7cecbfb6d45a52ad268be567e2c40845ee8b9ff3db2d29dcbaf1758947,XXXXXX7299,successful
3263,127,Carlos Hickman,105,45000.0,tv,electronics,online,Bangalore,2026-01-26,4,Cash,0.35,6e1f51c238a72676b2e7e455c3a63942b60e417bd57bbc47c55b68f8975a64ce,XXXXXX3186,successful
3264,878,Sarah Brown,103,1300.0,shirt,clothing,offline,Chennai,2026-02-20,4,Cash,0.2,7bbe566abde868222ad2f5a0147ea44df8ebb6d4e210d2b9ab338eec2b08ca0e,XXXXXX2098,successful
3265,802,John Mills,103,1300.0,shirt,clothing,offline,Bangalore,2026-03-03,1,Card,0.35,8661b20bc9ab8763b0823d66e41c5c42e9a7e5f16c054be7fc9982119ed51c65,XXXXXX8815,successful
3266,429,Michael Welch,103,1300.0,shirt,clothing,online,Delhi,2025-06-30,1,Card,0.35,29eb9dae4c5607e26afe03e349b6f1305098f8d55bf1e9501fe8ebb6a0e0735e,XXXXXX3250,successful
3267,820,Mary Goodwin,109,65000.0,refrigerator,home appliances,offline,Delhi,2026-03-08,2,UPI,0.15,628d076147024f7fae6fe26aeb716217047f8c5d8e390784fd74aab065970e04,XXXXXX9201,successful
3268,892,Logan Hayes,110,45000.0,microwave,home appliances,online,Mumbai,2025-12-06,4,Card,0.3,ebfd080deb6edf589d2037d39d6f12602e3740633531d60b5bb631129cfdda63,XXXXXX0803,successful
3269,508,Jesus Decker,104,8000.0,shoes,clothing,online,Bangalore,2025-10-11,4,Card,0.2,dd86268869a60caf70adbc6f8e7b8da0df4ea1905c6aa5fffa3741236dd3723e,XXXXXX8892,successful
3270,701,Dylan Stanley,103,1300.0,shirt,clothing,online,Mumbai,2025-08-14,1,Cash,0.4,974f7f67495c81357ec6b5b9421599edf04b9dba6cec20b26ef38adcf9d5ad0e,XXXXXX1562,successful
3271,799,Stephanie Dunn,102,70000.0,phone,electronics,online,Delhi,2025-05-10,2,Cash,0.2,08194ee6d135d934e7d0321240c43f7fd76a2cb0f9dbcb3c7e8f9c7daf748b66,XXXXXX0744,successful
3272,584,Stacie Jones,109,65000.0,refrigerator,home appliances,online,Chennai,2025-10-22,2,NetBanking,0.25,0953f4f5c3f844d30e5b4aec2535d4e2ab45fe6cc9db77eda74b1618d1295b26,XXXXXX2693,successful
3273,239,Tyler Greene,107,50000.0,dining table,furniture,online,Delhi,2025-11-09,1,NetBanking,0.2,3f6662589024338f4b1a47cd105e46478af2497c6479587081773a171537cbaa,XXXXXX3007,successful
3275,546,Angel Gibson,101,250000.0,laptop,electronics,offline,Mumbai,2025-04-16,4,NetBanking,0.05,2a3e0bca30ee11a233dd2da68332ac9d983ec593d4a307b09808d6e68aed146b,XXXXXX1227,successful
3276,39,Megan Jones,105,45000.0,tv,electronics,offline,Hyderabad,2025-07-20,2,Cash,0.3,ae21c7526e40956821da89d78b2a12d0153aaa824ae52d04417336788cd92ddb,XXXXXX0686,successful
3279,384,Jeffrey Williams,102,70000.0,phone,electronics,online,Mumbai,2025-11-27,2,NetBanking,0.2,ef2ab7e7b184014bcca5540db2dee0084ef46b86e8140d906add98d9c3c91ec8,XXXXXX1749,successful
3280,261,Ronnie Martin,105,45000.0,tv,electronics,offline,Bangalore,2025-07-14,3,Cash,0.15,62ab53d06a5c0dbcac3301b815adfecee72509402576e9edcff342d51bd63ff3,XXXXXX1260,successful
3281,5,Kathleen Olson,105,45000.0,tv,electronics,offline,Hyderabad,2025-07-26,5,NetBanking,0.1,37eed92ccb892304f378d31fe2233afe225503489f46010dad0794c3431a5031,XXXXXX9805,successful
3282,843,Chelsea Hester,105,45000.0,tv,electronics,online,Bangalore,2025-04-30,3,Cash,0.15,ecbc0e35dc196da620940dc02514da8ce48a37089853723b74a9d542d000b3eb,XXXXXX8861,successful
3283,541,Melissa Perez,105,45000.0,tv,electronics,offline,Delhi,2026-01-13,2,Cash,0.15,cafa52b9fc206d9deec98f6194aa2be564454adbbccf6347f92ba2a6c4c00cc1,XXXXXX7972,successful
3284,214,Megan Hall,106,80000.0,sofa,furniture,offline,Mumbai,2026-03-02,4,Card,0.15,afa60e35e8acb037b4fecf9ddc12219ffb6b64a6f555ffb0dddba1088b7233c0,XXXXXX3684,successful
3285,252,Shannon Dennis,104,8000.0,shoes,clothing,online,Hyderabad,2026-03-20,4,NetBanking,0.35,6f224317a6fceae01b250b2eeab955f693af463cc0b66bd6d5b99e53da02d781,XXXXXX7631,successful
3286,73,Anthony Gonzalez,105,45000.0,tv,electronics,online,Mumbai,2025-11-13,1,Cash,0.4,1be6c94faf6ccf32c776a42bef47cefd4a92aa3fe13648ebd10ee99ec2a731e8,XXXXXX9312,successful
3287,953,Adam Taylor,108,15000.0,mixer grinder,home appliances,offline,Bangalore,2026-03-03,2,NetBanking,0.05,613707aad3a712a9d1fee83dcf472b2e97cdca39d2fb906ba5168ac5f8f20a8e,XXXXXX0391,successful
3288,597,Paul Foster,110,45000.0,microwave,home appliances,online,Bangalore,2025-09-07,5,Card,0.05,8b1cdb86a3cad1450a1359dc5cd63bc90eaba8a7aea175eee740c4cdfa531d84,XXXXXX0674,successful
3289,750,Kristi Blackwell,108,15000.0,mixer grinder,home appliances,online,Hyderabad,2025-08-01,3,NetBanking,0.35,c6025288e5e7d7882ac5d39ef6437e85e7dc0bfca0679ed961821ef5359e5613,XXXXXX3501,successful
3290,432,Charles Nelson,104,8000.0,shoes,clothing,offline,Mumbai,2025-07-22,3,Card,0.3,e55ed831ce8b88594eb595fd9e9bd007e6474a3a0ab7014d7af1429b51efe250,XXXXXX1774,successful
3291,726,Joshua Walker,108,15000.0,mixer grinder,home appliances,online,Mumbai,2026-03-11,3,UPI,0.3,63e5ca8242fb7f7c6d10760728a8a511b7d5ae711b1dbc00eeaf6148d9ca2b82,XXXXXX9809,successful
3292,833,Shawn Cooper,106,80000.0,sofa,furniture,online,Chennai,2025-04-18,1,Card,0.35,e8733fbd40f3a4a51a10259a9c2f0161ca67d1dcefce971015385fbbc305bd8a,XXXXXX9509,successful
3294,927,Bradley Sparks,105,45000.0,tv,electronics,offline,Chennai,2025-08-11,4,Card,0.35,a024997c5651f4411537ebb806814534febcace615b62465d94f79bb8ebae92f,XXXXXX0514,successful
3295,764,Jody Gardner,110,45000.0,microwave,home appliances,offline,Mumbai,2026-01-30,2,Card,0.05,d5dffab3fdec7072626c9fd934691d317ed793b4d1ae402a709d5a4bbd834ecd,XXXXXX4567,successful
3296,258,Larry Taylor,104,8000.0,shoes,clothing,online,Chennai,2025-06-30,3,Cash,0.25,02d9817a2e3d817e654ce74ff71c58ab931bbd59b02a8b8aa567c9751b72dcf7,XXXXXX7795,successful
3297,529,Justin Brown,101,250000.0,laptop,electronics,online,Bangalore,2025-08-30,2,UPI,0.25,253b63efbe9b77a2c319f63832a0b8eaa18e9870ae6d6c86c3e8111501b83bfe,XXXXXX9082,successful
3298,183,Paul Gomez,104,8000.0,shoes,clothing,online,Hyderabad,2026-03-23,1,UPI,0.05,23f80d7b013d36c394f49ac373d755109384e6ced5eaff67a20d106b7f19d89f,XXXXXX0750,successful
3299,321,Chris Garcia,106,80000.0,sofa,furniture,online,Mumbai,2025-10-07,3,Card,0.25,eccf4c37df234ac54f6b76c56400e1b134ea3891d1dcdaee2d98cd47e28a4787,XXXXXX5695,successful
3300,254,Daniel Santos,108,15000.0,mixer grinder,home appliances,offline,Hyderabad,2025-04-25,5,NetBanking,0.3,e40199af9c2a5a4856696afe90caaa05585084649424190e5bbaffdd4ec52967,XXXXXX7463,successful
3301,236,Frank Gray,109,65000.0,refrigerator,home appliances,online,Bangalore,2026-04-02,2,NetBanking,0.15,6fd787212dea8d7ed4170dc16106b9707f80465bfcf9849b8c6bbb36ed0e34d0,XXXXXX3732,successful
3302,292,Brenda Reilly,105,45000.0,tv,electronics,offline,Delhi,2025-09-19,4,UPI,0.15,b42a7b9a255ef8e3b9c046d77c87f2be217db6391e309a8ca6a19ac4dd45eb9f,XXXXXX1549,successful
3303,18,Allison Adams,105,45000.0,tv,electronics,offline,Mumbai,2025-07-02,3,UPI,0.3,71f22587125c00dac090d0922a524b815f178ede552c9f108cf56cfe28d43430,XXXXXX8299,successful
3304,916,Betty Mcdaniel,108,15000.0,mixer grinder,home appliances,online,Chennai,2025-05-29,2,Cash,0.15,08625e246a3b32fbb6ad88859554074da8ad32b714e34f877613a4a448a742bc,XXXXXX6268,successful
3305,573,Erin Duncan,101,250000.0,laptop,electronics,online,Chennai,2025-05-11,5,Cash,0.2,0cad83295151a0d24691173ebf00e52b4ed18944bfd1b3e3e23bde7c3f3db460,XXXXXX2715,successful
3306,362,David Wells,110,45000.0,microwave,home appliances,online,Bangalore,2025-12-14,2,Cash,0.2,5a56165ec47a3c6bb4e409fc869a51affcfddc2bdfb75458f155ed429a1ea645,XXXXXX9722,successful
3307,8,Francisco Suarez,103,1300.0,shirt,clothing,offline,Hyderabad,2025-11-10,4,UPI,0.4,41d402a727f92daeaed76794afbeb1c9d034edc57513ebfbb7290ca1ad6a9b90,XXXXXX3830,successful
3308,364,Kelly Graves,110,45000.0,microwave,home appliances,online,Bangalore,2025-01-09,2,Card,0.35,72120a480226289750b248cb09ce58347c57737b11e4d484dcff5d9fc422026c,XXXXXX0043,successful
3309,947,Gabriel Golden,110,45000.0,microwave,home appliances,online,Mumbai,2026-03-13,2,UPI,0.25,5d303e9f7f4abdf43f20290d19c7b53e13a4eff6e803b2a3a8597cf99724643d,XXXXXX7330,successful
3310,217,Eric Cross,109,65000.0,refrigerator,home appliances,offline,Bangalore,2026-01-25,2,NetBanking,0.35,5237d61b91bebbe1f34517fc22ea22dd4877b94708bdd71116c36964401ee111,XXXXXX4796,successful
3311,625,Elizabeth Duran,102,70000.0,phone,electronics,online,Mumbai,2026-01-19,4,Card,0.2,8cd6307521b4bf744816a966a63820824893f6481970aa8aa2027cd30676f18c,XXXXXX6997,successful
3313,75,Jacob Mathis,102,70000.0,phone,electronics,offline,Mumbai,2025-04-21,2,Card,0.2,8c30d6cdfbe6156c94c4019bc9d62acf0c4cd1636440285ea85ba630015b1956,XXXXXX6187,successful
3314,917,Alexandria Marks,109,65000.0,refrigerator,home appliances,offline,Hyderabad,2025-12-07,2,NetBanking,0.4,aa68c27cb1ccf0b9000a765c327f734d7b818f61c3b848d9bb13733a5cdf8fff,XXXXXX3519,successful
3315,2,Steven Evans,102,70000.0,phone,electronics,offline,Delhi,2025-08-14,4,NetBanking,0.3,a6c45101e45fecc6ce25041fc13a69d13c16e5ec020f7349067bd0d00783c948,XXXXXX2287,successful
3316,642,Troy Mitchell,103,1300.0,shirt,clothing,offline,Bangalore,2025-07-18,4,Card,0.15,40a175d94b67c5b138751e12e16c6ea52cdbc0ab22559fe806ac2eeca13b7f76,XXXXXX6968,successful
3317,339,Stacy Hernandez,107,50000.0,dining table,furniture,online,Delhi,2025-06-12,5,Cash,0.1,8c58d3fc8abe788ab41ed1a5afcbf1131d66465bbfcd2904db7d624bc75a5f67,XXXXXX4384,successful
3318,989,Jason Huerta,109,65000.0,refrigerator,home appliances,offline,Chennai,2026-07-03,3,Card,0.1,ca01b3776da49595034b90d569bf37f772e29ed76801bd2b47f4bc97ad5cb6b4,XXXXXX4162,successful
3319,621,David Kline,107,50000.0,dining table,furniture,online,Delhi,2025-09-02,4,Cash,0.3,fabdea70043cfd4e5af31300af4b5c6df2e0292cd501bc47b5e1d2859f4aee9e,XXXXXX6381,successful
3321,674,Haley Alvarez,106,80000.0,sofa,furniture,offline,Bangalore,2025-05-19,4,Card,0.2,93c41008d2c7d281e67d383836fc615f9686eb3dcbfcb38dcec394e7f0731028,XXXXXX8272,successful
3322,360,Lindsey Yang,104,8000.0,shoes,clothing,online,Hyderabad,2025-12-12,1,NetBanking,0.15,41275c1128d659c785a27e98bda7deb4822a76ac6cc02dbc620dea9fa06eef8d,XXXXXX4192,successful
3323,411,Robin Hernandez,103,1300.0,shirt,clothing,online,Hyderabad,2025-09-03,3,NetBanking,0.3,19f0285b1382ced604327d00568a487bb6a3de91f096aeb573dcb23541c7f8fa,XXXXXX0606,successful
3324,85,Suzanne Estes,107,50000.0,dining table,furniture,offline,Delhi,2025-12-12,4,NetBanking,0.1,0786643ac3337b6bbdc1540b8b4e4864dc16172fb40d8f281a0451c7270d7212,XXXXXX2653,successful
3325,560,Anthony Lawrence,101,250000.0,laptop,electronics,online,Hyderabad,2025-12-13,4,Cash,0.35,ab06975a3ca9f219c529cd26a6c4eed9001bd4b69e079c1ce58eef6523296acc,XXXXXX7287,successful
3326,736,Lisa Lee,107,50000.0,dining table,furniture,online,Delhi,2025-07-31,3,Card,0.05,47274124ed6cea6f7e308d2692db3269d2bfd14614db4c8f72f13d61846f3cff,XXXXXX6221,successful
3327,610,Melissa Jones,106,80000.0,sofa,furniture,online,Chennai,2025-08-17,5,UPI,0.15,c552dde91fd4b3e6c8cf46ddfe9805bd6d4dc5846bc00e3e7f22c082e9e0bd93,XXXXXX9133,successful
3328,452,Cory Humphrey,110,45000.0,microwave,home appliances,offline,Hyderabad,2025-04-10,2,UPI,0.15,36c0fd5811151249b7527006cf1f2a30104d304917e361238015b6d082c8018a,XXXXXX7438,successful
3329,772,Katelyn Gregory,105,45000.0,tv,electronics,offline,Hyderabad,2025-06-15,1,Cash,0.35,0b34a2f6a59a4917414fdf8ef46e8322a62aa8b0f056a72f1a231b5d1154afb3,XXXXXX1958,successful
3330,534,Deborah Lopez,102,70000.0,phone,electronics,online,Delhi,2025-11-10,3,UPI,0.05,6eb794af9739e0e2bbb59efc35e83248e1af5804c4c91ebdbd118883d3e8fcf7,XXXXXX1818,successful
3331,11,James Leblanc,106,80000.0,sofa,furniture,offline,Delhi,2026-03-30,4,Cash,0.25,94996625068723cbf9e80a28bce46f1407ffcf1cdcbce738bcb8fdb01580e696,XXXXXX0360,successful
3333,921,Jessica Taylor,107,50000.0,dining table,furniture,offline,Mumbai,2025-11-03,5,UPI,0.3,e6a5ab5eb42b5e54e1dff5eaf79a46b497ef81f9dc64bb1781e71d30b77fed85,XXXXXX0882,successful
3334,816,Erika Martin,103,1300.0,shirt,clothing,online,Delhi,2026-07-03,2,NetBanking,0.05,b18e9cfc7c54c789d86de7b91cf4a727cd6d910683d3f74ffe6b99dd30708205,XXXXXX1945,successful
3335,606,Carol Arnold,107,50000.0,dining table,furniture,online,Mumbai,2025-07-20,5,UPI,0.25,40c2f0ca1ce25348c293fe2fe10b28a55d6307b576e22a0035c48740314233ad,XXXXXX1970,successful
3336,326,Deborah Reyes,102,70000.0,phone,electronics,online,Delhi,2026-02-02,3,UPI,0.05,c97b4d983b4031381900ff59c4a2cf6cdd8c592f44ebf3d44ddf922895e55915,XXXXXX7757,successful
3337,646,Pamela Bennett,110,45000.0,microwave,home appliances,online,Mumbai,2026-03-19,2,Cash,0.25,cd67a7055c6126bc4248aa66d5d0a5526169b18ee4f43f6ef6cd1c0994caa311,XXXXXX1461,successful
3338,820,Mary Goodwin,107,50000.0,dining table,furniture,offline,Delhi,2025-11-16,4,UPI,0.4,628d076147024f7fae6fe26aeb716217047f8c5d8e390784fd74aab065970e04,XXXXXX9201,successful
3339,476,Jill Bryant,102,70000.0,phone,electronics,offline,Hyderabad,2025-09-24,4,NetBanking,0.1,6d0beadbc80d6105bb0a721dd945546353145455dc6ddaf5cb5707d8e31fafae,XXXXXX9421,successful
3340,901,Robert Mccoy,105,45000.0,tv,electronics,online,Mumbai,2025-11-28,5,UPI,0.2,2ae0aad33c250376d24a455ec238a10a7b29890e8ec355fa5950f77f0ec51808,XXXXXX9632,successful
3341,514,Joshua Cummings,104,8000.0,shoes,clothing,offline,Chennai,2025-07-15,1,Cash,0.2,1f0ee252057af91bc5f8db0a11904a0d46be53eb016efb2bb9f46b6958e06128,XXXXXX8341,successful
3342,33,John Sullivan,105,45000.0,tv,electronics,online,Hyderabad,2026-01-26,1,UPI,0.4,f8b595062c0e854de043faeda8999e8c12f003c688b74165f0ebd8822e659f93,XXXXXX9763,successful
3343,144,Amber Boyd,102,70000.0,phone,electronics,offline,Mumbai,2025-11-26,4,UPI,0.1,6453c152acffc8ba48ded2948ce3bd172798bbaa0272740e056f155459e3b8ef,XXXXXX5581,successful
3344,890,Holly Mckay,110,45000.0,microwave,home appliances,offline,Chennai,2025-05-23,1,UPI,0.15,526648252f3335cbd365bf59e4b2664571a2f96254ee0c1b1fa716c03e0c4715,XXXXXX6494,successful
3345,19,Jessica Osborne,106,80000.0,sofa,furniture,online,Mumbai,2025-09-15,5,Card,0.2,658041213e139b1bfede43e3428eb6aa9bc5a67d2c9eb83974d0de28343899f5,XXXXXX0000,successful
3346,775,Roy Chavez,107,50000.0,dining table,furniture,online,Chennai,2025-05-21,1,UPI,0.4,0b2a9527681ee155c1aa922875f20af02a915bf1732dd75d468716a7fdaae242,XXXXXX6010,successful
3347,376,Traci Floyd,104,8000.0,shoes,clothing,offline,Chennai,2025-07-28,4,UPI,0.15,c5dbb245ce8190ebc528c5816a5f54b45ffa3a19afc3e6bfe1d72c738f4fbb22,XXXXXX0816,successful
3348,618,Alan Torres,110,45000.0,microwave,home appliances,online,Chennai,2025-08-16,4,Card,0.25,3c4a253fedb370c969f1d7bb815eb1bd3e05ca768a5381eae01ce92957eca220,XXXXXX3305,successful
3349,722,Alejandro Wagner,106,80000.0,sofa,furniture,offline,Bangalore,2025-10-30,3,Card,0.25,dbcd0ca954351db4357a53238abff25345fa99567c00d6039bd8488e907237d6,XXXXXX7695,successful
3350,949,Madison Goodwin,106,80000.0,sofa,furniture,offline,Bangalore,2026-12-02,1,Cash,0.2,71b01ff13e5172563894ac69b5b58ef80f79e7ee759950889d613e679c7934f7,XXXXXX0493,successful
3351,728,Lisa Miller,104,8000.0,shoes,clothing,online,Chennai,2026-04-06,1,Cash,0.1,4fdac8377bcedb28f81b68f0a705c723fa8db723aaf81bae28160a1f37eaea1a,XXXXXX3795,successful
3354,386,Brittney Moreno,109,65000.0,refrigerator,home appliances,online,Chennai,2026-04-15,4,UPI,0.15,97cfc39de23c414f918f244c3e2f6e07290f226790996fc78ca3787ac3da99f5,XXXXXX2269,successful
3357,199,Marissa Cortez,107,50000.0,dining table,furniture,offline,Chennai,2025-08-16,4,Card,0.3,2c5db219cebb5d80609890f8e9f2eb58d52eb5ec02f28ae238561e3a3f8c4ee2,XXXXXX0400,successful
3358,410,Briana Greene,103,1300.0,shirt,clothing,online,Mumbai,2025-12-03,5,Cash,0.35,bb4b8ca5ffa0123972e440a50c640a7356349da18dd39dbe19fe9c368c237b59,XXXXXX5615,successful
3360,113,Patricia Carlson,109,65000.0,refrigerator,home appliances,offline,Delhi,2026-03-24,1,Cash,0.4,c236f20bc99e9c3d0b361d097015f035327aeb1a2acf1f8aff22f704fec9e9cc,XXXXXX1759,successful
3361,381,Melissa Garza,108,15000.0,mixer grinder,home appliances,online,Hyderabad,2026-09-02,5,Card,0.15,1fa83948db38c630f4d5085b30174fee8d20ade842c046524a92e4c0f51492a0,XXXXXX4306,successful
3363,299,Megan Harris,105,45000.0,tv,electronics,offline,Chennai,2025-09-07,3,Cash,0.15,bd0d46164399936140fc40edd716b3e6183a5c07fbef20fcf8ed07ac9fcda11e,XXXXXX1134,successful
3365,97,Joseph Nolan,109,65000.0,refrigerator,home appliances,offline,Bangalore,2025-06-10,2,NetBanking,0.4,fc3683a5d6f99fdecf3be7fb548a53f44b4d7abc5e033d26239453e8bdf0f6f3,XXXXXX3593,successful
3366,231,Jason Smith,106,80000.0,sofa,furniture,offline,Hyderabad,2025-08-07,5,UPI,0.05,2901ac840f3357b1dbfbe360083af0c9f8722785cdd9a0d3849252d212a900e2,XXXXXX1499,successful
3367,292,Brenda Reilly,105,45000.0,tv,electronics,offline,Delhi,2025-06-10,4,NetBanking,0.05,b42a7b9a255ef8e3b9c046d77c87f2be217db6391e309a8ca6a19ac4dd45eb9f,XXXXXX1549,successful
3368,68,Stephanie Scott,108,15000.0,mixer grinder,home appliances,online,Chennai,2025-05-14,3,Cash,0.3,bbf7a51d290e848b37e92d84722fc2445a20afa651b1cb891d942d9ba1f6d8cb,XXXXXX0889,successful
3369,109,Michael Walker,104,8000.0,shoes,clothing,online,Mumbai,2025-08-27,4,NetBanking,0.3,dd5e3426d5dfb69ef583ec656d7c4e4702b4cfa9a529efb7014828ec45ea3e07,XXXXXX7171,successful
3371,839,Erik Watson,102,70000.0,phone,electronics,offline,Chennai,2026-01-28,1,UPI,0.35,7d6f57e3316b6947436e044f515e34d87c6647a738093f5f0d60f08cf8b1cb79,XXXXXX2146,successful
3372,225,Caitlin Contreras,101,250000.0,laptop,electronics,online,Chennai,2025-09-11,3,Cash,0.25,c3e49c0b7449d89d6816fcc0449066a2a10f65b7e624b9484e188d7e38b41768,XXXXXX3584,successful
3373,104,Amanda Castillo,109,65000.0,refrigerator,home appliances,offline,Hyderabad,2026-01-16,1,UPI,0.1,5e6f5536a427d3fbd6ea71f1c859a2295451d6abc5d077109d81857dea0e543a,XXXXXX9548,successful
3374,258,Larry Taylor,102,70000.0,phone,electronics,online,Chennai,2025-09-17,4,Card,0.4,02d9817a2e3d817e654ce74ff71c58ab931bbd59b02a8b8aa567c9751b72dcf7,XXXXXX7795,successful
3376,981,Christine Harper,103,1300.0,shirt,clothing,online,Mumbai,2026-10-04,2,UPI,0.3,65c81cc594c0b612c9fe17409896c6dcf61559bcda3787fa725356804d96099b,XXXXXX5939,successful
3378,611,Robert Lucas,107,50000.0,dining table,furniture,offline,Mumbai,2025-06-05,4,UPI,0.3,77a464ebd4ca0920e4fd792f8ac008e820f568ce2c46f51e67da17f990c01804,XXXXXX6473,successful
3379,399,Rebecca French,101,250000.0,laptop,electronics,offline,Chennai,2025-08-03,5,Card,0.2,01dbadddd88e2a9f522768ac3a944ea38fbc3e17dc7ff987b0f3370a9a542dd2,XXXXXX9649,successful
3380,309,Gary Allen,101,250000.0,laptop,electronics,offline,Delhi,2025-09-13,2,Cash,0.4,ac8e0a6c20658035bae53c70f471b2b45dfcae36b797ce4c4d2ba7b73e0802cd,XXXXXX3177,successful
3381,264,Kelli Johnson,110,45000.0,microwave,home appliances,online,Bangalore,2025-05-24,4,Cash,0.15,3aaa6ae0a7b9a1c8b63158b1c3de5f2ac397ffd9e5820b12ded699bba5bc097b,XXXXXX6731,successful
3382,492,Kelsey Torres,101,250000.0,laptop,electronics,offline,Bangalore,2026-02-02,4,NetBanking,0.35,60d56441fd1d42b5575f9af785bdd6ed17cf6cd1c61674798e06fe7920f6a8cf,XXXXXX0167,successful
3383,973,Allen Gilbert,107,50000.0,dining table,furniture,offline,Mumbai,2025-06-15,3,Card,0.2,75bd6f84632b1688ccf56ddc68770b36b05811d27807b5f5fb0655d10e95184c,XXXXXX9731,successful
3384,399,Rebecca French,107,50000.0,dining table,furniture,offline,Chennai,2025-07-11,3,Cash,0.3,01dbadddd88e2a9f522768ac3a944ea38fbc3e17dc7ff987b0f3370a9a542dd2,XXXXXX9649,successful
3385,703,David Austin,108,15000.0,mixer grinder,home appliances,offline,Delhi,2025-08-17,2,NetBanking,0.35,e5befa563a82ae7a203a143c796254b1fd1872b302cf26028d907fb3339b68df,XXXXXX2395,successful
3386,932,Jessica Harrell,109,65000.0,refrigerator,home appliances,offline,Hyderabad,2025-11-20,2,Cash,0.05,63bd5afa54cee1c31d5ef12fe5dc140663086690973e47ebb7a52d2763e1fe51,XXXXXX1025,successful
3387,98,Cindy Mueller,101,250000.0,laptop,electronics,offline,Chennai,2025-12-07,2,Cash,0.35,c5b1aff6c934f059cc6989319cfcc7c8a11035361d742db8f1553c2244f063be,XXXXXX4089,successful
3390,268,Megan Little,110,45000.0,microwave,home appliances,offline,Mumbai,2026-03-31,5,UPI,0.2,946327471f71e0bf35b70ac2b0920e3a27ca046c9ddb6a836024703b362483d3,XXXXXX1331,successful
3392,588,Casey Edwards,102,70000.0,phone,electronics,offline,Delhi,2026-03-19,1,Card,0.1,e25ad9352cb0f38a4c83acd3f6d0e6d6dee16ae5ebc9e307eefb963feb02db7b,XXXXXX1845,successful
3393,956,Christopher Ramos,101,250000.0,laptop,electronics,offline,Delhi,2026-01-22,2,NetBanking,0.3,1591655950d1ff03123d26c1eb1d0f9f62b377a70ac759c3505e3c902f0982ca,XXXXXX6145,successful
3394,680,Benjamin Anderson,102,70000.0,phone,electronics,online,Delhi,2025-05-28,3,NetBanking,0.2,3e0613778583d1acb219e9d846da17ad0b6e5190c1980471216cc07bad1b798c,XXXXXX6812,successful
3395,714,Scott Lane,109,65000.0,refrigerator,home appliances,offline,Mumbai,2026-01-19,1,Cash,0.4,ecc28f19e00519f5a3ca5ca5b69480dd9df6643a3b2842fc51263f3cdee3a003,XXXXXX4950,successful
3396,148,Christopher Shepherd,102,70000.0,phone,electronics,offline,Hyderabad,2025-10-01,2,UPI,0.25,6bbb2ce43df066a2b044e3ca1fdd86d70471bd11e0a06a3a90a975fdbc72872d,XXXXXX1250,successful
3397,73,Anthony Gonzalez,109,65000.0,refrigerator,home appliances,online,Mumbai,2025-09-29,5,UPI,0.15,1be6c94faf6ccf32c776a42bef47cefd4a92aa3fe13648ebd10ee99ec2a731e8,XXXXXX9312,successful
3398,269,Christina Conrad,103,1300.0,shirt,clothing,offline,Chennai,2025-10-09,5,Cash,0.3,130d6d59042b3de0f3e0af8a3f0ebb31b0c6d66191f46b7c7bd3f3dfb018db31,XXXXXX1847,successful
3399,870,Thomas Morris,104,8000.0,shoes,clothing,offline,Bangalore,2026-12-02,3,NetBanking,0.05,dc35f71d07dab788246233e7cac9b7b693f580e43cfb38e45986b1032bca5f40,XXXXXX7719,successful
3400,868,Timothy Henderson,102,70000.0,phone,electronics,online,Hyderabad,2025-07-04,2,UPI,0.2,f1b5203b101f9022599b48a3b2ab5b84df11f001df2ef25839a2056d931fd23c,XXXXXX8386,successful
3401,604,Craig Miller,104,8000.0,shoes,clothing,online,Chennai,2026-04-04,1,NetBanking,0.15,f594775c4ad6ffd1a56420eb4510c550c3ef17e36570e76e80d42c0fdead13b6,XXXXXX2647,successful
3402,567,Benjamin Peters,105,45000.0,tv,electronics,offline,Bangalore,2025-09-06,4,Cash,0.1,60a1d0627dbc26ecfff84f406c648fa5056e049e0375210bcfff0763ce67bd2e,XXXXXX8438,successful
3403,643,Stacy Hughes,108,15000.0,mixer grinder,home appliances,online,Mumbai,2026-03-13,1,Card,0.35,cbd45dfe55dd6fd7da29f831df98f42ea3a2b3391f2b950e90ca237f7d5eee16,XXXXXX9724,successful
3404,226,Shawn Townsend,106,80000.0,sofa,furniture,offline,Delhi,2025-06-22,1,Card,0.15,754b188f697a42af274b1f60b60ec995f2148d2a3d2dcefe3540e06585658e4f,XXXXXX2678,successful
3405,552,Anthony Cox,104,8000.0,shoes,clothing,online,Hyderabad,2025-05-04,2,Cash,0.2,a2b4db22ca166aed82e4cbbbfb34b6fa883908a1df0d187d75389f57356d9c03,XXXXXX7392,successful
3406,747,Laura Edwards,101,250000.0,laptop,electronics,online,Bangalore,2026-11-03,2,UPI,0.2,a10cf71c68cb5673d5b71df1663a208cae47df21b7b6585d5d357f89b62b5151,XXXXXX5369,successful
3407,6,Eric Turner,108,15000.0,mixer grinder,home appliances,online,Hyderabad,2025-09-09,5,Cash,0.25,c0dbdc98188a54ac6cbdf84412a915f233d651a8a332e1a2b57bc45add3505af,XXXXXX6182,successful
3408,252,Shannon Dennis,105,45000.0,tv,electronics,offline,Hyderabad,2025-11-17,4,Cash,0.15,6f224317a6fceae01b250b2eeab955f693af463cc0b66bd6d5b99e53da02d781,XXXXXX7631,successful
3409,158,Tiffany Mitchell,106,80000.0,sofa,furniture,online,Delhi,2025-12-19,3,NetBanking,0.2,01067541295986fa9e8fc52c97a12fdcd59b5b8cbb83289be0bfc808fd2850ad,XXXXXX6316,successful
3410,18,Allison Adams,104,8000.0,shoes,clothing,offline,Mumbai,2026-01-12,3,UPI,0.4,71f22587125c00dac090d0922a524b815f178ede552c9f108cf56cfe28d43430,XXXXXX8299,successful
3411,888,Jade Garza,107,50000.0,dining table,furniture,online,Hyderabad,2025-11-20,3,Card,0.3,629873393d19cb75131bb72584af1e59868a0cbf812a72d967b858d49358424b,XXXXXX5623,successful
3412,36,Brian Martinez,108,15000.0,mixer grinder,home appliances,offline,Chennai,2026-03-12,4,Card,0.1,7fa20cf9d2ec989088fd176685f4695da6746f19417ca535d415dac8f0e94489,XXXXXX4804,successful
3413,756,Juan Mata,101,250000.0,laptop,electronics,online,Bangalore,2025-05-22,2,NetBanking,0.25,0e08248b1952bf56f12aa2dbcf1a9743a2077b7d5bf13ac617308d3f527d1da2,XXXXXX4818,successful
3415,726,Joshua Walker,107,50000.0,dining table,furniture,online,Mumbai,2025-05-23,1,Card,0.1,63e5ca8242fb7f7c6d10760728a8a511b7d5ae711b1dbc00eeaf6148d9ca2b82,XXXXXX9809,successful
3416,186,Dawn Garrett,109,65000.0,refrigerator,home appliances,offline,Chennai,2026-04-08,3,UPI,0.05,79680eda3b6a449222dc65431c9a8ea1135f0b51f11ec4e086fc861a020fffd5,XXXXXX0201,successful
3417,788,William Wright,101,250000.0,laptop,electronics,offline,Bangalore,2026-02-12,4,Cash,0.25,9549234d8c813d49d9207b55137f3a303aaa67a2d976eb09807531443ca17374,XXXXXX5393,successful
3419,745,Jennifer Weeks,110,45000.0,microwave,home appliances,online,Hyderabad,2026-02-27,5,NetBanking,0.15,badc3e46ccdf90c2e5cb1170bdad31cfb226bc70313755e2a2a7323fc3458672,XXXXXX2095,successful
3420,91,Christopher Martin,101,250000.0,laptop,electronics,online,Bangalore,2025-06-26,1,NetBanking,0.1,b9e0c2d9c676a022ecfce21cfca755fc409a089a23df751f571f0db6b460f282,XXXXXX8811,successful
3421,799,Stephanie Dunn,105,45000.0,tv,electronics,online,Delhi,2025-06-08,5,Card,0.3,08194ee6d135d934e7d0321240c43f7fd76a2cb0f9dbcb3c7e8f9c7daf748b66,XXXXXX0744,successful
3422,121,Deborah Vang,106,80000.0,sofa,furniture,offline,Delhi,2025-11-24,4,Card,0.15,48c600cec01cf4c4e8c3500fdfe07308c8cd3198b9bd950ccad019d18a92159d,XXXXXX7407,successful
3423,665,Nicole Gutierrez,105,45000.0,tv,electronics,online,Delhi,2025-07-20,1,UPI,0.3,5cf3fc140302baba664a6b3d2fca5ce1126e97e0e1ee54b98b59d6c4a2ce7b8f,XXXXXX6956,successful
3424,691,Clayton Miles,106,80000.0,sofa,furniture,online,Mumbai,2025-02-07,1,Cash,0.2,5e8ba638d2fa9cba5d254b2244d8643b146061a6693e2dd45233ecd21e0b6121,XXXXXX4137,successful
3426,498,Russell Crawford,107,50000.0,dining table,furniture,offline,Hyderabad,2025-04-28,4,NetBanking,0.25,b7e5704809fddeb6b154062ba9a71be16d4c0c2863aebc0cac80224cf165382d,XXXXXX1675,successful
3428,129,Thomas Wells,103,1300.0,shirt,clothing,online,Bangalore,2026-01-26,1,UPI,0.3,bd4b3f0342aa8697bfb94dfdba6e13793a707467baebc15e753a57b7f877be23,XXXXXX7186,successful
3429,982,James Munoz,109,65000.0,refrigerator,home appliances,online,Mumbai,2026-02-04,2,NetBanking,0.05,3cfea7077082667f957b5eb42be8d488de5c45a51ac6b1e359c998930effdbbc,XXXXXX8023,successful
3430,290,Megan Carter,103,1300.0,shirt,clothing,online,Chennai,2025-08-24,2,UPI,0.2,06101d7c9b7617f52efd208f24f6530e561a65145d634953dec8dbccc7ef7868,XXXXXX1923,successful
3431,580,Meredith Walker,101,250000.0,laptop,electronics,offline,Chennai,2025-06-17,2,NetBanking,0.2,f29e42c5b06edfce5f576f23739a0f023296bcfb7e2fa268ac654c16f619d742,XXXXXX7146,successful
3432,15,Robin Ray,101,250000.0,laptop,electronics,offline,Chennai,2025-10-26,2,Cash,0.2,fc075d18e93a753f07de8e0f3294d6274a18f991e0945c849ca451c005ad68bd,XXXXXX1348,successful
3433,508,Jesus Decker,106,80000.0,sofa,furniture,online,Bangalore,2025-07-21,3,Cash,0.35,dd86268869a60caf70adbc6f8e7b8da0df4ea1905c6aa5fffa3741236dd3723e,XXXXXX8892,successful
3434,78,Manuel Cortez,106,80000.0,sofa,furniture,online,Chennai,2025-11-03,2,UPI,0.25,cc68673633815ec4763e181191374776a7bf4a8a1d66df98158e756289f732d9,XXXXXX6981,successful
3435,656,Adam White,105,45000.0,tv,electronics,offline,Hyderabad,2025-12-20,1,UPI,0.2,448ef813a5248beb5d33c9eff9267e91e6bddb7e0572bb3132d06cf5ad916419,XXXXXX8407,successful
3436,169,Angela Dixon,107,50000.0,dining table,furniture,offline,Mumbai,2025-07-31,5,UPI,0.25,070401fdfcbc473b369637cbe954a7388e61a7d5508f05bb325cbf5c2dc5dade,XXXXXX7904,successful
3437,456,Christopher Williams,107,50000.0,dining table,furniture,offline,Chennai,2025-05-17,4,UPI,0.1,bd2250683958a722e639faff39ddcf2f6ffc85b80379bdfa22ea380f3682c164,XXXXXX1250,successful
3438,194,Leonard Taylor,107,50000.0,dining table,furniture,online,Chennai,2025-10-11,2,Cash,0.4,bff73e34287596f82b1ea56379bc41652ec1d7a6fbb515ca2d0a2af0dbfdfb61,XXXXXX8398,successful
3439,468,Sonya Watts,101,250000.0,laptop,electronics,offline,Mumbai,2025-11-23,5,Card,0.15,c68b2338207f43f2ec932a93450a2598dd9b2ca7837f9ee556a5f288e7f32fd2,XXXXXX6164,successful
3440,843,Chelsea Hester,101,250000.0,laptop,electronics,online,Bangalore,2025-06-29,3,UPI,0.25,ecbc0e35dc196da620940dc02514da8ce48a37089853723b74a9d542d000b3eb,XXXXXX8861,successful
3441,764,Jody Gardner,107,50000.0,dining table,furniture,offline,Mumbai,2025-11-26,4,UPI,0.35,d5dffab3fdec7072626c9fd934691d317ed793b4d1ae402a709d5a4bbd834ecd,XXXXXX4567,successful
3443,57,Charles Henderson,106,80000.0,sofa,furniture,online,Hyderabad,2025-07-22,4,Cash,0.05,60a72a1285a18414175bae8d04a58df49a47ba9594dba1b1dd6c5a39d18e712b,XXXXXX5372,successful
3444,844,Philip Cervantes,105,45000.0,tv,electronics,offline,Delhi,2026-02-23,4,UPI,0.05,71fe0e271e8ae540e2452e64b943c0897ff27b7c06dc8ec2a579f3686774751c,XXXXXX7742,successful
3446,686,Brandon Jenkins,110,45000.0,microwave,home appliances,online,Bangalore,2026-02-28,2,UPI,0.2,77826910c26685336370a4a435bbb19b539e229bdbfd84ff052e62ae78a6c0e5,XXXXXX2657,successful
3447,950,Cheyenne Mason,110,45000.0,microwave,home appliances,online,Delhi,2026-03-23,1,Card,0.3,7fe743331ca3637e03d7c422ed883dce2007f2d6b5316949a7b6488a665e8e23,XXXXXX9331,successful
3448,911,Kelly Le,103,1300.0,shirt,clothing,online,Delhi,2025-12-09,2,UPI,0.2,cbffc93beafe626b9849d01039f0c856849d8832f104e0d4fce7b804e015318b,XXXXXX5769,successful
3449,565,Craig Moore,105,45000.0,tv,electronics,offline,Mumbai,2025-12-28,5,NetBanking,0.15,85a16ee2e4ec76cb62f30db773fb4475fe2da9225f62f4864f8b98c133cf599e,XXXXXX2911,successful
3450,134,Marie Thomas,107,50000.0,dining table,furniture,offline,Bangalore,2025-08-12,5,Card,0.15,18992e1948a3a40d44c2144acdb9162bd92dd9a506be20d6bf9503f684adaa58,XXXXXX4377,successful
3452,988,John Thomas,101,250000.0,laptop,electronics,online,Delhi,2025-06-18,1,NetBanking,0.2,9137fdca7f564c9993f78c995a679bbe6e035b9342ff4626bc724be8c1797670,XXXXXX9139,successful
3454,357,Kimberly Adams,102,70000.0,phone,electronics,offline,Hyderabad,2025-07-02,2,Cash,0.2,61f1e7e5cf89516f0e58c89e9ee5e4cd9af6ca0a5534c45afbb7d66d3110ff6e,XXXXXX7851,successful
3455,710,April Moore,110,45000.0,microwave,home appliances,offline,Mumbai,2026-07-02,4,UPI,0.2,b114d5e8c557d3ae9fe30998345a0b5b8ce02e13672317453528308ef8494f13,XXXXXX1176,successful
3456,405,Tina Olson,103,1300.0,shirt,clothing,online,Bangalore,2025-06-05,2,Cash,0.35,bf1ddd1cdb3fa9dc59ae59e49e15406db397203622d35a171a6bd5fcc6b39226,XXXXXX3492,successful
3457,564,Spencer Davis,110,45000.0,microwave,home appliances,online,Chennai,2025-06-29,3,Cash,0.35,da26f382d2ac516e504d4f9173004908f41bc2e287c1eb479582c4c0ea26879d,XXXXXX0711,successful
3458,323,Victoria Phillips,105,45000.0,tv,electronics,offline,Hyderabad,2025-04-11,4,Cash,0.05,efb886dfcda463d9db025884f2bf890bdc5a9dd08f82cde9dabbd1248637af70,XXXXXX0994,successful
3459,708,David Gibson,105,45000.0,tv,electronics,online,Mumbai,2026-02-27,2,UPI,0.05,f835d5f8a254f2b42279a57163b70c86a671a09ed21f801be1cee12a02746ea8,XXXXXX9116,successful
3460,963,Laura Stevenson,103,1300.0,shirt,clothing,offline,Chennai,2025-11-19,2,UPI,0.1,b995779805ba57ae0d0e4136fb34a113efe083fe02c7d0d15e37eaaf1dee960d,XXXXXX4205,successful
3461,36,Brian Martinez,103,1300.0,shirt,clothing,online,Chennai,2025-12-09,4,UPI,0.15,7fa20cf9d2ec989088fd176685f4695da6746f19417ca535d415dac8f0e94489,XXXXXX4804,successful
3462,535,Jamie Mann,102,70000.0,phone,electronics,online,Bangalore,2026-05-03,3,Card,0.25,f8155e5ac7f091d585a49145b6f851b7353e88865f59848a307935802fbcbced,XXXXXX7972,successful
3465,879,Andrew Johnston,101,250000.0,laptop,electronics,online,Mumbai,2026-01-11,3,UPI,0.15,00c35cabe59c83334d07138ab1012cc4751373225292a52b8e8488d820954870,XXXXXX8466,successful
3467,983,Mike Peck,104,8000.0,shoes,clothing,online,Delhi,2025-09-15,5,Cash,0.2,dc0a8a67acb5894f462fddc6b72ca9a75ea93b8119499d37d23bfc8ac310c09c,XXXXXX1707,successful
3468,958,Joshua West,103,1300.0,shirt,clothing,offline,Hyderabad,2025-11-11,1,NetBanking,0.15,499324bcc0ec6ef7343a258348be6a52e8d0b1b120d46a8d858dc815cf69dc9b,XXXXXX2265,successful
3469,813,John Harris,104,8000.0,shoes,clothing,offline,Chennai,2025-05-26,1,Cash,0.3,85b4b64e4940d5ae6ba4a1ab532019cd08dda9c1523d098c9b344d92aef0e635,XXXXXX3148,successful
3470,432,Charles Nelson,108,15000.0,mixer grinder,home appliances,offline,Mumbai,2025-11-14,2,Card,0.2,e55ed831ce8b88594eb595fd9e9bd007e6474a3a0ab7014d7af1429b51efe250,XXXXXX1774,successful
3471,393,Shannon Alvarez,109,65000.0,refrigerator,home appliances,online,Mumbai,2025-06-03,3,UPI,0.1,d817e6f52e467051901b53bf9d8d91946775ba69d3c70be8a4e0c0251ddeaaf5,XXXXXX2230,successful
3472,874,Samuel Patel,108,15000.0,mixer grinder,home appliances,offline,Mumbai,2025-12-29,3,NetBanking,0.15,353296568ff9fab18059185a83d8f0d2a3499768c55a55d610f4bcba83b3fd26,XXXXXX3067,successful
3473,909,Jacqueline Frye,104,8000.0,shoes,clothing,offline,Chennai,2025-06-23,3,Cash,0.15,b7bc3ad91c34dcb7476112d46b58931728e9eb5ffa97ec91dbfb9a379eb57a22,XXXXXX2895,successful
3474,115,Linda Graham,108,15000.0,mixer grinder,home appliances,offline,Chennai,2025-11-07,3,NetBanking,0.3,49c50fed6fc1ee333e01605b7d2832a08209268aab4d1107af333ae63e28b5fc,XXXXXX1568,successful
3475,826,Ryan Wade,110,45000.0,microwave,home appliances,offline,Mumbai,2025-10-12,2,UPI,0.4,42eb9d54757c6d51abff66e391a76e95095bafa05ead77bc100d0f5e6a89c1eb,XXXXXX3000,successful
3476,426,Amber Hess,102,70000.0,phone,electronics,online,Bangalore,2025-10-16,4,UPI,0.4,42af8ee40b821fd31ab2f919ba3002ab54d7248618449b469eb92541a0e544cf,XXXXXX5074,successful
3477,88,Alex Mccullough,104,8000.0,shoes,clothing,online,Chennai,2025-11-27,4,NetBanking,0.3,1e09ed52b80b0898c8d376f7ee65937e0c869aefe8677c0b8b32f3a975a1ea28,XXXXXX4131,successful
3478,1,Karen Pollard,102,70000.0,phone,electronics,offline,Hyderabad,2026-01-03,3,NetBanking,0.4,38878d194d81226c14a1998858917cc7069bd1cafc635e6fa376320e9f561484,XXXXXX6363,successful
3479,980,Alexis Andrews,109,65000.0,refrigerator,home appliances,online,Delhi,2025-08-23,5,Card,0.25,ee79682e79ab757b458c0e1301e157db99d1fd134c1be6eac5f2c32a0b0b24e6,XXXXXX3841,successful
3480,952,Jennifer Franklin,103,1300.0,shirt,clothing,offline,Chennai,2026-12-03,3,Cash,0.2,f3235260e3f0f1a25274a3883f363bd6719ec051a14186a726d8858b7f3d8242,XXXXXX9414,successful
3481,244,Frederick Gonzalez,103,1300.0,shirt,clothing,offline,Chennai,2025-08-22,1,UPI,0.1,57b7ea035c9b8ffde3c1cd0e6a83b198c3da54e840d94a2281e4366829ce93b9,XXXXXX1750,successful
3482,459,Jason Moreno,107,50000.0,dining table,furniture,offline,Mumbai,2025-12-09,4,Cash,0.25,ec0eed02314dcee52b4be2470f59547e7c3d3c402912b9635e4d55d327aedf2f,XXXXXX2001,successful
3483,673,Nicole Davis,110,45000.0,microwave,home appliances,offline,Mumbai,2025-06-30,2,NetBanking,0.05,7ca94171233cde0d35b3dcad9b958c8fafd28dafcd9a520810290c7582fcd5c4,XXXXXX3301,successful
3484,384,Jeffrey Williams,108,15000.0,mixer grinder,home appliances,online,Mumbai,2025-06-17,1,Card,0.35,ef2ab7e7b184014bcca5540db2dee0084ef46b86e8140d906add98d9c3c91ec8,XXXXXX1749,successful
3485,305,Zachary Cabrera,105,45000.0,tv,electronics,offline,Delhi,2026-01-06,1,UPI,0.2,daa13b369137878266ad9a441873086bc1f99730ddbe4d135c9421d4d6c4612f,XXXXXX3696,successful
3486,602,Jeanne Stewart,102,70000.0,phone,electronics,online,Mumbai,2026-02-15,5,Cash,0.05,9d314cd68473140b17369ac200113b62ba4ac913c1327a6c0c6b572efa91e185,XXXXXX7045,successful
3487,372,Brandon Gordon,103,1300.0,shirt,clothing,offline,Mumbai,2026-04-07,3,Card,0.1,735517cb6ffef86351d258acdf08c8284f1be3d4205d421de84cda4535018029,XXXXXX1702,successful
3488,268,Megan Little,103,1300.0,shirt,clothing,offline,Mumbai,2026-02-11,1,NetBanking,0.15,946327471f71e0bf35b70ac2b0920e3a27ca046c9ddb6a836024703b362483d3,XXXXXX1331,successful
3489,349,Joel Baker,104,8000.0,shoes,clothing,online,Bangalore,2026-02-28,4,NetBanking,0.05,3a9445c9c51ea5d7d95f3471023ffffa0666a126c05605fa39a3dc12e0f2cf2a,XXXXXX8393,successful
3490,197,Gabriel Mills,102,70000.0,phone,electronics,offline,Mumbai,2025-07-02,2,Card,0.1,219bfe91e98f2f52f90479d138b034d7e64f50258f7433a988ec488f20aaf71d,XXXXXX4137,successful
3491,627,Nicole Allen,107,50000.0,dining table,furniture,offline,Bangalore,2025-06-06,2,UPI,0.35,5db16276041dde40e47a571f104d6f7807e44f0c870468c534a0de65a09f4f84,XXXXXX1056,successful
3492,24,Donald Blevins,103,1300.0,shirt,clothing,offline,Chennai,2026-01-01,5,UPI,0.25,c3b2d1c27e2d2415574e901d7b7c5ef44a8ea7302476bdb4320327ddd0da2965,XXXXXX1556,successful
3495,942,Melissa Wilkerson,101,250000.0,laptop,electronics,offline,Chennai,2026-03-17,3,Card,0.35,745255d1be8eb834ca43f3ac1084ef6d88d237295a71cc13d6d2605fe11c08ae,XXXXXX0620,successful
3496,685,David Mcgee,105,45000.0,tv,electronics,online,Chennai,2025-12-13,1,Cash,0.1,83b624f8365db25ec917bf94677688ac52d00b3e406336a4bbcb9caf35777053,XXXXXX1121,successful
3497,74,David Alvarez,107,50000.0,dining table,furniture,online,Delhi,2025-07-17,1,NetBanking,0.05,a7dc05459b67af97d4f94ddf8d45f8ab4f6029f9397aec3c8213e25c720e5bc8,XXXXXX5242,successful
3498,372,Brandon Gordon,106,80000.0,sofa,furniture,offline,Mumbai,2025-11-21,3,UPI,0.2,735517cb6ffef86351d258acdf08c8284f1be3d4205d421de84cda4535018029,XXXXXX1702,successful
3499,104,Amanda Castillo,107,50000.0,dining table,furniture,online,Hyderabad,2025-06-13,3,Card,0.05,5e6f5536a427d3fbd6ea71f1c859a2295451d6abc5d077109d81857dea0e543a,XXXXXX9548,successful
3500,556,Roger Guerrero,102,70000.0,phone,electronics,online,Mumbai,2026-02-12,1,Cash,0.25,73d26a4985b59a560c2575ee0a51d0b5da69892dcb84ebe33d4a2d6e9b4e5d97,XXXXXX5988,successful
3501,480,Denise Guerra,108,15000.0,mixer grinder,home appliances,offline,Hyderabad,2025-09-25,2,Cash,0.25,099f714054b00f0cfc28be88ac839f7e0ff384408f244763e23dde05bdb47bb2,XXXXXX2109,successful
3502,423,Mary Cooke,106,80000.0,sofa,furniture,online,Hyderabad,2025-06-30,1,Cash,0.25,d531ac6a9036ee04fcbb105d21d0ef8c589c1a0f0cdd9a0a34b74e4bf7ea6416,XXXXXX8855,successful
3503,477,Willie Mata,110,45000.0,microwave,home appliances,online,Hyderabad,2025-08-19,5,Cash,0.35,8ff397333391a367d4fbe747f1e89cff836b48c9f224c7cc7135b1a70ec86e27,XXXXXX0729,successful
3504,307,Evelyn Bridges,108,15000.0,mixer grinder,home appliances,offline,Chennai,2025-12-16,5,Card,0.25,59e9b8b9bca986388f75ce21309fefec20febee5fbc1c44b9f0d9bc12c29ac6b,XXXXXX7428,successful
3505,174,Jeffrey Lamb,110,45000.0,microwave,home appliances,offline,Hyderabad,2026-03-19,4,Cash,0.3,e80f910170da55f0d7e5a21e2f84308a759dc669e8aea59469b4ee8e7e832bf3,XXXXXX9242,successful
3506,671,Sarah Frederick,104,8000.0,shoes,clothing,online,Chennai,2025-10-26,2,NetBanking,0.2,d7ff5ebc2d22d2c12fdf656b54fcdcb0fa4a1bdecc17cc548fda5a03b44f97d1,XXXXXX5538,successful
3507,736,Lisa Lee,105,45000.0,tv,electronics,offline,Delhi,2026-04-09,4,Cash,0.2,47274124ed6cea6f7e308d2692db3269d2bfd14614db4c8f72f13d61846f3cff,XXXXXX6221,successful
3508,876,David Whitaker,107,50000.0,dining table,furniture,offline,Chennai,2025-08-11,5,NetBanking,0.35,97827d13cabb86c610eb3faf66cecaa99b270c0815de8221fec2d17321d229d9,XXXXXX3557,successful
3509,131,Pamela Peterson,105,45000.0,tv,electronics,online,Bangalore,2025-04-29,4,NetBanking,0.4,28b8883658580d5d23c90b08b705f71911fc97ba36150f89090da069e07ec881,XXXXXX8147,successful
3510,20,John Marshall,109,65000.0,refrigerator,home appliances,online,Chennai,2025-05-19,4,NetBanking,0.25,fcb48cf55cd822f31638d53f56afe73065a371c0f7fd8ee07c442a6cf7e4954a,XXXXXX1116,successful
3511,111,Alyssa Mitchell,110,45000.0,microwave,home appliances,offline,Hyderabad,2025-12-02,3,UPI,0.05,4e95d1b9c6953645eeac987c15df56f143fc41e2c93a58d25d023aade5f10dbd,XXXXXX2386,successful
3512,656,Adam White,106,80000.0,sofa,furniture,online,Hyderabad,2025-10-10,4,NetBanking,0.1,448ef813a5248beb5d33c9eff9267e91e6bddb7e0572bb3132d06cf5ad916419,XXXXXX8407,successful
3513,576,Angela Weiss,104,8000.0,shoes,clothing,online,Delhi,2025-11-07,2,UPI,0.05,25a9d1c837f4bf2812bcc3ed8ebb759fe08eeb63c6e02247ad8cc10d86874f62,XXXXXX3539,successful
3514,396,Connie Edwards,107,50000.0,dining table,furniture,online,Hyderabad,2026-04-12,2,Card,0.25,24f73d8ad939bc7941856a702f9fef87a180767e01fd86494f34b6da85b314de,XXXXXX5987,successful
3515,765,Eric Gaines,103,1300.0,shirt,clothing,online,Bangalore,2025-08-27,5,UPI,0.25,7994dd1de38b1118558ca1ca7d41855a8c0c42f7ff4044447b62896a94acecba,XXXXXX1327,successful
3516,838,Susan Torres,103,1300.0,shirt,clothing,online,Chennai,2025-07-23,3,UPI,0.35,d963ec958fe698223197322410b345061770c0599a9638fd33e321690a5f8ae6,XXXXXX6426,successful
3517,31,Lisa Velazquez,106,80000.0,sofa,furniture,online,Bangalore,2025-04-26,5,Cash,0.15,743cf88309ecb2bc02cb564d800a6cb470bff4da10b69ed7d2c745b6081fd7ed,XXXXXX5435,successful
3518,515,Amy Lee,102,70000.0,phone,electronics,offline,Chennai,2025-10-29,4,NetBanking,0.05,0b943ce1d1b723104f6a237e75fc90f73efcb8b631af4923987d38e3b8e3e921,XXXXXX0756,successful
3519,494,Russell Estes,108,15000.0,mixer grinder,home appliances,online,Chennai,2025-04-16,1,Card,0.15,bab9061b4b30baef2d716c237ba2b06d55f6b3b590586553fa2f8fa33f69dcb1,XXXXXX8527,successful
3520,744,Ashley Hull,102,70000.0,phone,electronics,online,Chennai,2025-07-02,5,NetBanking,0.05,a1b161599dcfb54b62c6cc6b98202574bfe9d3fbc2c6daef9f7383565a545430,XXXXXX9482,successful
3522,356,Larry Mercado,107,50000.0,dining table,furniture,offline,Hyderabad,2025-12-13,4,Cash,0.25,549c551b3c15d66afc3cd7045cdc8af036aea80f6bd91ee7baf88109bded2b72,XXXXXX0420,successful
3523,389,Tyler Kim,106,80000.0,sofa,furniture,offline,Bangalore,2026-02-15,2,UPI,0.1,6f1bea868c881f153d84b1e4460e71b9dbad7222133f9771836bf7c9a50609f3,XXXXXX5816,successful
3525,601,Mark Herrera,107,50000.0,dining table,furniture,offline,Hyderabad,2026-07-04,3,Card,0.2,6cd67807e7e5e447753caa8cc47a759037818f4c48b09c65cd26026d24543473,XXXXXX2878,successful
3526,580,Meredith Walker,110,45000.0,microwave,home appliances,offline,Chennai,2025-05-22,4,NetBanking,0.1,f29e42c5b06edfce5f576f23739a0f023296bcfb7e2fa268ac654c16f619d742,XXXXXX7146,successful
3528,586,Michael Mason,103,1300.0,shirt,clothing,online,Delhi,2026-01-24,3,Cash,0.15,6800c67372141360b00ba423cffb9efcc1d3cb5810cff170c76779dfa505ebdc,XXXXXX8672,successful
3529,964,Amy Brown,102,70000.0,phone,electronics,online,Mumbai,2025-08-22,1,Card,0.3,e71eb59a467deb3d3fbf5b4962cb617ef4b84edf17039984b222022e21809814,XXXXXX0526,successful
3530,685,David Mcgee,109,65000.0,refrigerator,home appliances,online,Chennai,2026-02-25,2,UPI,0.05,83b624f8365db25ec917bf94677688ac52d00b3e406336a4bbcb9caf35777053,XXXXXX1121,successful
3531,565,Craig Moore,107,50000.0,dining table,furniture,offline,Mumbai,2025-09-16,1,Cash,0.05,85a16ee2e4ec76cb62f30db773fb4475fe2da9225f62f4864f8b98c133cf599e,XXXXXX2911,successful
3532,52,David Hernandez,106,80000.0,sofa,furniture,online,Mumbai,2025-08-23,3,UPI,0.05,9b82d5cceae5bfca42eb719b58003af6a0b4b422d227fdeb3e7ff72affaa1087,XXXXXX2999,successful
3533,721,Robert Villa,104,8000.0,shoes,clothing,offline,Mumbai,2025-11-10,3,NetBanking,0.2,a7e0df9ca4874d27c55446bf291693525e2ff838f7a7a06b7b39b8810f9e8b54,XXXXXX1453,successful
3534,893,Taylor Walton,106,80000.0,sofa,furniture,offline,Delhi,2025-07-21,2,Cash,0.2,62b55ca9bc80c3d8e2b0bf46d326e39f1205292a4ecb43b50d5f1dc64e72ae29,XXXXXX5386,successful
3535,892,Logan Hayes,110,45000.0,microwave,home appliances,online,Mumbai,2026-04-16,5,UPI,0.4,ebfd080deb6edf589d2037d39d6f12602e3740633531d60b5bb631129cfdda63,XXXXXX0803,successful
3536,493,Stacy Bass,104,8000.0,shoes,clothing,offline,Hyderabad,2026-03-13,3,UPI,0.3,93624843ea83d9800573b15d75e6f1c6f4f64e96f7c0ac37566c210258bd768c,XXXXXX1130,successful
3537,948,Deborah Payne,108,15000.0,mixer grinder,home appliances,online,Mumbai,2026-02-03,4,NetBanking,0.15,2c30efcbcfb9511992fc794eccffe9e1ff60f6ebf6a259f128fa638977fef15a,XXXXXX2428,successful
3538,64,Sheri Osborne,109,65000.0,refrigerator,home appliances,online,Mumbai,2026-03-20,5,Card,0.2,e00d981d32242bcb3cc5b7114c71035e8019759fc77406dab38aa856d3ae6bb9,XXXXXX9475,successful
3539,969,Keith Woods,105,45000.0,tv,electronics,offline,Chennai,2025-12-22,2,NetBanking,0.2,6254400239665b715af81fe1992afcf7ff9bdc1d65f2351d5abfee6ae5fff436,XXXXXX5957,successful
3540,607,Robert Rodriguez,104,8000.0,shoes,clothing,online,Hyderabad,2025-08-16,4,Card,0.1,06f6340549d886975c3fa84a3745b2b4e52008fd2f76fe6ccbbeb14c9013da03,XXXXXX7205,successful
3541,258,Larry Taylor,104,8000.0,shoes,clothing,offline,Chennai,2026-01-05,3,Card,0.05,02d9817a2e3d817e654ce74ff71c58ab931bbd59b02a8b8aa567c9751b72dcf7,XXXXXX7795,successful
3542,66,Jonathan Lewis,105,45000.0,tv,electronics,offline,Bangalore,2025-04-21,2,Cash,0.3,e6487d622073041b63d01cdf29b770710afd906cd29b0e701ae3fbf8beee0b19,XXXXXX4680,successful
3543,662,James Osborn,110,45000.0,microwave,home appliances,online,Bangalore,2026-01-18,3,Cash,0.15,572033317135c939edb4704d6619557d12b168b6f9bb18526bfa7b21b979d9be,XXXXXX0493,successful
3544,428,Michelle Rogers,110,45000.0,microwave,home appliances,offline,Bangalore,2025-09-26,1,Cash,0.3,c8408b50105d8e82276f0fab5af0b23581040f8ab9feb2dbb3397f4de0f67e85,XXXXXX0299,successful
3545,811,Mike Matthews,106,80000.0,sofa,furniture,online,Bangalore,2026-02-10,3,Cash,0.35,6909a68143ef6c686e466872f12e78ceb0fe82248fec54da654230b99ed5d8dd,XXXXXX2802,successful
3546,558,Bryan Phelps,107,50000.0,dining table,furniture,online,Chennai,2025-05-10,2,UPI,0.15,535ff4df6f44adeeb410da41f1c510a9fb62e0c5a02ef7e20b2b0bfc9bdf6363,XXXXXX3862,successful
3547,482,Nathaniel Montes,106,80000.0,sofa,furniture,offline,Chennai,2026-11-02,1,UPI,0.3,070284d69cebaba0f34a9ab26d4c80599497c6ca3429b51431fe18a8b6e598b8,XXXXXX3012,successful
3548,694,Lori Barrera,104,8000.0,shoes,clothing,offline,Hyderabad,2026-01-03,4,Cash,0.25,89d04fad7a8834b711f0ab6136ab49484b1963cc23189e9bae32ca64de46fd72,XXXXXX4973,successful
3549,887,Robert Brown,102,70000.0,phone,electronics,online,Bangalore,2025-09-19,4,Card,0.1,f2269745addadbbe7c0eb2c8211627f9c6773723cc5dad1451a8672fb5f00a7d,XXXXXX3326,successful
3550,625,Elizabeth Duran,109,65000.0,refrigerator,home appliances,online,Mumbai,2025-07-24,2,Card,0.1,8cd6307521b4bf744816a966a63820824893f6481970aa8aa2027cd30676f18c,XXXXXX6997,successful
3551,876,David Whitaker,105,45000.0,tv,electronics,online,Chennai,2026-08-03,5,UPI,0.2,97827d13cabb86c610eb3faf66cecaa99b270c0815de8221fec2d17321d229d9,XXXXXX3557,successful
3552,276,Kelly Montgomery,102,70000.0,phone,electronics,online,Delhi,2026-01-03,5,NetBanking,0.1,3c948054fc013fb7bef0d6141fc4c1ddf35976295aa5fa96133e234ad2f0071b,XXXXXX3046,successful
3553,469,Michael Garcia,106,80000.0,sofa,furniture,offline,Delhi,2026-02-15,5,NetBanking,0.1,8a0689462b7641a7b89e3f1835cc2893a7180ce5e3cf9172c527a48ba9161db4,XXXXXX9516,successful
3554,559,Todd Stevens,108,15000.0,mixer grinder,home appliances,offline,Hyderabad,2025-07-31,2,NetBanking,0.25,b27ab34db9a6179cd808f86f16332c89eb2944234019fe830060db6ca79de5e2,XXXXXX1769,successful
3555,973,Allen Gilbert,110,45000.0,microwave,home appliances,online,Mumbai,2025-09-13,5,Cash,0.2,75bd6f84632b1688ccf56ddc68770b36b05811d27807b5f5fb0655d10e95184c,XXXXXX9731,successful
3556,383,Debra Parker,101,250000.0,laptop,electronics,offline,Mumbai,2025-11-15,3,Cash,0.1,96f5c4629c7c9c73dad651ebf2908a0e5217adaab21089fa38657d9df639d6c5,XXXXXX5109,successful
3557,775,Roy Chavez,102,70000.0,phone,electronics,online,Chennai,2025-08-16,5,Cash,0.4,0b2a9527681ee155c1aa922875f20af02a915bf1732dd75d468716a7fdaae242,XXXXXX6010,successful
3558,539,Kari Austin,101,250000.0,laptop,electronics,offline,Bangalore,2025-10-08,3,Card,0.1,757cccc1922bbfdf8af4ed25e9ea49be29ef0667bd6bbaef93a64f37aace7acf,XXXXXX0010,successful
3559,442,Gregory Vazquez,110,45000.0,microwave,home appliances,online,Chennai,2026-01-31,4,NetBanking,0.2,f9e33b253651960603ee50c764d589573bbdd8bb01953c4cdeae0335539144d1,XXXXXX2802,successful
3560,435,Wendy Robinson,102,70000.0,phone,electronics,online,Delhi,2025-11-01,2,Cash,0.05,c96db1c3fb5dcbb76de4dea884c75221dcdccf50f2d1e2c550cc89827aa9ff9e,XXXXXX4454,successful
3561,353,Rachel Velasquez,105,45000.0,tv,electronics,online,Bangalore,2025-06-09,2,NetBanking,0.05,6c83d7483a1eaf23a076da56e9a08b263b68eb86148107636da41e698b3c21ba,XXXXXX5596,successful
3562,640,Carrie Jacobson,107,50000.0,dining table,furniture,online,Bangalore,2025-06-05,3,NetBanking,0.05,48004bb85c12fae1566c5775172309769584efb0f43ebb8572be08c74599158c,XXXXXX2507,successful
3564,674,Haley Alvarez,110,45000.0,microwave,home appliances,offline,Bangalore,2025-05-18,1,NetBanking,0.3,93c41008d2c7d281e67d383836fc615f9686eb3dcbfcb38dcec394e7f0731028,XXXXXX8272,successful
3565,592,Timothy Medina,105,45000.0,tv,electronics,online,Delhi,2025-08-14,2,Cash,0.05,cd9282215d61733f3e44cbecd97ece549a11194632475037329882d94141cc4c,XXXXXX8501,successful
3567,95,John Jacobs,110,45000.0,microwave,home appliances,online,Bangalore,2025-08-07,1,NetBanking,0.3,4da2ee955b2ce29944421695331f7c50cb8a80de53d5435695382380a8b17adc,XXXXXX7560,successful
3568,303,Derek Rose,108,15000.0,mixer grinder,home appliances,offline,Chennai,2025-08-29,2,NetBanking,0.2,4117ae38b31d31609b96d20584c208151df5ac2783c30bfb3ac3435ec3061952,XXXXXX1211,successful
3569,951,Richard Miller,108,15000.0,mixer grinder,home appliances,online,Mumbai,2025-11-07,5,Cash,0.1,fd4e3836a31a99f33b387ba6f5ce09ea2c2539bd382c2b1c34dfb408b0b21dc1,XXXXXX6379,successful
3570,584,Stacie Jones,105,45000.0,tv,electronics,offline,Chennai,2025-05-23,3,Cash,0.05,0953f4f5c3f844d30e5b4aec2535d4e2ab45fe6cc9db77eda74b1618d1295b26,XXXXXX2693,successful
3572,775,Roy Chavez,107,50000.0,dining table,furniture,online,Chennai,2025-06-15,5,Card,0.2,0b2a9527681ee155c1aa922875f20af02a915bf1732dd75d468716a7fdaae242,XXXXXX6010,successful
3573,700,Thomas Navarro,102,70000.0,phone,electronics,online,Hyderabad,2025-09-24,2,Cash,0.2,ed1db0ca0721662de88b6f3a857092acde3f065e673d86e073f7c8f9ec3b6709,XXXXXX0014,successful
3574,961,Derek Hall,102,70000.0,phone,electronics,online,Hyderabad,2025-10-20,2,UPI,0.4,2953b725ef0fc963cf9cc35025f22a8e307ad00d6014d04e6b88954f3f04e0a4,XXXXXX8075,successful
3575,626,Tyler Martinez,103,1300.0,shirt,clothing,online,Hyderabad,2025-08-02,4,Cash,0.4,42933ff4c17b19688855d962071de4d9a80f609086b10e37e1165348b69b1b3f,XXXXXX7616,successful
3576,907,Jeffrey Mccall,102,70000.0,phone,electronics,offline,Hyderabad,2026-01-22,4,Cash,0.4,47fe75e59d0acad1a49942fafcf906362be00efb29f89ec160b18122249d3174,XXXXXX4650,successful
3577,352,Daniel Gonzales,109,65000.0,refrigerator,home appliances,online,Delhi,2025-07-17,4,Cash,0.2,565b2ecbf33023b756e0cb500df213bb51bfb91f43fd51e31eb014f07bdf1751,XXXXXX2541,successful
3578,432,Charles Nelson,110,45000.0,microwave,home appliances,online,Mumbai,2025-02-07,3,UPI,0.1,e55ed831ce8b88594eb595fd9e9bd007e6474a3a0ab7014d7af1429b51efe250,XXXXXX1774,successful
3579,297,Susan Hill,101,250000.0,laptop,electronics,offline,Delhi,2025-09-06,2,UPI,0.25,701815f3bbdbd2a553c74af36a33b4b1c74170294d50c7b3a8312ce36ff56281,XXXXXX2263,successful
3580,759,Lisa Butler,105,45000.0,tv,electronics,offline,Hyderabad,2025-04-20,5,UPI,0.4,9201d5c939311afca04d954e2960448f25afc2f5eaf99a11fc11a91916ad7f6f,XXXXXX0071,successful
3581,761,Larry Yates,103,1300.0,shirt,clothing,offline,Chennai,2025-09-19,2,Cash,0.4,ed783a25678a9bbe65dc5410b4471b0c83492a486ba8e7dfc3fc08f71da8bec0,XXXXXX1557,successful
3582,789,Bryan Walker,108,15000.0,mixer grinder,home appliances,online,Chennai,2026-01-12,3,Card,0.35,017c6f695867051d91bd7edd635ba1953ed01f655d1f4789a2f839debefa48ea,XXXXXX8567,successful
3584,449,Erin Summers,103,1300.0,shirt,clothing,offline,Delhi,2026-01-24,1,UPI,0.25,b3749b9a23d734fa8c2eb1ba644ad5855fedaa8fe7d3a9e9c91453122bd37f1d,XXXXXX3005,successful
3585,170,Jasmine Ortega,106,80000.0,sofa,furniture,online,Mumbai,2025-03-11,2,Cash,0.05,d58c4d09ffc21ea85c8b89f3312fea97b116c327eeb41a9e9cbadce855404809,XXXXXX5670,successful
3586,227,Tracey Garcia,106,80000.0,sofa,furniture,online,Bangalore,2025-10-14,3,NetBanking,0.1,0886d39fbead9b166c433edfd15e49260490dbaee3d9d015851ef630af5c9c41,XXXXXX6120,successful
3587,942,Melissa Wilkerson,102,70000.0,phone,electronics,offline,Chennai,2026-01-02,1,NetBanking,0.4,745255d1be8eb834ca43f3ac1084ef6d88d237295a71cc13d6d2605fe11c08ae,XXXXXX0620,successful
3588,936,Brian Larson,101,250000.0,laptop,electronics,offline,Hyderabad,2025-09-05,4,NetBanking,0.3,d8ead218737a0541a6c7b79d172d2a62288a0cb1208b8919b0a04046a94473b4,XXXXXX8514,successful
3589,819,Daniel Vang,110,45000.0,microwave,home appliances,online,Chennai,2025-11-14,3,Card,0.05,fe669b97d4a5a0c559cc69fc072bc0b6e436ad54124b9168de45f62b51748b48,XXXXXX9771,successful
3590,991,Darlene Chapman,108,15000.0,mixer grinder,home appliances,online,Hyderabad,2026-01-20,5,NetBanking,0.25,fadc6ec824919f7023754937545650cbdff881e803078c99b90621eb48009b35,XXXXXX0595,successful
3591,43,Jennifer Frye,110,45000.0,microwave,home appliances,offline,Chennai,2026-03-31,1,UPI,0.2,e712367a942c63899d1287ba7b6607922155942ffadeff271b388f53589fb4dc,XXXXXX1395,successful
3592,695,Jillian Rodgers,106,80000.0,sofa,furniture,offline,Hyderabad,2025-05-26,1,NetBanking,0.3,2837d353fb852d35f28f7a41baed417c5b0812afca08841636695798953c5fe2,XXXXXX1711,successful
3593,17,Duane Hall,109,65000.0,refrigerator,home appliances,online,Bangalore,2025-06-03,4,Cash,0.35,ebb6c6dfe3b541831f15161769c5bf41b8bbb024f6411827b053836ce821ec5c,XXXXXX1149,successful
3594,349,Joel Baker,104,8000.0,shoes,clothing,offline,Bangalore,2026-02-09,4,Cash,0.35,3a9445c9c51ea5d7d95f3471023ffffa0666a126c05605fa39a3dc12e0f2cf2a,XXXXXX8393,successful
3595,124,Sarah Rios,106,80000.0,sofa,furniture,offline,Mumbai,2025-05-09,2,NetBanking,0.3,894e75ea24acf8bd88d3f8affd3fde2ede7c675bb16bf7071a6ecf4a5ca3c83d,XXXXXX4148,successful
3597,398,Michele Sanchez,109,65000.0,refrigerator,home appliances,online,Bangalore,2025-12-23,3,UPI,0.4,1b78169f48b79a5f3f7953d174b339ed9a6e6ba25226725a53fcb0b4d143424b,XXXXXX4961,successful
3598,311,Juan Murphy,106,80000.0,sofa,furniture,offline,Bangalore,2025-10-02,4,UPI,0.25,51d163013824714cc3d173b26c90f18906fd7b7eda9f4f0f234e243b0f76afe5,XXXXXX7160,successful
3599,104,Amanda Castillo,101,250000.0,laptop,electronics,offline,Hyderabad,2026-02-06,1,NetBanking,0.2,5e6f5536a427d3fbd6ea71f1c859a2295451d6abc5d077109d81857dea0e543a,XXXXXX9548,successful
3600,786,Jeremiah Simmons,105,45000.0,tv,electronics,online,Chennai,2025-05-15,1,Cash,0.2,831c6126f8a1de713d8632770c2566155e5c2d0ced549b90d0758edae64c0d1c,XXXXXX5116,successful
3601,112,Bill Maldonado,107,50000.0,dining table,furniture,online,Mumbai,2025-12-12,3,Cash,0.2,3e1ac8e2f277b83d57b0a67324636c3e37bad56f2f1f7e6ca3d9f707db9e317f,XXXXXX1130,successful
3602,43,Jennifer Frye,104,8000.0,shoes,clothing,online,Chennai,2025-10-19,1,Card,0.3,e712367a942c63899d1287ba7b6607922155942ffadeff271b388f53589fb4dc,XXXXXX1395,successful
3603,475,Natalie Andrews,104,8000.0,shoes,clothing,offline,Mumbai,2025-09-02,1,Card,0.15,c6c814b3ffa1df5c78428113fdb32b4ca6f35598c33efaa39849f1bf488f1a61,XXXXXX9248,successful
3604,747,Laura Edwards,105,45000.0,tv,electronics,offline,Bangalore,2025-06-26,4,Card,0.25,a10cf71c68cb5673d5b71df1663a208cae47df21b7b6585d5d357f89b62b5151,XXXXXX5369,successful
3605,891,Natalie Hammond,105,45000.0,tv,electronics,online,Hyderabad,2025-12-23,3,UPI,0.15,3404fbca64310f8758c0a0bcb1cdec8603a09badf0a7402fb8ec17f2e6a8a92d,XXXXXX4743,successful
3606,869,Krystal Hudson,104,8000.0,shoes,clothing,offline,Mumbai,2025-12-05,2,NetBanking,0.15,627e52bcba8dcdccf79a7ab5dc6ebe26438a2fe7723bfd6d1e639f1ebb15860c,XXXXXX3079,successful
3607,145,Michael Hendrix,109,65000.0,refrigerator,home appliances,offline,Delhi,2026-02-05,5,Cash,0.3,5c6a6c7f2c6ecc2c47a752fbed21e590c057866af9c0f8d124f389439d47a1c2,XXXXXX1396,successful
3608,256,Nicole Williams,101,250000.0,laptop,electronics,offline,Chennai,2026-05-04,1,NetBanking,0.2,23f282bd744c97705ad26bcf56a6d8c77539f407c2457adf39ae0014fe17b9b4,XXXXXX1732,successful
3609,22,James Walters,105,45000.0,tv,electronics,offline,Chennai,2025-09-04,3,NetBanking,0.15,ec2d6f294e97b0d6857fb8bbfc52cef910731d7835d27fa3c1b6b9ec432764c2,XXXXXX4842,successful
3610,622,Hannah Bell,105,45000.0,tv,electronics,online,Chennai,2025-06-28,3,Cash,0.15,f9a7b53c5a0c8bffbb60f208d576478ea8350650f24caa62f5eebede496e680c,XXXXXX1523,successful
3611,715,Rachel Hogan,105,45000.0,tv,electronics,online,Delhi,2025-11-10,2,Card,0.1,a64f4b9e158d715ccf5d5c359730e3e87400158ba23e143e4f740fb6b63d1ebe,XXXXXX0977,successful
3612,902,Logan Reyes,110,45000.0,microwave,home appliances,online,Mumbai,2025-05-02,4,Card,0.05,4328f316f8c609f91085cb65a5f9884ab09a374c63a729c24b348407b44eff8d,XXXXXX2031,successful
3613,343,Allen Mcdowell,102,70000.0,phone,electronics,online,Bangalore,2026-03-17,4,Cash,0.2,c01d0229e45d0660d58eb5a3cd00d9faca9bed5a21dfb9ddd036156ff904a3d9,XXXXXX1170,successful
3614,733,Jessica Lin,101,250000.0,laptop,electronics,online,Delhi,2025-06-09,1,UPI,0.05,0db191a9ef3cbd33bb05c0caf39be9b0df3c869b5015693ad271009cddd1622a,XXXXXX6363,successful
3616,104,Amanda Castillo,108,15000.0,mixer grinder,home appliances,online,Hyderabad,2025-08-08,2,UPI,0.05,5e6f5536a427d3fbd6ea71f1c859a2295451d6abc5d077109d81857dea0e543a,XXXXXX9548,successful
3617,657,Carly Lucas,108,15000.0,mixer grinder,home appliances,online,Hyderabad,2025-08-30,4,UPI,0.4,dfccda2f1e1a5633fcd150227478cec2e449c8c0772e458d0db44fdda9a2df82,XXXXXX2685,successful
3618,615,Carolyn Torres,106,80000.0,sofa,furniture,offline,Mumbai,2026-03-25,2,NetBanking,0.15,742dbf8f68734cecdae4c201d8ffe27f0d7b03df6f95b537a51541ce23b84671,XXXXXX5838,successful
3619,557,Joseph Cowan,109,65000.0,refrigerator,home appliances,offline,Hyderabad,2025-02-07,5,Card,0.1,aa00ffd546bf483d71da026f1e214834f4bd1541f59eb2a36c5b8ccf908dd9e4,XXXXXX9909,successful
3620,555,Christopher Cruz,104,8000.0,shoes,clothing,online,Bangalore,2025-06-20,4,UPI,0.3,083320f5b3012c76b3c3e42875cefa0e4e8c1a95a3c83738e05f49da158a92b2,XXXXXX0569,successful
3621,435,Wendy Robinson,103,1300.0,shirt,clothing,online,Delhi,2025-05-15,4,NetBanking,0.15,c96db1c3fb5dcbb76de4dea884c75221dcdccf50f2d1e2c550cc89827aa9ff9e,XXXXXX4454,successful
3622,628,Kelly Turner,102,70000.0,phone,electronics,offline,Chennai,2026-01-17,1,Card,0.05,32f4726443565b0472771369535d0c6f62fdda854cfe7639e618d88f91c7e951,XXXXXX5626,successful
3624,781,Connor Farrell,110,45000.0,microwave,home appliances,online,Mumbai,2025-08-27,4,NetBanking,0.05,dcac40670925c8a746cfecda06268015ad21d111074a4e5cc82cd08b812b389a,XXXXXX3407,successful
3625,25,Kenneth Johnson,103,1300.0,shirt,clothing,offline,Delhi,2025-05-26,2,UPI,0.35,cf92fc6326e3d28e66b076fcbb5e50750d0adac1f36040f64407d7a795d686da,XXXXXX6503,successful
3626,372,Brandon Gordon,110,45000.0,microwave,home appliances,offline,Mumbai,2025-07-28,3,UPI,0.1,735517cb6ffef86351d258acdf08c8284f1be3d4205d421de84cda4535018029,XXXXXX1702,successful
3627,507,Thomas Cameron,102,70000.0,phone,electronics,online,Delhi,2025-05-05,4,UPI,0.3,d1a3662414787e46f75a4c7dfc80a30ace6eb31de5488f1e9b660701cb9f4138,XXXXXX2264,successful
3628,930,Jason Hubbard,104,8000.0,shoes,clothing,online,Chennai,2025-05-05,1,NetBanking,0.4,09e9b260dc2f30dedf0b45d60c5a6c7ce771a0c15dbee63decc7766311217951,XXXXXX5628,successful
3629,124,Sarah Rios,103,1300.0,shirt,clothing,online,Mumbai,2026-02-20,5,NetBanking,0.2,894e75ea24acf8bd88d3f8affd3fde2ede7c675bb16bf7071a6ecf4a5ca3c83d,XXXXXX4148,successful
3631,934,Brandi Phillips,106,80000.0,sofa,furniture,online,Hyderabad,2025-08-17,5,Cash,0.15,ab00ac55efb8ea9ce0adb7c23b73358c91d69809244c8731aaf78d04b185cac2,XXXXXX8609,successful
3632,906,Ronald House,106,80000.0,sofa,furniture,offline,Mumbai,2026-02-14,2,NetBanking,0.05,6156d763abf1b3fbbfe8ea876be13113f4d83867f03309040d095d8a9a7a5494,XXXXXX9868,successful
3633,40,Kristina Harrell,108,15000.0,mixer grinder,home appliances,online,Hyderabad,2025-05-22,4,Card,0.05,b01cddc057bd4c511d704c040852faca4bd59d85b563747942b1857f99ccfa76,XXXXXX6674,successful
3634,951,Richard Miller,108,15000.0,mixer grinder,home appliances,online,Mumbai,2025-10-08,2,UPI,0.2,fd4e3836a31a99f33b387ba6f5ce09ea2c2539bd382c2b1c34dfb408b0b21dc1,XXXXXX6379,successful
3636,625,Elizabeth Duran,101,250000.0,laptop,electronics,offline,Mumbai,2025-11-06,2,UPI,0.15,8cd6307521b4bf744816a966a63820824893f6481970aa8aa2027cd30676f18c,XXXXXX6997,successful
3637,363,Leonard Travis,106,80000.0,sofa,furniture,online,Delhi,2025-01-05,2,UPI,0.15,931d48b3582e271bcc47c98ec02ea48136b7661fcaecc6b949402d939233e531,XXXXXX0472,successful
3638,193,Mary White,104,8000.0,shoes,clothing,offline,Bangalore,2025-08-27,5,Card,0.25,a21bb09735b6cce8b0847b4e59e3de8cde313d64c23328246b9c836b15b135f1,XXXXXX7194,successful
3639,458,Jared Lane,102,70000.0,phone,electronics,online,Hyderabad,2025-11-20,5,Card,0.1,ba2f55088921ddc26fb09e0dd19e32c0553e9c5ab600d7b74e91ab9a6c400b8a,XXXXXX2658,successful
3640,123,Trevor Sharp,105,45000.0,tv,electronics,offline,Mumbai,2025-10-07,2,UPI,0.1,0f1f6a65a7c67b7165ac46afdc77f5d3c47b1e77b71121c710b418cdef37c43c,XXXXXX8457,successful
3641,753,Kelly Ball,108,15000.0,mixer grinder,home appliances,offline,Delhi,2025-06-16,3,UPI,0.3,641a1e390bd1eaab1e00a2358c03674483bd762b42d3a5193fcddf88c416b9f2,XXXXXX2869,successful
3642,49,Dominique Jones,106,80000.0,sofa,furniture,offline,Delhi,2025-10-09,1,Card,0.2,b5462b81639e1bb3e329541d92a77db20ffe878fb3d7125e067a7025eceb13bd,XXXXXX2605,successful
3643,900,Gary Phillips,103,1300.0,shirt,clothing,online,Bangalore,2026-12-02,1,Cash,0.4,3abfea9493531af3494a22149b667ba0a0280c9d4e29991e4b03af05887544db,XXXXXX4646,successful
3644,39,Megan Jones,107,50000.0,dining table,furniture,offline,Hyderabad,2026-03-30,2,UPI,0.25,ae21c7526e40956821da89d78b2a12d0153aaa824ae52d04417336788cd92ddb,XXXXXX0686,successful
3645,256,Nicole Williams,101,250000.0,laptop,electronics,offline,Chennai,2025-10-27,1,Cash,0.05,23f282bd744c97705ad26bcf56a6d8c77539f407c2457adf39ae0014fe17b9b4,XXXXXX1732,successful
3646,345,Kathy Smith,110,45000.0,microwave,home appliances,online,Chennai,2025-05-26,3,UPI,0.4,961223bbefe9d0c8f7cc54cbbc702ea286d4d1dae243d3f8cdc2bd45e2f4b6b5,XXXXXX5171,successful
3647,853,James Guerrero,110,45000.0,microwave,home appliances,online,Mumbai,2025-09-19,1,NetBanking,0.25,12d362225a57b02c41b04690acb8d6bf03df1ffa2f202a9820efa1dfd5cd8575,XXXXXX4649,successful
3648,278,Daniel Stevens,106,80000.0,sofa,furniture,offline,Delhi,2026-03-21,2,NetBanking,0.15,31b3446b2b1a311a59d8e4226768dd4f00c2e5a2267c1c1db8cb7502f5171993,XXXXXX5034,successful
3649,131,Pamela Peterson,102,70000.0,phone,electronics,offline,Bangalore,2026-02-26,5,Cash,0.3,28b8883658580d5d23c90b08b705f71911fc97ba36150f89090da069e07ec881,XXXXXX8147,successful
3650,606,Carol Arnold,104,8000.0,shoes,clothing,offline,Mumbai,2026-03-20,4,NetBanking,0.15,40c2f0ca1ce25348c293fe2fe10b28a55d6307b576e22a0035c48740314233ad,XXXXXX1970,successful
3651,776,Erica Moore,108,15000.0,mixer grinder,home appliances,online,Chennai,2025-05-14,5,Cash,0.35,02d7b3bba863795dc37ca7caaeb45da7db9891f0af205e1e7446d5d8eb9767df,XXXXXX1731,successful
3652,796,Jasmine Lopez,102,70000.0,phone,electronics,offline,Bangalore,2026-03-06,1,Cash,0.2,3b56ffa6073a1eb2ded4401962353dbb5ed5c455edbb29a06789db4d6d863c94,XXXXXX7917,successful
3653,916,Betty Mcdaniel,106,80000.0,sofa,furniture,offline,Chennai,2025-01-10,5,NetBanking,0.15,08625e246a3b32fbb6ad88859554074da8ad32b714e34f877613a4a448a742bc,XXXXXX6268,successful
3654,211,Arthur Lopez,108,15000.0,mixer grinder,home appliances,offline,Hyderabad,2025-10-19,4,Card,0.2,6d418f8544aaf2cf9dea6927a4fc40014efde9508b26aa2ded35594133229da8,XXXXXX3529,successful
3655,345,Kathy Smith,108,15000.0,mixer grinder,home appliances,offline,Chennai,2025-12-13,3,UPI,0.05,961223bbefe9d0c8f7cc54cbbc702ea286d4d1dae243d3f8cdc2bd45e2f4b6b5,XXXXXX5171,successful
3656,883,Charles David,103,1300.0,shirt,clothing,offline,Delhi,2025-05-11,1,Cash,0.25,6c164b15e77002bde0c041e0267f3f33643d1924c7dbb78f54898621bd8eaa08,XXXXXX7922,successful
3657,578,Kristi Wilson,108,15000.0,mixer grinder,home appliances,online,Chennai,2025-08-28,3,UPI,0.3,d3a60d71674bec4b1767dd6de907b4fee5a31a67971ad4bc406f9d41942fa3b2,XXXXXX9323,successful
3658,825,Jose Rodriguez,104,8000.0,shoes,clothing,online,Bangalore,2025-04-23,1,NetBanking,0.35,a7f0223af5aca6344c2323291cf541cada7a996db9179815b43bc9f43938e6c2,XXXXXX8368,successful
3660,50,Stacey Henderson,109,65000.0,refrigerator,home appliances,offline,Mumbai,2025-07-15,2,NetBanking,0.05,12a13a49dea01990cf597c22fabd0d4051b0f9e7cb783b454f3af15341d50957,XXXXXX2385,successful
3661,745,Jennifer Weeks,106,80000.0,sofa,furniture,offline,Hyderabad,2025-12-11,1,NetBanking,0.25,badc3e46ccdf90c2e5cb1170bdad31cfb226bc70313755e2a2a7323fc3458672,XXXXXX2095,successful
3662,414,Chase Johnson,104,8000.0,shoes,clothing,offline,Delhi,2026-01-14,1,Card,0.2,a246e6452c2be333b10432d4a0d948ac6210d1f14782c93ceb07a4b811d5ad8d,XXXXXX1815,successful
3663,949,Madison Goodwin,110,45000.0,microwave,home appliances,offline,Bangalore,2025-08-08,5,Cash,0.25,71b01ff13e5172563894ac69b5b58ef80f79e7ee759950889d613e679c7934f7,XXXXXX0493,successful
3664,553,Veronica Davis,101,250000.0,laptop,electronics,offline,Mumbai,2025-06-04,4,Card,0.15,6d250aacb701bdd06d787e6edddbb4e5a8a3668ac60dbe77ad4e921de8f0e63d,XXXXXX9972,successful
3665,323,Victoria Phillips,101,250000.0,laptop,electronics,offline,Hyderabad,2025-11-09,2,NetBanking,0.25,efb886dfcda463d9db025884f2bf890bdc5a9dd08f82cde9dabbd1248637af70,XXXXXX0994,successful
3666,936,Brian Larson,107,50000.0,dining table,furniture,offline,Hyderabad,2026-04-14,1,Card,0.3,d8ead218737a0541a6c7b79d172d2a62288a0cb1208b8919b0a04046a94473b4,XXXXXX8514,successful
3667,298,Ryan Massey,109,65000.0,refrigerator,home appliances,offline,Delhi,2025-06-25,2,NetBanking,0.1,f2df03e7510fbf2bd2fe7fa98c6a0cefdff3fdf3bdc154ccc61b80be5b1e5709,XXXXXX7586,successful
3668,155,James Fleming,101,250000.0,laptop,electronics,offline,Hyderabad,2025-05-06,1,UPI,0.2,757747dec6cc3962271c688769fb13c73c36a5ea4c19c3beb1c519adc193e3ff,XXXXXX8486,successful
3669,697,Kimberly Hodges,106,80000.0,sofa,furniture,online,Bangalore,2025-12-09,1,NetBanking,0.05,9d013dcd5c2b5ca1fd5c1fc2ff301ce6810bba57eaecc16b39467a897ae73844,XXXXXX3119,successful
3670,25,Kenneth Johnson,102,70000.0,phone,electronics,online,Delhi,2025-05-16,5,Card,0.15,cf92fc6326e3d28e66b076fcbb5e50750d0adac1f36040f64407d7a795d686da,XXXXXX6503,successful
3671,398,Michele Sanchez,110,45000.0,microwave,home appliances,online,Bangalore,2025-11-23,3,Card,0.35,1b78169f48b79a5f3f7953d174b339ed9a6e6ba25226725a53fcb0b4d143424b,XXXXXX4961,successful
3672,702,Robert Jackson,104,8000.0,shoes,clothing,online,Delhi,2025-07-18,1,Card,0.35,f338814c7e5111e7af6919f8028b285dffcbd2914882f8e6cff7f55d6aff2163,XXXXXX6138,successful
3673,853,James Guerrero,110,45000.0,microwave,home appliances,offline,Mumbai,2025-04-25,3,UPI,0.2,12d362225a57b02c41b04690acb8d6bf03df1ffa2f202a9820efa1dfd5cd8575,XXXXXX4649,successful
3674,877,John Warren,106,80000.0,sofa,furniture,online,Hyderabad,2025-05-04,4,UPI,0.4,9f002ac63381289e8bbf21e59081952489e54f9ddacaba336b3609bc6234070e,XXXXXX0546,successful
3675,584,Stacie Jones,103,1300.0,shirt,clothing,offline,Chennai,2025-04-06,2,Cash,0.2,0953f4f5c3f844d30e5b4aec2535d4e2ab45fe6cc9db77eda74b1618d1295b26,XXXXXX2693,successful
3676,254,Daniel Santos,110,45000.0,microwave,home appliances,offline,Hyderabad,2025-09-20,4,Cash,0.2,e40199af9c2a5a4856696afe90caaa05585084649424190e5bbaffdd4ec52967,XXXXXX7463,successful
3677,827,Jonathan Sandoval,106,80000.0,sofa,furniture,offline,Delhi,2025-02-10,1,Card,0.35,87c5266c43b75987641e5fdeaa74912b5234b6c18dc7e14bb0e2d463f8fbe155,XXXXXX6234,successful
3678,51,Cory Ellis,110,45000.0,microwave,home appliances,online,Chennai,2025-10-09,4,UPI,0.3,5325e4fe6e3ad1ad9798f3d67b5dd4425dac9fb43952587529dc3f2ef0d18209,XXXXXX3422,successful
3680,837,Peter Maxwell,108,15000.0,mixer grinder,home appliances,online,Mumbai,2025-07-26,1,NetBanking,0.1,0b08f47186f1314094d312928148efa3eedb9eed9e474c934a0ca427286a4aca,XXXXXX6608,successful
3681,230,Jose Guerrero,102,70000.0,phone,electronics,online,Hyderabad,2026-08-02,5,Cash,0.4,1bd662bf7c2b8a2805e52bff5d4285e77234b60beef56529c05def844f1fe349,XXXXXX5176,successful
3682,632,Paula Reed,101,250000.0,laptop,electronics,online,Hyderabad,2025-10-29,4,Card,0.15,e2abb5c29ffee397f79224fda5286ced52c2df2756c01bf68a15971a5fc28dcf,XXXXXX0764,successful
3683,248,Anthony Henry,106,80000.0,sofa,furniture,online,Hyderabad,2026-04-02,3,Card,0.2,3decb182b6f79687e4a635f0ed9d34bd10b177e7f0e8b608b7b18cb3f0a72196,XXXXXX7330,successful
3684,428,Michelle Rogers,109,65000.0,refrigerator,home appliances,offline,Bangalore,2025-08-28,4,UPI,0.4,c8408b50105d8e82276f0fab5af0b23581040f8ab9feb2dbb3397f4de0f67e85,XXXXXX0299,successful
3685,484,Eric Cabrera,103,1300.0,shirt,clothing,offline,Bangalore,2025-10-12,1,UPI,0.35,45372231041cad0024d5f2a04327241ff765c0108dc6c260cd9ac84cc7ab5e7c,XXXXXX8733,successful
3687,364,Kelly Graves,105,45000.0,tv,electronics,offline,Bangalore,2025-06-11,4,UPI,0.15,72120a480226289750b248cb09ce58347c57737b11e4d484dcff5d9fc422026c,XXXXXX0043,successful
3688,395,John Lee,108,15000.0,mixer grinder,home appliances,online,Mumbai,2025-08-29,2,Card,0.15,958c60d4f20afe1aad38f7718b8a3439dedb498291acd66e6c8c955a6c00819e,XXXXXX2921,successful
3689,471,Jamie Kelly,102,70000.0,phone,electronics,online,Chennai,2025-11-11,2,UPI,0.3,3f66a4b98d40f4856474d68be5341648bccae5e6bc9347f68004d3b8c5d3d708,XXXXXX9015,successful
3690,564,Spencer Davis,104,8000.0,shoes,clothing,online,Chennai,2025-08-28,5,UPI,0.3,da26f382d2ac516e504d4f9173004908f41bc2e287c1eb479582c4c0ea26879d,XXXXXX0711,successful
3691,209,Aaron Mclaughlin,102,70000.0,phone,electronics,online,Chennai,2025-06-21,1,Cash,0.2,563415b8c779a8ab6f511307eb1040ec033a462044114d62e8b259bd9c49c2dc,XXXXXX5147,successful
3692,404,Julian Cox,106,80000.0,sofa,furniture,offline,Delhi,2025-08-12,4,NetBanking,0.4,e77c8dab14ba4c0ca13c73401ae9b8f832608d8ecce978f2d5a805a50c043374,XXXXXX3039,successful
3693,130,Bailey Smith,101,250000.0,laptop,electronics,offline,Hyderabad,2026-01-21,4,Card,0.2,a1127b790235a08d62de8cdb9142a1ce9ab8388b05f95145b9ac48a2c7b0ea0d,XXXXXX1953,successful
3694,577,John Johnson,102,70000.0,phone,electronics,offline,Hyderabad,2025-05-21,1,UPI,0.2,c3fff537aff1840731c99df31cc4b9ea2cb9c0fb2e534d290803e18ac10dff74,XXXXXX7120,successful
3695,509,Valerie Brooks,103,1300.0,shirt,clothing,online,Chennai,2026-02-26,2,NetBanking,0.4,b9627f9a511c940d29af9156f503e9bbe412cfebb1a77e6766dbff95b026cdde,XXXXXX5947,successful
3696,329,William Jackson,107,50000.0,dining table,furniture,offline,Mumbai,2025-12-19,3,Card,0.4,78cc409bdff749c72d9bbd07f9666f5a137d6ddbb147d54a176f48ca2dcc9f01,XXXXXX2206,successful
3697,766,Stacey Jones,102,70000.0,phone,electronics,online,Mumbai,2026-04-15,4,Card,0.15,90054e5026fd67a321cd841d2f54712fc948b19b130b6f0421adbd61888f64ff,XXXXXX5577,successful
3698,969,Keith Woods,102,70000.0,phone,electronics,online,Chennai,2026-04-03,4,Card,0.4,6254400239665b715af81fe1992afcf7ff9bdc1d65f2351d5abfee6ae5fff436,XXXXXX5957,successful
3699,633,Julie Jackson,108,15000.0,mixer grinder,home appliances,online,Delhi,2025-10-16,3,NetBanking,0.35,812914589c86f9387a3bbbe3486405a0cc95f00fd0708ecc66ca43a96564d053,XXXXXX3701,successful
3701,20,John Marshall,110,45000.0,microwave,home appliances,offline,Chennai,2025-03-10,3,Card,0.15,fcb48cf55cd822f31638d53f56afe73065a371c0f7fd8ee07c442a6cf7e4954a,XXXXXX1116,successful
3702,472,Christian Jennings,103,1300.0,shirt,clothing,offline,Chennai,2025-12-07,3,UPI,0.1,fd3390fb3ddb55ccd3ef77da175ccbd21fca55843a8a32656651ef88f0ce8707,XXXXXX1240,successful
3703,754,Joshua Chandler,103,1300.0,shirt,clothing,offline,Mumbai,2025-10-13,5,NetBanking,0.3,9569e296989c97c1c11350f1f23189d13c4d6be6683b154b461f204ffdca87f2,XXXXXX7470,successful
3704,782,Monique Davis,108,15000.0,mixer grinder,home appliances,offline,Chennai,2025-12-18,2,UPI,0.2,2bc2f135d5dc61a6380c6e948d0770f911530241d5684b0aceef431ea955fd1a,XXXXXX4485,successful
3705,285,Amanda Anderson,106,80000.0,sofa,furniture,offline,Chennai,2025-04-17,4,NetBanking,0.15,b16f4e6d8be3b6bfd68203c6498a14c19a23148a6faa7159900571cfda9889db,XXXXXX0174,successful
3706,58,Michelle Barnes,106,80000.0,sofa,furniture,offline,Hyderabad,2025-11-08,1,Card,0.35,5d1b8ec80899b065f285a3a52fa7290f7706e59b5f9a1ea7173ee68f4f9bfb00,XXXXXX6620,successful
3707,607,Robert Rodriguez,109,65000.0,refrigerator,home appliances,offline,Hyderabad,2025-06-15,3,UPI,0.2,06f6340549d886975c3fa84a3745b2b4e52008fd2f76fe6ccbbeb14c9013da03,XXXXXX7205,successful
3708,705,Amy Brewer,106,80000.0,sofa,furniture,offline,Hyderabad,2025-10-25,2,Cash,0.3,d229abafce4b52b063aae3dd3f138d9c8dd2aba3ac5bf7978433f0005d9b5651,XXXXXX1218,successful
3709,961,Derek Hall,102,70000.0,phone,electronics,online,Hyderabad,2025-09-30,3,UPI,0.3,2953b725ef0fc963cf9cc35025f22a8e307ad00d6014d04e6b88954f3f04e0a4,XXXXXX8075,successful
3710,278,Daniel Stevens,107,50000.0,dining table,furniture,offline,Delhi,2025-05-17,2,UPI,0.25,31b3446b2b1a311a59d8e4226768dd4f00c2e5a2267c1c1db8cb7502f5171993,XXXXXX5034,successful
3712,912,Brian Randall,107,50000.0,dining table,furniture,online,Mumbai,2025-12-24,3,UPI,0.35,51fa0dd3a2c7f65f90615b588c3e55a455abfbc922402fcdda2a8baba69a1a1f,XXXXXX3966,successful
3713,840,Veronica Ashley,109,65000.0,refrigerator,home appliances,online,Delhi,2025-11-16,5,NetBanking,0.2,ee2f58209125cd568d074d8b9b7f72432da124650edcf2151d18c9ce5925586f,XXXXXX9830,successful
3714,709,Mike Roberts,101,250000.0,laptop,electronics,online,Hyderabad,2025-07-07,4,NetBanking,0.05,ef943fae8a173f5adfdc9ee0c56d587d99983a00c68174e51c8cd4fffe84aea2,XXXXXX5792,successful
3716,854,Dennis Dorsey,107,50000.0,dining table,furniture,offline,Hyderabad,2026-03-27,2,NetBanking,0.25,e42e15768da2a9b674df11f18e1069faa449917d02434623fb3c5a8342dca42e,XXXXXX2116,successful
3717,260,Cynthia Fields,101,250000.0,laptop,electronics,offline,Chennai,2025-06-16,4,Cash,0.1,51eb2cefbc7227dda48d50e86925510cd29584fb421e8ee38d47b3d3ad8cd8c5,XXXXXX5111,successful
3718,741,Carla Spencer,107,50000.0,dining table,furniture,online,Hyderabad,2026-03-23,5,UPI,0.25,34f50ad2b79602ad5dcd12458509969e1eb2f01bfc7431490f8cd666831501ee,XXXXXX6102,successful
3720,139,Melissa Peterson,105,45000.0,tv,electronics,offline,Mumbai,2026-03-17,4,Card,0.1,90c965d07a3fd0bc98104e2646fa9118f0df9c82d926c094ecba5d16a117a9f9,XXXXXX2133,successful
3721,818,Patty Carlson,109,65000.0,refrigerator,home appliances,online,Mumbai,2026-01-18,5,Cash,0.35,9dd46e06ba7891f8409a9017f25f1abd0e823bf80438ffc098b327ef1059fed2,XXXXXX3842,successful
3722,842,Amy Quinn,110,45000.0,microwave,home appliances,online,Hyderabad,2025-12-23,5,UPI,0.2,a0c244c987b4329350e532d44529291317a263b841ac0e9a1f8c34ddfdf1f417,XXXXXX3795,successful
3723,269,Christina Conrad,105,45000.0,tv,electronics,offline,Chennai,2026-01-22,2,Cash,0.05,130d6d59042b3de0f3e0af8a3f0ebb31b0c6d66191f46b7c7bd3f3dfb018db31,XXXXXX1847,successful
3724,24,Donald Blevins,108,15000.0,mixer grinder,home appliances,online,Chennai,2025-07-20,1,Cash,0.2,c3b2d1c27e2d2415574e901d7b7c5ef44a8ea7302476bdb4320327ddd0da2965,XXXXXX1556,successful
3725,29,Leah Dunn,110,45000.0,microwave,home appliances,offline,Hyderabad,2025-10-15,3,Cash,0.1,a4be4ea2fc553b12c27194bc24cb8d5f9b6583bb9f24d25b4537b1afa6ec02c0,XXXXXX6479,successful
3726,281,Ashley Anderson,101,250000.0,laptop,electronics,offline,Bangalore,2026-04-09,3,Card,0.1,6f78c76d95c2da6b588cbe16279910e72a0fb52cd25b2bdfc21dae2223f3b153,XXXXXX5033,successful
3727,804,Tiffany Caldwell,101,250000.0,laptop,electronics,online,Bangalore,2025-08-31,3,NetBanking,0.2,c46cc978f44fe5671bc275b617737f604e63134decd4360b8113d7551cbca1e4,XXXXXX7153,successful
3728,347,David Medina,101,250000.0,laptop,electronics,offline,Delhi,2025-04-25,1,UPI,0.4,00afbdcf1bff6bb94e8e47324960f4d059af30f94ea942381a924aa347ad4473,XXXXXX4389,successful
3729,446,Scott Smith,102,70000.0,phone,electronics,offline,Bangalore,2025-07-04,2,NetBanking,0.15,3558a2d03af1033804171272a1bbb434ed4df73b541c7218fa64b319d015e194,XXXXXX0183,successful
3730,238,Zachary Hooper,102,70000.0,phone,electronics,online,Bangalore,2025-09-06,4,UPI,0.3,eb7cfa9601bbfd2d11f446f87f8e38bf8f5604f313f14d831fdf37e3f0d6baff,XXXXXX0012,successful
3731,89,Joseph Davis,105,45000.0,tv,electronics,offline,Hyderabad,2025-07-21,1,UPI,0.1,8ad46431983c9a027829c7aee83479c2523f334f779f4d58af6b4ddd789bd41b,XXXXXX8548,successful
3732,770,Paul Jarvis,110,45000.0,microwave,home appliances,offline,Mumbai,2025-09-09,4,NetBanking,0.05,7df344cbac88fd26e17c87c8d420947be9ceb7f613ab28a7b3bdfb8781e2a39d,XXXXXX6027,successful
3733,929,Charles Key,103,1300.0,shirt,clothing,offline,Delhi,2025-11-10,2,Cash,0.35,77b081a30b2b156778aab2f95706cbb68fa4261281083baf3a101ef6049564d7,XXXXXX5346,successful
3734,250,Steven Baker,105,45000.0,tv,electronics,online,Mumbai,2025-05-27,4,NetBanking,0.05,3d2e3218b62f18681a604b70ea687572f66227f7969d86ef9e9c25be22b8fcc4,XXXXXX5024,successful
3735,947,Gabriel Golden,101,250000.0,laptop,electronics,offline,Mumbai,2025-05-04,2,Cash,0.2,5d303e9f7f4abdf43f20290d19c7b53e13a4eff6e803b2a3a8597cf99724643d,XXXXXX7330,successful
3736,239,Tyler Greene,105,45000.0,tv,electronics,online,Delhi,2026-01-19,2,Card,0.05,3f6662589024338f4b1a47cd105e46478af2497c6479587081773a171537cbaa,XXXXXX3007,successful
3737,938,Mary Rogers,103,1300.0,shirt,clothing,online,Hyderabad,2026-02-14,2,UPI,0.3,714a0ff6cc07477e6c1ded39cb5f98bf7f3ca3dafdd6aedffb78d6de762c5989,XXXXXX3823,successful
3738,69,Pamela Williamson,106,80000.0,sofa,furniture,offline,Chennai,2025-05-23,2,UPI,0.1,292232bc7ee0fa0ac4ec5727d32b59fad369ca2a401d4db2eb6c7b60c29abdd9,XXXXXX6233,successful
3739,553,Veronica Davis,109,65000.0,refrigerator,home appliances,online,Mumbai,2025-10-19,5,NetBanking,0.35,6d250aacb701bdd06d787e6edddbb4e5a8a3668ac60dbe77ad4e921de8f0e63d,XXXXXX9972,successful
3740,676,James Sanders,110,45000.0,microwave,home appliances,online,Bangalore,2026-02-19,2,Cash,0.2,0911a539764d0f3e8c9f5f05b0490133ecd4406f82451f8967775e7c2c4a8591,XXXXXX6646,successful
3741,424,Tiffany Williams,101,250000.0,laptop,electronics,online,Chennai,2025-11-19,3,Card,0.25,f3c01bc8185b5e1bd0a043ef75f41eb66235d78f174527a8fa02645652b44a3b,XXXXXX2793,successful
3742,446,Scott Smith,108,15000.0,mixer grinder,home appliances,online,Bangalore,2026-02-20,3,Card,0.2,3558a2d03af1033804171272a1bbb434ed4df73b541c7218fa64b319d015e194,XXXXXX0183,successful
3743,870,Thomas Morris,103,1300.0,shirt,clothing,online,Bangalore,2025-08-27,2,NetBanking,0.1,dc35f71d07dab788246233e7cac9b7b693f580e43cfb38e45986b1032bca5f40,XXXXXX7719,successful
3744,946,Lisa Cochran,110,45000.0,microwave,home appliances,offline,Delhi,2025-04-20,2,UPI,0.35,de0b75129679b50c6e972d740b5d620d1096d3feed03f8ab772ec191ca6ea6e4,XXXXXX0319,successful
3745,759,Lisa Butler,101,250000.0,laptop,electronics,online,Hyderabad,2025-05-09,3,Card,0.15,9201d5c939311afca04d954e2960448f25afc2f5eaf99a11fc11a91916ad7f6f,XXXXXX0071,successful
3746,774,Antonio Evans,108,15000.0,mixer grinder,home appliances,online,Hyderabad,2025-11-23,3,Card,0.4,eff10c82064736299a4a97c53f83ba6e4234dc7ada8c52642eaa6b4d8d275289,XXXXXX7042,successful
3748,660,Jessica Stephenson,106,80000.0,sofa,furniture,offline,Hyderabad,2025-06-14,5,NetBanking,0.1,adefda058ca7369ebd85ec19865072ce00512ef9832d2209cbdf212783668d55,XXXXXX1390,successful
3749,185,Sarah Cohen,106,80000.0,sofa,furniture,offline,Mumbai,2026-01-05,3,Cash,0.05,333c07cb15baa993691251d3221c465a9cee192e36c5c946146df7ef23c02a20,XXXXXX4728,successful
3750,482,Nathaniel Montes,109,65000.0,refrigerator,home appliances,offline,Chennai,2025-04-21,1,Cash,0.2,070284d69cebaba0f34a9ab26d4c80599497c6ca3429b51431fe18a8b6e598b8,XXXXXX3012,successful
3751,495,John Cummings,110,45000.0,microwave,home appliances,online,Hyderabad,2026-10-03,4,NetBanking,0.35,deff447adabc5e132c994d4648ccfe19ea87da1c2fb3bd0725013ed00b33f7e0,XXXXXX7125,successful
3752,389,Tyler Kim,101,250000.0,laptop,electronics,offline,Bangalore,2025-07-30,2,UPI,0.15,6f1bea868c881f153d84b1e4460e71b9dbad7222133f9771836bf7c9a50609f3,XXXXXX5816,successful
3753,288,Darren Parker,110,45000.0,microwave,home appliances,online,Hyderabad,2025-10-18,2,NetBanking,0.4,10e29cbeda48e534b6c580cf8e53d92364939d1826d5e1a6b7b6e538bbdd53ad,XXXXXX3569,successful
3754,46,Mallory Boyd,101,250000.0,laptop,electronics,online,Delhi,2025-12-11,1,Cash,0.2,759d457bc519089082643577b0a740c82c9cbcbf86a064f885dacfe803adf1d9,XXXXXX2449,successful
3755,280,David Morales,107,50000.0,dining table,furniture,online,Delhi,2025-12-26,5,NetBanking,0.2,f11f8efc1cc667d06bf4d4d74f7c3e21db9b9caad2a3aad9fe51520e6c98a806,XXXXXX1730,successful
3757,943,Sharon Smith,103,1300.0,shirt,clothing,offline,Chennai,2025-09-20,4,Cash,0.1,a7a141a3ace1bc66c3375fefcf4748294f47e3791628478a6da15274402a87d0,XXXXXX1161,successful
3758,109,Michael Walker,106,80000.0,sofa,furniture,offline,Mumbai,2026-02-28,4,UPI,0.35,dd5e3426d5dfb69ef583ec656d7c4e4702b4cfa9a529efb7014828ec45ea3e07,XXXXXX7171,successful
3760,156,Sara Romero,106,80000.0,sofa,furniture,offline,Chennai,2025-01-09,3,Cash,0.2,4950b231cc9867673012764e446229afc81b10a76a63db15f84e732e838dde38,XXXXXX0162,successful
3761,913,Craig Harris,102,70000.0,phone,electronics,offline,Delhi,2026-09-02,2,UPI,0.35,dfb0bd5d59c42f8aca67dc782e0fbbcc80fbc318ba73c2fb5424e0f332bb04c4,XXXXXX3910,successful
3762,523,Emily Cohen,106,80000.0,sofa,furniture,online,Chennai,2025-06-29,1,NetBanking,0.1,4bea21dfb692c8467a967765c6baea13dd2f1e0ea834f3638e9fc372ec04a9fd,XXXXXX9627,successful
3763,276,Kelly Montgomery,103,1300.0,shirt,clothing,online,Delhi,2025-09-22,1,NetBanking,0.15,3c948054fc013fb7bef0d6141fc4c1ddf35976295aa5fa96133e234ad2f0071b,XXXXXX3046,successful
3764,633,Julie Jackson,106,80000.0,sofa,furniture,online,Delhi,2025-07-23,2,Card,0.05,812914589c86f9387a3bbbe3486405a0cc95f00fd0708ecc66ca43a96564d053,XXXXXX3701,successful
3765,168,Joyce Robertson,105,45000.0,tv,electronics,offline,Mumbai,2025-05-14,4,UPI,0.35,bf415c654f33244dbfda908e4e5e7c167de81383a776a4e1dc6dc0b4d66c06e0,XXXXXX0417,successful
3766,646,Pamela Bennett,110,45000.0,microwave,home appliances,offline,Mumbai,2025-04-26,5,Card,0.1,cd67a7055c6126bc4248aa66d5d0a5526169b18ee4f43f6ef6cd1c0994caa311,XXXXXX1461,successful
3767,368,Emily Scott,107,50000.0,dining table,furniture,online,Mumbai,2025-08-15,5,Card,0.4,3d25dd5d7c199750096763cdaeed68f87a7b1787eb721495e9bee99ca4740c63,XXXXXX9634,successful
3768,15,Robin Ray,108,15000.0,mixer grinder,home appliances,online,Chennai,2025-10-24,1,Cash,0.3,fc075d18e93a753f07de8e0f3294d6274a18f991e0945c849ca451c005ad68bd,XXXXXX1348,successful
3769,615,Carolyn Torres,105,45000.0,tv,electronics,offline,Mumbai,2025-11-14,3,Cash,0.1,742dbf8f68734cecdae4c201d8ffe27f0d7b03df6f95b537a51541ce23b84671,XXXXXX5838,successful
3771,619,Angelica Wood,103,1300.0,shirt,clothing,offline,Mumbai,2026-01-12,4,Card,0.2,17119693190a05341f7466672de970dfcdca90e50898cb9ac1901711b9d96e98,XXXXXX4769,successful
3772,47,Jason Jones,106,80000.0,sofa,furniture,online,Bangalore,2026-03-28,2,NetBanking,0.35,4a2b343235f9259e0a766a298004c3dfb70e97518d5fd87f52500081b5db0bb3,XXXXXX2145,successful
3773,359,Ryan Williams,105,45000.0,tv,electronics,online,Delhi,2025-05-23,2,UPI,0.25,06204311b1bc37521e80b495f291436159c5253c4ca8ed1610b0d9c0788f8134,XXXXXX5599,successful
3774,220,Maria Walker,110,45000.0,microwave,home appliances,online,Bangalore,2025-08-24,4,NetBanking,0.3,c76ab918524edd26ba90c27092cb6025cd4ad445a8034e1a744a3c8e2c6bcb70,XXXXXX5210,successful
3775,788,William Wright,102,70000.0,phone,electronics,offline,Bangalore,2025-07-14,5,UPI,0.4,9549234d8c813d49d9207b55137f3a303aaa67a2d976eb09807531443ca17374,XXXXXX5393,successful
3776,569,Lindsay Levine,110,45000.0,microwave,home appliances,offline,Mumbai,2025-06-24,5,NetBanking,0.15,cba5f44eaf1456873974cb1275e9bd79a70499ed68c3c1f2aeb5b56a9a45901d,XXXXXX7618,successful
3777,240,Traci Farmer,109,65000.0,refrigerator,home appliances,offline,Bangalore,2025-12-31,1,Card,0.35,4b3448fdf01b1e264b5254030babf8b4ac1042d8873b8d59df19eafba171dc54,XXXXXX1925,successful
3778,104,Amanda Castillo,104,8000.0,shoes,clothing,offline,Hyderabad,2025-10-08,1,Card,0.05,5e6f5536a427d3fbd6ea71f1c859a2295451d6abc5d077109d81857dea0e543a,XXXXXX9548,successful
3779,303,Derek Rose,110,45000.0,microwave,home appliances,online,Chennai,2025-09-14,2,NetBanking,0.1,4117ae38b31d31609b96d20584c208151df5ac2783c30bfb3ac3435ec3061952,XXXXXX1211,successful
3780,2,Steven Evans,106,80000.0,sofa,furniture,online,Delhi,2025-11-09,5,Cash,0.15,a6c45101e45fecc6ce25041fc13a69d13c16e5ec020f7349067bd0d00783c948,XXXXXX2287,successful
3781,661,Jennifer Cooper,105,45000.0,tv,electronics,offline,Chennai,2025-09-14,2,Card,0.25,c111f9ef0623808dc5ecc7fb44bdbdd94d5df536ebf836aef7112acbf1690e95,XXXXXX4609,successful
3782,77,Robert Diaz,106,80000.0,sofa,furniture,online,Hyderabad,2025-10-31,4,Cash,0.05,529bd4969fc178139bcd315998e4b4095d1b761d259aad6c017703d506f8d032,XXXXXX6645,successful
3783,2,Steven Evans,101,250000.0,laptop,electronics,offline,Delhi,2026-01-25,4,Card,0.15,a6c45101e45fecc6ce25041fc13a69d13c16e5ec020f7349067bd0d00783c948,XXXXXX2287,successful
3785,310,Lee Brown,101,250000.0,laptop,electronics,offline,Mumbai,2025-05-03,2,UPI,0.2,2d9fb74f6d5ab1d053c1670d22709c48d312b2e4c69e3d180515a43db019fd00,XXXXXX3316,successful
3786,297,Susan Hill,104,8000.0,shoes,clothing,offline,Delhi,2025-11-01,5,Cash,0.15,701815f3bbdbd2a553c74af36a33b4b1c74170294d50c7b3a8312ce36ff56281,XXXXXX2263,successful
3787,612,Jay Hunter,103,1300.0,shirt,clothing,online,Bangalore,2025-12-20,5,UPI,0.15,f6068ba89bbebbffb893da42b9ac42c69bea385bb63270c4165cb2e5497cd4bc,XXXXXX5398,successful
3788,817,Nicole Ross,109,65000.0,refrigerator,home appliances,online,Chennai,2025-12-25,4,Card,0.15,aab66299ef9b27e20d47501aed00a6b7bed14967cedf54517506f97e8dace882,XXXXXX9866,successful
3790,955,Jake Davis,106,80000.0,sofa,furniture,offline,Bangalore,2026-03-18,3,Card,0.35,cce6db743386c129488f01681fc13bb12468cc0b1b31e77303c3cfe5af7907f9,XXXXXX8620,successful
3791,161,Christopher Davis,102,70000.0,phone,electronics,offline,Mumbai,2026-01-03,5,Cash,0.3,c5abd8e0a5d2b758b1e750c237a5acc2f7a282bf30282db9913405d999d725ae,XXXXXX5633,successful
3792,414,Chase Johnson,103,1300.0,shirt,clothing,online,Delhi,2025-10-17,3,NetBanking,0.1,a246e6452c2be333b10432d4a0d948ac6210d1f14782c93ceb07a4b811d5ad8d,XXXXXX1815,successful
3793,921,Jessica Taylor,101,250000.0,laptop,electronics,offline,Mumbai,2025-11-16,4,NetBanking,0.3,e6a5ab5eb42b5e54e1dff5eaf79a46b497ef81f9dc64bb1781e71d30b77fed85,XXXXXX0882,successful
3794,982,James Munoz,105,45000.0,tv,electronics,online,Mumbai,2026-12-01,5,UPI,0.05,3cfea7077082667f957b5eb42be8d488de5c45a51ac6b1e359c998930effdbbc,XXXXXX8023,successful
3795,508,Jesus Decker,108,15000.0,mixer grinder,home appliances,online,Bangalore,2025-12-27,2,NetBanking,0.05,dd86268869a60caf70adbc6f8e7b8da0df4ea1905c6aa5fffa3741236dd3723e,XXXXXX8892,successful
3796,288,Darren Parker,105,45000.0,tv,electronics,online,Hyderabad,2025-11-11,1,Card,0.4,10e29cbeda48e534b6c580cf8e53d92364939d1826d5e1a6b7b6e538bbdd53ad,XXXXXX3569,successful
3797,507,Thomas Cameron,109,65000.0,refrigerator,home appliances,online,Delhi,2025-10-05,2,NetBanking,0.2,d1a3662414787e46f75a4c7dfc80a30ace6eb31de5488f1e9b660701cb9f4138,XXXXXX2264,successful
3798,253,Emily Rodriguez,104,8000.0,shoes,clothing,online,Delhi,2025-10-27,1,UPI,0.05,960f348e93082ba4e3a4ac55ece83f35eabaaf75168a2179c6f9fc82a0294e37,XXXXXX6545,successful
3800,296,Katherine Frazier,104,8000.0,shoes,clothing,offline,Bangalore,2026-04-02,4,Card,0.05,7ff52c0b45d5ab21b781cdf26e43bd734245dab1947ce6b762f53e1967704107,XXXXXX6097,successful
3801,10,Tracy Olson,101,250000.0,laptop,electronics,online,Delhi,2025-12-28,5,Card,0.4,70b07ae0d2bf845affb83930306ba827cde6ea15788bb3e01eb77121d69d444b,XXXXXX9098,successful
3802,980,Alexis Andrews,109,65000.0,refrigerator,home appliances,offline,Delhi,2025-10-31,2,Cash,0.05,ee79682e79ab757b458c0e1301e157db99d1fd134c1be6eac5f2c32a0b0b24e6,XXXXXX3841,successful
3803,866,Jasmine Guerrero,103,1300.0,shirt,clothing,offline,Hyderabad,2026-01-03,5,NetBanking,0.1,e2a007ad2bf1a477b8de22c74b0c4809ecf28aea91b9955496bf90c07e5b3bf6,XXXXXX9366,successful
3804,549,Jacob Hopkins,102,70000.0,phone,electronics,online,Bangalore,2026-01-17,5,NetBanking,0.3,7063f8908f5430c614b4d278c94bbe3d2d5820c7f59061f5ed8efbad6d201878,XXXXXX6590,successful
3805,137,Kathleen Douglas,102,70000.0,phone,electronics,offline,Mumbai,2025-10-09,3,UPI,0.25,3d94779484d91a1ea72c924b05c2bcbcdea906e2e85ccea21935cdc91f3f3983,XXXXXX6544,successful
3806,525,Laura Barajas,110,45000.0,microwave,home appliances,online,Bangalore,2025-11-09,4,NetBanking,0.2,3579dadb7ec0ea0b8de3fa92b4f3cdc171c6103c063bd94b7243ed4fe4daa30c,XXXXXX1400,successful
3807,585,Clifford Hayes,104,8000.0,shoes,clothing,offline,Delhi,2025-05-18,1,NetBanking,0.15,e5d9fa281a253d55b442c9c98bb9b4a13e7f115b9aec14e65c98eef05cf8f86f,XXXXXX1942,successful
3808,963,Laura Stevenson,103,1300.0,shirt,clothing,online,Chennai,2025-10-17,2,NetBanking,0.05,b995779805ba57ae0d0e4136fb34a113efe083fe02c7d0d15e37eaaf1dee960d,XXXXXX4205,successful
3809,404,Julian Cox,110,45000.0,microwave,home appliances,offline,Delhi,2025-12-26,2,UPI,0.2,e77c8dab14ba4c0ca13c73401ae9b8f832608d8ecce978f2d5a805a50c043374,XXXXXX3039,successful
3811,615,Carolyn Torres,108,15000.0,mixer grinder,home appliances,online,Mumbai,2025-10-29,4,UPI,0.1,742dbf8f68734cecdae4c201d8ffe27f0d7b03df6f95b537a51541ce23b84671,XXXXXX5838,successful
3812,937,Nicole Woods,107,50000.0,dining table,furniture,offline,Mumbai,2025-08-02,5,Card,0.3,222801174f3e68d9dba2b85c643ab89edc17c4c64dbeababa062c61b3966b69a,XXXXXX9075,successful
3813,398,Michele Sanchez,106,80000.0,sofa,furniture,online,Bangalore,2025-09-20,5,Cash,0.05,1b78169f48b79a5f3f7953d174b339ed9a6e6ba25226725a53fcb0b4d143424b,XXXXXX4961,successful
3814,270,Katherine Shaw,102,70000.0,phone,electronics,offline,Chennai,2026-03-28,2,UPI,0.2,b546e74e4328f076edb6c5495c23f50279c76ca95dc1759d266e333fc82a7d1f,XXXXXX7908,successful
3815,865,Jessica Patterson,105,45000.0,tv,electronics,offline,Hyderabad,2025-01-07,3,UPI,0.25,e3592139e35c685053cfae7009c4f6e4c20ba3034c91d18a59d67a907a108aad,XXXXXX0460,successful
3817,930,Jason Hubbard,103,1300.0,shirt,clothing,online,Chennai,2025-07-06,5,Cash,0.05,09e9b260dc2f30dedf0b45d60c5a6c7ce771a0c15dbee63decc7766311217951,XXXXXX5628,successful
3818,149,Ashley Mejia,103,1300.0,shirt,clothing,online,Chennai,2025-08-31,2,UPI,0.15,8318efc7a721b12bf05c325351d78424b571cb4130b1f8a2602d30190b28e09c,XXXXXX6443,successful
3819,181,Maria Robinson,106,80000.0,sofa,furniture,offline,Delhi,2025-08-31,3,NetBanking,0.05,35422c1d429d29fd2762fbd57ed7705b3be3f22ec4f67a573b7f5bb5321a12fa,XXXXXX2717,successful
3821,316,James Jordan,105,45000.0,tv,electronics,offline,Delhi,2026-02-01,3,Cash,0.3,52cc9379119970827060a3c043d5edcee6c07fc407117f771c7a4cc29cfb393a,XXXXXX4613,successful
3822,365,Lynn Chavez,107,50000.0,dining table,furniture,offline,Mumbai,2026-10-04,1,UPI,0.1,b626d621577d682a20c822eb78366df61047e298b978a64d98665801c5ceb0a3,XXXXXX4171,successful
3823,539,Kari Austin,102,70000.0,phone,electronics,offline,Bangalore,2025-05-15,4,Cash,0.15,757cccc1922bbfdf8af4ed25e9ea49be29ef0667bd6bbaef93a64f37aace7acf,XXXXXX0010,successful
3825,295,Samuel Decker,109,65000.0,refrigerator,home appliances,online,Mumbai,2025-12-11,2,Card,0.05,7301bc79347bfc4125e022f75880e5973eda2f667573ac194466336ccfec9bc4,XXXXXX4676,successful
3826,701,Dylan Stanley,103,1300.0,shirt,clothing,online,Mumbai,2025-11-02,1,Cash,0.05,974f7f67495c81357ec6b5b9421599edf04b9dba6cec20b26ef38adcf9d5ad0e,XXXXXX1562,successful
3827,322,Allison Foster,101,250000.0,laptop,electronics,offline,Bangalore,2025-07-11,1,NetBanking,0.15,5ff3a34393adaf6d3874cba884ad0436a0940b9089db8a19a715cef1196982a9,XXXXXX7370,successful
3828,638,Kaitlyn Reed,109,65000.0,refrigerator,home appliances,offline,Bangalore,2025-09-19,5,UPI,0.1,9377a12deff95b3939bc7e81ca44d337752bfac1bc01af00976b9b51024df80a,XXXXXX2113,successful
3829,778,Angela Park,110,45000.0,microwave,home appliances,online,Mumbai,2025-04-30,4,UPI,0.25,78fb938d79940e4b665bbcec47ccdb9237c1bbe6261d8d7577d414dee1e5c660,XXXXXX1196,successful
3830,344,Brian Wells,108,15000.0,mixer grinder,home appliances,online,Chennai,2025-05-29,2,NetBanking,0.05,d3576764638ccac80ca023acdacee7c67025a4afe346a88a9a1de96652089cd7,XXXXXX9708,successful
3831,574,Carl Barrera,109,65000.0,refrigerator,home appliances,offline,Bangalore,2025-05-26,4,NetBanking,0.15,65bac5b5f62828c20a2a15fdbae86d939aadd4d6b4647e3d96933a9d54ec8229,XXXXXX6775,successful
3832,828,Anthony Garner,104,8000.0,shoes,clothing,online,Hyderabad,2026-10-02,3,Cash,0.35,e0fce0818dda98b5ed467db0fba97a3550fe5c401e32531a79a2739a0d76b456,XXXXXX4149,successful
3833,881,Sarah Guerrero,104,8000.0,shoes,clothing,online,Bangalore,2025-05-04,3,UPI,0.05,24ebfd46331edd85d7f408a907f7a6b0f75b1204bb7ca18fa01cb69fe9629578,XXXXXX8911,successful
3834,759,Lisa Butler,101,250000.0,laptop,electronics,online,Hyderabad,2025-09-27,5,NetBanking,0.15,9201d5c939311afca04d954e2960448f25afc2f5eaf99a11fc11a91916ad7f6f,XXXXXX0071,successful
3836,678,David Barnett,106,80000.0,sofa,furniture,online,Delhi,2025-07-13,2,UPI,0.2,29346c91cb32479c2608cace696ec483222a382ecd6a1e13653ffba5b342fb33,XXXXXX9972,successful
3837,359,Ryan Williams,105,45000.0,tv,electronics,offline,Delhi,2025-09-22,2,UPI,0.1,06204311b1bc37521e80b495f291436159c5253c4ca8ed1610b0d9c0788f8134,XXXXXX5599,successful
3838,620,Alexander Meyer,108,15000.0,mixer grinder,home appliances,offline,Mumbai,2025-12-16,3,Card,0.15,58df4a025ecd1f67650a5bf628a920fd353d9bcacb607178214845ca70638a1e,XXXXXX8157,successful
3839,119,Dana Castro,101,250000.0,laptop,electronics,online,Delhi,2025-09-12,1,UPI,0.05,f3d6a29279135dc25a3dacec37f5cb26b749fa5af90e2e1eabadea38ada6568a,XXXXXX1072,successful
3840,580,Meredith Walker,104,8000.0,shoes,clothing,online,Chennai,2025-08-31,5,UPI,0.3,f29e42c5b06edfce5f576f23739a0f023296bcfb7e2fa268ac654c16f619d742,XXXXXX7146,successful
3842,155,James Fleming,101,250000.0,laptop,electronics,offline,Hyderabad,2025-10-16,1,NetBanking,0.3,757747dec6cc3962271c688769fb13c73c36a5ea4c19c3beb1c519adc193e3ff,XXXXXX8486,successful
3843,694,Lori Barrera,105,45000.0,tv,electronics,offline,Hyderabad,2025-12-14,3,NetBanking,0.05,89d04fad7a8834b711f0ab6136ab49484b1963cc23189e9bae32ca64de46fd72,XXXXXX4973,successful
3844,402,Patricia Herring,109,65000.0,refrigerator,home appliances,online,Bangalore,2025-08-27,1,UPI,0.1,8e5c2b20eaa09a4e3d4f41e82809727e23d4777bdb4d07f69f9b40e687ac141e,XXXXXX5134,successful
3845,200,Miguel Proctor,102,70000.0,phone,electronics,online,Delhi,2025-07-19,2,UPI,0.15,9e8e3e96cbcc9c7acf49b3f51789856ddbf3b1f2e36efd6d8ba845663e3742b4,XXXXXX5835,successful
3846,935,Samantha Brewer,106,80000.0,sofa,furniture,online,Mumbai,2025-09-24,2,Cash,0.05,51fdae50bdf464fdc7a15a5bd5da64b719d1fc3f2ded0fc1bd433f9b79ee860b,XXXXXX9224,successful
3848,674,Haley Alvarez,104,8000.0,shoes,clothing,offline,Bangalore,2025-06-24,5,Card,0.15,93c41008d2c7d281e67d383836fc615f9686eb3dcbfcb38dcec394e7f0731028,XXXXXX8272,successful
3849,285,Amanda Anderson,102,70000.0,phone,electronics,offline,Chennai,2026-09-03,1,Cash,0.15,b16f4e6d8be3b6bfd68203c6498a14c19a23148a6faa7159900571cfda9889db,XXXXXX0174,successful
3850,454,Larry Perkins,103,1300.0,shirt,clothing,online,Mumbai,2026-04-15,4,Card,0.25,716eaa87d41bd6c37ac8a45267e5a7377fc0d7c3a44475ec132ebf70dbaaedfd,XXXXXX5336,successful
3851,810,Mary Martin,102,70000.0,phone,electronics,online,Delhi,2026-01-14,5,Card,0.05,1462c2728229b3a428677b94f8422d00899bc10bed7f804e7e7475d51169cc77,XXXXXX3960,successful
3852,759,Lisa Butler,101,250000.0,laptop,electronics,offline,Hyderabad,2025-12-15,1,Card,0.35,9201d5c939311afca04d954e2960448f25afc2f5eaf99a11fc11a91916ad7f6f,XXXXXX0071,successful
3853,495,John Cummings,101,250000.0,laptop,electronics,online,Hyderabad,2025-06-17,1,Card,0.2,deff447adabc5e132c994d4648ccfe19ea87da1c2fb3bd0725013ed00b33f7e0,XXXXXX7125,successful
3854,394,Jeffrey Johnson,105,45000.0,tv,electronics,offline,Mumbai,2026-11-04,5,UPI,0.35,5ac931c3f19a95924b537b3b94468f6e61b2ddda9176a14cbe1f98b3e87479c8,XXXXXX5341,successful
3855,188,Allison Oliver,107,50000.0,dining table,furniture,online,Hyderabad,2025-12-12,5,UPI,0.05,439c379db3104f1775b7d94c3bb5fb7da619570aa9a03f7d9795fc13f5684505,XXXXXX7624,successful
3856,494,Russell Estes,107,50000.0,dining table,furniture,offline,Chennai,2026-07-02,1,Card,0.25,bab9061b4b30baef2d716c237ba2b06d55f6b3b590586553fa2f8fa33f69dcb1,XXXXXX8527,successful
3857,699,Kristin Hawkins,106,80000.0,sofa,furniture,offline,Mumbai,2026-04-08,4,Cash,0.4,e471618908bd1db4a654ac6628cd5a61768720cdd8dd4b481bef556f860b704b,XXXXXX3116,successful
3858,550,Raymond Martinez,105,45000.0,tv,electronics,offline,Chennai,2025-06-24,3,Cash,0.25,e02061a735abe9b0b49ac07f0fb676491345a3d24a3687d096f48abc364e8b22,XXXXXX9650,successful
3859,994,Amy Edwards,106,80000.0,sofa,furniture,offline,Mumbai,2025-06-28,1,NetBanking,0.3,51ddb947b711d62a6825287f5c59c5b6c70e0b83155cd71c0c8d8d76c7a397cf,XXXXXX0933,successful
3860,911,Kelly Le,108,15000.0,mixer grinder,home appliances,offline,Delhi,2025-11-21,5,Cash,0.35,cbffc93beafe626b9849d01039f0c856849d8832f104e0d4fce7b804e015318b,XXXXXX5769,successful
3861,284,Erin Richmond,101,250000.0,laptop,electronics,offline,Chennai,2026-07-03,5,UPI,0.05,d8ab4780a03f23d4999c052542ccf2ca24cd1f49a81c1b036696f0168d2abda0,XXXXXX8578,successful
3862,285,Amanda Anderson,106,80000.0,sofa,furniture,online,Chennai,2026-04-07,4,Cash,0.3,b16f4e6d8be3b6bfd68203c6498a14c19a23148a6faa7159900571cfda9889db,XXXXXX0174,successful
3863,131,Pamela Peterson,101,250000.0,laptop,electronics,online,Bangalore,2026-01-31,5,Cash,0.3,28b8883658580d5d23c90b08b705f71911fc97ba36150f89090da069e07ec881,XXXXXX8147,successful
3864,27,Ashley Simpson,105,45000.0,tv,electronics,offline,Chennai,2026-01-12,2,NetBanking,0.35,e6edf61ee79d5215b3e080ebc172859c467c7801fa97e8683692c77e1f804cf5,XXXXXX5505,successful
3865,70,David Parker,101,250000.0,laptop,electronics,offline,Delhi,2026-03-04,2,NetBanking,0.2,783933567c2b7dc7718e071667e3019aedf05a35b3c96ed12253c8e5315f1b51,XXXXXX2107,successful
3866,323,Victoria Phillips,110,45000.0,microwave,home appliances,offline,Hyderabad,2026-03-08,5,UPI,0.25,efb886dfcda463d9db025884f2bf890bdc5a9dd08f82cde9dabbd1248637af70,XXXXXX0994,successful
3867,613,Vanessa Vasquez,106,80000.0,sofa,furniture,offline,Hyderabad,2026-02-16,5,UPI,0.15,610913848757d180bf35ab668754e31ad9ef21b9d62e13a4fc6d4e23d390438c,XXXXXX4380,successful
3868,960,Michaela Brown,110,45000.0,microwave,home appliances,offline,Delhi,2025-06-25,4,NetBanking,0.25,e2efd544ce00db9dad814def9b29b1e70adffb86b661f6d8cc94e0cac18b242b,XXXXXX9942,successful
3869,501,Tammy Gomez,110,45000.0,microwave,home appliances,offline,Bangalore,2025-10-13,5,Cash,0.1,58113ab88f9317b8700f6fd27a1d7cb397cf94a31555421520f21b10a0f31bab,XXXXXX1201,successful
3870,242,James Pham,108,15000.0,mixer grinder,home appliances,offline,Hyderabad,2025-05-03,3,Cash,0.35,1a6d54e22d1fefc356bccdd94d8c7bf0567ea3ffb9d6f66189713154ab3e3c56,XXXXXX3250,successful
3871,899,Whitney Avila,101,250000.0,laptop,electronics,offline,Delhi,2026-03-25,1,NetBanking,0.4,c9edf608ce0d388914a91fd598f7e3f783f0dd84d708edc086a410533891d522,XXXXXX3615,successful
3872,11,James Leblanc,102,70000.0,phone,electronics,offline,Delhi,2026-03-14,3,UPI,0.05,94996625068723cbf9e80a28bce46f1407ffcf1cdcbce738bcb8fdb01580e696,XXXXXX0360,successful
3873,458,Jared Lane,107,50000.0,dining table,furniture,offline,Hyderabad,2026-02-01,3,NetBanking,0.25,ba2f55088921ddc26fb09e0dd19e32c0553e9c5ab600d7b74e91ab9a6c400b8a,XXXXXX2658,successful
3874,836,Jennifer Ross,109,65000.0,refrigerator,home appliances,offline,Chennai,2026-03-16,1,NetBanking,0.4,ef0bef0fdb7a178d2fa42297b9be31014516395f8959b3b1ec39bff5ef0d68b2,XXXXXX1995,successful
3875,916,Betty Mcdaniel,109,65000.0,refrigerator,home appliances,offline,Chennai,2025-09-08,3,Cash,0.3,08625e246a3b32fbb6ad88859554074da8ad32b714e34f877613a4a448a742bc,XXXXXX6268,successful
3876,42,Michael Swanson,103,1300.0,shirt,clothing,online,Hyderabad,2025-11-24,4,Cash,0.05,2615f974566f2ecc01a92b6411128e01a981c9c884e0f7408bdac3eace0809b1,XXXXXX2466,successful
3877,387,Kenneth Rocha,105,45000.0,tv,electronics,online,Mumbai,2025-05-09,3,NetBanking,0.35,f42d5e3c5f55e537502d2540211ae55523fc461e910545d2c4282f0a5c5ffa3c,XXXXXX3283,successful
3878,835,Juan Watkins,102,70000.0,phone,electronics,offline,Delhi,2026-11-04,1,NetBanking,0.3,c7c332cf10df7af299697c6e03a82aa6fb34908c69ab94ea0fe3f00a3d8b8d47,XXXXXX2580,successful
3879,307,Evelyn Bridges,103,1300.0,shirt,clothing,online,Chennai,2026-03-17,3,Cash,0.15,59e9b8b9bca986388f75ce21309fefec20febee5fbc1c44b9f0d9bc12c29ac6b,XXXXXX7428,successful
3880,237,Jamie Casey,102,70000.0,phone,electronics,online,Mumbai,2026-03-30,5,Cash,0.05,6de0aa5d870a6192bff5a57fb71945abbf6ec1af4ee37571c17c51188567f8f0,XXXXXX9410,successful
3881,476,Jill Bryant,107,50000.0,dining table,furniture,offline,Hyderabad,2026-02-03,2,UPI,0.2,6d0beadbc80d6105bb0a721dd945546353145455dc6ddaf5cb5707d8e31fafae,XXXXXX9421,successful
3882,490,Ian Cummings,104,8000.0,shoes,clothing,offline,Chennai,2025-12-29,3,NetBanking,0.4,52f379e65d2156c1fdcebd1e3489cb7dbdcb2c8d9c3da999823bf4faf99c8495,XXXXXX7175,successful
3883,460,Cynthia Schultz,108,15000.0,mixer grinder,home appliances,offline,Bangalore,2025-07-21,1,Cash,0.3,e66d7d07575680a3871a3a73cff9996b5c421358ac7957302e717af68d61ea0c,XXXXXX0781,successful
3884,489,Jennifer Bell,101,250000.0,laptop,electronics,online,Hyderabad,2025-09-06,3,UPI,0.1,f112b0e97229aa84690263f87bc829e9338d397aaf9790aa5ca2d7a7f0d8290c,XXXXXX2318,successful
3885,687,Robert Estrada,107,50000.0,dining table,furniture,online,Hyderabad,2026-04-04,5,NetBanking,0.2,c3247b8e7d93f18177755e97012815788f24b57e3afc4d29cce01c6e38304046,XXXXXX9773,successful
3886,335,Jacob Evans,101,250000.0,laptop,electronics,offline,Mumbai,2025-09-20,3,Cash,0.05,4e9a4154675455f45a1af6bccec6488cea6ca308837029b0d2ce6290557a126f,XXXXXX9310,successful
3887,368,Emily Scott,104,8000.0,shoes,clothing,online,Mumbai,2025-08-01,4,UPI,0.2,3d25dd5d7c199750096763cdaeed68f87a7b1787eb721495e9bee99ca4740c63,XXXXXX9634,successful
3888,712,Laura Rogers,102,70000.0,phone,electronics,offline,Hyderabad,2026-02-22,5,Cash,0.35,ed8ed02dbfef163e6a3d9e1ac9103490bbeeab074e58ee8094f0028dffb4e3e1,XXXXXX5295,successful
3889,257,Courtney Terrell,106,80000.0,sofa,furniture,offline,Mumbai,2025-07-27,2,Card,0.1,8aaf453dc682fdf7a438f81f333d07c2e20f4ff5fd71f69768005e27af656133,XXXXXX1354,successful
3891,316,James Jordan,106,80000.0,sofa,furniture,offline,Delhi,2026-02-18,5,Cash,0.35,52cc9379119970827060a3c043d5edcee6c07fc407117f771c7a4cc29cfb393a,XXXXXX4613,successful
3892,721,Robert Villa,106,80000.0,sofa,furniture,online,Mumbai,2026-02-11,4,UPI,0.3,a7e0df9ca4874d27c55446bf291693525e2ff838f7a7a06b7b39b8810f9e8b54,XXXXXX1453,successful
3893,846,Chris Garcia,109,65000.0,refrigerator,home appliances,offline,Hyderabad,2026-03-12,1,UPI,0.2,d839d7118047ab5dff4427101725c4ba59e0ae6cd0053aa87b863517f77574a8,XXXXXX9191,successful
3895,792,Jeff Norris,102,70000.0,phone,electronics,online,Delhi,2026-02-26,4,Cash,0.4,842df8f12332b1a7fa2c08057c4705c530e43495f728a656be07a6bfe6181910,XXXXXX6966,successful
3897,658,Douglas Sanders,110,45000.0,microwave,home appliances,online,Bangalore,2025-09-12,5,UPI,0.3,d829ec5b2756f5555ac366a23386ffea9a581aa41fc04a4c8b5b7c79c69aded1,XXXXXX7580,successful
3899,82,Brittney Watkins,105,45000.0,tv,electronics,offline,Hyderabad,2025-06-07,3,Card,0.1,25c2b11e42c20dc3af0ef8c70bffed808715ac1cafd4c5d5fe0ad2614278ad7f,XXXXXX3667,successful
3900,609,David Adams,110,45000.0,microwave,home appliances,online,Delhi,2025-09-22,1,Cash,0.2,8192497941b0d6311dbc97c18b44c6d5ba82fdd43b962ffa20eeba15365f450d,XXXXXX4422,successful
3901,313,Mary Lowe,110,45000.0,microwave,home appliances,online,Delhi,2026-03-13,1,Cash,0.35,27880315cca11c389b4fc55c28781f1e3bfe5f32981b001e4879d996be3ee6ba,XXXXXX2640,successful
3902,593,William Taylor,108,15000.0,mixer grinder,home appliances,online,Delhi,2025-12-25,4,UPI,0.05,c13f78cae738f825d7b64d4c5254bec5ceac166e17e875a1f9791604de315b23,XXXXXX1384,successful
3903,950,Cheyenne Mason,110,45000.0,microwave,home appliances,online,Delhi,2026-03-07,4,UPI,0.4,7fe743331ca3637e03d7c422ed883dce2007f2d6b5316949a7b6488a665e8e23,XXXXXX9331,successful
3904,879,Andrew Johnston,102,70000.0,phone,electronics,offline,Mumbai,2025-04-30,4,Cash,0.3,00c35cabe59c83334d07138ab1012cc4751373225292a52b8e8488d820954870,XXXXXX8466,successful
3905,279,Lucas Stevens,108,15000.0,mixer grinder,home appliances,offline,Hyderabad,2025-09-08,5,UPI,0.1,33933446c67203085ccdace92d436095f6c499802174dff50401efc4ad22da46,XXXXXX3687,successful
3906,554,Jason Myers,101,250000.0,laptop,electronics,online,Bangalore,2025-11-13,2,Cash,0.15,c9616f6dc85ea2cd7a2d0a11be1e9eeab4a51340077dc834cb0f5c351f130644,XXXXXX3840,successful
3907,797,Anthony Martinez,106,80000.0,sofa,furniture,online,Bangalore,2025-03-08,5,Card,0.05,1daa3d7da0df522ae5e24fc8f50239a9c27630ce1d99c0e01c087f4e65e783a3,XXXXXX0534,successful
3908,838,Susan Torres,102,70000.0,phone,electronics,online,Chennai,2025-06-07,1,Card,0.05,d963ec958fe698223197322410b345061770c0599a9638fd33e321690a5f8ae6,XXXXXX6426,successful
3909,516,Brittany Roberts,101,250000.0,laptop,electronics,online,Hyderabad,2026-01-06,2,Cash,0.1,76b48549391dbcc08ff0b44e642bdc5e2aff8531044ba139d91b609d81dce037,XXXXXX7057,successful
3910,501,Tammy Gomez,105,45000.0,tv,electronics,online,Bangalore,2025-08-18,4,UPI,0.1,58113ab88f9317b8700f6fd27a1d7cb397cf94a31555421520f21b10a0f31bab,XXXXXX1201,successful
3911,67,Jamie Harvey,108,15000.0,mixer grinder,home appliances,online,Chennai,2026-02-05,2,NetBanking,0.3,9c26b6aadb8feda99cd9788bc382326776141dad08065ab739b8cf8896cfb68d,XXXXXX5928,successful
3912,253,Emily Rodriguez,106,80000.0,sofa,furniture,offline,Delhi,2025-06-28,5,UPI,0.05,960f348e93082ba4e3a4ac55ece83f35eabaaf75168a2179c6f9fc82a0294e37,XXXXXX6545,successful
3913,558,Bryan Phelps,109,65000.0,refrigerator,home appliances,online,Chennai,2025-07-20,5,Card,0.3,535ff4df6f44adeeb410da41f1c510a9fb62e0c5a02ef7e20b2b0bfc9bdf6363,XXXXXX3862,successful
3914,70,David Parker,105,45000.0,tv,electronics,online,Delhi,2026-01-21,1,UPI,0.35,783933567c2b7dc7718e071667e3019aedf05a35b3c96ed12253c8e5315f1b51,XXXXXX2107,successful
3916,215,Crystal Aguilar,107,50000.0,dining table,furniture,offline,Mumbai,2025-05-15,3,Cash,0.05,e09d7b327f4e1686347bf500493ee805799de0ee48318320d2e16ea64e5c57c2,XXXXXX5910,successful
3917,751,Christina Brown,109,65000.0,refrigerator,home appliances,offline,Hyderabad,2025-04-26,1,NetBanking,0.2,27354aa0b033cd7d2955d5064c29c4813549447894c65d58bced6c392979ff81,XXXXXX0383,successful
3918,54,Jessica Hernandez,105,45000.0,tv,electronics,online,Hyderabad,2025-06-17,5,UPI,0.35,c2484578a36fec04c41a3dfea89136e407d6e790090c7e130a3e1b54fefab2b1,XXXXXX1854,successful
3919,776,Erica Moore,103,1300.0,shirt,clothing,online,Chennai,2025-04-16,4,NetBanking,0.15,02d7b3bba863795dc37ca7caaeb45da7db9891f0af205e1e7446d5d8eb9767df,XXXXXX1731,successful
3920,935,Samantha Brewer,103,1300.0,shirt,clothing,online,Mumbai,2025-10-17,3,NetBanking,0.15,51fdae50bdf464fdc7a15a5bd5da64b719d1fc3f2ded0fc1bd433f9b79ee860b,XXXXXX9224,successful
3921,946,Lisa Cochran,102,70000.0,phone,electronics,online,Delhi,2025-12-26,5,Cash,0.2,de0b75129679b50c6e972d740b5d620d1096d3feed03f8ab772ec191ca6ea6e4,XXXXXX0319,successful
3922,338,Lisa Garrison,109,65000.0,refrigerator,home appliances,online,Delhi,2025-12-12,5,UPI,0.1,2ec47ae623f838a8a542c2baae2c33ebbaafbc742f4ce3d71941fd11ce6f022d,XXXXXX9437,successful
3923,397,Shelley Garza,102,70000.0,phone,electronics,offline,Bangalore,2025-06-22,2,UPI,0.1,852465faae2c225594a752c655c43276f90cc48b37d3495eace9434a6090dc32,XXXXXX2570,successful
3926,207,Tonya Lopez,101,250000.0,laptop,electronics,online,Bangalore,2025-09-09,4,Cash,0.15,e6c2ad62d4f046d746d1b4d19d9ec348370080945c294412aef19ced4542c094,XXXXXX0519,successful
3927,161,Christopher Davis,103,1300.0,shirt,clothing,offline,Mumbai,2026-03-14,1,NetBanking,0.25,c5abd8e0a5d2b758b1e750c237a5acc2f7a282bf30282db9913405d999d725ae,XXXXXX5633,successful
3928,424,Tiffany Williams,110,45000.0,microwave,home appliances,offline,Chennai,2026-02-18,1,Cash,0.05,f3c01bc8185b5e1bd0a043ef75f41eb66235d78f174527a8fa02645652b44a3b,XXXXXX2793,successful
3929,723,Christopher Walter,103,1300.0,shirt,clothing,online,Hyderabad,2025-12-06,5,Card,0.3,5d34373d42305e7d0aca0dd995e95853aacd55afc93bb5a656398ab1a8555e59,XXXXXX5707,successful
3930,172,Daniel Smith,104,8000.0,shoes,clothing,online,Delhi,2026-05-01,5,NetBanking,0.05,8be5e4c05181899d6e1b5c95fa2dabffb0a76825f1a70537800d30c479445f0d,XXXXXX2879,successful
3931,37,Joshua Nunez,110,45000.0,microwave,home appliances,online,Mumbai,2025-09-25,4,Cash,0.2,72837615be7d1b08611790f3f3ff8f99b0a3cde6c646c7e7fc540a8e81120c3f,XXXXXX8785,successful
3932,815,Kimberly Taylor,101,250000.0,laptop,electronics,online,Mumbai,2025-07-22,2,UPI,0.4,34bd18a294811055b44f024e7a26b6dd80137540f21dbf1986938aa99283d3c9,XXXXXX4428,successful
3933,370,Jessica Moreno,104,8000.0,shoes,clothing,offline,Delhi,2025-12-29,2,Cash,0.05,b19be758d0d504ebce9ae0e691e1c946b007610309a16d2321fa9c62d432fe62,XXXXXX3938,successful
3935,505,Samantha Hull,108,15000.0,mixer grinder,home appliances,offline,Chennai,2025-05-24,1,NetBanking,0.15,a591c2c7e3daa665f8db77a6444c0bdd92d4891127dfdf478b5d89494fe8860a,XXXXXX1565,successful
3936,771,Matthew Greer,106,80000.0,sofa,furniture,offline,Bangalore,2026-03-21,2,Card,0.15,3f3bea6b25b9a906a43ca5bc5f949204662acf9415b364b724f7d7b7d7cceb42,XXXXXX0012,successful
3937,91,Christopher Martin,102,70000.0,phone,electronics,offline,Bangalore,2025-11-22,1,Cash,0.35,b9e0c2d9c676a022ecfce21cfca755fc409a089a23df751f571f0db6b460f282,XXXXXX8811,successful
3938,177,Barbara Weber,105,45000.0,tv,electronics,online,Chennai,2026-08-04,1,NetBanking,0.3,12df3e14843b816ac32b26861bcf8858b90063430dfbcfb98626f6c74f838c90,XXXXXX0042,successful
3939,618,Alan Torres,109,65000.0,refrigerator,home appliances,online,Chennai,2026-03-04,2,UPI,0.3,3c4a253fedb370c969f1d7bb815eb1bd3e05ca768a5381eae01ce92957eca220,XXXXXX3305,successful
3940,923,George Wilkinson,104,8000.0,shoes,clothing,online,Mumbai,2025-05-29,1,Cash,0.1,e7f779b76a2b0d1be8c1ec2ccd3f8685316ed57130009eacec74f64ce3ef4362,XXXXXX9222,successful
3941,130,Bailey Smith,106,80000.0,sofa,furniture,offline,Hyderabad,2025-09-28,5,Card,0.15,a1127b790235a08d62de8cdb9142a1ce9ab8388b05f95145b9ac48a2c7b0ea0d,XXXXXX1953,successful
3942,566,Tina Chung,101,250000.0,laptop,electronics,online,Mumbai,2025-08-21,5,UPI,0.3,b9833796de7f10f5c60207b13ad3f43b77e1d19f9589046a944aba09c1f4ef72,XXXXXX6511,successful
3943,774,Antonio Evans,106,80000.0,sofa,furniture,offline,Hyderabad,2025-09-28,4,Cash,0.05,eff10c82064736299a4a97c53f83ba6e4234dc7ada8c52642eaa6b4d8d275289,XXXXXX7042,successful
3944,845,Sara Smith,101,250000.0,laptop,electronics,online,Chennai,2026-03-01,3,UPI,0.4,b7b1e934efd61e751e05f496ca45a16459c27296e3ba828c0cbee46f0c3534eb,XXXXXX0226,successful
3945,417,Kristina Lewis,101,250000.0,laptop,electronics,offline,Delhi,2026-03-28,2,UPI,0.35,fd426419a08291b763b84cfa4ce559b748c78ff75928b492ce9cbaa669ad10f3,XXXXXX9732,successful
3946,504,Victor Hendricks,102,70000.0,phone,electronics,offline,Mumbai,2026-01-21,4,Card,0.3,a90c227eb3f5bec125f2c387d00f0afca603c4e42035e687491796580983e15c,XXXXXX0307,successful
3947,394,Jeffrey Johnson,105,45000.0,tv,electronics,online,Mumbai,2025-11-24,3,NetBanking,0.35,5ac931c3f19a95924b537b3b94468f6e61b2ddda9176a14cbe1f98b3e87479c8,XXXXXX5341,successful
3948,836,Jennifer Ross,109,65000.0,refrigerator,home appliances,online,Chennai,2025-07-02,2,NetBanking,0.3,ef0bef0fdb7a178d2fa42297b9be31014516395f8959b3b1ec39bff5ef0d68b2,XXXXXX1995,successful
3949,828,Anthony Garner,108,15000.0,mixer grinder,home appliances,offline,Hyderabad,2026-01-03,1,Cash,0.1,e0fce0818dda98b5ed467db0fba97a3550fe5c401e32531a79a2739a0d76b456,XXXXXX4149,successful
3950,909,Jacqueline Frye,110,45000.0,microwave,home appliances,offline,Chennai,2025-09-26,2,NetBanking,0.05,b7bc3ad91c34dcb7476112d46b58931728e9eb5ffa97ec91dbfb9a379eb57a22,XXXXXX2895,successful
3951,335,Jacob Evans,104,8000.0,shoes,clothing,offline,Mumbai,2025-10-15,2,Cash,0.15,4e9a4154675455f45a1af6bccec6488cea6ca308837029b0d2ce6290557a126f,XXXXXX9310,successful
3952,932,Jessica Harrell,110,45000.0,microwave,home appliances,online,Hyderabad,2025-07-23,2,Cash,0.1,63bd5afa54cee1c31d5ef12fe5dc140663086690973e47ebb7a52d2763e1fe51,XXXXXX1025,successful
3953,847,Eric Mejia,108,15000.0,mixer grinder,home appliances,offline,Delhi,2025-05-17,4,UPI,0.25,ac97b4c4e4e390c7f963fb5afbe0cb21f9ee5ae07d737bf18f6b401914821365,XXXXXX1886,successful
3954,513,Brandon Sims,101,250000.0,laptop,electronics,offline,Chennai,2026-02-25,5,NetBanking,0.1,51f1cbbcc3dc7c87cb52241b4278fddf066e18c9bf8c9a83ec9631cd1a85d9fe,XXXXXX7219,successful
3956,421,Rebecca Holland,107,50000.0,dining table,furniture,online,Delhi,2026-02-21,3,NetBanking,0.15,894509abc5a859b77eab65bc7abdab1ecf763f1ec9812f93988874d4533fe306,XXXXXX2960,successful
3957,797,Anthony Martinez,103,1300.0,shirt,clothing,offline,Bangalore,2025-11-17,5,Cash,0.15,1daa3d7da0df522ae5e24fc8f50239a9c27630ce1d99c0e01c087f4e65e783a3,XXXXXX0534,successful
3958,742,Wesley Davis,110,45000.0,microwave,home appliances,online,Delhi,2025-05-12,4,UPI,0.15,5b9633b24f3672c78120c26037eec1569a5d34806f7343c73a785979d0a3ecc0,XXXXXX9946,successful
3959,930,Jason Hubbard,105,45000.0,tv,electronics,online,Chennai,2026-04-07,5,Card,0.2,09e9b260dc2f30dedf0b45d60c5a6c7ce771a0c15dbee63decc7766311217951,XXXXXX5628,successful
3960,736,Lisa Lee,106,80000.0,sofa,furniture,offline,Delhi,2025-10-23,3,NetBanking,0.4,47274124ed6cea6f7e308d2692db3269d2bfd14614db4c8f72f13d61846f3cff,XXXXXX6221,successful
3961,505,Samantha Hull,104,8000.0,shoes,clothing,online,Chennai,2026-02-07,1,NetBanking,0.4,a591c2c7e3daa665f8db77a6444c0bdd92d4891127dfdf478b5d89494fe8860a,XXXXXX1565,successful
3962,920,Gary Thomas,110,45000.0,microwave,home appliances,online,Chennai,2025-11-29,2,NetBanking,0.25,ea537b84a2b7bede6cbd7a744054e017435647049ee806035366a2d9c3d1b1ba,XXXXXX5267,successful
3963,129,Thomas Wells,106,80000.0,sofa,furniture,offline,Bangalore,2025-11-25,2,NetBanking,0.05,bd4b3f0342aa8697bfb94dfdba6e13793a707467baebc15e753a57b7f877be23,XXXXXX7186,successful
3964,141,Brooke Nunez,102,70000.0,phone,electronics,offline,Bangalore,2025-07-19,4,UPI,0.3,00bca60eecd040d0f980b01729ba996b4a969a5fb0440b16f7d42f3edbc40e3a,XXXXXX2705,successful
3965,370,Jessica Moreno,104,8000.0,shoes,clothing,online,Delhi,2025-06-08,3,Cash,0.1,b19be758d0d504ebce9ae0e691e1c946b007610309a16d2321fa9c62d432fe62,XXXXXX3938,successful
3966,766,Stacey Jones,105,45000.0,tv,electronics,offline,Mumbai,2026-02-20,4,UPI,0.1,90054e5026fd67a321cd841d2f54712fc948b19b130b6f0421adbd61888f64ff,XXXXXX5577,successful
3967,334,Brenda Gonzales,104,8000.0,shoes,clothing,offline,Chennai,2025-11-04,2,NetBanking,0.25,58d1d62c08ac3255fc654fac32d4b9d96bbd947fb8553526edc31b5593aec51d,XXXXXX1783,successful
3968,253,Emily Rodriguez,109,65000.0,refrigerator,home appliances,offline,Delhi,2025-08-07,4,NetBanking,0.15,960f348e93082ba4e3a4ac55ece83f35eabaaf75168a2179c6f9fc82a0294e37,XXXXXX6545,successful
3969,876,David Whitaker,108,15000.0,mixer grinder,home appliances,offline,Chennai,2025-09-19,3,Cash,0.3,97827d13cabb86c610eb3faf66cecaa99b270c0815de8221fec2d17321d229d9,XXXXXX3557,successful
3970,640,Carrie Jacobson,104,8000.0,shoes,clothing,online,Bangalore,2025-07-26,1,Card,0.2,48004bb85c12fae1566c5775172309769584efb0f43ebb8572be08c74599158c,XXXXXX2507,successful
3972,288,Darren Parker,110,45000.0,microwave,home appliances,online,Hyderabad,2025-11-18,4,Cash,0.4,10e29cbeda48e534b6c580cf8e53d92364939d1826d5e1a6b7b6e538bbdd53ad,XXXXXX3569,successful
3973,114,Mark Baird,102,70000.0,phone,electronics,offline,Mumbai,2025-07-18,1,UPI,0.1,f93652636e57f253ff4087dd9c314105703991db4d83656ac119a916ccaf1a1d,XXXXXX1774,successful
3974,445,Steven Byrd,102,70000.0,phone,electronics,online,Chennai,2025-08-06,5,NetBanking,0.35,cb5994c495e8ab55f26d19df3fa20b79ed6f557b50fdee721f3556658823c264,XXXXXX6124,successful
3975,627,Nicole Allen,106,80000.0,sofa,furniture,offline,Bangalore,2025-09-11,2,Card,0.15,5db16276041dde40e47a571f104d6f7807e44f0c870468c534a0de65a09f4f84,XXXXXX1056,successful
3976,792,Jeff Norris,101,250000.0,laptop,electronics,offline,Delhi,2025-08-01,5,NetBanking,0.2,842df8f12332b1a7fa2c08057c4705c530e43495f728a656be07a6bfe6181910,XXXXXX6966,successful
3977,849,Mark Carson,101,250000.0,laptop,electronics,online,Bangalore,2025-08-28,5,UPI,0.05,ba8971ac493bed24381da2e7c8bd71398f1f2c01d59ddab865c39af03312657d,XXXXXX3725,successful
3978,534,Deborah Lopez,102,70000.0,phone,electronics,online,Delhi,2026-01-09,4,UPI,0.2,6eb794af9739e0e2bbb59efc35e83248e1af5804c4c91ebdbd118883d3e8fcf7,XXXXXX1818,successful
3979,239,Tyler Greene,106,80000.0,sofa,furniture,online,Delhi,2025-10-11,5,Card,0.3,3f6662589024338f4b1a47cd105e46478af2497c6479587081773a171537cbaa,XXXXXX3007,successful
3980,336,Gregory Mitchell,101,250000.0,laptop,electronics,online,Chennai,2025-10-30,4,NetBanking,0.2,5e50ef03abdd96208d8b438ebb0ab8302bb8d198290d03745d76a5d6b5e6dbaa,XXXXXX0045,successful
3981,721,Robert Villa,103,1300.0,shirt,clothing,online,Mumbai,2025-04-25,2,UPI,0.1,a7e0df9ca4874d27c55446bf291693525e2ff838f7a7a06b7b39b8810f9e8b54,XXXXXX1453,successful
3982,364,Kelly Graves,108,15000.0,mixer grinder,home appliances,online,Bangalore,2026-01-15,4,Cash,0.35,72120a480226289750b248cb09ce58347c57737b11e4d484dcff5d9fc422026c,XXXXXX0043,successful
3983,264,Kelli Johnson,110,45000.0,microwave,home appliances,offline,Bangalore,2025-05-21,5,Cash,0.1,3aaa6ae0a7b9a1c8b63158b1c3de5f2ac397ffd9e5820b12ded699bba5bc097b,XXXXXX6731,successful
3984,257,Courtney Terrell,109,65000.0,refrigerator,home appliances,online,Mumbai,2025-05-26,4,Cash,0.2,8aaf453dc682fdf7a438f81f333d07c2e20f4ff5fd71f69768005e27af656133,XXXXXX1354,successful
3985,923,George Wilkinson,102,70000.0,phone,electronics,online,Mumbai,2025-05-13,2,Card,0.05,e7f779b76a2b0d1be8c1ec2ccd3f8685316ed57130009eacec74f64ce3ef4362,XXXXXX9222,successful
3986,404,Julian Cox,106,80000.0,sofa,furniture,offline,Delhi,2025-06-23,3,Card,0.15,e77c8dab14ba4c0ca13c73401ae9b8f832608d8ecce978f2d5a805a50c043374,XXXXXX3039,successful
3987,691,Clayton Miles,108,15000.0,mixer grinder,home appliances,online,Mumbai,2025-09-21,3,Cash,0.35,5e8ba638d2fa9cba5d254b2244d8643b146061a6693e2dd45233ecd21e0b6121,XXXXXX4137,successful
3988,933,Zachary Khan,104,8000.0,shoes,clothing,online,Bangalore,2025-06-28,4,Cash,0.05,355b3b9a9289c38591536242d2715661cca3197dcd916c580ed7ee6afb4f95dc,XXXXXX3581,successful
3989,940,Nicole Briggs,104,8000.0,shoes,clothing,online,Chennai,2026-03-15,3,Card,0.15,49dae1c6c61cb68add3476765f3caeea6052af0a2550af2cce7d2d18779e572e,XXXXXX0293,successful
3990,275,Edward Beck,109,65000.0,refrigerator,home appliances,offline,Bangalore,2025-04-19,3,Cash,0.25,8c6a498853878d2359ad77191610b474fa1df41590815b246b125d28f95ca8c0,XXXXXX4934,successful
3991,950,Cheyenne Mason,107,50000.0,dining table,furniture,online,Delhi,2026-04-04,1,UPI,0.35,7fe743331ca3637e03d7c422ed883dce2007f2d6b5316949a7b6488a665e8e23,XXXXXX9331,successful
3992,551,Joel Coleman,109,65000.0,refrigerator,home appliances,online,Bangalore,2025-03-09,4,UPI,0.1,ab20039380626121af4655acef5297b6624fc428306e46b43d0c3976200f6650,XXXXXX1740,successful
3993,694,Lori Barrera,107,50000.0,dining table,furniture,offline,Hyderabad,2025-06-15,2,NetBanking,0.25,89d04fad7a8834b711f0ab6136ab49484b1963cc23189e9bae32ca64de46fd72,XXXXXX4973,successful
3994,417,Kristina Lewis,102,70000.0,phone,electronics,offline,Delhi,2026-01-05,5,NetBanking,0.4,fd426419a08291b763b84cfa4ce559b748c78ff75928b492ce9cbaa669ad10f3,XXXXXX9732,successful
3995,966,Susan Phillips,102,70000.0,phone,electronics,offline,Delhi,2025-04-22,5,Card,0.1,75f6f177600c62f091d62be32e274c42cf247cd2b74d4e0effd91955d33009e2,XXXXXX3718,successful
3996,173,Joshua Smith,105,45000.0,tv,electronics,offline,Delhi,2025-05-01,3,UPI,0.1,88c0402c27cfb1655c96894e7e1aa1a01d29b665c03df8d29c591f8cf7e547ed,XXXXXX7378,successful
3997,654,Amy Ramos,105,45000.0,tv,electronics,offline,Chennai,2026-02-18,4,UPI,0.1,a59da6d61b4c0ee5bc5f5a976d70344305dc9ff8872e14ab0e54eec9e26aaccb,XXXXXX2859,successful
3999,727,Rodney Simmons,107,50000.0,dining table,furniture,online,Bangalore,2025-12-08,3,Cash,0.05,fbddafd90e7b0ed1da5bcc2ab7e9885d58d8e901c29de468d881eb1d56f89ecd,XXXXXX3682,successful
